default,account_check_status,duration_in_month,credit_history,purpose,credit_amount,savings,present_emp_since,installment_as_income_perc,personal_status_sex,other_debtors,present_res_since,property,age,other_installment_plans,housing,credits_this_bank,job,people_under_maintenance,telephone,foreign_worker
0.6094341595088627,0 <= ... < 200 DM,5.881434707948135,delay in paying off in the past,car (new),1168.0960980402929,... < 100 DM,4 <= ... < 7 years,6.49804539374699,male : single,none,4.5064090205906995,"if not A121/A122 : car or other, not in attribute 6",66.48409581351787,none,own,2.450233454076805,skilled employee / official,-1.921450611943901,"yes, registered under the customers name ",yes
-1.079968212480991,no checking account,46.54142612725268,critical account/ other credits existing (not at this bank),car (new),5949.668244577759,... < 100 DM,.. >= 7 years,3.375384370235564,male : single,none,3.7904368044523604,"if not A121/A122 : car or other, not in attribute 6",21.40102821841677,none,rent,0.8933140755065442,skilled employee / official,-0.7812165940151701,none,yes
1.5009023916129145,no checking account,11.171053868328283,critical account/ other credits existing (not at this bank),car (new),2096.8680196469004,... < 100 DM,... < 1 year ,5.932254942751181,male : single,none,3.5466425130737482,"if not A121/A122 : car or other, not in attribute 6",47.60668017498911,none,own,2.7280872521484607,skilled employee / official,0.5616262080741181,"yes, registered under the customers name ",yes
1.8811294327824277,< 0 DM,43.26782075546748,critical account/ other credits existing (not at this bank),domestic appliances,7882.50370883059,... < 100 DM,.. >= 7 years,-1.0956656654798227,female : divorced/separated/married,none,8.477663332828847,"if not A121/A122 : car or other, not in attribute 6",45.856965857311664,none,own,2.2134663548234528,skilled employee / official,1.584355622559247,none,yes
-2.902070377307673,no checking account,24.005986582399913,critical account/ other credits existing (not at this bank),car (new),4867.190416904779,unknown/ no savings account,... < 1 year ,2.469279783371491,male : single,none,6.859574904940836,real estate,53.469292375409516,none,rent,-3.971645068219847,unskilled - resident,0.4779321927464284,none,yes
-2.604359013724636,no checking account,36.680419953736674,critical account/ other credits existing (not at this bank),radio/television,9057.245356509127,... < 100 DM,1 <= ... < 4 years,1.074957232114349,female : divorced/separated/married,none,3.384944470565969,real estate,31.818700603461163,none,own,2.0904844088569137,unskilled - resident,3.414081450193799,"yes, registered under the customers name ",yes
0.25568080633457074,0 <= ... < 200 DM,25.34015848440438,existing credits paid back duly till now,domestic appliances,2834.811610849298,... < 100 DM,.. >= 7 years,-0.947365352817203,female : divorced/separated/married,none,3.3639451323858616,if not A121 : building society savings agreement/ life insurance,49.696948009521286,none,own,-1.0069588190081675,skilled employee / official,-2.210266402916835,"yes, registered under the customers name ",yes
-0.6324851846871644,0 <= ... < 200 DM,35.25031707420478,no credits taken/ all credits paid back duly,business,6945.778137809569,500 <= ... < 1000 DM ,.. >= 7 years,4.120654409559388,female : divorced/separated/married,none,2.9393934389707064,unknown / no property,35.849368906411506,none,own,-1.843457482897398,skilled employee / official,-2.159437394388849,none,yes
-0.03360231500857759,no checking account,13.512496327259612,existing credits paid back duly till now,domestic appliances,3061.377568228708,... < 100 DM,... < 1 year ,1.4592068883932832,male : single,none,2.3239616391486297,if not A121 : building society savings agreement/ life insurance,59.36942714241093,none,own,0.6230531792528726,unemployed/ unskilled - non-resident,0.33222237697707524,none,yes
-0.7060878551471601,0 <= ... < 200 DM,30.75768520691679,critical account/ other credits existing (not at this bank),radio/television,5235.251351143193,... < 100 DM,1 <= ... < 4 years,5.479262409973124,male : married/widowed,none,4.332576613064973,"if not A121/A122 : car or other, not in attribute 6",28.60408231020065,none,own,2.8219422180600233,skilled employee / official,0.6486943917202866,"yes, registered under the customers name ",yes
2.7587959497256573,0 <= ... < 200 DM,9.530373826177042,existing credits paid back duly till now,(vacation - does not exist?),1292.4709160161042,... < 100 DM,4 <= ... < 7 years,7.7195438686592235,male : married/widowed,none,1.7232010436871674,"if not A121/A122 : car or other, not in attribute 6",26.561863156218376,none,rent,-2.2814692205736486,management/ self-employed/ highly qualified employee/ officer,-1.9092877457162074,none,yes
2.5555838708578964,< 0 DM,50.88460958237249,existing credits paid back duly till now,business,4311.554365680516,unknown/ no savings account,.. >= 7 years,2.2935126163447834,male : married/widowed,none,4.512917821717066,"if not A121/A122 : car or other, not in attribute 6",21.45809432518888,bank,own,2.409152834115103,skilled employee / official,-0.21349768529512958,"yes, registered under the customers name ",yes
0.1320613951224321,0 <= ... < 200 DM,10.998510512486167,existing credits paid back duly till now,domestic appliances,1568.3175947367324,unknown/ no savings account,1 <= ... < 4 years,0.15769403468568965,male : single,none,2.3739073355416327,if not A121 : building society savings agreement/ life insurance,19.17692549084763,none,rent,2.5266776950631997,skilled employee / official,0.19791236516182142,"yes, registered under the customers name ",yes
3.2544824139360657,0 <= ... < 200 DM,20.68980931362963,existing credits paid back duly till now,domestic appliances,1198.97960776875,... < 100 DM,unemployed,4.237328339447992,male : single,none,7.4456597667381175,"if not A121/A122 : car or other, not in attribute 6",63.34886336479059,none,own,2.0939523925989953,unskilled - resident,0.2134041059557088,"yes, registered under the customers name ",yes
0.9350186845040912,< 0 DM,12.909912580827395,critical account/ other credits existing (not at this bank),car (new),1406.1804376112436,100 <= ... < 500 DM,.. >= 7 years,3.974494705966819,female : divorced/separated/married,none,4.34191070437501,if not A121 : building society savings agreement/ life insurance,28.703141565924916,stores,own,-0.7352472604540972,unskilled - resident,1.3037629665785828,none,yes
-0.7185849257664765,0 <= ... < 200 DM,21.957909678643357,existing credits paid back duly till now,business,1282.3185955676593,... < 100 DM,.. >= 7 years,2.8665739493797,male : single,none,1.7739192582572314,unknown / no property,31.16151868665346,none,own,-0.958756008378584,skilled employee / official,-0.3231577688471239,"yes, registered under the customers name ",yes
0.7375015681649977,< 0 DM,24.104346637315068,existing credits paid back duly till now,(vacation - does not exist?),2423.943833849792,... < 100 DM,1 <= ... < 4 years,2.738076805735739,male : single,none,7.017439246645157,unknown / no property,51.13211909470747,none,rent,4.051864263160455,skilled employee / official,3.955672600016547,"yes, registered under the customers name ",no
-1.9177652016579978,no checking account,29.452298988907526,critical account/ other credits existing (not at this bank),car (new),8070.679399767956,500 <= ... < 1000 DM ,1 <= ... < 4 years,4.114378540482732,male : married/widowed,none,4.935100831982271,unknown / no property,23.97911830218544,none,own,-0.02244537299180971,skilled employee / official,1.9764092794671444,none,yes
2.756900602614545,>= 200 DM / salary assignments for at least 1 year,23.326336064718813,critical account/ other credits existing (not at this bank),domestic appliances,12580.163700878615,unknown/ no savings account,1 <= ... < 4 years,4.757278647676071,female : divorced/separated/married,none,1.3580403192325554,if not A121 : building society savings agreement/ life insurance,41.61885532777338,none,own,3.128940921638357,unskilled - resident,-0.6142270412826438,"yes, registered under the customers name ",yes
-0.09985182197250579,0 <= ... < 200 DM,25.239403930964958,critical account/ other credits existing (not at this bank),car (used),3430.953205934648,unknown/ no savings account,.. >= 7 years,-1.0894565260096414,male : single,none,2.01037289731804,real estate,32.76682434818118,none,own,0.6696016817391266,management/ self-employed/ highly qualified employee/ officer,2.189022986735146,"yes, registered under the customers name ",yes
-0.3697247270905211,>= 200 DM / salary assignments for at least 1 year,9.679750722385407,all credits at this bank paid back duly,domestic appliances,2134.029360279779,.. >= 1000 DM ,.. >= 7 years,1.5492164010617837,male : single,none,4.390761831877597,"if not A121/A122 : car or other, not in attribute 6",46.44649769278736,none,own,2.808331000714286,skilled employee / official,1.24803063721121,"yes, registered under the customers name ",yes
-1.3618590888078828,no checking account,6.632095741288572,existing credits paid back duly till now,car (new),2645.420027292265,... < 100 DM,1 <= ... < 4 years,5.00247172765442,male : single,none,3.723625889209966,if not A121 : building society savings agreement/ life insurance,46.18706917643254,none,rent,-2.41617541082665,management/ self-employed/ highly qualified employee/ officer,4.429442948995562,none,yes
2.4450826773480605,no checking account,10.819656914657385,existing credits paid back duly till now,domestic appliances,2241.259859708332,... < 100 DM,4 <= ... < 7 years,1.803856566157625,female : divorced/separated/married,none,0.2868002981217721,"if not A121/A122 : car or other, not in attribute 6",47.19874216045998,none,rent,1.7065667397428268,unskilled - resident,0.7992351421672979,none,yes
-0.3090589641376043,< 0 DM,13.232269336004476,existing credits paid back duly till now,domestic appliances,1803.8604024284757,... < 100 DM,1 <= ... < 4 years,1.475608137925502,male : single,none,0.9150307843968797,real estate,41.91329963276537,none,own,2.227171032022752,skilled employee / official,2.534677395441147,none,yes
-0.8566556443262144,no checking account,5.784093316445114,existing credits paid back duly till now,domestic appliances,2066.3330513625315,... < 100 DM,... < 1 year ,1.6591806855300357,female : divorced/separated/married,none,-0.7747800440049075,unknown / no property,25.147396823972397,none,own,-0.6728201757039622,skilled employee / official,1.0837089515649552,"yes, registered under the customers name ",yes
-0.7042671009764592,no checking account,5.271123495471078,critical account/ other credits existing (not at this bank),domestic appliances,1371.0563752973517,500 <= ... < 1000 DM ,.. >= 7 years,1.0264733456033404,male : divorced/separated,none,0.07052311397731548,"if not A121/A122 : car or other, not in attribute 6",30.751666444997166,none,for free,1.997271734503691,skilled employee / official,3.9831330328975323,none,yes
1.0646183711066974,0 <= ... < 200 DM,1.639579871021052,critical account/ other credits existing (not at this bank),car (new),427.13030675761956,... < 100 DM,4 <= ... < 7 years,5.471466720560327,female : divorced/separated/married,none,2.7123519720549947,real estate,38.75846284665199,none,own,1.1780245073580453,skilled employee / official,3.581782905278816,"yes, registered under the customers name ",yes
0.7308881287281567,< 0 DM,12.072119853595591,critical account/ other credits existing (not at this bank),domestic appliances,403.7962233698966,unknown/ no savings account,1 <= ... < 4 years,0.2834732102824211,male : single,guarantor,4.269421284180009,"if not A121/A122 : car or other, not in attribute 6",41.65976161773968,bank,own,0.7124887723353863,unemployed/ unskilled - non-resident,1.3939586091852008,none,yes
0.8254652231919768,0 <= ... < 200 DM,6.990734055551309,existing credits paid back duly till now,car (new),2415.4108210539225,.. >= 1000 DM ,4 <= ... < 7 years,1.3181017226590839,male : single,none,1.6621416873505233,real estate,35.64948549309594,bank,rent,2.7093461729826087,skilled employee / official,0.47543475796787893,none,yes
1.8616420060157655,no checking account,62.09106454957936,critical account/ other credits existing (not at this bank),radio/television,6835.043833884492,... < 100 DM,.. >= 7 years,3.5459115097267775,male : single,co-applicant,4.392789210020377,if not A121 : building society savings agreement/ life insurance,59.227390144033244,none,for free,-2.4045135379571123,management/ self-employed/ highly qualified employee/ officer,2.0132118193589115,none,no
4.2832952017409225,< 0 DM,20.37526878544224,existing credits paid back duly till now,car (used),1915.61649321376,... < 100 DM,... < 1 year ,2.8003308390090993,female : divorced/separated/married,none,0.5513931799154768,if not A121 : building society savings agreement/ life insurance,38.3237327217271,bank,own,1.693361497487418,skilled employee / official,0.6390999457456679,none,yes
-0.8128300327692312,no checking account,24.405550096504733,no credits taken/ all credits paid back duly,car (new),4019.013063581692,unknown/ no savings account,... < 1 year ,3.1437183652734197,male : single,none,1.0767155941581097,real estate,28.641198589995312,none,own,4.238870316146585,skilled employee / official,4.36061421195667,none,yes
-1.0244854581430747,no checking account,16.9992778452062,delay in paying off in the past,(vacation - does not exist?),5867.3189684285035,... < 100 DM,1 <= ... < 4 years,-0.4590147947191956,male : single,none,3.174515323489681,"if not A121/A122 : car or other, not in attribute 6",32.50408712739733,bank,own,4.879886278201323,unemployed/ unskilled - non-resident,1.156940156354024,none,yes
-1.6275454564957554,0 <= ... < 200 DM,12.970322225091476,existing credits paid back duly till now,car (used),1263.2061723175243,500 <= ... < 1000 DM ,... < 1 year ,4.714257352542642,male : single,none,5.189904916353603,"if not A121/A122 : car or other, not in attribute 6",56.89455724799173,none,own,1.779613441077045,skilled employee / official,0.18871473497432556,"yes, registered under the customers name ",yes
1.2319588451509913,0 <= ... < 200 DM,10.944164725351373,existing credits paid back duly till now,domestic appliances,1474.2274963069724,... < 100 DM,4 <= ... < 7 years,6.183167238754944,female : divorced/separated/married,none,-0.4491476563758159,real estate,35.02779366820551,none,own,0.39663844773830825,skilled employee / official,0.0807698278521487,none,yes
3.2579445854417832,0 <= ... < 200 DM,44.9972146971133,critical account/ other credits existing (not at this bank),car (new),4747.47367306184,unknown/ no savings account,.. >= 7 years,4.973637094298567,male : divorced/separated,none,2.3233247727591073,unknown / no property,22.05751193018619,bank,own,0.7283948869047383,skilled employee / official,-1.4260711703974147,"yes, registered under the customers name ",yes
-0.22789491530975015,0 <= ... < 200 DM,49.972272633921534,delay in paying off in the past,car (used),6109.074888567351,unknown/ no savings account,4 <= ... < 7 years,1.2782234795231837,male : single,none,7.397695706964664,real estate,32.42609513040907,none,own,0.3941484121887159,unskilled - resident,2.1131182561866457,"yes, registered under the customers name ",yes
-0.6803129539250561,no checking account,16.884457308021155,critical account/ other credits existing (not at this bank),domestic appliances,2101.993109768997,... < 100 DM,4 <= ... < 7 years,3.8082327948680583,female : divorced/separated/married,none,1.9648041414887236,"if not A121/A122 : car or other, not in attribute 6",35.45767447580011,none,own,2.0876144958358123,skilled employee / official,-0.6400224052790051,none,yes
-1.648962431382479,no checking account,11.611357278485002,existing credits paid back duly till now,furniture/equipment,1223.012604245787,... < 100 DM,1 <= ... < 4 years,0.3302976944569964,female : divorced/separated/married,none,0.6136261077151093,real estate,33.697196335154125,stores,own,-0.6144876109188324,unskilled - resident,3.196296504375494,none,yes
1.3011855756494022,0 <= ... < 200 DM,10.354802737384604,existing credits paid back duly till now,radio/television,458.5891856851168,... < 100 DM,1 <= ... < 4 years,3.856002815120423,male : single,none,2.6524752212756795,if not A121 : building society savings agreement/ life insurance,21.75171896367128,none,own,2.514847636100762,skilled employee / official,-1.5858701080031463,"yes, registered under the customers name ",yes
1.4865083424068846,no checking account,28.090416365738356,critical account/ other credits existing (not at this bank),business,2334.8452794455757,... < 100 DM,.. >= 7 years,6.519411705760811,male : single,none,2.184354215053666,if not A121 : building society savings agreement/ life insurance,30.011062277258542,none,own,5.266321036006648,skilled employee / official,1.2544828979465006,none,yes
1.08630853661039,>= 200 DM / salary assignments for at least 1 year,13.947788256434801,existing credits paid back duly till now,business,1159.3200749835808,... < 100 DM,... < 1 year ,2.7619429867997494,male : single,none,0.6976632386189012,"if not A121/A122 : car or other, not in attribute 6",24.351401583564794,none,own,0.87623352974521,skilled employee / official,3.300447516994907,"yes, registered under the customers name ",yes
-1.3310194145773886,no checking account,19.39713269074301,existing credits paid back duly till now,domestic appliances,6207.832889753471,... < 100 DM,.. >= 7 years,0.2203920213031798,male : divorced/separated,none,3.9372905986469964,unknown / no property,44.7521470633916,none,own,-1.6887896065666106,unskilled - resident,-2.3044941292472725,none,yes
0.46432264613343954,no checking account,30.203851774745313,existing credits paid back duly till now,car (used),6185.473121365379,... < 100 DM,... < 1 year ,0.015505822469227382,male : single,none,1.1131064061263207,"if not A121/A122 : car or other, not in attribute 6",20.383524889991964,none,for free,-0.6894894926328257,skilled employee / official,5.036531087584372,none,yes
1.2333716182814565,no checking account,46.4753530839447,existing credits paid back duly till now,business,6140.2417014973025,... < 100 DM,.. >= 7 years,4.40170059455186,male : single,none,2.0747390498280973,"if not A121/A122 : car or other, not in attribute 6",53.74580491276828,none,own,3.553131103423151,unskilled - resident,0.14942960560378116,none,yes
0.4373771934580259,< 0 DM,9.28158796284886,existing credits paid back duly till now,business,1391.0113297830098,... < 100 DM,4 <= ... < 7 years,3.252972005638306,male : single,none,3.701329525857005,real estate,37.74477486828715,none,own,1.8805076420791127,skilled employee / official,1.2821907643242785,"yes, registered under the customers name ",yes
1.7428575558963797,< 0 DM,34.92467484619395,delay in paying off in the past,radio/television,2300.320885133097,.. >= 1000 DM ,... < 1 year ,4.970606566126281,female : divorced/separated/married,none,3.6694640599551267,real estate,40.80760025880287,none,for free,2.753661792128106,management/ self-employed/ highly qualified employee/ officer,2.1428984510326874,none,yes
0.44719109754936454,>= 200 DM / salary assignments for at least 1 year,7.08518892658392,critical account/ other credits existing (not at this bank),car (new),1352.9958458685387,unknown/ no savings account,.. >= 7 years,2.0456875214980608,male : single,none,0.8676214502799988,"if not A121/A122 : car or other, not in attribute 6",20.901406328172385,none,for free,-0.06726849831869908,skilled employee / official,2.452258112231107,"yes, registered under the customers name ",yes
1.3578271261437898,0 <= ... < 200 DM,9.088749665197204,critical account/ other credits existing (not at this bank),retraining,7228.204513319295,... < 100 DM,1 <= ... < 4 years,2.7779663608092964,male : single,none,3.645972827847126,real estate,38.994000713058924,none,own,3.661247095079663,skilled employee / official,1.5477678765193643,none,yes
0.13515813897778292,0 <= ... < 200 DM,12.875024497239739,critical account/ other credits existing (not at this bank),car (used),2070.754085901786,unknown/ no savings account,unemployed,6.847118944530066,female : divorced/separated/married,none,2.1220297108284107,if not A121 : building society savings agreement/ life insurance,30.039014120402648,bank,for free,0.6834016531005491,unskilled - resident,2.994769167412735,none,yes
0.5782387973799683,< 0 DM,21.516488942243214,existing credits paid back duly till now,car (used),2334.5337345866583,100 <= ... < 500 DM,... < 1 year ,5.991717448744722,female : divorced/separated/married,none,3.7788269130490506,"if not A121/A122 : car or other, not in attribute 6",29.83840121658121,none,own,-0.46500811064789827,skilled employee / official,2.0381414258436252,none,yes
1.2625764516770808,< 0 DM,26.591862831122302,all credits at this bank paid back duly,car (new),5962.550590444699,unknown/ no savings account,1 <= ... < 4 years,-0.8684781282959197,female : divorced/separated/married,none,1.8015765295478983,real estate,30.296446192366957,none,own,1.198003042395231,skilled employee / official,4.521762280064607,none,yes
-2.914311639711333,no checking account,12.219295509148017,existing credits paid back duly till now,(vacation - does not exist?),1264.3178991647537,unknown/ no savings account,... < 1 year ,1.1929311068474555,female : divorced/separated/married,none,2.7982064105965065,unknown / no property,27.190308162625193,none,own,-1.394108710846473,skilled employee / official,2.0446550857091945,none,yes
-0.6393424327146027,< 0 DM,22.890260290117833,critical account/ other credits existing (not at this bank),car (used),3383.71487684628,500 <= ... < 1000 DM ,1 <= ... < 4 years,1.8484570470803512,male : single,none,-0.08320060286784203,real estate,29.538575049597558,none,own,4.978719117163223,management/ self-employed/ highly qualified employee/ officer,4.929271039766174,"yes, registered under the customers name ",yes
0.05925469141440898,no checking account,33.24536868895927,critical account/ other credits existing (not at this bank),domestic appliances,2225.732902293143,... < 100 DM,1 <= ... < 4 years,3.097649285521171,female : divorced/separated/married,none,5.144191447196964,"if not A121/A122 : car or other, not in attribute 6",57.06235689732926,none,own,1.8072363728830259,skilled employee / official,2.802157680475312,none,yes
-1.2777556964866839,0 <= ... < 200 DM,8.944029132980267,existing credits paid back duly till now,domestic appliances,784.1662162713155,100 <= ... < 500 DM,.. >= 7 years,-1.2766534539218855,male : single,none,2.7514605952247133,"if not A121/A122 : car or other, not in attribute 6",25.964302723415216,none,for free,2.2890281773643917,unskilled - resident,-1.6115002515365253,none,yes
0.44971549754663254,no checking account,12.29968482797456,existing credits paid back duly till now,radio/television,6467.014280462209,... < 100 DM,.. >= 7 years,1.1166164116540114,male : married/widowed,none,2.7316340063596387,"if not A121/A122 : car or other, not in attribute 6",51.45447590465791,bank,own,-0.07373826574159859,management/ self-employed/ highly qualified employee/ officer,6.2222053567756825,"yes, registered under the customers name ",yes
2.9898826224687918,no checking account,36.822343836031926,critical account/ other credits existing (not at this bank),domestic appliances,9562.379573357826,unknown/ no savings account,1 <= ... < 4 years,1.050974132761922,female : divorced/separated/married,none,3.4269209248889756,if not A121 : building society savings agreement/ life insurance,30.220388977158496,none,for free,-0.1038556439596463,unskilled - resident,-0.14868821695443768,none,yes
-1.7316622313864865,< 0 DM,18.23669582677641,critical account/ other credits existing (not at this bank),radio/television,1959.7945612739395,... < 100 DM,1 <= ... < 4 years,1.6563045204775884,male : single,none,3.177471245762292,"if not A121/A122 : car or other, not in attribute 6",23.14573647565698,none,rent,0.5322389781641297,management/ self-employed/ highly qualified employee/ officer,3.9910880304034704,none,yes
2.9365567091829616,< 0 DM,36.88945363639046,no credits taken/ all credits paid back duly,radio/television,6226.814209517803,unknown/ no savings account,1 <= ... < 4 years,3.3684210276899886,female : divorced/separated/married,none,3.8031651826844395,"if not A121/A122 : car or other, not in attribute 6",23.068814991971056,none,rent,4.2023850667583975,unskilled - resident,1.0535868862388769,none,yes
-3.3657395432316095,no checking account,8.692629791275964,critical account/ other credits existing (not at this bank),domestic appliances,1388.10599084717,... < 100 DM,.. >= 7 years,4.356901700636662,female : divorced/separated/married,none,1.4898784540889363,"if not A121/A122 : car or other, not in attribute 6",24.90314471493095,none,own,-0.041463582796567255,management/ self-employed/ highly qualified employee/ officer,3.122180515205159,none,yes
-0.6697700599715497,< 0 DM,17.908100362914915,existing credits paid back duly till now,radio/television,1540.4447198839914,... < 100 DM,... < 1 year ,4.398476082498479,male : married/widowed,guarantor,6.127017856903053,real estate,51.6035918198009,none,rent,0.2589360545411692,management/ self-employed/ highly qualified employee/ officer,-0.3769578217315881,"yes, registered under the customers name ",yes
1.325506130210011,no checking account,35.08705771155056,existing credits paid back duly till now,car (used),1953.5457250360516,100 <= ... < 500 DM,1 <= ... < 4 years,8.94361815211094,male : single,none,2.695850861194411,"if not A121/A122 : car or other, not in attribute 6",59.04722958446748,bank,own,1.310928488738287,skilled employee / official,2.251489086179176,none,yes
2.172444662718556,no checking account,50.26446914435849,existing credits paid back duly till now,domestic appliances,14421.759375161228,... < 100 DM,1 <= ... < 4 years,2.3410163720392987,male : single,none,0.7431844426062688,"if not A121/A122 : car or other, not in attribute 6",24.563533110905652,none,for free,1.9980452014354881,skilled employee / official,0.4936189092111891,"yes, registered under the customers name ",no
1.42245315958571,0 <= ... < 200 DM,22.711265759573955,existing credits paid back duly till now,radio/television,3180.3819552696077,... < 100 DM,1 <= ... < 4 years,3.4198684521254963,female : divorced/separated/married,none,4.362862795900724,if not A121 : building society savings agreement/ life insurance,25.409439054559897,none,own,4.285696337706366,skilled employee / official,4.158006223179777,"yes, registered under the customers name ",yes
1.5866944703998505,0 <= ... < 200 DM,26.879496307197424,critical account/ other credits existing (not at this bank),radio/television,5189.654257835113,... < 100 DM,1 <= ... < 4 years,4.008265765309732,male : divorced/separated,none,4.830559380530907,"if not A121/A122 : car or other, not in attribute 6",48.716207225318435,none,for free,4.7075009567449895,skilled employee / official,2.877336334834019,none,yes
-0.6974501444968751,no checking account,9.856074895419562,critical account/ other credits existing (not at this bank),domestic appliances,2172.929101364479,... < 100 DM,1 <= ... < 4 years,2.51298395688708,male : single,none,0.35178700147199105,real estate,24.761792119565335,none,own,2.28798535706247,skilled employee / official,2.8718852826031327,none,yes
-0.9247035853291343,no checking account,12.91004744069504,existing credits paid back duly till now,car (used),1006.9353257626095,... < 100 DM,4 <= ... < 7 years,4.870507914342127,male : single,none,0.8504748731733833,if not A121 : building society savings agreement/ life insurance,23.781819629858916,none,own,2.4385504738406434,skilled employee / official,-3.3281537429461405,none,yes
2.7159517625143077,no checking account,38.89025191385307,critical account/ other credits existing (not at this bank),car (new),1820.0613878760494,unknown/ no savings account,... < 1 year ,8.153422651718047,male : married/widowed,none,3.8120024515424302,"if not A121/A122 : car or other, not in attribute 6",35.64601930477567,none,own,-1.3060307638652606,management/ self-employed/ highly qualified employee/ officer,0.8288546404227495,none,yes
-0.3826086497632298,< 0 DM,35.84528764035829,existing credits paid back duly till now,education,2393.60799140431,.. >= 1000 DM ,... < 1 year ,2.309359070044863,male : single,guarantor,-0.4305602312069414,"if not A121/A122 : car or other, not in attribute 6",27.43992658955411,none,for free,-0.9266641409390886,skilled employee / official,1.8211032701165917,none,yes
-2.5513726466758437,no checking account,35.60622860259218,critical account/ other credits existing (not at this bank),radio/television,8132.315694218536,unknown/ no savings account,4 <= ... < 7 years,2.7180921163554714,male : single,none,1.5608120214824805,"if not A121/A122 : car or other, not in attribute 6",29.043670150967692,none,own,-1.1677925792113006,skilled employee / official,1.4472298128794143,"yes, registered under the customers name ",yes
-2.2665744280069613,no checking account,4.770766073864147,no credits taken/ all credits paid back duly,car (new),727.1861716687963,... < 100 DM,1 <= ... < 4 years,4.415501195228248,female : divorced/separated/married,none,1.6853643343030673,if not A121 : building society savings agreement/ life insurance,45.902312828531976,bank,own,-0.6642915113832912,skilled employee / official,2.922314427435701,"yes, registered under the customers name ",yes
-1.8389045720032227,no checking account,7.541414692895383,existing credits paid back duly till now,radio/television,1160.0445018752657,... < 100 DM,.. >= 7 years,-0.14219548514123526,male : divorced/separated,none,3.679414114353962,if not A121 : building society savings agreement/ life insurance,54.82757208013685,bank,own,3.590919749740807,skilled employee / official,1.2681915097250909,none,yes
0.9943214881075281,0 <= ... < 200 DM,38.81441148055694,existing credits paid back duly till now,business,5953.476876197868,unknown/ no savings account,1 <= ... < 4 years,3.5413975641895266,male : single,none,3.8318285491545363,real estate,40.44532358241266,none,rent,2.580100183327511,management/ self-employed/ highly qualified employee/ officer,1.0975742100692611,none,yes
1.2848514721411304,no checking account,34.17424402656235,existing credits paid back duly till now,business,1977.1129933839866,... < 100 DM,1 <= ... < 4 years,6.53524712160781,male : married/widowed,none,1.5684034029822493,unknown / no property,42.47769976934692,none,rent,1.158992126182899,skilled employee / official,3.3624535288299837,none,yes
1.3809707081355365,no checking account,12.453572092218272,no credits taken/ all credits paid back duly,radio/television,1523.4277399265825,unknown/ no savings account,4 <= ... < 7 years,2.2856471924451407,female : divorced/separated/married,none,2.3507548575907746,if not A121 : building society savings agreement/ life insurance,66.07809017112912,none,own,-3.1854330308045373,skilled employee / official,-3.5573780068907137,"yes, registered under the customers name ",yes
0.14549470732693148,no checking account,44.63802639548279,existing credits paid back duly till now,car (used),3964.931050269931,... < 100 DM,1 <= ... < 4 years,3.982132264216059,female : divorced/separated/married,none,-2.224391596638668,"if not A121/A122 : car or other, not in attribute 6",34.83083766058698,stores,own,5.110953717237237,unskilled - resident,2.1787010032766823,"yes, registered under the customers name ",no
0.31707938215342846,< 0 DM,16.618421722459004,existing credits paid back duly till now,car (new),4771.107505125981,... < 100 DM,.. >= 7 years,-1.4507085240154072,male : married/widowed,none,3.0381666676517187,"if not A121/A122 : car or other, not in attribute 6",51.13991717882275,none,own,-0.7885440083071114,unskilled - resident,0.3322303480128934,none,yes
1.2511807879346735,no checking account,52.8268298298582,existing credits paid back duly till now,radio/television,9431.687983987882,100 <= ... < 500 DM,... < 1 year ,-0.5176129193686729,male : single,none,1.2087128917479981,if not A121 : building society savings agreement/ life insurance,40.69570325260025,none,own,5.103625511877915,management/ self-employed/ highly qualified employee/ officer,0.17536375089275724,none,yes
-0.6186930794404768,< 0 DM,32.87060031329088,critical account/ other credits existing (not at this bank),car (new),3830.169750681041,... < 100 DM,1 <= ... < 4 years,4.096059155234505,male : single,none,-0.01995435266851242,unknown / no property,20.628936774293898,none,own,-1.8984829613026322,management/ self-employed/ highly qualified employee/ officer,1.6730884485519602,none,yes
1.913550475114823,0 <= ... < 200 DM,24.487504960803296,critical account/ other credits existing (not at this bank),(vacation - does not exist?),5943.814527787471,unknown/ no savings account,.. >= 7 years,0.06716698798513099,female : divorced/separated/married,none,3.21535467896752,if not A121 : building society savings agreement/ life insurance,42.03190295396163,none,own,0.3751976828869261,skilled employee / official,3.454902593617311,"yes, registered under the customers name ",yes
-1.3238518821333025,< 0 DM,14.697504706507248,existing credits paid back duly till now,radio/television,1213.7741174587916,... < 100 DM,4 <= ... < 7 years,1.7823940501239215,female : divorced/separated/married,none,4.721235044673927,"if not A121/A122 : car or other, not in attribute 6",45.722847619245954,none,own,-3.4056987650192596,skilled employee / official,3.078287662968362,none,no
-0.7261076931301436,< 0 DM,18.865188903452303,existing credits paid back duly till now,radio/television,1565.6926501672006,... < 100 DM,4 <= ... < 7 years,3.4589207289168593,female : divorced/separated/married,none,4.155713448534608,"if not A121/A122 : car or other, not in attribute 6",24.199420752648184,bank,for free,1.7242499518853949,unemployed/ unskilled - non-resident,0.7297739381867427,none,yes
-0.7634757879966582,no checking account,24.123832967359917,existing credits paid back duly till now,domestic appliances,1755.3168961009994,100 <= ... < 500 DM,1 <= ... < 4 years,2.9551751371379535,female : divorced/separated/married,none,3.2587738929202756,real estate,57.55836242889934,none,own,-1.2025136416224647,unskilled - resident,2.751481927521897,none,yes
-2.3916792911780793,no checking account,10.220791451224438,critical account/ other credits existing (not at this bank),domestic appliances,2317.044814450721,... < 100 DM,.. >= 7 years,2.0583566844489276,male : single,none,6.052379336213727,real estate,53.42054975294235,bank,own,-1.1460003081967085,skilled employee / official,2.7361357968916886,none,yes
0.9739449615711636,< 0 DM,11.183333674346661,delay in paying off in the past,radio/television,1413.5541459179817,unknown/ no savings account,1 <= ... < 4 years,5.4786520513498065,male : single,none,1.9604842803282967,real estate,31.60946339964304,none,own,-0.7450284343487947,management/ self-employed/ highly qualified employee/ officer,0.8252574590136663,"yes, registered under the customers name ",yes
-0.9388046804054477,no checking account,15.203780680402298,existing credits paid back duly till now,domestic appliances,1294.809428425972,... < 100 DM,.. >= 7 years,1.6765332821313068,male : single,co-applicant,-0.6365400778369157,if not A121 : building society savings agreement/ life insurance,25.04832332552998,none,rent,3.554710125475726,unskilled - resident,-0.3861611039764159,none,yes
1.024988237455375,no checking account,32.912749594955834,critical account/ other credits existing (not at this bank),car (new),12611.064047373351,100 <= ... < 500 DM,unemployed,-0.8107304253636645,male : single,none,0.5675026450308969,unknown / no property,45.53210241677213,none,own,2.4229273031350944,unskilled - resident,0.7295319377553402,none,yes
0.9614933178118179,< 0 DM,19.306489766562454,existing credits paid back duly till now,car (new),2247.741311031331,unknown/ no savings account,1 <= ... < 4 years,4.308159984297737,female : divorced/separated/married,none,2.1173710122086344,real estate,27.127521163374293,none,rent,4.624067782157571,skilled employee / official,3.675706697736274,none,yes
1.8930623520598882,0 <= ... < 200 DM,11.446599819828574,delay in paying off in the past,car (new),1108.9356395658192,... < 100 DM,4 <= ... < 7 years,5.938819581496411,female : divorced/separated/married,none,4.5092872343452175,if not A121 : building society savings agreement/ life insurance,32.06074598151821,stores,for free,0.6285867578540534,skilled employee / official,0.9157063725746186,none,yes
1.3307702179455725,< 0 DM,10.807822200687667,existing credits paid back duly till now,car (new),618.3902079462857,unknown/ no savings account,... < 1 year ,6.476320602979699,female : divorced/separated/married,none,8.55307737908618,unknown / no property,56.60933899824365,bank,own,1.4376387420936008,skilled employee / official,-1.0923644394611767,none,yes
-0.19697096901884723,no checking account,12.017011253446308,critical account/ other credits existing (not at this bank),domestic appliances,1410.2588080122043,... < 100 DM,1 <= ... < 4 years,2.669876559276754,male : single,none,3.123220692378952,if not A121 : building society savings agreement/ life insurance,54.95960464010316,none,own,-1.5786703948039031,skilled employee / official,-2.3697256710182497,none,yes
0.1534033759116925,no checking account,13.589864505831255,existing credits paid back duly till now,domestic appliances,797.2637476262423,... < 100 DM,.. >= 7 years,5.874753933839296,female : divorced/separated/married,none,1.4692889697593914,unknown / no property,30.319583229937905,none,own,0.3299219545293639,management/ self-employed/ highly qualified employee/ officer,3.663662904192759,"yes, registered under the customers name ",yes
-0.1594364218127981,no checking account,24.360727886052796,existing credits paid back duly till now,(vacation - does not exist?),3618.6375279006947,... < 100 DM,1 <= ... < 4 years,2.431715413059182,male : single,none,1.6300695834315722,real estate,19.99766002198625,bank,own,0.9623093734376449,management/ self-employed/ highly qualified employee/ officer,-0.09355684452844759,none,yes
-3.3746688679160597,< 0 DM,10.687890126718065,existing credits paid back duly till now,domestic appliances,1318.1891850659154,unknown/ no savings account,4 <= ... < 7 years,7.652418693813599,female : divorced/separated/married,none,5.103909792611198,"if not A121/A122 : car or other, not in attribute 6",55.01849596882617,bank,for free,1.9288999149908417,unemployed/ unskilled - non-resident,1.6607755113119635,none,yes
-1.8942249448461745,0 <= ... < 200 DM,56.4525859112979,critical account/ other credits existing (not at this bank),car (new),15946.569377432263,... < 100 DM,... < 1 year ,0.7324579491605432,male : married/widowed,none,0.4707678952314631,real estate,57.49448461893115,none,rent,3.034043612836382,skilled employee / official,3.479413814138247,"yes, registered under the customers name ",yes
-2.6453992247088047,no checking account,15.158371005963264,critical account/ other credits existing (not at this bank),car (new),2013.7416455407333,100 <= ... < 500 DM,4 <= ... < 7 years,6.656957621583462,male : single,none,3.1006902028097763,unknown / no property,63.15141124965279,none,own,2.982133381663,skilled employee / official,-1.6178489537069702,none,yes
-1.9944936552029635,< 0 DM,18.989113310645706,critical account/ other credits existing (not at this bank),domestic appliances,2620.3909467395506,... < 100 DM,unemployed,2.6870277863625525,male : single,none,5.635423212525825,real estate,38.62366225128566,none,rent,-0.6856245444352216,skilled employee / official,0.9097252389743101,"yes, registered under the customers name ",yes
0.7995484534468732,>= 200 DM / salary assignments for at least 1 year,37.94732702268818,existing credits paid back duly till now,education,2333.3837119062587,... < 100 DM,4 <= ... < 7 years,8.026492909589201,male : married/widowed,none,4.872558906465728,"if not A121/A122 : car or other, not in attribute 6",34.1058743458121,bank,own,2.996935809245999,skilled employee / official,0.6586117075622606,none,yes
-1.8109581107201216,< 0 DM,22.483919993627623,existing credits paid back duly till now,domestic appliances,7060.086985712029,... < 100 DM,1 <= ... < 4 years,4.182641457704968,male : single,none,3.5606766561228853,real estate,33.95582550804661,none,rent,1.911829725784406,skilled employee / official,2.759485751255921,"yes, registered under the customers name ",yes
-0.7563251080787794,no checking account,26.26019863280903,delay in paying off in the past,domestic appliances,1469.5133174614245,unknown/ no savings account,... < 1 year ,1.967966941183556,female : divorced/separated/married,none,5.129881307093629,real estate,39.24448786894285,bank,own,0.3508062082059701,skilled employee / official,3.4783199968408693,none,yes
2.598456595572131,no checking account,37.22819835422525,existing credits paid back duly till now,domestic appliances,2319.5710282090076,... < 100 DM,4 <= ... < 7 years,2.9555230409149864,male : single,none,4.3418767422566,unknown / no property,27.21239832003298,none,own,-0.4170229736378368,unskilled - resident,-1.6589036293248158,"yes, registered under the customers name ",no
-0.7125279421228519,>= 200 DM / salary assignments for at least 1 year,7.196694094149766,existing credits paid back duly till now,car (new),930.5723610055626,500 <= ... < 1000 DM ,4 <= ... < 7 years,4.562362410447483,female : divorced/separated/married,none,0.4437523162788164,real estate,26.08471063405937,none,for free,-0.1198715887231041,skilled employee / official,2.139595897411534,none,yes
1.475031136934173,< 0 DM,10.039321146693005,existing credits paid back duly till now,education,1920.5437485847397,... < 100 DM,.. >= 7 years,6.105288835231123,female : divorced/separated/married,none,6.7008246447500515,unknown / no property,34.728944364412705,none,own,4.484627692392467,skilled employee / official,3.063047549987403,none,yes
-1.867235360019754,0 <= ... < 200 DM,9.805324650905913,existing credits paid back duly till now,domestic appliances,2444.440646337734,unknown/ no savings account,1 <= ... < 4 years,1.8585688165510748,male : single,none,3.2966412407789676,"if not A121/A122 : car or other, not in attribute 6",26.07311932880175,none,own,1.614821532988047,unskilled - resident,0.6272458720864346,"yes, registered under the customers name ",yes
0.58912488426474,0 <= ... < 200 DM,25.40144631371917,critical account/ other credits existing (not at this bank),car (new),11936.975877161361,... < 100 DM,.. >= 7 years,2.0893165619269327,female : divorced/separated/married,none,4.551504600899818,unknown / no property,37.366912747606555,none,own,2.3492236950024097,skilled employee / official,1.7251060142137529,none,yes
-0.9000441098211625,no checking account,15.288372057746892,existing credits paid back duly till now,retraining,6460.801763720626,... < 100 DM,1 <= ... < 4 years,3.516706065288131,female : divorced/separated/married,none,-0.8372285653914293,unknown / no property,40.78005431548637,none,own,1.4755062829261065,skilled employee / official,2.8368987379698445,none,yes
-0.678066151801125,< 0 DM,10.41080108974989,existing credits paid back duly till now,retraining,6075.905425707232,.. >= 1000 DM ,4 <= ... < 7 years,2.26359685402164,male : single,co-applicant,4.552941765561858,"if not A121/A122 : car or other, not in attribute 6",31.240196351782892,none,rent,5.891957222876057,skilled employee / official,1.6896341557795764,none,no
1.680616274914791,no checking account,26.607130135616174,critical account/ other credits existing (not at this bank),domestic appliances,7719.40369328449,... < 100 DM,4 <= ... < 7 years,-1.5870097186767516,male : single,none,4.937527489309163,"if not A121/A122 : car or other, not in attribute 6",29.47984692109,none,own,3.6100209776928494,management/ self-employed/ highly qualified employee/ officer,2.164705214734245,none,yes
-3.4546408463846974,no checking account,15.680440325388394,existing credits paid back duly till now,retraining,1410.4227729500965,... < 100 DM,unemployed,-0.6259480492803613,male : single,none,2.0596675742532766,"if not A121/A122 : car or other, not in attribute 6",36.21757954305851,none,rent,-0.44212422959758535,skilled employee / official,2.1225610528024337,none,yes
0.8688472870917147,no checking account,8.974796579371725,existing credits paid back duly till now,car (new),1449.7809098641078,... < 100 DM,1 <= ... < 4 years,1.4702398863033301,male : single,none,3.117542069475517,real estate,30.624010123833557,bank,own,1.4527698905907516,skilled employee / official,0.03605538876869763,"yes, registered under the customers name ",yes
0.4754712046645558,no checking account,14.456651232625415,existing credits paid back duly till now,(vacation - does not exist?),392.99268606868145,unknown/ no savings account,.. >= 7 years,6.430964832995388,male : single,none,5.117030363215125,real estate,22.530068013004307,bank,own,0.5715109132581793,skilled employee / official,2.980532995409887,none,yes
-1.1882999113935888,no checking account,15.695502317446465,existing credits paid back duly till now,domestic appliances,6261.822476089138,100 <= ... < 500 DM,.. >= 7 years,6.231964848324095,female : divorced/separated/married,co-applicant,1.7144328607185515,unknown / no property,28.02115041105815,bank,rent,1.291743956565199,skilled employee / official,3.3335663243804765,none,yes
-1.8921157087769092,no checking account,35.519125605859315,critical account/ other credits existing (not at this bank),domestic appliances,7855.397157241363,... < 100 DM,4 <= ... < 7 years,5.5590588415429005,female : divorced/separated/married,none,3.0942446108786807,real estate,26.590710827586154,none,own,0.5975480147371295,unskilled - resident,1.3721657873805964,none,yes
0.14425901542773903,no checking account,12.20406259448115,existing credits paid back duly till now,business,1680.9787678778769,unknown/ no savings account,1 <= ... < 4 years,3.5745815220727275,female : divorced/separated/married,none,-0.6172609397451108,"if not A121/A122 : car or other, not in attribute 6",38.292986150967664,none,own,1.8776330467233933,unskilled - resident,-1.9883106130993338,none,yes
-1.0589854181276048,< 0 DM,48.15797743268002,delay in paying off in the past,(vacation - does not exist?),3577.4815814813696,500 <= ... < 1000 DM ,.. >= 7 years,5.497627771964954,male : single,none,-0.21751384729065215,"if not A121/A122 : car or other, not in attribute 6",48.170972464492166,none,for free,3.904176264078629,management/ self-employed/ highly qualified employee/ officer,0.7705085879998188,none,yes
1.465352422709408,< 0 DM,44.267360957513404,existing credits paid back duly till now,domestic appliances,7174.125396606473,500 <= ... < 1000 DM ,... < 1 year ,2.666498299586289,male : single,none,5.253886286424597,real estate,31.606628447248532,none,rent,-1.6272562180083265,skilled employee / official,1.3888117538811366,none,yes
0.04370429104688576,no checking account,9.27745914999311,existing credits paid back duly till now,domestic appliances,2132.215068360107,... < 100 DM,... < 1 year ,1.6935380794835717,female : divorced/separated/married,none,4.949315381400405,if not A121 : building society savings agreement/ life insurance,26.60029187579775,stores,own,-0.25629347418413406,skilled employee / official,-1.2892004755736344,"yes, registered under the customers name ",yes
4.20355778264183,< 0 DM,33.70406894360585,existing credits paid back duly till now,domestic appliances,4281.430196271638,... < 100 DM,.. >= 7 years,-0.6482614426789532,female : divorced/separated/married,none,2.587248995768415,if not A121 : building society savings agreement/ life insurance,21.584404273662567,none,own,1.033682889405386,skilled employee / official,0.2797238728459731,none,yes
-0.47871125494604855,>= 200 DM / salary assignments for at least 1 year,10.022745701130788,existing credits paid back duly till now,radio/television,2367.5450796151654,... < 100 DM,... < 1 year ,0.5025147785845769,male : single,none,1.5328473129979188,if not A121 : building society savings agreement/ life insurance,37.30797246447023,none,for free,0.12640887978434068,skilled employee / official,-1.8187387751170836,none,yes
-1.04699498524373,no checking account,21.900634556087628,existing credits paid back duly till now,car (new),1836.1102913638897,... < 100 DM,1 <= ... < 4 years,3.66709802327241,male : single,guarantor,0.7088067950846557,real estate,25.342481649201144,none,for free,5.9969317494918615,skilled employee / official,2.2145844499728877,none,yes
0.3585512699126323,< 0 DM,24.006217100371273,critical account/ other credits existing (not at this bank),car (new),3868.0884340058005,500 <= ... < 1000 DM ,4 <= ... < 7 years,4.371026613169487,female : divorced/separated/married,none,3.4652791329309816,if not A121 : building society savings agreement/ life insurance,38.1547427025005,stores,rent,4.0034184400296775,unskilled - resident,1.3319106298041026,none,yes
0.43999336794353033,no checking account,10.500373323430965,existing credits paid back duly till now,car (used),1766.381748030118,unknown/ no savings account,4 <= ... < 7 years,4.375304969018026,male : single,none,3.0438379205799393e-05,"if not A121/A122 : car or other, not in attribute 6",23.343860753148803,none,own,2.888644704236528,unskilled - resident,-2.291566329628489,none,yes
2.718375150480873,no checking account,9.528341275650295,critical account/ other credits existing (not at this bank),domestic appliances,781.1353425161254,100 <= ... < 500 DM,1 <= ... < 4 years,5.092223661784894,male : single,none,4.713425278071905,if not A121 : building society savings agreement/ life insurance,62.83420595303689,none,rent,1.471268612973199,skilled employee / official,1.7029297231639613,none,no
2.670222491829157,no checking account,17.631648506969558,delay in paying off in the past,domestic appliances,1923.9439644302086,unknown/ no savings account,1 <= ... < 4 years,4.485288542647724,male : single,none,4.493693621268589,real estate,25.979084265943044,none,own,0.4273731864263718,skilled employee / official,0.8869821052194176,none,yes
0.7137421182990187,0 <= ... < 200 DM,11.459689741325807,critical account/ other credits existing (not at this bank),domestic appliances,2121.3863631596264,unknown/ no savings account,4 <= ... < 7 years,5.113233331355109,female : divorced/separated/married,none,1.8235090994137997,if not A121 : building society savings agreement/ life insurance,32.96347118908425,none,own,-0.9034108275307973,skilled employee / official,2.03282856550881,"yes, registered under the customers name ",yes
2.9266057824391236,0 <= ... < 200 DM,15.542682484535367,existing credits paid back duly till now,domestic appliances,705.4130506142808,unknown/ no savings account,.. >= 7 years,3.9146338075450466,male : married/widowed,none,4.020127393729855,"if not A121/A122 : car or other, not in attribute 6",40.95967807380443,bank,own,2.5634804560956344,skilled employee / official,0.21693513248914442,none,yes
-1.3775261086457018,< 0 DM,11.803107995384241,all credits at this bank paid back duly,domestic appliances,637.9524544429175,... < 100 DM,.. >= 7 years,4.825782790444801,male : single,none,1.391379661020415,real estate,32.746349835777295,none,own,1.9821092096175708,unskilled - resident,-0.6029588014860483,"yes, registered under the customers name ",yes
-1.2795030654994954,no checking account,11.512207779645324,existing credits paid back duly till now,car (new),1860.8445780382508,... < 100 DM,.. >= 7 years,2.547711194627281,female : divorced/separated/married,none,1.5722887980121711,"if not A121/A122 : car or other, not in attribute 6",34.52685052330432,bank,rent,4.571994729356567,skilled employee / official,-0.5416892529156137,"yes, registered under the customers name ",yes
-0.8531518828110498,no checking account,7.805098084779717,existing credits paid back duly till now,car (new),3501.1369241344887,unknown/ no savings account,.. >= 7 years,3.73941185127826,male : single,none,0.04550753773628702,unknown / no property,29.162775672850156,none,rent,1.5783405732876654,unemployed/ unskilled - non-resident,-0.07634043309680938,none,yes
-0.7796196063115359,0 <= ... < 200 DM,46.211585296041044,existing credits paid back duly till now,business,8487.1960038282,unknown/ no savings account,.. >= 7 years,2.336835370572019,male : single,none,4.034354695240411,real estate,22.126804364779503,none,own,0.7164417075992062,skilled employee / official,1.037650193162094,none,yes
-1.7533722951126176,< 0 DM,35.4738531510873,existing credits paid back duly till now,radio/television,6891.675690238344,unknown/ no savings account,.. >= 7 years,2.6606371438555936,female : divorced/separated/married,none,1.4669591060422593,if not A121 : building society savings agreement/ life insurance,29.023859066393133,none,own,1.3400910571212714,skilled employee / official,1.2959169308495841,"yes, registered under the customers name ",yes
1.2703018936288086,no checking account,13.628294647646715,critical account/ other credits existing (not at this bank),radio/television,2707.243921416537,100 <= ... < 500 DM,4 <= ... < 7 years,2.1036641979856934,female : divorced/separated/married,guarantor,3.6995436354301185,if not A121 : building society savings agreement/ life insurance,27.02610785135088,none,rent,3.783795151014191,management/ self-employed/ highly qualified employee/ officer,0.6185602443837943,"yes, registered under the customers name ",yes
-0.44444539419754675,0 <= ... < 200 DM,20.763415186755594,critical account/ other credits existing (not at this bank),car (used),1984.64817844464,100 <= ... < 500 DM,... < 1 year ,2.752794980741281,male : single,none,3.8573678657481305,if not A121 : building society savings agreement/ life insurance,44.265772231931535,none,own,-0.9404312441949578,unskilled - resident,0.15336090200696173,none,yes
-2.9416125890053157,no checking account,59.67012444920756,existing credits paid back duly till now,repairs,10142.402388510214,... < 100 DM,... < 1 year ,0.9469866069677702,male : single,none,1.8944338737766748,real estate,19.92094506045921,none,own,2.4721122674767493,management/ self-employed/ highly qualified employee/ officer,0.29719346398903645,"yes, registered under the customers name ",yes
-2.031158162415083,< 0 DM,14.576888498636505,all credits at this bank paid back duly,domestic appliances,1239.2969505297135,.. >= 1000 DM ,4 <= ... < 7 years,1.7501412897956907,female : divorced/separated/married,none,0.7817937123533585,"if not A121/A122 : car or other, not in attribute 6",37.35343480296728,none,own,1.959008875654339,skilled employee / official,6.015449571013866,none,yes
0.6270276949003906,< 0 DM,27.123409268100737,all credits at this bank paid back duly,car (new),8613.497867820794,500 <= ... < 1000 DM ,1 <= ... < 4 years,4.531549850333111,female : divorced/separated/married,none,4.7657444780814675,unknown / no property,27.826959088111444,none,own,-0.11727453590739279,skilled employee / official,-0.5414503029964175,none,yes
2.6762531357887624,no checking account,12.074455672843154,critical account/ other credits existing (not at this bank),business,767.6926081246155,unknown/ no savings account,4 <= ... < 7 years,6.131370349440095,female : divorced/separated/married,co-applicant,3.403315085268961,real estate,66.92270022397142,none,rent,-3.169211505308133,skilled employee / official,-0.11594401709238511,none,yes
3.993461783383573,no checking account,14.822407104574998,existing credits paid back duly till now,car (new),2728.6381896680473,unknown/ no savings account,.. >= 7 years,5.074867708454674,male : single,none,-0.018300682733683793,if not A121 : building society savings agreement/ life insurance,33.83736303606959,bank,own,2.727052576243293,skilled employee / official,7.587708216736297,"yes, registered under the customers name ",yes
5.827724932014659,>= 200 DM / salary assignments for at least 1 year,12.007592503242918,no credits taken/ all credits paid back duly,radio/television,1883.5182296986695,... < 100 DM,... < 1 year ,5.944391903887627,male : single,none,2.6106565746973835,unknown / no property,44.93773920508377,none,own,3.89542596654814,skilled employee / official,1.842026604921105,"yes, registered under the customers name ",yes
0.8288188665519928,no checking account,9.437590006099718,no credits taken/ all credits paid back duly,car (used),708.8100693788147,.. >= 1000 DM ,1 <= ... < 4 years,1.6215086068632165,female : divorced/separated/married,none,1.7077719368109099,real estate,26.635842141302966,none,own,4.34936933348279,unemployed/ unskilled - non-resident,-1.7599613318073914,"yes, registered under the customers name ",yes
-1.9790762400637283,no checking account,31.360778546497563,critical account/ other credits existing (not at this bank),domestic appliances,4794.335662940322,... < 100 DM,... < 1 year ,10.063524830221269,female : divorced/separated/married,co-applicant,7.908092804488363,unknown / no property,24.260759950290087,none,rent,1.7107524213401928,skilled employee / official,2.6853744079545265,"yes, registered under the customers name ",yes
-4.264092561462618,< 0 DM,22.99690851112264,existing credits paid back duly till now,(vacation - does not exist?),3421.4079702145586,500 <= ... < 1000 DM ,.. >= 7 years,2.5449411692735593,female : divorced/separated/married,none,2.5702476826845446,real estate,26.030595936096915,none,rent,4.924011327684495,skilled employee / official,-0.8200777784022952,"yes, registered under the customers name ",yes
1.5354229246876716,no checking account,16.91365833788777,existing credits paid back duly till now,domestic appliances,2462.788475298884,500 <= ... < 1000 DM ,... < 1 year ,2.510386703512033,female : divorced/separated/married,none,1.238750305867271,"if not A121/A122 : car or other, not in attribute 6",24.157977280284758,bank,own,0.9141178340865103,skilled employee / official,2.818123015610194,"yes, registered under the customers name ",yes
-1.625882190620652,< 0 DM,21.02905576387514,delay in paying off in the past,radio/television,2286.5610369080428,100 <= ... < 500 DM,1 <= ... < 4 years,3.2044441721195835,male : single,none,6.8400558355742085,unknown / no property,19.63638848674464,none,own,2.9066071032855625,skilled employee / official,0.5780754412586371,none,yes
-0.8307145203593707,0 <= ... < 200 DM,49.380208849528024,critical account/ other credits existing (not at this bank),radio/television,3564.611472475504,... < 100 DM,1 <= ... < 4 years,4.74465112012061,male : single,none,-1.682072334585691,real estate,30.22538240083108,none,own,0.09753822218714547,unskilled - resident,0.12040830102118527,"yes, registered under the customers name ",yes
-1.2241935981196161,0 <= ... < 200 DM,6.946174396054951,delay in paying off in the past,domestic appliances,858.1146401709373,100 <= ... < 500 DM,... < 1 year ,2.6712298557724887,male : single,none,4.188640312762195,real estate,42.170522428370575,none,own,0.9708023214317028,unskilled - resident,4.218329937655166,none,yes
-0.2815817728327705,0 <= ... < 200 DM,11.23150817423886,existing credits paid back duly till now,car (new),683.8731387117135,100 <= ... < 500 DM,1 <= ... < 4 years,3.772167213893832,male : single,none,6.988856989362145,"if not A121/A122 : car or other, not in attribute 6",49.47877409397904,none,rent,0.6449817662387274,unskilled - resident,2.1328027053184897,"yes, registered under the customers name ",yes
2.131960461575287,< 0 DM,38.038087386483525,existing credits paid back duly till now,business,5370.271245414214,unknown/ no savings account,4 <= ... < 7 years,6.553439694235241,male : single,none,1.767601431280492,if not A121 : building society savings agreement/ life insurance,28.00429816085537,none,own,-2.121057894248625,skilled employee / official,2.945978874898415,none,yes
0.31409713489068924,0 <= ... < 200 DM,20.060390806305463,existing credits paid back duly till now,domestic appliances,1582.254724951313,unknown/ no savings account,1 <= ... < 4 years,4.478298569266921,female : divorced/separated/married,none,0.5333979107038425,unknown / no property,43.39196748554416,none,own,4.574184519893823,skilled employee / official,1.8698393590398927,none,yes
-0.3172696740773766,0 <= ... < 200 DM,6.368115662543131,existing credits paid back duly till now,car (new),1345.8729826511235,... < 100 DM,.. >= 7 years,2.5409707722203985,female : divorced/separated/married,none,3.2081640711788046,if not A121 : building society savings agreement/ life insurance,45.25446228332714,none,own,-0.28326487827603253,skilled employee / official,1.111110952413803,none,yes
-2.0713075056516232,0 <= ... < 200 DM,11.925315144973682,no credits taken/ all credits paid back duly,business,1925.4629848158818,unknown/ no savings account,.. >= 7 years,-0.817995389027435,male : single,none,6.909036081918074,unknown / no property,37.83333474600677,stores,own,-0.6028775595103928,skilled employee / official,2.2227088405164164,none,yes
-3.349365889408714,no checking account,36.54529052686426,critical account/ other credits existing (not at this bank),furniture/equipment,5846.306511814232,... < 100 DM,.. >= 7 years,4.8369981491007685,female : divorced/separated/married,none,1.7521391926415424,unknown / no property,24.093253685588035,none,own,-1.359943363225351,unskilled - resident,3.4184307853689213,none,yes
-0.9726158181466618,0 <= ... < 200 DM,22.87703394643423,existing credits paid back duly till now,domestic appliances,7755.848855427714,... < 100 DM,1 <= ... < 4 years,1.7319455583812688,male : single,co-applicant,2.3222877809749645,real estate,31.708600931011244,none,own,0.591281126927434,unskilled - resident,1.2694760870351067,"yes, registered under the customers name ",yes
-0.10756510163664099,< 0 DM,25.39563367800001,critical account/ other credits existing (not at this bank),domestic appliances,6967.448594614363,unknown/ no savings account,... < 1 year ,2.7835205413254265,male : single,none,2.629514385641952,real estate,37.32295678929096,bank,own,4.526984621119485,unskilled - resident,4.603285208693013,none,yes
4.535859827159766,no checking account,12.221226245157355,existing credits paid back duly till now,domestic appliances,1283.2019185693998,100 <= ... < 500 DM,unemployed,0.44705118370327224,male : single,none,2.8805994577003733,if not A121 : building society savings agreement/ life insurance,18.24874253500652,none,own,5.187557701645435,unskilled - resident,2.7009744064038173,"yes, registered under the customers name ",yes
0.2605490429457717,< 0 DM,9.002679693508973,critical account/ other credits existing (not at this bank),car (new),1288.6650646261953,100 <= ... < 500 DM,.. >= 7 years,8.34352675951337,male : single,none,4.722395768107992,"if not A121/A122 : car or other, not in attribute 6",46.70544415182537,bank,for free,-1.3217337516041665,unskilled - resident,2.423965099543224,none,yes
1.9654790220461151,< 0 DM,14.945907144379149,critical account/ other credits existing (not at this bank),business,337.38109254180534,... < 100 DM,.. >= 7 years,3.473045499641929,female : divorced/separated/married,none,3.6763922658773063,if not A121 : building society savings agreement/ life insurance,45.9898626090466,none,own,0.2911040080474353,unskilled - resident,1.5029730620356356,"yes, registered under the customers name ",yes
-0.9985911970783041,< 0 DM,19.098255742919825,existing credits paid back duly till now,car (used),3513.354969684183,... < 100 DM,... < 1 year ,-0.9139708415625356,female : divorced/separated/married,none,5.104846025598341,"if not A121/A122 : car or other, not in attribute 6",36.75175788987412,none,own,-0.06871554018739712,skilled employee / official,1.2744742579352495,none,yes
-2.369887532834049,0 <= ... < 200 DM,3.1646316596808606,critical account/ other credits existing (not at this bank),car (new),1896.5122781458088,100 <= ... < 500 DM,.. >= 7 years,-0.3964429194651451,male : single,none,2.912024364218257,"if not A121/A122 : car or other, not in attribute 6",29.765513375758946,none,rent,3.9766754824230395,skilled employee / official,-0.5024775711899832,none,yes
-1.9302335244647437,>= 200 DM / salary assignments for at least 1 year,21.62585914725126,critical account/ other credits existing (not at this bank),car (new),2870.956922710427,100 <= ... < 500 DM,... < 1 year ,2.896864321047573,female : divorced/separated/married,none,1.3367104798850336,real estate,35.893518402721845,none,own,1.5731870945878534,skilled employee / official,1.8198556083827897,none,yes
-1.4504521290715064,< 0 DM,17.273478704862388,existing credits paid back duly till now,radio/television,1053.112092950556,... < 100 DM,1 <= ... < 4 years,5.09333406523297,male : single,none,-1.6558650279868825,"if not A121/A122 : car or other, not in attribute 6",27.03957467775038,none,own,0.7268613452403301,unskilled - resident,1.4423729706823343,"yes, registered under the customers name ",yes
4.256939464870329,no checking account,14.49078366046794,critical account/ other credits existing (not at this bank),radio/television,1264.602316697304,... < 100 DM,1 <= ... < 4 years,5.1095930434506265,male : single,none,4.0665040424275265,unknown / no property,39.23256350712745,none,own,2.145146161182038,skilled employee / official,0.1678297574669425,none,yes
-1.6427733584487723,no checking account,6.985348704453905,existing credits paid back duly till now,radio/television,7309.266843082055,... < 100 DM,.. >= 7 years,3.353229103553051,male : single,none,1.3090578041342114,real estate,70.35357527552631,bank,own,0.04516275718458296,unskilled - resident,1.6753540374093898,"yes, registered under the customers name ",yes
1.67697840747269,< 0 DM,34.029683935378344,critical account/ other credits existing (not at this bank),radio/television,910.2099867513577,100 <= ... < 500 DM,.. >= 7 years,2.7102793867253405,male : single,guarantor,3.5488659578627915,real estate,34.189649886512846,none,own,4.228492188749794,skilled employee / official,1.0426149807102223,"yes, registered under the customers name ",yes
-1.8058543561740528,no checking account,4.278316642952859,existing credits paid back duly till now,domestic appliances,2980.494422842285,... < 100 DM,.. >= 7 years,1.680880887003091,female : divorced/separated/married,none,2.608300892372354,"if not A121/A122 : car or other, not in attribute 6",30.602735170675093,none,rent,2.093919030032077,skilled employee / official,2.547383782197537,"yes, registered under the customers name ",yes
2.863146025748488,no checking account,22.914848184151783,critical account/ other credits existing (not at this bank),radio/television,1136.6252984964774,... < 100 DM,.. >= 7 years,2.247881071778843,male : single,none,-0.2751879907253776,"if not A121/A122 : car or other, not in attribute 6",29.22120482425216,bank,own,2.339646841832876,skilled employee / official,2.3262247621314622,none,yes
0.7699019322117263,< 0 DM,14.603483895494293,existing credits paid back duly till now,radio/television,1573.5815477921797,... < 100 DM,4 <= ... < 7 years,2.7607140339719765,male : single,none,-1.048524668717727,unknown / no property,17.801076226438994,stores,own,-4.333834956065795,skilled employee / official,1.3343065751696825,none,yes
-0.3132757953161808,no checking account,23.1765011646307,existing credits paid back duly till now,car (used),3970.523246838246,... < 100 DM,.. >= 7 years,0.1645820509994811,female : divorced/separated/married,none,3.811757870864363,if not A121 : building society savings agreement/ life insurance,27.032646405081397,none,rent,0.8664226423423783,unskilled - resident,-1.7344257826039966,"yes, registered under the customers name ",yes
0.918474947729132,< 0 DM,23.2728334193864,existing credits paid back duly till now,domestic appliances,1933.767649831651,.. >= 1000 DM ,1 <= ... < 4 years,1.623222290803461,female : divorced/separated/married,none,5.007300575048108,real estate,35.463572290984786,none,for free,6.166421918118068,skilled employee / official,4.581445477362341,"yes, registered under the customers name ",yes
-0.30957539085878083,>= 200 DM / salary assignments for at least 1 year,12.70159200562341,existing credits paid back duly till now,domestic appliances,948.2983607552346,... < 100 DM,.. >= 7 years,6.128418977716017,male : divorced/separated,none,5.1230375408275135,if not A121 : building society savings agreement/ life insurance,34.45279302639792,bank,own,4.652258140073369,skilled employee / official,1.7162180028577136,"yes, registered under the customers name ",yes
0.8921444029641611,0 <= ... < 200 DM,8.183739173549466,existing credits paid back duly till now,domestic appliances,760.8448335047925,unknown/ no savings account,... < 1 year ,5.377223401957775,male : single,none,2.2141068695411037,if not A121 : building society savings agreement/ life insurance,25.81591492275794,none,own,-2.6941791718406063,unskilled - resident,0.8382270926097365,none,yes
0.09003303931843998,no checking account,23.76623962718295,existing credits paid back duly till now,car (used),2063.4006938718894,... < 100 DM,1 <= ... < 4 years,4.95333073995626,male : married/widowed,none,2.147313189984389,"if not A121/A122 : car or other, not in attribute 6",33.136081248692165,bank,own,0.37314833463281183,skilled employee / official,0.3149583026012246,none,yes
-2.4512115275344963,< 0 DM,6.004296033511949,existing credits paid back duly till now,car (new),1411.5667925694213,unknown/ no savings account,.. >= 7 years,4.078626132048592,male : married/widowed,none,0.5076104928859013,if not A121 : building society savings agreement/ life insurance,31.087008372847276,bank,own,-1.4030389318374428,skilled employee / official,0.023176687868927015,none,yes
-1.5558751486392386,no checking account,20.83029893667598,existing credits paid back duly till now,car (new),3414.670084735075,unknown/ no savings account,1 <= ... < 4 years,3.553615397730293,male : single,none,-1.1418139916890384,unknown / no property,30.119531798679482,none,own,5.42220312072574,skilled employee / official,4.088116096001048,none,yes
1.345175835444239,no checking account,26.799588301913044,critical account/ other credits existing (not at this bank),business,7485.103396642858,... < 100 DM,... < 1 year ,0.4774211907149102,male : married/widowed,none,-0.021754176658295155,"if not A121/A122 : car or other, not in attribute 6",52.622502596271254,bank,own,1.488556564551817,skilled employee / official,3.7720886407721594,"yes, registered under the customers name ",yes
3.15818251282087,0 <= ... < 200 DM,10.476051083379485,existing credits paid back duly till now,car (new),2577.9620573295274,100 <= ... < 500 DM,... < 1 year ,3.7261750360907104,female : divorced/separated/married,none,1.8198711699611343,real estate,46.231259660125005,none,for free,-0.535591119462872,unskilled - resident,1.8887868071553418,none,yes
0.3199832271468765,0 <= ... < 200 DM,6.297254190605662,delay in paying off in the past,domestic appliances,339.0154569032765,... < 100 DM,... < 1 year ,4.354239660010061,male : single,none,4.6732474132546855,unknown / no property,54.787039019220124,stores,own,2.068315887081578,unskilled - resident,0.7849996911385492,none,yes
-0.23727665221976513,no checking account,12.732419195567875,existing credits paid back duly till now,car (new),1964.2060137068534,... < 100 DM,... < 1 year ,5.254219200298332,male : single,none,-2.199803971450245,if not A121 : building society savings agreement/ life insurance,27.518407137307452,bank,own,-3.2147310581369677,skilled employee / official,3.2382359700275063,none,yes
0.5716522792050858,< 0 DM,21.83494391748403,existing credits paid back duly till now,car (used),570.2531821263523,... < 100 DM,1 <= ... < 4 years,4.760046598097226,male : single,none,2.428645943464994,"if not A121/A122 : car or other, not in attribute 6",63.66809520848142,none,own,-0.1699226069131532,unskilled - resident,1.1475939635387455,"yes, registered under the customers name ",yes
3.6120034834136496,no checking account,33.359022031685925,critical account/ other credits existing (not at this bank),domestic appliances,9576.242286805267,... < 100 DM,1 <= ... < 4 years,-0.9741103090737733,male : single,none,3.4090151032123117,"if not A121/A122 : car or other, not in attribute 6",26.661909751652356,none,own,2.072887451652619,skilled employee / official,0.6195541633538022,"yes, registered under the customers name ",yes
1.4387650027277128,no checking account,37.70937146027112,existing credits paid back duly till now,repairs,4455.468862232964,unknown/ no savings account,1 <= ... < 4 years,-0.9960795507820932,male : single,none,2.1584300956082787,real estate,29.84030727178852,none,rent,3.691350736906645,skilled employee / official,1.6762118430126605,none,yes
0.17814553833252567,< 0 DM,19.3995766067963,existing credits paid back duly till now,domestic appliances,1643.2750304947504,... < 100 DM,1 <= ... < 4 years,2.5758916676340737,male : divorced/separated,none,-0.8340178262059719,real estate,39.879371493772496,bank,own,-1.8826282411946815,skilled employee / official,1.1176845061091103,none,yes
2.2125774201197776,no checking account,25.265715829214614,existing credits paid back duly till now,domestic appliances,3774.9952485084677,... < 100 DM,.. >= 7 years,5.129834562545824,male : single,none,8.711642363196303,unknown / no property,55.992478190796284,bank,rent,0.23768938459514133,unskilled - resident,1.504528528006865,"yes, registered under the customers name ",yes
1.857512876923227,0 <= ... < 200 DM,17.978722646763615,existing credits paid back duly till now,car (new),880.5189940219444,unknown/ no savings account,4 <= ... < 7 years,5.38018283035079,male : single,none,3.9421165353704706,if not A121 : building society savings agreement/ life insurance,33.845544251050484,none,own,3.0193714770376436,skilled employee / official,2.4084418512432713,none,yes
3.071511983991984,no checking account,12.247225001844104,all credits at this bank paid back duly,car (used),1360.0346692583025,... < 100 DM,4 <= ... < 7 years,1.2641154452362744,male : single,none,2.768667918626816,real estate,31.45793987132878,none,own,-0.9029066487465442,unskilled - resident,2.205872042515849,"yes, registered under the customers name ",yes
1.3664688744438123,no checking account,8.367604590837624,existing credits paid back duly till now,domestic appliances,5128.756389551893,... < 100 DM,.. >= 7 years,0.037801265063570844,male : single,guarantor,4.799049512090269,real estate,75.2330154849356,none,own,1.4583656695683462,skilled employee / official,0.7617260850487824,none,no
-2.4489380634410005,no checking account,16.730727484127534,existing credits paid back duly till now,radio/television,1174.0631486042012,... < 100 DM,4 <= ... < 7 years,0.5535286281183214,male : married/widowed,none,2.2648090676796278,if not A121 : building society savings agreement/ life insurance,67.99685599106161,none,own,3.131949006212007,unskilled - resident,2.4202727057530815,none,yes
-1.73631839849133,0 <= ... < 200 DM,13.225930760949199,existing credits paid back duly till now,business,678.021852224801,... < 100 DM,1 <= ... < 4 years,3.2853898794663685,male : single,none,-0.4551473636427885,"if not A121/A122 : car or other, not in attribute 6",20.220361155562717,none,own,4.428760640713205,unskilled - resident,-0.8126229859010103,"yes, registered under the customers name ",yes
3.301855864462499,< 0 DM,17.718024205111163,existing credits paid back duly till now,domestic appliances,3245.097965748154,500 <= ... < 1000 DM ,1 <= ... < 4 years,-1.7241016617053044,female : divorced/separated/married,none,8.24334997013188,real estate,30.910382211386825,bank,rent,1.5397276137767246,skilled employee / official,-0.1451333032424773,"yes, registered under the customers name ",yes
4.447331441566594,no checking account,27.063557781202107,no credits taken/ all credits paid back duly,business,4592.452196722893,100 <= ... < 500 DM,... < 1 year ,-0.8441035322802652,male : single,none,5.006411739235501,if not A121 : building society savings agreement/ life insurance,54.21297238920536,none,own,2.6567988032498593,skilled employee / official,-0.05785011829148812,"yes, registered under the customers name ",yes
0.6409615734347986,no checking account,50.01502154197312,existing credits paid back duly till now,radio/television,3842.137853024116,.. >= 1000 DM ,4 <= ... < 7 years,2.356329407184892,male : divorced/separated,none,5.643874402217353,if not A121 : building society savings agreement/ life insurance,35.02279799234874,none,own,2.709919506329377,unskilled - resident,-0.14410354474735643,none,yes
0.2336253577280245,< 0 DM,26.486691767200494,existing credits paid back duly till now,car (new),3913.001710217338,100 <= ... < 500 DM,1 <= ... < 4 years,4.172507672450012,male : divorced/separated,none,3.1525783834364214,if not A121 : building society savings agreement/ life insurance,36.655201168542256,bank,own,-1.6526973360986892,skilled employee / official,4.031324566771326,none,yes
2.9228885844844044,no checking account,7.500243624273889,existing credits paid back duly till now,domestic appliances,2108.073610998194,500 <= ... < 1000 DM ,1 <= ... < 4 years,-0.3611886795069812,female : divorced/separated/married,none,-0.006634780723369094,"if not A121/A122 : car or other, not in attribute 6",30.140401807824183,none,own,0.5582335868982827,skilled employee / official,-0.9381049523795946,"yes, registered under the customers name ",yes
-1.214091364086976,< 0 DM,48.86758697037637,delay in paying off in the past,radio/television,3031.3460142793047,unknown/ no savings account,1 <= ... < 4 years,3.768392980056468,male : single,none,6.555060383480548,"if not A121/A122 : car or other, not in attribute 6",23.825215801272464,none,own,0.08854997831897893,skilled employee / official,-0.3978326748133436,none,yes
-0.7894540379116528,0 <= ... < 200 DM,12.920969201566054,delay in paying off in the past,car (new),1497.2873768657712,... < 100 DM,.. >= 7 years,4.11710563228363,male : single,none,1.3137346839765014,real estate,35.87393308382868,none,own,1.7221763745897996,unskilled - resident,3.5108154209732843,none,yes
1.2866535893780888,no checking account,3.544000238355005,delay in paying off in the past,domestic appliances,1381.639385954301,100 <= ... < 500 DM,1 <= ... < 4 years,-1.60355947482702,male : single,none,1.5665735963012914,real estate,28.142589226994875,none,own,3.696812897925676,skilled employee / official,-0.1411654037073009,"yes, registered under the customers name ",yes
0.2107897542808208,>= 200 DM / salary assignments for at least 1 year,10.1469337776857,existing credits paid back duly till now,car (new),951.028144165747,... < 100 DM,1 <= ... < 4 years,3.587108483178921,female : divorced/separated/married,none,0.7212201890708623,real estate,24.656483296233443,none,own,5.108322970164346,skilled employee / official,0.6237146297238068,none,yes
-0.010243733440142592,0 <= ... < 200 DM,26.9698375734677,existing credits paid back duly till now,car (new),2759.5697016684576,... < 100 DM,1 <= ... < 4 years,6.049513467501545,female : divorced/separated/married,none,-0.08171770129503919,real estate,34.79998945057776,none,own,-0.49736461705735246,unskilled - resident,-1.0240580018330716,"yes, registered under the customers name ",yes
0.6731142029509749,no checking account,15.883437898324726,existing credits paid back duly till now,domestic appliances,4295.373219175307,... < 100 DM,.. >= 7 years,3.1634632192723813,male : single,none,3.6365824053062292,if not A121 : building society savings agreement/ life insurance,39.56073769616517,bank,own,1.2733984066544248,skilled employee / official,2.665902415245369,none,yes
0.6751490975978671,< 0 DM,6.354917733416642,existing credits paid back duly till now,radio/television,934.9209296361577,unknown/ no savings account,1 <= ... < 4 years,2.852660618283162,male : single,none,0.3818014656101838,unknown / no property,52.504691662682895,none,own,4.980883228201048,skilled employee / official,2.69347248838213,"yes, registered under the customers name ",yes
2.8149637226274336,0 <= ... < 200 DM,11.027611738601907,critical account/ other credits existing (not at this bank),radio/television,1167.6462816128544,unknown/ no savings account,.. >= 7 years,6.326991628612948,female : divorced/separated/married,none,-0.9783351425945463,unknown / no property,26.04333447700121,none,rent,-0.6627313975946105,skilled employee / official,2.4778918082468935,"yes, registered under the customers name ",yes
0.1811698138034911,>= 200 DM / salary assignments for at least 1 year,27.84045341894917,existing credits paid back duly till now,radio/television,5117.18160004722,500 <= ... < 1000 DM ,1 <= ... < 4 years,2.3875958420569043,male : single,none,5.081219005894151,unknown / no property,24.128533601631297,none,rent,2.2903335607940254,skilled employee / official,2.0750596563878876,none,yes
2.2878775865537158,no checking account,11.795206586777807,critical account/ other credits existing (not at this bank),car (used),903.2095831651011,... < 100 DM,1 <= ... < 4 years,6.208990050411136,male : single,none,8.240161542101578,unknown / no property,18.623602621759325,none,own,0.6136786461227428,skilled employee / official,1.1471782220389533,none,yes
-4.100344202062045,< 0 DM,10.698872759188816,existing credits paid back duly till now,car (used),1497.1617124099018,100 <= ... < 500 DM,1 <= ... < 4 years,4.857930782254398,male : single,none,3.7791205171601234,unknown / no property,34.697644481888936,stores,own,1.873989968326446,skilled employee / official,0.9512466661240311,none,yes
-0.0974368038602359,< 0 DM,28.651575076550984,existing credits paid back duly till now,car (new),10622.411304552945,... < 100 DM,... < 1 year ,2.3143106941803264,male : married/widowed,none,3.485364229468655,"if not A121/A122 : car or other, not in attribute 6",37.53009859245086,none,own,-0.2613152444988014,unskilled - resident,0.37006138666795807,none,yes
-1.6864605405857422,no checking account,10.575325871174583,critical account/ other credits existing (not at this bank),domestic appliances,1934.0876876077693,unknown/ no savings account,4 <= ... < 7 years,4.959381061195061,male : married/widowed,none,4.017690613393891,if not A121 : building society savings agreement/ life insurance,40.06066911585939,none,own,5.821525708624408,unskilled - resident,3.5798110535233407,none,yes
-2.437626120847256,0 <= ... < 200 DM,10.240980742682115,existing credits paid back duly till now,radio/television,1424.8753113470686,... < 100 DM,... < 1 year ,4.640899027692075,male : single,none,4.775412513567827,real estate,23.998948631685217,none,for free,-0.5487038017763666,skilled employee / official,2.52960854345318,none,yes
-1.7563047338575015,< 0 DM,28.563265754552123,existing credits paid back duly till now,car (used),6569.2216898328215,... < 100 DM,1 <= ... < 4 years,4.041765642004949,male : single,none,4.244256039669814,real estate,20.212196254311394,stores,for free,3.0521439403070656,skilled employee / official,-0.38660845440084857,"yes, registered under the customers name ",yes
-0.6682468814016241,< 0 DM,12.59502214237111,existing credits paid back duly till now,car (new),1412.1315991334823,unknown/ no savings account,... < 1 year ,1.903308924269963,male : single,none,1.3129285623486027,if not A121 : building society savings agreement/ life insurance,52.32816538121713,none,own,-0.24275321609502232,skilled employee / official,1.079663536446269,none,yes
1.8318050847120262,>= 200 DM / salary assignments for at least 1 year,10.773518108809476,existing credits paid back duly till now,radio/television,3075.580786953932,500 <= ... < 1000 DM ,unemployed,1.0824121335632393,female : divorced/separated/married,co-applicant,2.068355431449149,unknown / no property,33.75950437699739,none,for free,0.7489906962084796,skilled employee / official,1.3997698140299735,none,yes
-2.652785435479128,0 <= ... < 200 DM,35.02184506376215,existing credits paid back duly till now,domestic appliances,3836.959170682312,... < 100 DM,... < 1 year ,1.8769686407907251,male : single,none,4.601229613529073,real estate,46.48044612721137,bank,own,3.4262465009309335,skilled employee / official,-1.2564214114115004,"yes, registered under the customers name ",yes
1.0612629851888349,>= 200 DM / salary assignments for at least 1 year,26.628086645627903,no credits taken/ all credits paid back duly,radio/television,5295.583372931317,unknown/ no savings account,4 <= ... < 7 years,3.4082962832795696,male : single,none,5.107752640557663,real estate,48.901145960449206,none,own,3.9877692069558486,skilled employee / official,1.3553027532426047,"yes, registered under the customers name ",yes
0.03166113333284304,no checking account,28.57289203725929,existing credits paid back duly till now,domestic appliances,1911.5566418134397,... < 100 DM,1 <= ... < 4 years,1.9496416111116486,female : divorced/separated/married,none,3.733847115977466,"if not A121/A122 : car or other, not in attribute 6",65.12594538478,stores,for free,1.4173317979279658,unskilled - resident,0.16901467152160843,none,yes
-0.6553461887239217,< 0 DM,30.696583330161594,all credits at this bank paid back duly,business,3340.2671677226813,... < 100 DM,1 <= ... < 4 years,6.033954096475712,male : single,none,1.7598295098625114,real estate,52.074859540278155,none,own,2.5223010996126396,skilled employee / official,-0.9050733325913711,none,yes
2.0055156506092082,no checking account,3.2439814463042675,existing credits paid back duly till now,radio/television,932.027796418665,... < 100 DM,1 <= ... < 4 years,1.9326575443408331,male : single,none,5.759664659508776,if not A121 : building society savings agreement/ life insurance,37.57200980553064,bank,rent,1.4228944394872,skilled employee / official,-1.9582651082835238,none,yes
1.0762308740078521,no checking account,14.378762640039211,existing credits paid back duly till now,car (new),3104.0225553932373,... < 100 DM,4 <= ... < 7 years,0.3661498527341074,male : single,co-applicant,3.4190414048857725,unknown / no property,29.43453217680541,bank,for free,0.9832647445622201,management/ self-employed/ highly qualified employee/ officer,-2.1276070004113423,none,yes
2.6747962148854874,no checking account,31.500432444096784,existing credits paid back duly till now,car (new),3912.803852862935,500 <= ... < 1000 DM ,1 <= ... < 4 years,4.416525650961001,male : single,none,2.9548211468721766,"if not A121/A122 : car or other, not in attribute 6",25.39299695637258,stores,own,-0.3232487849276382,management/ self-employed/ highly qualified employee/ officer,0.257147744610721,none,yes
-0.30901135849980094,>= 200 DM / salary assignments for at least 1 year,21.609282051403795,existing credits paid back duly till now,(vacation - does not exist?),3019.7014741607795,... < 100 DM,.. >= 7 years,6.468186161595463,female : divorced/separated/married,co-applicant,5.438218140045857,"if not A121/A122 : car or other, not in attribute 6",25.768375477425575,stores,own,2.8081298986005194,skilled employee / official,0.8298100591501687,"yes, registered under the customers name ",yes
-1.391885223341406,< 0 DM,12.649911358763262,critical account/ other credits existing (not at this bank),domestic appliances,1361.028875993538,... < 100 DM,.. >= 7 years,4.003667939098816,male : single,none,3.227108475547166,if not A121 : building society savings agreement/ life insurance,65.20310000468784,bank,for free,-0.38682666233470475,unskilled - resident,-0.7506016203246322,none,yes
-0.44771763376099905,no checking account,11.911127664591291,critical account/ other credits existing (not at this bank),domestic appliances,625.185358892058,... < 100 DM,4 <= ... < 7 years,6.853969534452938,female : divorced/separated/married,none,4.2459468972587615,if not A121 : building society savings agreement/ life insurance,27.851289242788187,none,own,3.9703126898757057,skilled employee / official,2.301478855314455,none,yes
0.4849935825424432,0 <= ... < 200 DM,14.581127524642348,delay in paying off in the past,retraining,1198.4632886809043,... < 100 DM,1 <= ... < 4 years,4.170742763205176,male : single,none,5.085030887071101,"if not A121/A122 : car or other, not in attribute 6",19.045442549265275,none,own,0.3683316633603513,skilled employee / official,0.8689069164340754,"yes, registered under the customers name ",yes
0.35314671690742205,0 <= ... < 200 DM,12.82196515380175,delay in paying off in the past,car (new),707.1719869614952,... < 100 DM,.. >= 7 years,0.6769901605229798,male : single,none,8.542052244429179,real estate,32.707671093586214,none,rent,2.0410171280326685,skilled employee / official,2.1537706211973004,"yes, registered under the customers name ",yes
-2.168776144466733,no checking account,25.56511765143032,critical account/ other credits existing (not at this bank),car (used),2976.4119129166024,... < 100 DM,.. >= 7 years,0.31175909766495025,male : single,guarantor,1.6150361464350445,real estate,32.78412423316748,none,own,3.5174560413086686,unskilled - resident,1.6341784196245843,"yes, registered under the customers name ",yes
0.18097956325574843,no checking account,13.19820600939085,existing credits paid back duly till now,business,4654.800683308311,... < 100 DM,1 <= ... < 4 years,3.510164087735517,female : divorced/separated/married,none,0.6213094955653169,"if not A121/A122 : car or other, not in attribute 6",32.02156276801147,none,own,1.047728842379164,skilled employee / official,-0.5742352704142117,"yes, registered under the customers name ",yes
0.4564566602778103,< 0 DM,37.04790190838534,critical account/ other credits existing (not at this bank),domestic appliances,2613.468596720754,... < 100 DM,.. >= 7 years,2.81604238454004,female : divorced/separated/married,co-applicant,2.8375956564010956,if not A121 : building society savings agreement/ life insurance,27.774323558232727,bank,own,1.4041833714293794,skilled employee / official,1.228235142277228,"yes, registered under the customers name ",yes
6.034948075067841,no checking account,49.45742846814869,critical account/ other credits existing (not at this bank),radio/television,10961.301843053612,unknown/ no savings account,... < 1 year ,-0.8291525566547027,female : divorced/separated/married,none,2.794468105957984,real estate,27.097849649360313,none,own,1.9399531043830571,skilled employee / official,-1.525349024036645,none,yes
4.75368922256334,0 <= ... < 200 DM,10.846705415532615,existing credits paid back duly till now,car (used),7866.158563942642,unknown/ no savings account,1 <= ... < 4 years,3.874506632062649,male : single,none,7.9002779683500375,if not A121 : building society savings agreement/ life insurance,52.44938157527589,bank,for free,2.7876367071151678,unskilled - resident,2.0788770412732958,none,yes
-0.7064867011176401,no checking account,10.119080741232333,existing credits paid back duly till now,(vacation - does not exist?),1482.3717275328352,... < 100 DM,.. >= 7 years,5.231170575722576,male : single,none,0.6632506334009323,real estate,22.73428875377241,none,rent,-0.32570444427341094,skilled employee / official,-0.8742984130262674,none,yes
-0.5747667230983522,0 <= ... < 200 DM,25.132375517149665,existing credits paid back duly till now,car (new),3149.554579062422,100 <= ... < 500 DM,1 <= ... < 4 years,1.0944849064757056,male : single,none,2.8098370373877684,if not A121 : building society savings agreement/ life insurance,21.376504182190896,none,own,0.7475259854534704,management/ self-employed/ highly qualified employee/ officer,2.836465053066898,none,yes
-1.9268840036740063,no checking account,34.900894757739835,existing credits paid back duly till now,car (new),4210.970163534128,.. >= 1000 DM ,... < 1 year ,3.1022447594392304,male : divorced/separated,none,4.324926009363992,real estate,27.735752200130225,none,rent,1.0205734546749508,unskilled - resident,0.3230885075161706,"yes, registered under the customers name ",yes
-1.181414027926973,no checking account,6.7544631354580105,existing credits paid back duly till now,car (new),2504.844877342265,... < 100 DM,4 <= ... < 7 years,5.0197413662406305,female : divorced/separated/married,none,5.409295664441295,unknown / no property,47.8270867108956,none,own,2.7291703910553125,unemployed/ unskilled - non-resident,3.125067032619834,"yes, registered under the customers name ",yes
0.631210007180681,0 <= ... < 200 DM,9.631743336203456,existing credits paid back duly till now,domestic appliances,2138.426185118927,.. >= 1000 DM ,... < 1 year ,0.8494232395572507,male : single,none,-0.9219926838486401,unknown / no property,33.91684827641144,none,own,0.8003092522571269,unskilled - resident,-1.2452463771766307,"yes, registered under the customers name ",yes
2.411707241776467,< 0 DM,18.173011083842923,critical account/ other credits existing (not at this bank),(vacation - does not exist?),869.1656588935467,... < 100 DM,1 <= ... < 4 years,5.739522374329913,male : divorced/separated,none,4.815517610508396,"if not A121/A122 : car or other, not in attribute 6",29.089646496953293,none,rent,4.616598188987444,unskilled - resident,-0.35553940145764074,none,yes
-1.458167675487217,< 0 DM,4.654019737578629,critical account/ other credits existing (not at this bank),domestic appliances,1542.1530404401333,... < 100 DM,1 <= ... < 4 years,1.030538476902012,male : single,none,3.4586498626308275,"if not A121/A122 : car or other, not in attribute 6",40.747839072855214,none,own,2.6869228445698097,skilled employee / official,2.761869893697141,none,yes
-0.3082928801355931,0 <= ... < 200 DM,22.41494833908417,existing credits paid back duly till now,repairs,1820.9121118570627,unknown/ no savings account,1 <= ... < 4 years,5.091587519699905,male : single,none,3.199169039580755,unknown / no property,29.522632553873045,none,own,0.5246327231894401,skilled employee / official,4.340994186853511,"yes, registered under the customers name ",yes
-3.2945780594773098,0 <= ... < 200 DM,6.053170682652198,existing credits paid back duly till now,car (new),14554.921802157567,... < 100 DM,4 <= ... < 7 years,3.1946550144057344,male : single,none,2.408695374417908,if not A121 : building society savings agreement/ life insurance,21.234838133299846,bank,own,0.6579357567645365,unskilled - resident,4.333217816629844,none,yes
0.6746681589101846,no checking account,22.14107407227697,critical account/ other credits existing (not at this bank),car (used),2766.8196151732454,... < 100 DM,4 <= ... < 7 years,5.482563533970043,male : single,none,2.4522160200887426,if not A121 : building society savings agreement/ life insurance,61.67169134577165,bank,rent,-0.6332828573160203,skilled employee / official,1.0827323273617455,none,yes
-2.124828823719126,no checking account,13.236381429330601,existing credits paid back duly till now,business,1289.1949869871135,100 <= ... < 500 DM,1 <= ... < 4 years,5.818319204427753,male : single,none,1.8425284155212445,"if not A121/A122 : car or other, not in attribute 6",33.52747021971561,bank,own,-0.07345369351736997,skilled employee / official,4.675491261573512,none,yes
-1.0588788547321475,0 <= ... < 200 DM,33.10376024024498,no credits taken/ all credits paid back duly,car (new),2521.390053562574,... < 100 DM,.. >= 7 years,-1.3031870668159122,male : single,none,4.281570268505284,if not A121 : building society savings agreement/ life insurance,38.628778130385896,none,own,-0.06133377947818652,unskilled - resident,1.420670900349139,none,yes
-0.7537215563351765,no checking account,26.553961664396088,existing credits paid back duly till now,domestic appliances,917.4587514353002,... < 100 DM,.. >= 7 years,6.227319413482597,male : single,none,2.062269705889955,unknown / no property,30.69773307207014,none,own,3.2716596977002594,skilled employee / official,3.197535244725945,none,yes
-0.18852510850511398,< 0 DM,3.997417134486912,critical account/ other credits existing (not at this bank),car (new),1593.3880127823363,... < 100 DM,1 <= ... < 4 years,1.2946137707303602,female : divorced/separated/married,none,0.30295004929471747,real estate,49.602473162370366,none,own,0.9337478812759797,skilled employee / official,0.11563800608138952,none,yes
-2.5154567827132626,< 0 DM,51.36717241907604,existing credits paid back duly till now,domestic appliances,4602.212655031268,... < 100 DM,1 <= ... < 4 years,3.519083531143077,female : divorced/separated/married,none,1.902816710344816,if not A121 : building society savings agreement/ life insurance,25.577222238530442,none,own,1.030711620768587,management/ self-employed/ highly qualified employee/ officer,2.8404010137265083,none,yes
-2.934090490781981,< 0 DM,10.938046990888571,no credits taken/ all credits paid back duly,domestic appliances,1186.8851872417995,... < 100 DM,1 <= ... < 4 years,3.5164923739944536,male : single,none,0.4959274926954158,"if not A121/A122 : car or other, not in attribute 6",28.644458631120713,none,rent,4.45306949121319,unskilled - resident,-3.683386081712891,none,yes
4.258494224056596,0 <= ... < 200 DM,14.089745624908854,critical account/ other credits existing (not at this bank),car (new),3447.984593823876,unknown/ no savings account,.. >= 7 years,4.970245117739162,male : single,none,3.4442644850989037,real estate,37.10991218943859,none,for free,4.102354265784522,management/ self-employed/ highly qualified employee/ officer,-0.2431820233062476,none,yes
-2.574845162548062,no checking account,24.13597325210218,critical account/ other credits existing (not at this bank),domestic appliances,1256.7589627587026,... < 100 DM,.. >= 7 years,4.6739133521203815,female : divorced/separated/married,none,0.9460883271295853,unknown / no property,25.281081989836082,none,own,3.510764921815521,management/ self-employed/ highly qualified employee/ officer,1.9333535961615298,none,yes
-2.1935711569092793,0 <= ... < 200 DM,11.175701243086065,existing credits paid back duly till now,domestic appliances,713.8356659677462,... < 100 DM,1 <= ... < 4 years,2.3123800429505534,female : divorced/separated/married,none,4.430687586577498,if not A121 : building society savings agreement/ life insurance,58.48251815395357,none,rent,1.2938200055296847,unemployed/ unskilled - non-resident,-1.624877704401047,none,yes
3.673827056642628,no checking account,2.3846062804501345,critical account/ other credits existing (not at this bank),car (used),1202.510753287123,.. >= 1000 DM ,1 <= ... < 4 years,1.3002651754085677,male : single,none,2.001626267092222,real estate,37.10906739308416,none,own,0.009502759612688538,unskilled - resident,1.8538992215783692,"yes, registered under the customers name ",yes
5.810134338480814,0 <= ... < 200 DM,23.656870979567305,existing credits paid back duly till now,car (new),1924.8905911263014,... < 100 DM,.. >= 7 years,3.744697359923537,female : divorced/separated/married,guarantor,0.7453581481662421,if not A121 : building society savings agreement/ life insurance,26.649755248813655,none,for free,4.627472140629438,skilled employee / official,2.812916241624727,none,yes
-1.3431332576506834,< 0 DM,14.881233529388782,critical account/ other credits existing (not at this bank),(vacation - does not exist?),435.33134417976765,... < 100 DM,... < 1 year ,3.3716691550378313,male : single,none,6.931320336690696,real estate,20.24815117183653,none,own,1.482279384000044,management/ self-employed/ highly qualified employee/ officer,-0.002640385436556203,"yes, registered under the customers name ",yes
-0.7364979135760611,no checking account,7.934598471685545,existing credits paid back duly till now,car (used),663.9268360502607,unknown/ no savings account,1 <= ... < 4 years,5.298753681915636,female : divorced/separated/married,none,3.464578345905051,real estate,38.80588174825172,none,own,1.4647458702078429,skilled employee / official,-0.9379059113483961,none,yes
0.6831111018810191,0 <= ... < 200 DM,15.033585314278497,existing credits paid back duly till now,business,2250.8309602369773,100 <= ... < 500 DM,.. >= 7 years,0.910534131624264,male : single,none,1.133146030436982,real estate,48.852653953800065,none,own,2.4366959226616745,skilled employee / official,0.051626768290522373,none,yes
4.457395288811185,>= 200 DM / salary assignments for at least 1 year,28.40617802140662,existing credits paid back duly till now,retraining,2151.3502893197897,... < 100 DM,.. >= 7 years,1.1896712786460792,male : single,none,2.9647724746649047,real estate,27.419069231252536,none,for free,3.0145981347162247,unskilled - resident,-0.9316246383683711,none,yes
-1.9737141568564749,0 <= ... < 200 DM,24.603941485038543,delay in paying off in the past,(vacation - does not exist?),4146.237465319756,... < 100 DM,1 <= ... < 4 years,3.932259362008212,female : divorced/separated/married,none,-0.6730204047501456,if not A121 : building society savings agreement/ life insurance,37.95665820088046,bank,own,0.8571008581434711,unskilled - resident,0.7975728839681646,none,yes
-0.4905556918842195,< 0 DM,7.549216955984049,existing credits paid back duly till now,car (new),2032.067572335878,... < 100 DM,1 <= ... < 4 years,1.259258780677786,male : single,none,-0.5810688994458386,real estate,25.57038461345924,none,own,1.438879917239863,skilled employee / official,1.2041812497761635,"yes, registered under the customers name ",yes
1.554675152123488,< 0 DM,58.74303053972642,critical account/ other credits existing (not at this bank),car (new),7415.635098855587,... < 100 DM,.. >= 7 years,1.6840069148420422,male : married/widowed,guarantor,2.9621455973836657,"if not A121/A122 : car or other, not in attribute 6",24.488679587408857,bank,own,2.853120138434117,unskilled - resident,0.3879797538063825,none,yes
0.8695321489332373,no checking account,25.548989407730744,existing credits paid back duly till now,business,2684.663990986914,... < 100 DM,unemployed,2.7050811430409616,male : single,none,-1.4748438581242214,real estate,35.97432363565134,none,for free,-0.3205742919197063,management/ self-employed/ highly qualified employee/ officer,4.348718480373643,"yes, registered under the customers name ",yes
0.2476878575398015,< 0 DM,11.922923476313175,critical account/ other credits existing (not at this bank),car (used),2149.4933662992216,... < 100 DM,1 <= ... < 4 years,7.288603420467381,male : single,none,3.2351483938663117,"if not A121/A122 : car or other, not in attribute 6",26.517195243894005,none,own,1.0246909148522796,skilled employee / official,-0.4388076393739506,none,yes
-0.2676459290320823,0 <= ... < 200 DM,18.479296083862025,no credits taken/ all credits paid back duly,car (new),3814.1691727829275,... < 100 DM,.. >= 7 years,-0.7531296483663938,male : single,none,7.0222731327182695,unknown / no property,20.025057613238484,bank,own,-1.2287793061014307,management/ self-employed/ highly qualified employee/ officer,3.7828663585106246,none,yes
-2.7497916167399636,no checking account,10.035535042594159,existing credits paid back duly till now,radio/television,1155.101848761787,... < 100 DM,.. >= 7 years,3.325140491787651,male : married/widowed,none,3.261089324352503,if not A121 : building society savings agreement/ life insurance,57.478317369154475,none,own,1.0328390061463781,skilled employee / official,-1.0824784726242274,"yes, registered under the customers name ",yes
-0.47634748794933046,0 <= ... < 200 DM,13.998672664948979,existing credits paid back duly till now,car (used),1652.24541901654,100 <= ... < 500 DM,4 <= ... < 7 years,2.2148974053946326,female : divorced/separated/married,none,2.58362553485262,"if not A121/A122 : car or other, not in attribute 6",28.0463988945395,none,own,-0.1262001549606082,skilled employee / official,1.1455551398830979,"yes, registered under the customers name ",yes
-0.5327749800179102,no checking account,24.194826825915563,delay in paying off in the past,(vacation - does not exist?),1601.4304415056881,500 <= ... < 1000 DM ,.. >= 7 years,1.8156353458260837,male : married/widowed,none,6.238174169702053,unknown / no property,56.806754196961606,none,own,1.9542390757589407,management/ self-employed/ highly qualified employee/ officer,3.366210817096139,none,no
0.4643397792525119,< 0 DM,19.591556019488465,critical account/ other credits existing (not at this bank),domestic appliances,5302.276410258706,.. >= 1000 DM ,4 <= ... < 7 years,2.6610390571751905,male : single,none,3.0664216239129605,real estate,36.99427248077219,none,own,2.3559547427237306,skilled employee / official,3.262714304506636,none,yes
-1.110654437638032,no checking account,11.105684685340107,existing credits paid back duly till now,domestic appliances,2747.6100402277602,... < 100 DM,4 <= ... < 7 years,5.223820954934981,male : single,none,5.7355510410523625,real estate,58.063171971485495,none,own,1.7031637500631878,skilled employee / official,0.15948420459952983,none,yes
0.943077045090278,0 <= ... < 200 DM,9.900882324896834,existing credits paid back duly till now,business,1231.9552214595135,... < 100 DM,1 <= ... < 4 years,2.019075678612579,female : divorced/separated/married,none,2.657702409738657,unknown / no property,30.030694830015246,none,own,2.1031091266499184,skilled employee / official,3.11013944014269,"yes, registered under the customers name ",yes
3.025431635639657,< 0 DM,14.76900224140213,critical account/ other credits existing (not at this bank),business,803.5787331113394,500 <= ... < 1000 DM ,1 <= ... < 4 years,4.790285638063451,male : single,none,2.0447954133336412,"if not A121/A122 : car or other, not in attribute 6",36.79004663063067,none,own,-1.2939254565328593,skilled employee / official,2.8423581673284524,none,yes
0.3108586553369321,< 0 DM,34.32788577030843,existing credits paid back duly till now,car (new),6305.2169034728595,100 <= ... < 500 DM,.. >= 7 years,-1.4988707720771108,male : single,none,2.4013270713500523,unknown / no property,32.985766428731026,none,own,2.85760643566782,skilled employee / official,-0.07987835718547975,"yes, registered under the customers name ",yes
0.7035128167984069,0 <= ... < 200 DM,25.324163069163504,critical account/ other credits existing (not at this bank),car (new),1532.5714501148911,... < 100 DM,1 <= ... < 4 years,3.9221415990303186,male : single,none,3.685294398389607,"if not A121/A122 : car or other, not in attribute 6",33.99326174119961,none,own,3.26277352391662,skilled employee / official,2.2318998742961487,"yes, registered under the customers name ",yes
1.1063106951557347,0 <= ... < 200 DM,15.300498011156728,existing credits paid back duly till now,(vacation - does not exist?),8974.30732597776,500 <= ... < 1000 DM ,.. >= 7 years,0.37391542814758927,female : divorced/separated/married,none,6.315938105131099,"if not A121/A122 : car or other, not in attribute 6",46.481285419686145,none,rent,0.8415919180239768,skilled employee / official,4.724984344104746,none,yes
0.00016878618282836086,0 <= ... < 200 DM,25.187109389811134,existing credits paid back duly till now,domestic appliances,998.0890375022904,100 <= ... < 500 DM,4 <= ... < 7 years,2.36300479517923,male : married/widowed,none,1.6317741357656714,real estate,23.493751212418083,stores,own,1.5947020133995835,skilled employee / official,1.9434013301252613,"yes, registered under the customers name ",yes
-1.4431160670856948,< 0 DM,21.073931307835288,critical account/ other credits existing (not at this bank),domestic appliances,2662.8327362962777,500 <= ... < 1000 DM ,unemployed,6.162900939257064,male : married/widowed,none,0.45750168017519366,if not A121 : building society savings agreement/ life insurance,33.744997004286105,none,rent,1.746880706431139,skilled employee / official,2.1327127581413414,none,yes
0.632988523346616,no checking account,14.898689602472608,existing credits paid back duly till now,radio/television,1399.819105494899,100 <= ... < 500 DM,... < 1 year ,2.347512636752344,male : married/widowed,none,1.8345863554263686,"if not A121/A122 : car or other, not in attribute 6",39.21669515576008,none,own,-3.0569388376630897,skilled employee / official,2.344309956401415,"yes, registered under the customers name ",yes
-0.19457319682697893,no checking account,47.250110620301726,critical account/ other credits existing (not at this bank),domestic appliances,12170.262549460243,... < 100 DM,4 <= ... < 7 years,3.6450450258128253,female : divorced/separated/married,none,4.789198842741081,real estate,34.76136535075361,none,own,2.073634913195735,management/ self-employed/ highly qualified employee/ officer,-1.921953214710281,"yes, registered under the customers name ",yes
5.18633661786119,< 0 DM,48.74610463686836,critical account/ other credits existing (not at this bank),car (new),3061.8167865945347,... < 100 DM,.. >= 7 years,3.2456142504218577,male : single,none,7.688232826788539,"if not A121/A122 : car or other, not in attribute 6",29.180622189110597,none,rent,8.203771607489728,skilled employee / official,1.9204493464125778,none,yes
4.1467098049504845,no checking account,28.752798621483574,existing credits paid back duly till now,domestic appliances,11998.253733952592,unknown/ no savings account,4 <= ... < 7 years,-2.833631743530153,male : single,guarantor,1.787449998628795,"if not A121/A122 : car or other, not in attribute 6",32.67768654277272,none,own,0.7546475577705593,skilled employee / official,-1.0335191496770548,none,yes
0.7716931051130016,no checking account,9.04671063222911,critical account/ other credits existing (not at this bank),car (used),2690.872440267375,... < 100 DM,4 <= ... < 7 years,-1.263972880153922,male : single,none,1.2262068986974946,"if not A121/A122 : car or other, not in attribute 6",28.308242250746353,none,own,0.7617499325673386,skilled employee / official,0.8202261186044004,none,yes
-1.526114419389535,no checking account,16.800501101762272,existing credits paid back duly till now,domestic appliances,2401.4438232745765,... < 100 DM,1 <= ... < 4 years,3.9221869722404326,female : divorced/separated/married,guarantor,3.5323679337005682,"if not A121/A122 : car or other, not in attribute 6",26.246618808884918,none,own,3.4872140001993666,unskilled - resident,5.323883562377006,none,yes
-2.224822943966836,>= 200 DM / salary assignments for at least 1 year,15.240140618272102,critical account/ other credits existing (not at this bank),domestic appliances,1265.7723783171123,... < 100 DM,... < 1 year ,-2.2199012937599436,male : single,none,3.5210027288265073,real estate,48.05825224056848,none,own,4.290665336395924,management/ self-employed/ highly qualified employee/ officer,0.49347678068238,none,yes
3.38228590617773,no checking account,6.727396300685926,existing credits paid back duly till now,radio/television,4609.906924413944,unknown/ no savings account,4 <= ... < 7 years,-0.5326306992314112,female : divorced/separated/married,co-applicant,3.243429565271587,"if not A121/A122 : car or other, not in attribute 6",31.119821978825737,none,own,2.94993568886827,skilled employee / official,-0.4803482085884545,none,yes
0.525498450294277,0 <= ... < 200 DM,23.563941743791155,critical account/ other credits existing (not at this bank),radio/television,1897.031713553742,unknown/ no savings account,1 <= ... < 4 years,3.2005598874204724,male : single,none,2.083081788609473,unknown / no property,32.95068623569105,none,own,-3.311213757167101,skilled employee / official,3.3051651578027843,"yes, registered under the customers name ",yes
0.9602868067832216,no checking account,17.387237143712753,no credits taken/ all credits paid back duly,car (used),3370.4704947766204,... < 100 DM,4 <= ... < 7 years,6.487243734583131,male : single,none,6.816897688492712,real estate,19.948286034534657,stores,own,3.126797675325494,skilled employee / official,-0.8953540056847538,none,yes
-3.4891719739483853,no checking account,7.658769180409177,existing credits paid back duly till now,radio/television,1574.0267111830874,unknown/ no savings account,.. >= 7 years,5.537207530992738,female : divorced/separated/married,none,-3.0784158349913273,"if not A121/A122 : car or other, not in attribute 6",50.76574227074294,none,own,6.1438602904833495,skilled employee / official,0.10516171162064569,"yes, registered under the customers name ",yes
1.8548769631163615,no checking account,13.97179481026942,critical account/ other credits existing (not at this bank),radio/television,1447.2098809779154,... < 100 DM,... < 1 year ,2.885658945893801,male : single,none,5.595718400558539,"if not A121/A122 : car or other, not in attribute 6",47.0103855257105,none,own,2.24488209351893,skilled employee / official,3.4981043359723336,none,yes
0.9088406764287259,< 0 DM,16.591677310439547,delay in paying off in the past,business,1520.5539173504387,... < 100 DM,1 <= ... < 4 years,6.609027394231102,male : married/widowed,guarantor,3.072510124404926,real estate,64.81652281853465,none,own,-1.309203826543499,skilled employee / official,1.0855351306159187,"yes, registered under the customers name ",yes
-2.220861368828956,0 <= ... < 200 DM,24.120936896234735,critical account/ other credits existing (not at this bank),radio/television,3878.9171182724244,... < 100 DM,4 <= ... < 7 years,2.5189683589977605,male : single,none,1.1793185370967745,unknown / no property,37.59686247235013,none,own,1.563659248837228,skilled employee / official,-2.1231940902530586,none,yes
-0.9430496148998979,no checking account,47.500892600521524,existing credits paid back duly till now,car (new),10722.726018495428,... < 100 DM,unemployed,3.018199607468011,female : divorced/separated/married,none,4.384630312235625,real estate,35.758688698361226,none,own,-1.561374502682134,skilled employee / official,2.087979228645238,none,yes
0.5274344087130391,0 <= ... < 200 DM,45.347207793362905,existing credits paid back duly till now,radio/television,4789.394976623842,100 <= ... < 500 DM,1 <= ... < 4 years,1.2822455081539688,male : married/widowed,none,1.5717378155998973,"if not A121/A122 : car or other, not in attribute 6",24.11022076479548,none,own,3.4656073785377193,skilled employee / official,1.2070682359069824,none,yes
0.10493359671248725,no checking account,47.95353257829927,delay in paying off in the past,domestic appliances,7586.554860897112,... < 100 DM,.. >= 7 years,4.146515663578315,male : single,none,2.63986169194318,"if not A121/A122 : car or other, not in attribute 6",29.468824173423354,bank,for free,-0.911765176055851,management/ self-employed/ highly qualified employee/ officer,4.07970297306049,none,yes
-0.58434237160711,< 0 DM,16.007018820802685,critical account/ other credits existing (not at this bank),car (new),1093.9420126719183,... < 100 DM,1 <= ... < 4 years,3.1877327090580287,male : single,none,3.7392115221609394,real estate,50.85450101469177,none,own,2.148487269384046,unskilled - resident,-0.21237389526826722,none,yes
0.7930234638680783,< 0 DM,25.648399239591726,existing credits paid back duly till now,car (used),1020.839321364309,100 <= ... < 500 DM,1 <= ... < 4 years,1.9429915181174606,male : single,none,4.8276947716244765,if not A121 : building society savings agreement/ life insurance,51.54159544345512,none,for free,-0.7155600039836953,skilled employee / official,3.1024519474518524,none,no
-0.5039547564137707,no checking account,12.339413090285625,critical account/ other credits existing (not at this bank),domestic appliances,1076.893323030558,... < 100 DM,1 <= ... < 4 years,1.565712773847372,female : divorced/separated/married,none,1.116288435414261,"if not A121/A122 : car or other, not in attribute 6",26.960615634448374,none,own,-0.09289611509598195,skilled employee / official,4.551396064731428,"yes, registered under the customers name ",yes
1.305125024204937,0 <= ... < 200 DM,35.12189217979012,existing credits paid back duly till now,domestic appliances,9400.282961536206,... < 100 DM,1 <= ... < 4 years,1.5546883594404297,male : single,none,0.8522821389282291,"if not A121/A122 : car or other, not in attribute 6",26.205158558457136,none,own,3.97230129172099,skilled employee / official,-0.7018864476231412,none,yes
2.942983945986314,no checking account,23.21085429626121,no credits taken/ all credits paid back duly,car (new),6421.405401613072,... < 100 DM,1 <= ... < 4 years,1.0105031389485757,male : single,none,2.268603638236469,"if not A121/A122 : car or other, not in attribute 6",44.67787704492414,none,own,2.2069143297873945,skilled employee / official,1.6135739584836144,"yes, registered under the customers name ",yes
-5.133316881862595,no checking account,37.741604221599964,existing credits paid back duly till now,car (new),4795.146790033882,... < 100 DM,4 <= ... < 7 years,5.107907011990648,male : single,none,6.562667712929039,"if not A121/A122 : car or other, not in attribute 6",60.85494408867522,none,rent,-0.11840494745144015,skilled employee / official,1.777250548288901,"yes, registered under the customers name ",yes
-0.4737005290193685,0 <= ... < 200 DM,48.51528084184232,all credits at this bank paid back duly,radio/television,7631.329888890376,... < 100 DM,... < 1 year ,2.8340122326718653,male : single,none,2.149553578271023,if not A121 : building society savings agreement/ life insurance,46.204845621437826,none,own,-0.2904559417734456,skilled employee / official,0.2853084948916511,"yes, registered under the customers name ",yes
1.3530248427448939,>= 200 DM / salary assignments for at least 1 year,49.69096621696371,existing credits paid back duly till now,domestic appliances,9961.855484799102,... < 100 DM,1 <= ... < 4 years,2.240744787862716,male : single,none,2.902174567407644,"if not A121/A122 : car or other, not in attribute 6",28.9236817187872,none,own,-2.7434029727988727,skilled employee / official,1.5405898934156612,"yes, registered under the customers name ",yes
0.591987979374199,0 <= ... < 200 DM,8.848761345658769,existing credits paid back duly till now,car (new),4680.145034873939,... < 100 DM,unemployed,1.884444124073199,male : single,none,3.477157585653925,unknown / no property,18.519341268322577,none,own,-1.5025612670453734,skilled employee / official,0.5501594249880154,"yes, registered under the customers name ",yes
-0.7438291626425797,< 0 DM,8.677166215386368,delay in paying off in the past,domestic appliances,1285.499996527503,unknown/ no savings account,.. >= 7 years,3.8781538905841297,male : single,none,0.6810046076534608,unknown / no property,44.91582789672723,stores,own,1.223918482888756,unskilled - resident,0.5098648568132695,"yes, registered under the customers name ",yes
-3.513443564957165,< 0 DM,15.685070735533156,delay in paying off in the past,radio/television,2513.985198847199,500 <= ... < 1000 DM ,1 <= ... < 4 years,2.1172353752681,male : single,guarantor,7.355138899750822,if not A121 : building society savings agreement/ life insurance,44.239130412251086,none,own,2.9604675374453273,unemployed/ unskilled - non-resident,1.0978767854162232,"yes, registered under the customers name ",yes
0.6559909674282193,< 0 DM,19.069297610382474,existing credits paid back duly till now,car (new),2744.38776190308,... < 100 DM,1 <= ... < 4 years,3.3030815915305323,female : divorced/separated/married,none,1.6236162858978387,"if not A121/A122 : car or other, not in attribute 6",32.79465661652573,none,own,0.8792970151555979,unskilled - resident,1.1425294311571284,none,yes
3.45470042832837,no checking account,6.1069632536438005,existing credits paid back duly till now,radio/television,671.0195556999224,... < 100 DM,4 <= ... < 7 years,2.1005074860673982,male : single,none,3.1132602409457464,"if not A121/A122 : car or other, not in attribute 6",52.46722263977768,stores,own,4.1410872014380296,skilled employee / official,1.3277615381520804,none,yes
-2.0677228098322753,no checking account,31.83119569002305,critical account/ other credits existing (not at this bank),domestic appliances,3802.219958500473,100 <= ... < 500 DM,4 <= ... < 7 years,8.123598305463217,male : single,none,3.192284732710679,if not A121 : building society savings agreement/ life insurance,40.3809650857388,bank,own,-0.4350008444564537,skilled employee / official,-0.19765269091356852,"yes, registered under the customers name ",yes
2.7276560273963764,< 0 DM,25.228540876714128,critical account/ other credits existing (not at this bank),car (used),1338.4746489886525,500 <= ... < 1000 DM ,unemployed,5.878840843596362,male : single,co-applicant,0.5552792822652295,"if not A121/A122 : car or other, not in attribute 6",38.976568806205314,none,own,1.5239765542402415,management/ self-employed/ highly qualified employee/ officer,0.8896565513004933,none,yes
-0.6570504462457878,< 0 DM,11.507710139867365,existing credits paid back duly till now,car (new),1037.1306010525536,unknown/ no savings account,1 <= ... < 4 years,5.951979899631683,male : single,none,1.8105453124520066,if not A121 : building society savings agreement/ life insurance,51.38310162530029,none,own,-0.15915344067450388,skilled employee / official,0.7628248223503391,"yes, registered under the customers name ",yes
0.8773513083423055,no checking account,47.49779482392618,existing credits paid back duly till now,furniture/equipment,10127.7387161194,... < 100 DM,1 <= ... < 4 years,8.177024389720568,male : single,none,2.020493368033796,"if not A121/A122 : car or other, not in attribute 6",47.02428711624384,none,own,2.9815234691357118,skilled employee / official,0.9104847175284096,none,yes
-2.105797021407898,no checking account,1.0385829800309168,existing credits paid back duly till now,domestic appliances,1542.0135563089882,... < 100 DM,.. >= 7 years,5.0319169535356885,male : single,none,2.0005402081763592,"if not A121/A122 : car or other, not in attribute 6",36.60786096650573,none,own,5.195021228089136,unskilled - resident,0.12230132010676653,none,yes
-0.6689123447117533,no checking account,28.00716274799522,existing credits paid back duly till now,domestic appliances,4814.870762367058,... < 100 DM,unemployed,2.9692870226234045,male : single,none,4.5192226958064285,real estate,24.269238872645193,none,own,-2.5236339218723955,skilled employee / official,1.6478792841720367,none,yes
3.600089189397917,0 <= ... < 200 DM,14.465803868205393,existing credits paid back duly till now,car (new),727.0267516254318,... < 100 DM,1 <= ... < 4 years,5.408030148643308,female : divorced/separated/married,none,7.183338178790976,"if not A121/A122 : car or other, not in attribute 6",32.37760151153681,none,rent,0.30767586273060343,management/ self-employed/ highly qualified employee/ officer,-2.6295234973503936,none,yes
2.1653104839754143,0 <= ... < 200 DM,2.444011438542855,existing credits paid back duly till now,car (used),1239.5820581103683,... < 100 DM,... < 1 year ,0.9820680448234937,male : single,none,4.672496492704741,unknown / no property,26.70198187755694,none,for free,3.52955969410007,unskilled - resident,-0.46093251781790334,none,yes
3.464623210819888,0 <= ... < 200 DM,8.304953175612962,existing credits paid back duly till now,car (used),276.5228408254599,... < 100 DM,1 <= ... < 4 years,3.1121967271624875,male : single,none,-0.7561079255016008,if not A121 : building society savings agreement/ life insurance,23.426138563703173,none,own,-1.8938910428512026,skilled employee / official,0.4401443475942909,"yes, registered under the customers name ",yes
2.3548237779553873,>= 200 DM / salary assignments for at least 1 year,45.63999844306548,existing credits paid back duly till now,business,5382.652814619786,... < 100 DM,1 <= ... < 4 years,1.987661466615332,female : divorced/separated/married,none,4.652597886863122,"if not A121/A122 : car or other, not in attribute 6",38.035089482664816,none,own,2.133367813942173,skilled employee / official,-0.7122303740612099,"yes, registered under the customers name ",yes
0.8781733578591524,no checking account,25.609140603169674,existing credits paid back duly till now,radio/television,5511.558483107867,... < 100 DM,1 <= ... < 4 years,5.295227954439124,male : single,none,1.0757599889791976,unknown / no property,22.932728668962177,none,own,3.4429444004151413,management/ self-employed/ highly qualified employee/ officer,4.258396029617782,none,yes
3.487869052335584,0 <= ... < 200 DM,22.64977209571308,delay in paying off in the past,business,3751.737569263807,unknown/ no savings account,... < 1 year ,1.6516508755576027,female : divorced/separated/married,none,4.0869000487029155,real estate,26.98386040271262,none,for free,1.1564576287136743,skilled employee / official,1.0377236934499035,none,yes
1.8779863174765974,>= 200 DM / salary assignments for at least 1 year,12.807908041471222,critical account/ other credits existing (not at this bank),radio/television,685.1118787002648,500 <= ... < 1000 DM ,.. >= 7 years,2.2764468509486058,male : married/widowed,none,3.491894618792341,if not A121 : building society savings agreement/ life insurance,24.645450677032002,none,for free,2.100526141880265,skilled employee / official,1.3535393564518066,none,yes
1.6559763535941179,no checking account,5.130920838338186,existing credits paid back duly till now,domestic appliances,1494.9922414161776,100 <= ... < 500 DM,.. >= 7 years,3.174909240296929,male : single,none,1.9426434246504012,real estate,28.947140090518605,bank,own,4.521804772255215,unskilled - resident,1.0335385840690785,"yes, registered under the customers name ",yes
0.4068580929305833,no checking account,39.67245167946004,existing credits paid back duly till now,repairs,2746.7326658673,... < 100 DM,1 <= ... < 4 years,5.726301477408278,male : married/widowed,none,3.894775813889222,"if not A121/A122 : car or other, not in attribute 6",33.14506672942039,none,own,4.8968531082022935,skilled employee / official,0.9684421592540781,"yes, registered under the customers name ",yes
0.13309163171840965,>= 200 DM / salary assignments for at least 1 year,11.59411611264926,critical account/ other credits existing (not at this bank),domestic appliances,707.4234290837454,100 <= ... < 500 DM,.. >= 7 years,1.676557993917506,male : single,none,4.226088419541572,real estate,39.51807428997007,none,rent,0.876065573931034,unskilled - resident,-0.4305069286054679,"yes, registered under the customers name ",no
-1.3948476466005537,no checking account,24.752088739245224,existing credits paid back duly till now,car (new),4351.80996463785,... < 100 DM,.. >= 7 years,-0.3399901937564449,female : divorced/separated/married,none,2.915838405610998,real estate,50.65974649683686,bank,own,-0.0647556985984663,skilled employee / official,0.660365927809853,"yes, registered under the customers name ",yes
1.979167869189706,no checking account,9.029889041745129,existing credits paid back duly till now,domestic appliances,705.4687724923954,... < 100 DM,... < 1 year ,6.270549463306377,male : single,none,0.10462732872164882,real estate,28.136927787253267,none,own,0.16003977785260703,skilled employee / official,-0.8740168571915117,"yes, registered under the customers name ",yes
-2.356607246229731,0 <= ... < 200 DM,17.380827126587487,existing credits paid back duly till now,repairs,3642.459206115809,... < 100 DM,1 <= ... < 4 years,2.5477823618197313,male : single,none,10.047562905244781,"if not A121/A122 : car or other, not in attribute 6",27.5067958344424,none,for free,3.953928300857425,skilled employee / official,0.445192830487675,"yes, registered under the customers name ",yes
2.564700684835323,0 <= ... < 200 DM,28.478982303857272,existing credits paid back duly till now,car (new),4249.838929785707,100 <= ... < 500 DM,1 <= ... < 4 years,0.7874863634092355,male : divorced/separated,none,0.5682851124375332,if not A121 : building society savings agreement/ life insurance,29.389377044794415,none,own,-0.7435511155819365,unskilled - resident,-4.119833132604994,none,yes
0.6186978849896811,0 <= ... < 200 DM,22.87849167182451,critical account/ other credits existing (not at this bank),business,1940.515557901739,... < 100 DM,1 <= ... < 4 years,3.3736921221834386,female : divorced/separated/married,none,3.200285824920153,real estate,28.946828286624633,none,own,0.49485192401759526,skilled employee / official,-1.2560064168870513,"yes, registered under the customers name ",yes
2.3424941869346387,< 0 DM,23.95550441030158,critical account/ other credits existing (not at this bank),car (new),2912.2805065618886,unknown/ no savings account,4 <= ... < 7 years,2.331030924033525,male : single,none,-1.9913205017507347,"if not A121/A122 : car or other, not in attribute 6",32.69020871738005,none,own,1.205379541908932,skilled employee / official,3.927852809028667,none,yes
1.5017379774625197,no checking account,14.874231309320301,existing credits paid back duly till now,car (new),2659.0234328354386,100 <= ... < 500 DM,1 <= ... < 4 years,5.557659434242063,male : single,none,2.232936830102844,unknown / no property,26.31902967534216,none,own,-0.006005025437509026,skilled employee / official,2.6607954982150845,"yes, registered under the customers name ",yes
3.641292315293603,< 0 DM,18.457540057857877,existing credits paid back duly till now,domestic appliances,1023.2332225940853,... < 100 DM,.. >= 7 years,5.820202989879542,male : single,none,1.1335488986213298,"if not A121/A122 : car or other, not in attribute 6",36.043396342119834,none,rent,2.559640530038248,management/ self-employed/ highly qualified employee/ officer,3.6380786718304625,none,yes
1.4615493822772896,no checking account,9.934932545850021,delay in paying off in the past,car (new),3399.0334056372967,... < 100 DM,.. >= 7 years,1.567812002350947,male : single,none,3.115054114299978,if not A121 : building society savings agreement/ life insurance,42.25570793738813,none,own,7.129026636585516,skilled employee / official,3.7754425393418476,none,yes
-3.1440805113064814,0 <= ... < 200 DM,12.585867646994583,all credits at this bank paid back duly,domestic appliances,5796.561051482754,... < 100 DM,... < 1 year ,3.1704950627177118,male : single,none,6.090129331542247,unknown / no property,53.0451788093298,none,own,0.7568028193069152,skilled employee / official,2.3459748483289546,"yes, registered under the customers name ",yes
-0.13390634579640168,no checking account,20.82220487164255,critical account/ other credits existing (not at this bank),radio/television,1527.9398744618825,100 <= ... < 500 DM,... < 1 year ,4.128273604756307,female : divorced/separated/married,none,3.9440191367561477,if not A121 : building society savings agreement/ life insurance,32.37142489385344,bank,own,0.12918874514522072,unskilled - resident,1.09426262924173,none,yes
-2.344014385189632,< 0 DM,35.75238141134068,critical account/ other credits existing (not at this bank),car (new),4473.338947742386,... < 100 DM,4 <= ... < 7 years,2.652296623638879,male : single,none,3.136819049149638,unknown / no property,32.05311450098715,none,own,3.0306636487637055,unskilled - resident,-1.0745018925312455,"yes, registered under the customers name ",yes
-1.0365596847325493,0 <= ... < 200 DM,7.484057805958981,existing credits paid back duly till now,radio/television,1069.999348039744,... < 100 DM,4 <= ... < 7 years,3.477471217917492,female : divorced/separated/married,none,0.45759032321627435,"if not A121/A122 : car or other, not in attribute 6",29.117595704284632,stores,own,1.4791672882910438,skilled employee / official,4.293489210899393,none,yes
3.0224568665534433,< 0 DM,20.244022468068184,existing credits paid back duly till now,business,6613.195777723638,100 <= ... < 500 DM,.. >= 7 years,2.0379823732802165,male : divorced/separated,none,7.673790339658026,"if not A121/A122 : car or other, not in attribute 6",75.7752515430295,none,own,4.878671542422753,management/ self-employed/ highly qualified employee/ officer,1.129135948774781,"yes, registered under the customers name ",yes
2.275067621795392,>= 200 DM / salary assignments for at least 1 year,15.850467972364573,existing credits paid back duly till now,car (new),1860.8949850534,... < 100 DM,1 <= ... < 4 years,3.93064149996282,male : single,none,-0.3837626218837502,if not A121 : building society savings agreement/ life insurance,30.79795926947847,none,own,2.329375239639437,skilled employee / official,5.988045632763813,"yes, registered under the customers name ",yes
-0.39786085715749264,no checking account,61.75308720816304,existing credits paid back duly till now,car (new),7408.521508768283,500 <= ... < 1000 DM ,4 <= ... < 7 years,0.22885419111305882,female : divorced/separated/married,none,5.05712162858773,"if not A121/A122 : car or other, not in attribute 6",24.607485004902657,none,rent,0.5031535840579334,unskilled - resident,0.26980404797849167,none,yes
-1.0274347328807978,0 <= ... < 200 DM,48.540190868394575,existing credits paid back duly till now,radio/television,11589.932793120088,... < 100 DM,.. >= 7 years,1.2050333301411376,male : single,none,6.043087731962972,"if not A121/A122 : car or other, not in attribute 6",27.37514024161284,none,own,-1.5674497761891106,management/ self-employed/ highly qualified employee/ officer,4.94579170956096,none,yes
1.0655641857525215,no checking account,24.823943164253507,delay in paying off in the past,radio/television,4109.0169183476855,... < 100 DM,4 <= ... < 7 years,3.112411306178304,male : single,none,5.15466548356936,unknown / no property,25.204933028736114,stores,for free,-1.2394693876234801,skilled employee / official,1.6864164186084896,none,yes
-1.4331202987622556,< 0 DM,9.718989615246624,all credits at this bank paid back duly,domestic appliances,3384.1693225614654,... < 100 DM,.. >= 7 years,0.437260016188598,female : divorced/separated/married,none,2.290030438183237,unknown / no property,41.87969220480347,none,own,-2.6713973808542053,skilled employee / official,3.672097194517401,"yes, registered under the customers name ",yes
-1.3422805547931622,no checking account,13.937105557012405,existing credits paid back duly till now,domestic appliances,2106.5348717840643,... < 100 DM,.. >= 7 years,1.5063524089768285,male : single,none,4.3031796896390455,real estate,24.591442161761098,stores,own,1.7586783325684792,management/ self-employed/ highly qualified employee/ officer,4.39338347446491,none,yes
1.6240189431024876,no checking account,16.31577602086636,existing credits paid back duly till now,business,1276.669051094738,.. >= 1000 DM ,.. >= 7 years,4.975982741609175,female : divorced/separated/married,co-applicant,1.0581571787102804,if not A121 : building society savings agreement/ life insurance,25.784746749022904,none,own,-1.7244989597349192,management/ self-employed/ highly qualified employee/ officer,-1.0458998563614248,none,yes
2.3106240722133924,0 <= ... < 200 DM,29.42149105443665,existing credits paid back duly till now,car (new),4171.098997211727,.. >= 1000 DM ,unemployed,1.8420856259027323,male : married/widowed,none,4.058079143010584,"if not A121/A122 : car or other, not in attribute 6",28.62993457430358,none,own,3.511154731838766,unskilled - resident,0.0300038434182629,none,no
1.2175229444488795,< 0 DM,9.572390883819018,critical account/ other credits existing (not at this bank),car (new),1522.6878737831066,500 <= ... < 1000 DM ,.. >= 7 years,0.7439155720975776,male : single,none,1.5002554818288802,"if not A121/A122 : car or other, not in attribute 6",33.262848741005456,none,own,1.0604931297119076,skilled employee / official,-1.0659584513970617,none,yes
-4.5825790171962,no checking account,22.404234472763008,existing credits paid back duly till now,car (used),5745.958924287705,500 <= ... < 1000 DM ,.. >= 7 years,1.3036604183266505,male : single,none,-0.07722101314481655,unknown / no property,24.376148068598074,bank,own,1.5116261617966624,unskilled - resident,-1.4598889765164471,none,yes
0.6087334580605196,0 <= ... < 200 DM,21.855592796494264,critical account/ other credits existing (not at this bank),business,3598.6198566541984,... < 100 DM,1 <= ... < 4 years,2.5282288110035793,female : divorced/separated/married,guarantor,6.243568301969177,real estate,26.4009354421525,none,for free,-0.6877101504086762,skilled employee / official,2.3341337010499,none,yes
0.14406714646515584,0 <= ... < 200 DM,18.87798205877779,critical account/ other credits existing (not at this bank),domestic appliances,3208.8904773846493,... < 100 DM,1 <= ... < 4 years,4.3751060789732765,male : single,none,2.837785686901278,"if not A121/A122 : car or other, not in attribute 6",25.242481089354087,none,for free,2.2445174965404124,skilled employee / official,0.6067432595019568,none,yes
0.8277805707453861,0 <= ... < 200 DM,16.946569216107584,critical account/ other credits existing (not at this bank),radio/television,4438.622827733988,... < 100 DM,... < 1 year ,2.5642564781894803,female : divorced/separated/married,none,0.030399200995525955,"if not A121/A122 : car or other, not in attribute 6",28.963511828400662,none,own,-0.6089956390848228,skilled employee / official,1.1047326463802725,none,yes
3.2324193633024145,no checking account,7.935205960890305,existing credits paid back duly till now,car (used),3950.623471419993,... < 100 DM,1 <= ... < 4 years,-1.9365275197376945,male : single,none,-0.12065446565953541,if not A121 : building society savings agreement/ life insurance,36.83920321218825,none,own,-0.9707560081397615,skilled employee / official,3.11247826994656,"yes, registered under the customers name ",yes
-4.126476553609486,no checking account,19.619688844180157,critical account/ other credits existing (not at this bank),domestic appliances,1457.06039920977,100 <= ... < 500 DM,4 <= ... < 7 years,3.5352655212464574,male : single,none,2.7169191527335363,"if not A121/A122 : car or other, not in attribute 6",41.66349885109086,none,rent,3.3766998412106974,skilled employee / official,-2.7147736674298293,none,yes
-1.1822068503822112,no checking account,13.653686940776046,existing credits paid back duly till now,radio/television,881.6472680990213,... < 100 DM,4 <= ... < 7 years,4.513268762163059,female : divorced/separated/married,none,2.2124873234110556,"if not A121/A122 : car or other, not in attribute 6",20.627104043614885,none,own,2.709242321550045,management/ self-employed/ highly qualified employee/ officer,3.5735320079141095,none,yes
1.1818126455867093,no checking account,22.53542923719585,delay in paying off in the past,domestic appliances,3756.616460513995,... < 100 DM,1 <= ... < 4 years,1.3551822338471844,male : single,none,-0.5103511169480868,if not A121 : building society savings agreement/ life insurance,25.868036569479045,bank,own,0.5301411435034555,skilled employee / official,0.3018116733201649,none,yes
-3.1631887989078846,no checking account,7.831860604559197,delay in paying off in the past,car (new),1746.0040585036863,... < 100 DM,1 <= ... < 4 years,2.0786091058857483,male : single,none,2.8142596064165524,real estate,35.008415037068914,none,own,3.282865969467433,skilled employee / official,2.064802612475715,none,yes
3.951898096107018,no checking account,8.78170969687733,all credits at this bank paid back duly,car (new),1137.4989140308132,... < 100 DM,1 <= ... < 4 years,2.1659021070784785,male : single,none,4.038205995913644,real estate,31.940337838110903,none,own,2.0178637462213973,skilled employee / official,3.241425678457094,"yes, registered under the customers name ",yes
0.7367132254013168,no checking account,8.494237107364338,critical account/ other credits existing (not at this bank),car (new),1237.3030812412878,unknown/ no savings account,1 <= ... < 4 years,1.1298861751014853,male : single,none,3.600736350644734,unknown / no property,21.870393297795147,none,own,1.7660263009033672,skilled employee / official,3.741593121527681,"yes, registered under the customers name ",yes
2.693167971686808,>= 200 DM / salary assignments for at least 1 year,10.124545743828987,all credits at this bank paid back duly,domestic appliances,960.2432026262419,... < 100 DM,.. >= 7 years,1.840645659552258,female : divorced/separated/married,guarantor,-0.2958057503800178,unknown / no property,29.59233916925748,none,own,-0.63369580475091,management/ self-employed/ highly qualified employee/ officer,0.7902852244339329,"yes, registered under the customers name ",yes
-1.141887323043589,no checking account,15.41623546353662,existing credits paid back duly till now,domestic appliances,3228.925501494896,... < 100 DM,unemployed,3.651341906607319,male : single,none,4.17787108177857,"if not A121/A122 : car or other, not in attribute 6",39.98287218663503,stores,own,5.140797217821245,management/ self-employed/ highly qualified employee/ officer,-3.2472749180858616,"yes, registered under the customers name ",yes
2.6275273799324212,no checking account,12.705254407834344,existing credits paid back duly till now,car (new),6199.395112565055,... < 100 DM,.. >= 7 years,2.3885636667744157,male : single,none,-0.9290647366271774,"if not A121/A122 : car or other, not in attribute 6",26.34606831290612,none,own,0.8407600646475499,skilled employee / official,1.1142552269071218,none,yes
2.1369431119780766,no checking account,13.825909615463505,existing credits paid back duly till now,car (new),724.6296308389353,500 <= ... < 1000 DM ,1 <= ... < 4 years,3.309686265514204,male : single,none,1.9455388066246813,real estate,45.99034325544678,none,rent,4.112032653899954,management/ self-employed/ highly qualified employee/ officer,1.4014137163232023,none,yes
1.4657560402743366,0 <= ... < 200 DM,24.93235532439462,existing credits paid back duly till now,car (used),1241.6271160424988,... < 100 DM,.. >= 7 years,-1.4076353601466804,male : single,none,0.49860412699167767,if not A121 : building society savings agreement/ life insurance,24.736132997702345,stores,own,0.6222623013910471,skilled employee / official,-1.0685217182802345,none,no
0.46880178539739187,no checking account,11.247575792433071,delay in paying off in the past,(vacation - does not exist?),2331.30016226069,... < 100 DM,... < 1 year ,-0.24292393515554833,female : divorced/separated/married,none,5.687878141783112,unknown / no property,45.12799774183174,none,own,2.6141942313099245,unskilled - resident,1.2949813088658773,"yes, registered under the customers name ",yes
1.5406864785634518,0 <= ... < 200 DM,34.98578943914352,critical account/ other credits existing (not at this bank),domestic appliances,4463.647980512545,.. >= 1000 DM ,1 <= ... < 4 years,2.951170214057914,female : divorced/separated/married,none,1.274778099126166,if not A121 : building society savings agreement/ life insurance,25.884860475189193,none,own,3.468446998052273,skilled employee / official,0.2779631305474164,none,yes
-1.7266905294787633,0 <= ... < 200 DM,11.179320053309782,existing credits paid back duly till now,domestic appliances,778.4185291368508,unknown/ no savings account,.. >= 7 years,1.9608309836651139,male : single,none,1.1042671764470788,if not A121 : building society savings agreement/ life insurance,27.141417258904923,stores,own,3.2937035103000913,management/ self-employed/ highly qualified employee/ officer,-1.685507898565021,none,yes
0.7049426395192941,0 <= ... < 200 DM,29.492074643904438,critical account/ other credits existing (not at this bank),domestic appliances,2409.142671632165,.. >= 1000 DM ,unemployed,4.331224300465303,male : single,none,7.9093850308224924,unknown / no property,22.732340284489933,none,own,-0.6812474143282896,skilled employee / official,2.342969790018568,none,yes
-0.3050450649047176,>= 200 DM / salary assignments for at least 1 year,17.244386934483455,existing credits paid back duly till now,domestic appliances,1242.1399969699978,... < 100 DM,1 <= ... < 4 years,3.8881091359094637,female : divorced/separated/married,none,4.704924994377428,real estate,59.9967428872562,none,own,3.151270802557724,skilled employee / official,-0.12745030179559214,none,yes
0.7667877287069902,no checking account,13.832622882149133,delay in paying off in the past,car (new),3397.003952813412,... < 100 DM,4 <= ... < 7 years,-2.5184277551552228,male : single,none,3.677989020949652,if not A121 : building society savings agreement/ life insurance,37.27524921041459,none,own,4.69287970182288,skilled employee / official,0.18724157052586177,none,yes
1.9996484938205892,0 <= ... < 200 DM,8.533581793582034,existing credits paid back duly till now,domestic appliances,2246.2954699301004,100 <= ... < 500 DM,1 <= ... < 4 years,2.431015938603513,male : single,none,1.2605985095824503,real estate,39.84725444084543,none,own,1.4826140415162858,unskilled - resident,0.07484230542583092,none,yes
-2.1170721639568186,no checking account,7.724000100824268,existing credits paid back duly till now,car (new),1766.9606685917627,100 <= ... < 500 DM,... < 1 year ,-0.8566482615780548,male : single,none,0.8072566647264445,if not A121 : building society savings agreement/ life insurance,20.352155052142898,none,rent,1.0694121342842449,skilled employee / official,3.4709571949282934,"yes, registered under the customers name ",yes
0.7499819393608447,no checking account,17.240626949714876,critical account/ other credits existing (not at this bank),domestic appliances,2478.0638093554844,... < 100 DM,1 <= ... < 4 years,4.97137791838103,female : divorced/separated/married,guarantor,-3.372812880034301,"if not A121/A122 : car or other, not in attribute 6",25.583422018188212,none,own,-0.04689328496030831,management/ self-employed/ highly qualified employee/ officer,0.9181676764532154,none,yes
2.9629110953179465,no checking account,12.753895571390744,existing credits paid back duly till now,(vacation - does not exist?),1544.960198407428,... < 100 DM,4 <= ... < 7 years,-0.5637024954573309,male : single,none,5.937481063847116,"if not A121/A122 : car or other, not in attribute 6",39.98949283681823,none,own,0.30712749562980013,management/ self-employed/ highly qualified employee/ officer,1.158199641091643,"yes, registered under the customers name ",yes
-1.4871764576251283,< 0 DM,15.746024179598272,existing credits paid back duly till now,education,3852.238794323997,unknown/ no savings account,.. >= 7 years,3.06001307706188,female : divorced/separated/married,none,1.8966194115127584,if not A121 : building society savings agreement/ life insurance,25.89996884325489,none,own,5.422845597864981,skilled employee / official,0.11872769122720594,none,yes
-1.6445000345806406,no checking account,20.65726213369887,delay in paying off in the past,domestic appliances,3649.2244240889013,... < 100 DM,... < 1 year ,0.43367334222698817,male : single,none,3.6416680135731734,if not A121 : building society savings agreement/ life insurance,25.629350697857937,none,own,-1.0084690522604083,unskilled - resident,1.9257336445098105,none,yes
1.4046123836623872,no checking account,38.49126992034375,no credits taken/ all credits paid back duly,domestic appliances,3444.23360073769,100 <= ... < 500 DM,... < 1 year ,4.60620376990066,male : married/widowed,none,1.7255465963274885,if not A121 : building society savings agreement/ life insurance,42.01064601325422,none,own,-0.884237643701544,skilled employee / official,4.698636096901343,none,yes
1.6887703809706403,no checking account,19.919181051500146,existing credits paid back duly till now,radio/television,3002.5778157667664,500 <= ... < 1000 DM ,1 <= ... < 4 years,2.2493945553026937,male : single,none,5.47228852452211,if not A121 : building society savings agreement/ life insurance,43.56379245172985,none,own,4.221801872828754,skilled employee / official,2.2957216349730127,none,yes
0.02285211112131866,0 <= ... < 200 DM,32.970490448412924,delay in paying off in the past,car (new),3076.7986774715314,... < 100 DM,.. >= 7 years,3.4896716499570912,male : single,none,0.8905798538402938,if not A121 : building society savings agreement/ life insurance,37.50040224989264,none,own,2.2490968517767245,skilled employee / official,2.3737339226697123,"yes, registered under the customers name ",yes
2.6579211808739784,< 0 DM,19.658242142132107,existing credits paid back duly till now,domestic appliances,6069.523127298039,... < 100 DM,1 <= ... < 4 years,-0.07254462808848938,male : single,none,2.820237336892389,unknown / no property,33.614216725164844,none,own,6.2407404980850485,skilled employee / official,2.2124604117686912,none,yes
1.7135879651330537,0 <= ... < 200 DM,10.809710175271418,critical account/ other credits existing (not at this bank),(vacation - does not exist?),2145.770444101996,unknown/ no savings account,1 <= ... < 4 years,-1.9544159269220631,male : single,none,0.7273942742149391,real estate,22.868738636226826,bank,rent,1.0991227243482935,skilled employee / official,-1.7604852866223264,"yes, registered under the customers name ",yes
1.6836401337801237,0 <= ... < 200 DM,56.789457505734866,existing credits paid back duly till now,domestic appliances,13759.185824178245,unknown/ no savings account,.. >= 7 years,0.832226121815562,female : divorced/separated/married,none,7.543018564973492,real estate,61.75191712024158,none,own,1.2525622744751388,management/ self-employed/ highly qualified employee/ officer,-0.7522376633982768,"yes, registered under the customers name ",yes
2.108233002648187,< 0 DM,59.95140523245837,existing credits paid back duly till now,domestic appliances,14781.29060539408,100 <= ... < 500 DM,1 <= ... < 4 years,2.983440232140826,female : divorced/separated/married,none,5.751311063706601,"if not A121/A122 : car or other, not in attribute 6",60.15158309992871,stores,own,0.6786461124563912,management/ self-employed/ highly qualified employee/ officer,0.5900252128017475,none,yes
5.65530620069217,< 0 DM,48.72906897806652,existing credits paid back duly till now,domestic appliances,7680.121500722855,.. >= 1000 DM ,unemployed,0.783504105601766,female : divorced/separated/married,none,-0.40538528227072845,if not A121 : building society savings agreement/ life insurance,38.79472291804005,none,own,1.2866023372953919,skilled employee / official,-0.4517280849864511,"yes, registered under the customers name ",yes
-0.4103233777320884,no checking account,19.1121505476463,existing credits paid back duly till now,car (new),2321.008889295325,unknown/ no savings account,1 <= ... < 4 years,3.2504238611589313,male : single,none,-0.0275232532799512,if not A121 : building society savings agreement/ life insurance,33.97377713800666,none,own,-1.5481933945686075,management/ self-employed/ highly qualified employee/ officer,-1.129074049511996,"yes, registered under the customers name ",yes
-4.007044584133028,no checking account,7.354522733897712,critical account/ other credits existing (not at this bank),domestic appliances,844.6019562937921,... < 100 DM,.. >= 7 years,2.4415581615766326,male : single,none,3.7353086532850273,unknown / no property,35.366754389876284,none,rent,2.3699091133100163,skilled employee / official,-2.744351481741148,"yes, registered under the customers name ",yes
4.2085087230342815,no checking account,36.58246283369476,existing credits paid back duly till now,domestic appliances,14318.085262048875,... < 100 DM,1 <= ... < 4 years,2.069974550440979,female : divorced/separated/married,none,1.0551195758551506,"if not A121/A122 : car or other, not in attribute 6",56.498434931644454,bank,own,1.6469481669846762,skilled employee / official,-1.6930584262682822,none,yes
-0.9153988619136513,< 0 DM,8.947222784506192,existing credits paid back duly till now,domestic appliances,361.82659059831576,... < 100 DM,... < 1 year ,3.4438074140241812,male : single,none,1.3512355838462233,"if not A121/A122 : car or other, not in attribute 6",53.98495322716611,none,own,1.8848906750681622,skilled employee / official,0.4869488853147993,"yes, registered under the customers name ",yes
0.21576088868606608,< 0 DM,22.45206781982136,no credits taken/ all credits paid back duly,business,2211.4525920083643,.. >= 1000 DM ,... < 1 year ,4.4517196726331045,female : divorced/separated/married,none,7.889524475300979,"if not A121/A122 : car or other, not in attribute 6",41.45032291019971,none,rent,0.2192713508006705,skilled employee / official,0.861147266362231,"yes, registered under the customers name ",yes
3.619101369721054,< 0 DM,12.265890092434514,existing credits paid back duly till now,business,12977.58068116357,... < 100 DM,.. >= 7 years,3.649769437649169,male : single,none,4.625079827965158,"if not A121/A122 : car or other, not in attribute 6",36.66569897246326,none,own,-0.789507974736199,skilled employee / official,-0.586107552261151,"yes, registered under the customers name ",yes
-3.2045190821178506,0 <= ... < 200 DM,21.365122890324635,existing credits paid back duly till now,domestic appliances,1279.9342702432946,unknown/ no savings account,4 <= ... < 7 years,7.756758263986258,female : divorced/separated/married,none,4.949632645726183,if not A121 : building society savings agreement/ life insurance,23.66282428510502,none,own,2.4554258240655225,unskilled - resident,1.1578504253664519,none,yes
-2.503294428212279,< 0 DM,11.670697944912098,all credits at this bank paid back duly,business,1328.9659715500914,500 <= ... < 1000 DM ,.. >= 7 years,2.662181319993161,male : single,none,-0.3840298984644277,real estate,26.758717839334224,none,rent,-1.342179971406813,skilled employee / official,0.13233271818324743,none,yes
-3.2025558742377074,< 0 DM,26.495802854546056,critical account/ other credits existing (not at this bank),car (used),4273.368075826234,... < 100 DM,4 <= ... < 7 years,1.8530426768191992,male : single,none,3.4445482943560046,if not A121 : building society savings agreement/ life insurance,29.05506412951451,none,own,3.0237918240984865,skilled employee / official,3.1811471747476965,none,no
-1.5882725800508477,no checking account,18.188366116464625,critical account/ other credits existing (not at this bank),education,2236.7718304493114,... < 100 DM,... < 1 year ,2.852247893638853,male : married/widowed,none,0.23913447803597643,unknown / no property,27.29198061662512,none,rent,6.148902789618915,unskilled - resident,0.6767484719503254,none,yes
0.8792732120339871,< 0 DM,20.497515544821013,all credits at this bank paid back duly,domestic appliances,1122.78238658146,unknown/ no savings account,.. >= 7 years,3.9531540815983695,female : divorced/separated/married,none,1.4333136525850012,if not A121 : building society savings agreement/ life insurance,18.496295575640175,none,rent,3.9710429772885965,skilled employee / official,2.3926617628034306,"yes, registered under the customers name ",yes
1.048375685625542,no checking account,15.82686428081882,existing credits paid back duly till now,radio/television,7375.337110686513,... < 100 DM,.. >= 7 years,2.9987637080226937,male : single,none,5.22200391965052,"if not A121/A122 : car or other, not in attribute 6",39.47184806001628,none,for free,-1.0102558853413064,skilled employee / official,1.4064275245893851,none,yes
0.5525483586571075,0 <= ... < 200 DM,15.672801877379744,existing credits paid back duly till now,domestic appliances,2328.246189260883,... < 100 DM,unemployed,-1.098514352688487,male : single,none,0.7420048698794006,"if not A121/A122 : car or other, not in attribute 6",25.138792890620977,none,own,-0.0734761206866057,unskilled - resident,-1.80414207848811,none,yes
-2.825531767784733,0 <= ... < 200 DM,7.168353045407125,critical account/ other credits existing (not at this bank),domestic appliances,1448.910009584714,... < 100 DM,1 <= ... < 4 years,1.9783308818939689,male : single,none,5.194055719701965,"if not A121/A122 : car or other, not in attribute 6",26.464974956169485,none,own,2.842901481110675,unskilled - resident,0.8186836485256491,"yes, registered under the customers name ",yes
-4.620206873265288,no checking account,16.656175952640645,no credits taken/ all credits paid back duly,business,1816.078308803061,... < 100 DM,unemployed,-0.14740482543560196,female : divorced/separated/married,none,2.3647784294477514,unknown / no property,33.20881999207071,none,for free,0.8594361559712996,skilled employee / official,-1.4712481986573671,"yes, registered under the customers name ",yes
0.10870717078076453,0 <= ... < 200 DM,14.95478726834007,critical account/ other credits existing (not at this bank),car (new),984.4119394933977,... < 100 DM,.. >= 7 years,-2.4532133622475567,male : single,none,6.561888417560849,if not A121 : building society savings agreement/ life insurance,16.154798702433965,none,rent,-1.7988114365648422,management/ self-employed/ highly qualified employee/ officer,0.7837583235661576,"yes, registered under the customers name ",no
-0.9435520672766715,no checking account,34.91488435977635,critical account/ other credits existing (not at this bank),domestic appliances,3245.6802242371605,... < 100 DM,... < 1 year ,0.4086423166588271,male : single,none,1.8491604867623632,if not A121 : building society savings agreement/ life insurance,35.76226941343962,none,own,1.7706319029469824,management/ self-employed/ highly qualified employee/ officer,0.5097383655386216,none,yes
0.9187715434332235,< 0 DM,6.924424978021249,critical account/ other credits existing (not at this bank),domestic appliances,1957.6175985536963,... < 100 DM,1 <= ... < 4 years,-1.094183441532909,female : divorced/separated/married,none,2.153669751943614,"if not A121/A122 : car or other, not in attribute 6",29.342891693132795,none,own,0.9799662097674013,skilled employee / official,1.7639260669696166,none,yes
1.4039072524425402,0 <= ... < 200 DM,5.257563767878025,critical account/ other credits existing (not at this bank),radio/television,2404.225072350516,... < 100 DM,1 <= ... < 4 years,3.167573090585896,female : divorced/separated/married,none,0.6761995568003756,real estate,31.574621205151985,none,rent,4.8286508172075635,skilled employee / official,-1.6847086749324025,none,yes
0.27648286411736384,no checking account,42.72463512278976,existing credits paid back duly till now,radio/television,11757.680321428466,unknown/ no savings account,.. >= 7 years,3.2021836748285875,male : single,none,3.500595345329678,if not A121 : building society savings agreement/ life insurance,33.24150964128151,none,own,0.49354259476510665,skilled employee / official,1.0294036505588744,none,yes
1.5202661707517076,< 0 DM,13.205304892612999,critical account/ other credits existing (not at this bank),domestic appliances,2577.1161799658407,100 <= ... < 500 DM,1 <= ... < 4 years,1.1922414208382504,male : single,none,4.131966603836492,if not A121 : building society savings agreement/ life insurance,55.87489686972307,none,rent,3.336006770653182,skilled employee / official,2.144831165126388,"yes, registered under the customers name ",yes
0.45842274823013685,>= 200 DM / salary assignments for at least 1 year,35.635000314699475,existing credits paid back duly till now,domestic appliances,2347.6334048871454,unknown/ no savings account,1 <= ... < 4 years,2.4795427388737576,female : divorced/separated/married,none,1.0711763615376388,if not A121 : building society savings agreement/ life insurance,48.351370806462036,none,for free,-0.5341768062599512,skilled employee / official,2.8151911386179904,none,yes
2.0601294112029334,0 <= ... < 200 DM,13.15109301999979,existing credits paid back duly till now,radio/television,1221.7115834992271,100 <= ... < 500 DM,.. >= 7 years,-2.716485324225071,male : married/widowed,none,-1.0281383857705588,unknown / no property,42.473828811532144,none,own,-0.0560185957930166,management/ self-employed/ highly qualified employee/ officer,-0.5283355157684457,"yes, registered under the customers name ",no
-1.4093465257397648,0 <= ... < 200 DM,21.18036114210438,critical account/ other credits existing (not at this bank),car (used),1517.1774065564302,... < 100 DM,.. >= 7 years,3.0113200996346117,female : divorced/separated/married,none,-1.5331925394616848,unknown / no property,45.37667307671787,none,own,3.44332391961898,skilled employee / official,1.0355019444143503,none,yes
-0.3592228276629171,no checking account,20.365061483505315,existing credits paid back duly till now,domestic appliances,1472.1078612430824,... < 100 DM,4 <= ... < 7 years,3.7979638014046913,female : divorced/separated/married,none,3.9030321990586883,if not A121 : building society savings agreement/ life insurance,38.375809359907414,none,rent,3.167461561214749,unskilled - resident,1.3682939458231471,none,yes
0.3935521933139145,no checking account,17.352030449007138,existing credits paid back duly till now,car (new),1888.9603817433435,... < 100 DM,unemployed,5.649875779228205,male : single,none,3.0688264408227997,if not A121 : building society savings agreement/ life insurance,29.462988619609735,none,own,0.0852145478512154,skilled employee / official,4.094252559085536,none,yes
2.6410569508348374,no checking account,23.59186096990313,critical account/ other credits existing (not at this bank),car (used),8648.562346331288,... < 100 DM,... < 1 year ,0.5739058366173724,female : divorced/separated/married,none,0.6287860152834754,"if not A121/A122 : car or other, not in attribute 6",24.35314914647359,bank,own,2.0481548129678235,skilled employee / official,-1.962660121500274,"yes, registered under the customers name ",yes
-0.7874823444491442,< 0 DM,13.016688770069031,critical account/ other credits existing (not at this bank),domestic appliances,800.6048855868074,unknown/ no savings account,.. >= 7 years,6.10370972105504,male : single,none,5.094178972263219,real estate,27.00991339401814,none,own,-0.7631583470581558,management/ self-employed/ highly qualified employee/ officer,-0.8222050901420979,"yes, registered under the customers name ",yes
1.0423345114642253,0 <= ... < 200 DM,16.838697194508832,critical account/ other credits existing (not at this bank),car (new),2897.2681202323356,500 <= ... < 1000 DM ,1 <= ... < 4 years,0.9686161569730567,male : single,none,3.835348643614532,real estate,43.472541541178025,none,own,0.6375603473890412,management/ self-employed/ highly qualified employee/ officer,7.60892498547216,"yes, registered under the customers name ",yes
0.468322416169242,< 0 DM,25.389341223256817,existing credits paid back duly till now,car (new),2035.705007401905,... < 100 DM,4 <= ... < 7 years,-1.495255598287585,female : divorced/separated/married,none,3.5400858678538505,if not A121 : building society savings agreement/ life insurance,24.311502074996838,none,own,2.673845571248252,skilled employee / official,0.45380543208805046,none,yes
-0.23508433465626072,no checking account,24.511813700208446,existing credits paid back duly till now,radio/television,2197.5814663557335,... < 100 DM,4 <= ... < 7 years,5.419323731275752,female : divorced/separated/married,none,2.933495634634607,unknown / no property,39.82949075478447,none,for free,1.1300830017277104,skilled employee / official,-1.7819876198065492,none,yes
1.659038084048146,no checking account,16.30349628280608,existing credits paid back duly till now,domestic appliances,1052.2908249054972,unknown/ no savings account,.. >= 7 years,7.342242457126495,male : single,none,2.489552567597314,"if not A121/A122 : car or other, not in attribute 6",27.06150509706981,none,own,0.5019305881123943,skilled employee / official,-0.16510028669633203,"yes, registered under the customers name ",yes
-3.986120742108312,< 0 DM,23.98241062102886,critical account/ other credits existing (not at this bank),radio/television,3230.255608943873,100 <= ... < 500 DM,1 <= ... < 4 years,3.986863976367391,male : married/widowed,none,1.8890479674873302,if not A121 : building society savings agreement/ life insurance,23.829529417715715,none,own,-1.2595907965921036,skilled employee / official,-4.537746442928724,"yes, registered under the customers name ",yes
-1.592944656149522,< 0 DM,13.026399622154361,critical account/ other credits existing (not at this bank),domestic appliances,937.9285702544612,... < 100 DM,.. >= 7 years,3.919315226931975,female : divorced/separated/married,none,-1.3952446190362453,unknown / no property,29.01099208841655,none,own,1.7032831727501485,skilled employee / official,1.4818414249123062,none,yes
-2.9643707948856415,< 0 DM,23.162302512149925,existing credits paid back duly till now,car (used),1965.1979319414902,unknown/ no savings account,... < 1 year ,-0.3903674930444172,male : married/widowed,none,6.856676612527826,if not A121 : building society savings agreement/ life insurance,21.554433072912254,none,own,4.516221832428677,skilled employee / official,2.6195695205564373,none,yes
-4.6672322396966095,< 0 DM,37.4594636828191,critical account/ other credits existing (not at this bank),car (used),7256.151355184341,... < 100 DM,unemployed,-1.0448941120869586,male : single,none,1.7296927859351683,if not A121 : building society savings agreement/ life insurance,37.57434048501617,none,own,2.1458497834342656,management/ self-employed/ highly qualified employee/ officer,-0.8233247523375065,"yes, registered under the customers name ",yes
-0.35652888031035346,0 <= ... < 200 DM,8.864139167139003,delay in paying off in the past,business,2288.5944427762133,unknown/ no savings account,unemployed,4.258819073791738,female : divorced/separated/married,none,3.492836439265921,real estate,40.92994109138325,bank,rent,-0.004615533301196351,skilled employee / official,0.058552155496986336,none,yes
1.4988677994554809,< 0 DM,12.52187464712597,critical account/ other credits existing (not at this bank),radio/television,1594.1172984005318,... < 100 DM,... < 1 year ,2.283874660857651,male : married/widowed,none,0.49594255507688123,real estate,41.85445297137758,bank,rent,0.37045610016401676,management/ self-employed/ highly qualified employee/ officer,3.8473083107378248,none,yes
0.4302318672348505,no checking account,26.73581490144194,critical account/ other credits existing (not at this bank),car (used),1383.2199392862115,unknown/ no savings account,unemployed,1.788329635695764,male : divorced/separated,none,1.6703112368404707,real estate,37.721803174954104,none,own,-2.1948552423331242,unskilled - resident,-2.5004309296921408,none,yes
0.39558016388370426,>= 200 DM / salary assignments for at least 1 year,34.29568238806881,existing credits paid back duly till now,car (new),5844.713526314928,... < 100 DM,... < 1 year ,2.1310651616601013,male : married/widowed,none,0.2662952801532905,unknown / no property,31.713506060289067,none,rent,-0.028319384280424575,skilled employee / official,-0.6431424243990911,"yes, registered under the customers name ",yes
3.178434993421585,no checking account,16.458547221111946,existing credits paid back duly till now,education,2577.510034122549,100 <= ... < 500 DM,... < 1 year ,4.230262735015619,male : divorced/separated,none,3.471996965526787,"if not A121/A122 : car or other, not in attribute 6",34.2246898401969,none,own,3.7206794780929067,unskilled - resident,1.5437696365687206,none,yes
2.655372264535383,0 <= ... < 200 DM,19.990980565890638,existing credits paid back duly till now,radio/television,8469.735828354382,... < 100 DM,1 <= ... < 4 years,2.888831737080545,male : single,none,2.622818694901351,unknown / no property,24.917022507560212,none,own,1.7150351512267898,skilled employee / official,-0.5046696749336368,none,yes
-0.1382758694522791,< 0 DM,22.942278013645822,critical account/ other credits existing (not at this bank),domestic appliances,2783.2324707931066,500 <= ... < 1000 DM ,.. >= 7 years,1.2732045660254014,male : single,none,2.734107053361776,if not A121 : building society savings agreement/ life insurance,30.482547227225126,none,own,4.781460352202412,skilled employee / official,0.4122662050528244,"yes, registered under the customers name ",yes
3.7071717791387946,< 0 DM,18.056044374051755,critical account/ other credits existing (not at this bank),domestic appliances,1037.3458004061094,unknown/ no savings account,4 <= ... < 7 years,6.456788736668769,female : divorced/separated/married,none,4.716368294209958,if not A121 : building society savings agreement/ life insurance,30.578452844949783,none,own,0.8093043230078882,unskilled - resident,-1.5275006388130437,none,yes
0.18425331686821841,no checking account,14.565547683562647,delay in paying off in the past,radio/television,3182.277612630989,... < 100 DM,.. >= 7 years,2.015988059097627,male : single,none,5.312682593798046,if not A121 : building society savings agreement/ life insurance,21.885911512219327,none,own,0.9280426076170081,skilled employee / official,1.4286269718430153,"yes, registered under the customers name ",yes
-1.6747964476549242,< 0 DM,11.581182345920784,critical account/ other credits existing (not at this bank),domestic appliances,2027.4385331982985,... < 100 DM,unemployed,3.769330010385328,male : single,guarantor,3.5306850722725707,if not A121 : building society savings agreement/ life insurance,27.600982344884486,none,own,2.2817883170842466,management/ self-employed/ highly qualified employee/ officer,0.7015338296400226,"yes, registered under the customers name ",yes
-1.1888007043974704,no checking account,12.781061192639035,existing credits paid back duly till now,car (used),961.0997811322583,... < 100 DM,... < 1 year ,4.1286243724943645,female : divorced/separated/married,none,0.15654530592507454,if not A121 : building society savings agreement/ life insurance,46.6432971309782,none,own,-3.3451751644388024,skilled employee / official,3.0983809884660656,"yes, registered under the customers name ",yes
-2.9610730251300326,no checking account,23.802372550067794,all credits at this bank paid back duly,car (new),1590.1285398236664,.. >= 1000 DM ,unemployed,2.0431182399171313,male : single,none,1.6086417609666328,unknown / no property,33.91975188439334,none,own,2.4098786473071496,management/ self-employed/ highly qualified employee/ officer,1.4007990009605849,none,yes
-0.7762677074673048,no checking account,12.36262843572284,existing credits paid back duly till now,car (new),2762.2018735834704,... < 100 DM,1 <= ... < 4 years,6.628894906532323,male : single,none,-0.007776272022705477,if not A121 : building society savings agreement/ life insurance,26.431076103408,none,own,0.9020270238780966,skilled employee / official,1.413380144992047,"yes, registered under the customers name ",yes
-0.7160333761488583,< 0 DM,16.17711275372542,existing credits paid back duly till now,domestic appliances,2781.267578545128,100 <= ... < 500 DM,4 <= ... < 7 years,1.7505149563334717,female : divorced/separated/married,none,4.4550673872515985,real estate,19.746736880974936,none,own,3.972077787030295,unskilled - resident,-1.8926147090602274,none,yes
1.6071700387572032,>= 200 DM / salary assignments for at least 1 year,29.648854124769958,existing credits paid back duly till now,domestic appliances,2747.213769466556,... < 100 DM,unemployed,4.761658505675346,male : divorced/separated,none,2.3413038835001028,"if not A121/A122 : car or other, not in attribute 6",27.63083262234429,stores,for free,3.9293587883272343,unskilled - resident,1.9851831032897445,"yes, registered under the customers name ",yes
3.4415396623319676,no checking account,19.842301492789584,existing credits paid back duly till now,radio/television,1147.8463030537034,... < 100 DM,4 <= ... < 7 years,5.050191947945195,male : divorced/separated,none,0.21897513273881053,unknown / no property,46.19783095752622,none,rent,-0.26738337109360133,management/ self-employed/ highly qualified employee/ officer,0.3382671963911158,"yes, registered under the customers name ",yes
-2.76436303075408,no checking account,10.309319056895571,existing credits paid back duly till now,car (new),1312.9663265525332,... < 100 DM,1 <= ... < 4 years,4.754272950663285,female : divorced/separated/married,none,3.622511573977545,"if not A121/A122 : car or other, not in attribute 6",22.0127809552395,none,rent,3.484277237255161,skilled employee / official,0.6668033847007644,"yes, registered under the customers name ",yes
1.7856549365198378,0 <= ... < 200 DM,19.490997813049965,existing credits paid back duly till now,education,1193.6441104426856,.. >= 1000 DM ,4 <= ... < 7 years,3.5850148233452135,male : single,none,1.0117753285624431,"if not A121/A122 : car or other, not in attribute 6",59.5749000013063,none,own,2.47537094883801,management/ self-employed/ highly qualified employee/ officer,4.096528752781619,"yes, registered under the customers name ",yes
-2.081087878315069,< 0 DM,4.458143739684384,existing credits paid back duly till now,car (new),3444.955601449617,... < 100 DM,4 <= ... < 7 years,-2.210111958007847,male : divorced/separated,guarantor,3.89368702386048,"if not A121/A122 : car or other, not in attribute 6",70.98503760044245,none,own,-0.8089064525920902,management/ self-employed/ highly qualified employee/ officer,-0.43887111303379034,none,yes
1.949394176926404,no checking account,22.14202166573884,delay in paying off in the past,domestic appliances,11330.055162141107,... < 100 DM,.. >= 7 years,4.806940769535009,female : divorced/separated/married,none,-0.31074500797436944,"if not A121/A122 : car or other, not in attribute 6",29.630684035573157,none,own,2.3942065017424046,skilled employee / official,3.702368656918001,none,yes
-0.2621733013754532,< 0 DM,4.263613138718441,existing credits paid back duly till now,radio/television,1869.9633689352775,... < 100 DM,.. >= 7 years,3.3182068411099657,female : divorced/separated/married,none,5.057654986769226,unknown / no property,33.82692994753142,none,own,2.5944612886723637,skilled employee / official,3.8889505987461863,none,yes
-3.6618116516950607,< 0 DM,20.729073503084283,existing credits paid back duly till now,education,2058.2049447342065,100 <= ... < 500 DM,.. >= 7 years,4.214310145678647,female : divorced/separated/married,co-applicant,2.755925252068147,"if not A121/A122 : car or other, not in attribute 6",35.03762248641348,none,own,5.076930628057047,skilled employee / official,2.505568874728744,none,yes
1.8565939831369687,< 0 DM,9.4738972230919,existing credits paid back duly till now,radio/television,2135.5147619051995,unknown/ no savings account,1 <= ... < 4 years,0.44149205564946703,male : divorced/separated,guarantor,5.8158969866937635,"if not A121/A122 : car or other, not in attribute 6",23.122910905381534,none,own,1.6812440569824199,skilled employee / official,-0.9612416215348438,none,yes
-0.21000142561746205,no checking account,11.833102433546813,existing credits paid back duly till now,radio/television,1482.0839767985976,... < 100 DM,.. >= 7 years,3.0524040362477916,female : divorced/separated/married,none,2.695746578994685,"if not A121/A122 : car or other, not in attribute 6",23.650703563635354,none,own,1.4113178417720116,skilled employee / official,-3.3725864912538634,none,yes
-1.0678004767471092,no checking account,5.120024590940583,existing credits paid back duly till now,domestic appliances,658.0337961446835,... < 100 DM,1 <= ... < 4 years,0.6972514198648956,male : single,none,3.1541714883549945,real estate,21.821458281872008,none,own,2.8012941657108796,unemployed/ unskilled - non-resident,3.157669828519882,none,yes
-2.13950482257938,no checking account,18.08876235130986,critical account/ other credits existing (not at this bank),car (new),1287.5528287285076,500 <= ... < 1000 DM ,.. >= 7 years,4.200339275986948,male : single,none,5.636140186548972,"if not A121/A122 : car or other, not in attribute 6",36.84760212256039,none,own,4.185743236185424,skilled employee / official,1.2227701226621595,"yes, registered under the customers name ",yes
-1.308566553375111,>= 200 DM / salary assignments for at least 1 year,39.50536506061166,existing credits paid back duly till now,business,3395.9910786563255,... < 100 DM,1 <= ... < 4 years,3.431801989278434,male : single,none,1.204672238109643,if not A121 : building society savings agreement/ life insurance,65.64639519371741,none,own,3.5672101885945984,skilled employee / official,-0.49039494164292474,"yes, registered under the customers name ",yes
1.8557808813898344,no checking account,14.241681302806334,critical account/ other credits existing (not at this bank),domestic appliances,608.740527593623,... < 100 DM,1 <= ... < 4 years,7.850025603471703,female : divorced/separated/married,none,-0.9249452073621709,if not A121 : building society savings agreement/ life insurance,26.967402787217026,none,own,3.838926945629907,skilled employee / official,3.3471246875112053,none,yes
-0.37848868187281104,0 <= ... < 200 DM,10.670747999873738,critical account/ other credits existing (not at this bank),car (used),1884.1402263174664,unknown/ no savings account,1 <= ... < 4 years,7.964520600291179,male : single,none,4.66628506415022,real estate,38.98846490763443,none,rent,2.217364825827577,skilled employee / official,-0.7231177617556188,none,yes
0.6573240045649621,0 <= ... < 200 DM,12.721183355313682,existing credits paid back duly till now,radio/television,1621.1423481325821,100 <= ... < 500 DM,1 <= ... < 4 years,2.093026340429483,female : divorced/separated/married,none,-1.3164993254958546,unknown / no property,27.34021795511884,none,rent,1.3353029294534036,unskilled - resident,0.15168948353811462,none,yes
0.7238437078576874,0 <= ... < 200 DM,17.218629140049487,critical account/ other credits existing (not at this bank),domestic appliances,2627.056762453974,... < 100 DM,4 <= ... < 7 years,2.1279554227377093,male : single,none,2.925678430132234,real estate,30.45557230062038,bank,own,4.478344124176059,skilled employee / official,2.049780728633988,"yes, registered under the customers name ",yes
3.641323311056334,0 <= ... < 200 DM,14.877410964718463,existing credits paid back duly till now,radio/television,720.4793850168259,... < 100 DM,4 <= ... < 7 years,3.2531140673009697,male : single,none,1.9594734157631586,real estate,40.894082672673946,none,own,0.8182077198357225,skilled employee / official,-0.22720566322975477,"yes, registered under the customers name ",yes
0.3144276982712414,< 0 DM,47.71194467989065,existing credits paid back duly till now,radio/television,5097.638686194119,... < 100 DM,unemployed,4.212012583005572,male : married/widowed,none,3.202614110306527,"if not A121/A122 : car or other, not in attribute 6",32.323469580029396,none,own,1.0664930326893232,management/ self-employed/ highly qualified employee/ officer,0.7810381807858653,none,yes
-2.9537156336914636,no checking account,9.58008079296707,no credits taken/ all credits paid back duly,car (used),1249.2072525975009,500 <= ... < 1000 DM ,.. >= 7 years,3.342160259333246,male : single,none,1.8445272839054732,if not A121 : building society savings agreement/ life insurance,39.58452244104013,bank,own,5.443153834593829,management/ self-employed/ highly qualified employee/ officer,3.178274367826723,none,yes
3.134444833143966,>= 200 DM / salary assignments for at least 1 year,40.65155958376337,existing credits paid back duly till now,domestic appliances,1841.247791618881,100 <= ... < 500 DM,.. >= 7 years,3.1573254507086013,male : married/widowed,none,4.848496274910378,"if not A121/A122 : car or other, not in attribute 6",30.79545054529801,none,own,4.243848255910462,skilled employee / official,1.4222214872422598,"yes, registered under the customers name ",yes
-0.6629763441945093,< 0 DM,10.032880201178807,existing credits paid back duly till now,car (new),2575.0838363966636,... < 100 DM,... < 1 year ,3.9571857273299287,male : single,none,2.0386548473347794,"if not A121/A122 : car or other, not in attribute 6",34.93194799463385,bank,for free,0.9836483861533544,management/ self-employed/ highly qualified employee/ officer,3.4948526736473613,"yes, registered under the customers name ",yes
2.229184889154754,0 <= ... < 200 DM,11.386868757425884,existing credits paid back duly till now,domestic appliances,1425.5379317431475,... < 100 DM,1 <= ... < 4 years,1.9234018093667011,female : divorced/separated/married,co-applicant,6.800731833762661,unknown / no property,57.59190537656853,bank,own,0.09289684538876652,skilled employee / official,3.267204716011996,"yes, registered under the customers name ",yes
1.7667542263649407,>= 200 DM / salary assignments for at least 1 year,13.813559630259281,existing credits paid back duly till now,domestic appliances,1513.6382083378244,... < 100 DM,1 <= ... < 4 years,2.9244899311029386,female : divorced/separated/married,none,3.013469068203244,"if not A121/A122 : car or other, not in attribute 6",61.3218842732321,bank,own,4.926347000416997,skilled employee / official,1.0154766688432388,none,yes
-0.26227506040668985,< 0 DM,35.34890997696094,critical account/ other credits existing (not at this bank),car (new),11052.929825693247,100 <= ... < 500 DM,1 <= ... < 4 years,0.8373784369780144,male : single,none,0.4627143900770674,real estate,29.600660401654288,none,own,2.600836715830428,skilled employee / official,-3.6734827527147766,none,yes
0.6975517880925902,0 <= ... < 200 DM,7.019796496953071,existing credits paid back duly till now,car (used),517.1936746461399,unknown/ no savings account,.. >= 7 years,4.408380690246334,male : married/widowed,none,0.5062282883454342,"if not A121/A122 : car or other, not in attribute 6",27.259305964685133,none,own,1.631162508394726,skilled employee / official,-1.2115445904306132,none,yes
3.902025120252599,0 <= ... < 200 DM,11.789551731498257,existing credits paid back duly till now,car (new),2760.0822616764362,unknown/ no savings account,1 <= ... < 4 years,5.881733878363738,male : single,none,1.311527205966537,if not A121 : building society savings agreement/ life insurance,37.51553293336165,none,rent,1.3562545796201109,skilled employee / official,2.526668224768979,none,yes
4.153961058107506,< 0 DM,23.209511709993055,existing credits paid back duly till now,car (used),2668.3448315185306,... < 100 DM,1 <= ... < 4 years,5.442450745599584,male : single,none,4.81227450941088,"if not A121/A122 : car or other, not in attribute 6",32.94079481023044,none,own,1.6633931574291878,skilled employee / official,-2.100502840570574,none,yes
1.1387622702655573,< 0 DM,26.934362501418086,existing credits paid back duly till now,car (new),4816.1789320239695,... < 100 DM,.. >= 7 years,4.92359833509461,male : married/widowed,none,4.179700492630545,real estate,29.54921148474352,none,own,0.9565830802245948,management/ self-employed/ highly qualified employee/ officer,0.3466148228261,none,yes
0.3203811866341506,0 <= ... < 200 DM,23.771580216444328,existing credits paid back duly till now,domestic appliances,2679.179185534737,... < 100 DM,1 <= ... < 4 years,2.3077957276453382,male : single,none,5.938392073385636,if not A121 : building society savings agreement/ life insurance,30.140068392168047,bank,rent,-0.3286763591459916,unskilled - resident,1.6769612273780647,"yes, registered under the customers name ",yes
2.152480314932771,0 <= ... < 200 DM,15.599178186074639,critical account/ other credits existing (not at this bank),car (used),3906.9918773696445,... < 100 DM,... < 1 year ,2.4726485640564015,male : single,none,0.7563280187911905,"if not A121/A122 : car or other, not in attribute 6",32.28795862022642,none,own,2.25808465717447,skilled employee / official,4.9391413915230205,none,yes
-0.6913220655346943,< 0 DM,12.181485127504345,existing credits paid back duly till now,radio/television,3384.790802767641,... < 100 DM,.. >= 7 years,1.1136801512612209,male : married/widowed,none,3.4644108526496344,real estate,37.54918133076268,none,rent,1.530848091279215,unskilled - resident,-0.15003939290882817,none,yes
0.6661407452365102,no checking account,9.570636788449455,critical account/ other credits existing (not at this bank),(vacation - does not exist?),339.31523107593864,... < 100 DM,.. >= 7 years,3.5444689088373145,female : divorced/separated/married,none,-0.15151704887643125,"if not A121/A122 : car or other, not in attribute 6",28.24838622843471,none,own,0.249209866159538,skilled employee / official,-0.2869754181662587,none,yes
-0.0517256959077128,0 <= ... < 200 DM,18.714638845421252,critical account/ other credits existing (not at this bank),business,4590.166805064963,.. >= 1000 DM ,unemployed,4.544422954705009,male : single,none,2.4242274022624484,if not A121 : building society savings agreement/ life insurance,33.79846214362222,none,own,2.8076513772190355,skilled employee / official,0.895108467008999,"yes, registered under the customers name ",yes
0.6278164229151072,< 0 DM,37.925921146498894,existing credits paid back duly till now,radio/television,3617.4811738665876,... < 100 DM,4 <= ... < 7 years,1.2036412262065972,female : divorced/separated/married,none,2.7633810689592275,"if not A121/A122 : car or other, not in attribute 6",38.11623402389931,none,own,3.577664784621978,unskilled - resident,2.7018259396202047,"yes, registered under the customers name ",yes
-1.6667376118988115,no checking account,13.55077789696455,existing credits paid back duly till now,business,1718.3736645636002,... < 100 DM,4 <= ... < 7 years,-0.8252820452024432,female : divorced/separated/married,none,2.8932503111429786,"if not A121/A122 : car or other, not in attribute 6",35.67775296508726,none,own,2.9397953873108253,management/ self-employed/ highly qualified employee/ officer,0.6915063452078118,"yes, registered under the customers name ",no
-3.179134986617938,no checking account,10.292481554825176,critical account/ other credits existing (not at this bank),car (new),3016.6907784827604,... < 100 DM,.. >= 7 years,0.36994178892449314,female : divorced/separated/married,none,3.1726518337460643,"if not A121/A122 : car or other, not in attribute 6",31.873702579689155,none,own,0.4475032295720105,skilled employee / official,3.098536697771621,"yes, registered under the customers name ",yes
-4.1459668719825835,no checking account,12.919411910029975,critical account/ other credits existing (not at this bank),car (new),751.6222396928048,... < 100 DM,.. >= 7 years,1.2376721370184525,female : divorced/separated/married,none,2.7660409924904448,if not A121 : building society savings agreement/ life insurance,37.719849117550076,none,own,3.511643008376744,unskilled - resident,-0.5982876660569438,"yes, registered under the customers name ",yes
-2.2347682259792157,no checking account,19.97710648493063,existing credits paid back duly till now,domestic appliances,1948.5944900803577,100 <= ... < 500 DM,.. >= 7 years,4.982905179879181,male : divorced/separated,none,2.972348095781424,unknown / no property,32.04952737649473,none,own,2.1559227949200803,management/ self-employed/ highly qualified employee/ officer,1.240321866758087,"yes, registered under the customers name ",yes
-0.917350569878666,< 0 DM,24.080513004000927,all credits at this bank paid back duly,radio/television,2922.451828230036,... < 100 DM,.. >= 7 years,7.1277890713133365,male : single,none,5.076995707282165,"if not A121/A122 : car or other, not in attribute 6",63.97231062015277,none,own,-1.4714919571319034,skilled employee / official,2.8904254204940383,none,yes
0.41361682670247635,0 <= ... < 200 DM,21.427213329832604,critical account/ other credits existing (not at this bank),domestic appliances,1658.118984278304,100 <= ... < 500 DM,1 <= ... < 4 years,6.724916488000426,male : single,none,1.975940160202107,real estate,30.613559661096204,none,own,2.3454587569954914,skilled employee / official,0.19953438018828673,none,yes
3.8744623248590337,no checking account,45.27948326742135,critical account/ other credits existing (not at this bank),domestic appliances,7240.645008663047,... < 100 DM,... < 1 year ,-0.7919703982921287,male : single,none,2.370126718485709,"if not A121/A122 : car or other, not in attribute 6",34.95361726239641,none,own,2.2922632819138964,skilled employee / official,3.6794198731199335,none,yes
2.2119867398145963,< 0 DM,30.14572719562752,delay in paying off in the past,car (new),2765.323895178861,... < 100 DM,... < 1 year ,4.842151876139567,male : divorced/separated,none,6.853335517462739,real estate,26.743535281105725,none,own,7.187096004138615,skilled employee / official,1.297917082484699,"yes, registered under the customers name ",yes
-1.9241822326832545,< 0 DM,20.464755774121237,critical account/ other credits existing (not at this bank),business,4679.032258830552,... < 100 DM,4 <= ... < 7 years,4.872800834029294,male : married/widowed,none,1.3659826985158412,"if not A121/A122 : car or other, not in attribute 6",36.84915071319037,bank,rent,4.91454172655712,unskilled - resident,2.577691426304548,none,yes
1.6954169049019139,0 <= ... < 200 DM,24.218970718894177,existing credits paid back duly till now,domestic appliances,3091.0779474388382,... < 100 DM,1 <= ... < 4 years,-0.09059989105751542,male : single,none,2.595866353936829,if not A121 : building society savings agreement/ life insurance,21.405710525539714,bank,own,2.422300313869048,skilled employee / official,1.3882082160976639,none,yes
0.18584352729934983,0 <= ... < 200 DM,8.25008784341605,delay in paying off in the past,(vacation - does not exist?),447.13353468675393,... < 100 DM,.. >= 7 years,3.393596766579005,male : single,none,2.499561859515735,"if not A121/A122 : car or other, not in attribute 6",22.04344572398361,bank,own,1.4983410025763593,unskilled - resident,1.752809142974456,none,yes
0.43127232391980974,0 <= ... < 200 DM,8.973168426150382,critical account/ other credits existing (not at this bank),business,654.6554929399039,... < 100 DM,... < 1 year ,6.1910448229916195,male : single,none,6.571241497242612,unknown / no property,28.947343781633602,stores,for free,1.3274445101160364,unskilled - resident,-0.26478351369871067,none,yes
0.37065129883076403,no checking account,1.4791704853242953,existing credits paid back duly till now,business,1239.1683381467046,... < 100 DM,... < 1 year ,5.10086702186957,female : divorced/separated/married,none,5.773652657598407,real estate,35.227054254566184,none,own,-1.0073788072662153,skilled employee / official,0.7384565896175532,none,yes
2.2383422339507866,0 <= ... < 200 DM,17.618479079330903,existing credits paid back duly till now,radio/television,1243.1847649877989,... < 100 DM,4 <= ... < 7 years,1.3818098952240288,male : single,co-applicant,0.6433002423177119,if not A121 : building society savings agreement/ life insurance,33.53837157765532,none,own,-2.4779744543998214,skilled employee / official,3.4487929598575535,none,yes
0.3214830322319693,< 0 DM,17.674402006734788,existing credits paid back duly till now,car (new),3114.0729615112286,... < 100 DM,1 <= ... < 4 years,2.2214843115923886,male : single,none,5.025189986862457,"if not A121/A122 : car or other, not in attribute 6",23.87761562132916,none,own,-0.7451182181631302,skilled employee / official,2.2710208890406647,"yes, registered under the customers name ",yes
2.127703065468717,< 0 DM,43.19199750045088,existing credits paid back duly till now,domestic appliances,2564.936760862674,unknown/ no savings account,.. >= 7 years,-0.27500119216117547,male : single,none,4.515391442553111,real estate,22.236744635047398,bank,for free,0.9045659636591392,skilled employee / official,-1.0459303324448035,"yes, registered under the customers name ",yes
-2.283876452284808,< 0 DM,21.085724174160887,critical account/ other credits existing (not at this bank),(vacation - does not exist?),5152.423427568341,... < 100 DM,1 <= ... < 4 years,3.5543556484855774,female : divorced/separated/married,co-applicant,0.9667504760505226,"if not A121/A122 : car or other, not in attribute 6",26.27081860203658,none,own,-3.2110785564179682,skilled employee / official,1.361726849309663,none,yes
0.012678124724536884,no checking account,11.218644794801609,existing credits paid back duly till now,domestic appliances,1038.5242984839174,... < 100 DM,1 <= ... < 4 years,5.275913538800097,male : single,none,5.516328434456346,unknown / no property,40.773380150812194,bank,own,-0.08864358454549826,skilled employee / official,-3.7475521070708515,none,yes
5.195347453191665,>= 200 DM / salary assignments for at least 1 year,18.41170536108913,no credits taken/ all credits paid back duly,radio/television,1477.4398627462383,100 <= ... < 500 DM,.. >= 7 years,4.036788431142639,male : single,none,4.77861078220882,"if not A121/A122 : car or other, not in attribute 6",42.02868766206664,none,own,1.504773933751148,management/ self-employed/ highly qualified employee/ officer,0.8521196726011668,"yes, registered under the customers name ",yes
0.4461594852505502,0 <= ... < 200 DM,12.899956682693096,existing credits paid back duly till now,business,3576.63305399228,... < 100 DM,.. >= 7 years,0.002124900076108216,male : single,none,1.4313974277719046,"if not A121/A122 : car or other, not in attribute 6",24.341228621012842,none,own,0.5691468930290841,unskilled - resident,2.922055353239812,"yes, registered under the customers name ",yes
2.8664290132123456,no checking account,25.126626147032848,delay in paying off in the past,car (new),1199.2375231051278,500 <= ... < 1000 DM ,... < 1 year ,5.778692507544698,male : single,none,0.9161605775153425,real estate,24.93452865392945,none,own,-0.3234471963762895,unskilled - resident,0.7497088225776809,none,yes
0.18304035634641636,0 <= ... < 200 DM,30.229168874047758,existing credits paid back duly till now,radio/television,3622.4348808306067,unknown/ no savings account,4 <= ... < 7 years,5.949503630173163,male : single,none,4.862108985199303,"if not A121/A122 : car or other, not in attribute 6",57.03301035240062,bank,rent,1.3169723712371992,unskilled - resident,1.2358253393320624,none,yes
1.1615541906595934,no checking account,15.65988707731453,all credits at this bank paid back duly,car (used),959.928350506668,... < 100 DM,1 <= ... < 4 years,5.6200793857339,male : married/widowed,none,2.458775322984919,real estate,32.83388883158129,none,for free,5.447787656247724,unskilled - resident,-5.032762493040423,none,yes
-0.11356638878538307,no checking account,13.555219060557071,existing credits paid back duly till now,retraining,1162.7994046651131,unknown/ no savings account,4 <= ... < 7 years,5.748684856892774,female : divorced/separated/married,none,4.118186666050034,real estate,45.614974468045894,none,rent,2.324290562981206,skilled employee / official,0.21549276372769655,"yes, registered under the customers name ",yes
0.6591848376715912,< 0 DM,4.381027362214468,existing credits paid back duly till now,business,1208.7713556639906,... < 100 DM,... < 1 year ,6.162749587874293,male : single,none,2.717968168024873,"if not A121/A122 : car or other, not in attribute 6",48.591743976044384,none,for free,-0.12060155379629944,management/ self-employed/ highly qualified employee/ officer,1.676544447654425,none,no
-1.5589647934508393,0 <= ... < 200 DM,13.7561171578164,existing credits paid back duly till now,domestic appliances,3077.214210060019,... < 100 DM,1 <= ... < 4 years,3.465817114875069,male : divorced/separated,none,7.387532481524985,if not A121 : building society savings agreement/ life insurance,55.81758071691393,none,own,0.8633044232760734,skilled employee / official,1.9305797507966793,none,yes
0.8606027179151065,0 <= ... < 200 DM,21.253993966228922,existing credits paid back duly till now,domestic appliances,3758.6959174869276,... < 100 DM,1 <= ... < 4 years,4.531057298232944,male : married/widowed,none,1.899160113302906,real estate,60.5922413179004,none,own,0.9433733286954662,skilled employee / official,2.9247114226687287,"yes, registered under the customers name ",yes
-1.7030743783715359,no checking account,10.656735945663076,existing credits paid back duly till now,car (new),1420.7554724725494,... < 100 DM,... < 1 year ,3.179017999527628,female : divorced/separated/married,guarantor,2.8552724377594902,unknown / no property,33.02825005001491,none,own,-0.5359108674803021,skilled employee / official,0.5794844964531436,"yes, registered under the customers name ",yes
1.3311704726268583,< 0 DM,6.357481926572654,delay in paying off in the past,car (used),3517.9954995109915,... < 100 DM,.. >= 7 years,1.525480561805196,male : single,none,2.3595185153971343,"if not A121/A122 : car or other, not in attribute 6",24.55575545954282,none,rent,-0.5382604354877092,unskilled - resident,0.6686883747517016,none,yes
2.17057400889182,0 <= ... < 200 DM,10.767413823615785,critical account/ other credits existing (not at this bank),furniture/equipment,1935.6306321443433,unknown/ no savings account,4 <= ... < 7 years,-0.4247365861194514,male : single,none,5.5190945388985995,"if not A121/A122 : car or other, not in attribute 6",25.49099789318677,none,own,4.021048040653426,management/ self-employed/ highly qualified employee/ officer,-1.6642348588197247,none,yes
1.7330628144744598,no checking account,26.954629449348708,existing credits paid back duly till now,domestic appliances,8316.596466107467,... < 100 DM,... < 1 year ,0.0893769823603825,male : single,none,2.1930349255523187,unknown / no property,37.29089877141621,stores,own,1.160431244966368,skilled employee / official,0.5909569216536039,none,yes
-0.5724974671113837,no checking account,4.754919694668894,delay in paying off in the past,radio/television,1238.5319109054524,... < 100 DM,.. >= 7 years,0.43597103612958066,male : single,none,-0.47052652352066415,real estate,26.58514352660638,none,for free,-0.18939277406174293,unskilled - resident,-1.5231501247955972,"yes, registered under the customers name ",yes
0.9079311586173922,< 0 DM,3.8565973462765113,existing credits paid back duly till now,radio/television,366.476016952346,... < 100 DM,1 <= ... < 4 years,4.4829043192048585,female : divorced/separated/married,co-applicant,2.0603638734763496,real estate,36.91085853621018,none,own,0.9137193118611147,skilled employee / official,-2.6957402396108336,"yes, registered under the customers name ",yes
-0.6173461110928252,no checking account,11.29277051677271,existing credits paid back duly till now,domestic appliances,2124.181319872176,... < 100 DM,4 <= ... < 7 years,5.881625196008526,male : single,none,2.6469301019012206,"if not A121/A122 : car or other, not in attribute 6",40.5675195347956,none,rent,2.236019506258247,skilled employee / official,-0.1703587402211566,none,yes
2.8710942509302986,>= 200 DM / salary assignments for at least 1 year,21.792022729256676,existing credits paid back duly till now,domestic appliances,3000.4212817547864,... < 100 DM,.. >= 7 years,1.916405544248975,male : single,guarantor,1.2538986808627164,"if not A121/A122 : car or other, not in attribute 6",20.70483875802008,none,own,-2.9454084483876706,unskilled - resident,4.0173698156079425,none,yes
-2.6628121684302473,no checking account,36.6455949281865,existing credits paid back duly till now,car (new),9033.755832224057,unknown/ no savings account,... < 1 year ,6.006952581755328,male : single,none,0.04294301048446747,unknown / no property,27.798606744461328,none,rent,0.9185072843656139,skilled employee / official,0.4588775969734469,"yes, registered under the customers name ",no
-0.6712147362372924,no checking account,21.69982901169527,existing credits paid back duly till now,(vacation - does not exist?),1580.614913018385,... < 100 DM,... < 1 year ,6.158631312864241,male : divorced/separated,none,-1.3047316457085696,if not A121 : building society savings agreement/ life insurance,41.179921690725806,none,own,3.7359598686965207,skilled employee / official,1.4397547260467316,none,yes
-3.9816239902479955,no checking account,19.423954045982104,all credits at this bank paid back duly,domestic appliances,1299.9038541335103,500 <= ... < 1000 DM ,... < 1 year ,3.537106404622418,male : single,guarantor,2.480842708256181,real estate,33.44652611964754,none,own,1.902458771043666,unskilled - resident,-0.026992502396112172,"yes, registered under the customers name ",yes
-2.99012166045441,no checking account,3.63704186414236,critical account/ other credits existing (not at this bank),domestic appliances,1325.4637502685787,... < 100 DM,1 <= ... < 4 years,3.189380422740368,female : divorced/separated/married,none,2.9995702824874746,real estate,26.46290842041718,none,own,6.459590230389942,skilled employee / official,-1.5811020389037949,none,yes
3.7277244596278187,no checking account,22.86741016883799,no credits taken/ all credits paid back duly,domestic appliances,3124.1061535740505,... < 100 DM,4 <= ... < 7 years,3.512943916550277,male : single,none,-1.976113487863706,if not A121 : building society savings agreement/ life insurance,26.01395148923516,bank,own,3.502218964624358,unemployed/ unskilled - non-resident,2.8722262498594144,none,yes
1.790369963943372,0 <= ... < 200 DM,34.75079318356964,critical account/ other credits existing (not at this bank),domestic appliances,5493.4978271973505,500 <= ... < 1000 DM ,1 <= ... < 4 years,4.644271788156954,female : divorced/separated/married,none,6.171218805948117,if not A121 : building society savings agreement/ life insurance,37.549273625804034,none,for free,3.897868049501707,skilled employee / official,-2.3443962797111775,none,yes
-1.4389604665695808,no checking account,11.650293457749678,existing credits paid back duly till now,furniture/equipment,1128.0173367119096,... < 100 DM,.. >= 7 years,3.271686676531864,male : single,none,1.3846662032301214,"if not A121/A122 : car or other, not in attribute 6",46.81868005126143,none,rent,6.600171871828653,unskilled - resident,-0.10958535358331689,"yes, registered under the customers name ",yes
-2.005006912081794,< 0 DM,24.660579891233184,all credits at this bank paid back duly,car (new),1216.968906878497,... < 100 DM,1 <= ... < 4 years,1.6190324906232894,female : divorced/separated/married,none,5.59388738005643,real estate,36.51506087915284,none,own,3.5163125235491957,skilled employee / official,1.890770238299878,"yes, registered under the customers name ",yes
-4.929057675683302,no checking account,23.57653239491121,critical account/ other credits existing (not at this bank),car (new),1209.4354503749023,... < 100 DM,1 <= ... < 4 years,4.323049304307694,female : divorced/separated/married,none,2.597918352024391,"if not A121/A122 : car or other, not in attribute 6",24.148332353212044,none,own,1.3261404158654022,skilled employee / official,1.4609792868597102,"yes, registered under the customers name ",no
-0.08699101586526914,< 0 DM,10.997438882139447,existing credits paid back duly till now,car (new),1310.8388473532939,... < 100 DM,4 <= ... < 7 years,7.29622432364776,male : single,none,7.203142755790852,if not A121 : building society savings agreement/ life insurance,25.10923464128037,bank,own,2.947480586862664,skilled employee / official,-0.45293920905773977,"yes, registered under the customers name ",yes
4.840830024494805,0 <= ... < 200 DM,10.785615305340624,all credits at this bank paid back duly,education,2363.043400905474,... < 100 DM,... < 1 year ,1.6375379309065976,male : single,none,3.499101077852292,"if not A121/A122 : car or other, not in attribute 6",34.97309602590178,bank,own,-0.11847286678998747,skilled employee / official,-2.675922966109949,"yes, registered under the customers name ",yes
1.8697685429272948,no checking account,14.913732820718185,critical account/ other credits existing (not at this bank),business,6850.717592167813,unknown/ no savings account,4 <= ... < 7 years,1.8954300601901362,male : married/widowed,none,-0.01609574174805628,if not A121 : building society savings agreement/ life insurance,31.5493386368348,none,own,1.2153726389899386,unskilled - resident,0.3978134153291235,"yes, registered under the customers name ",yes
-1.119144572098979,0 <= ... < 200 DM,27.995028355609527,critical account/ other credits existing (not at this bank),car (new),1414.8105188029879,unknown/ no savings account,.. >= 7 years,5.0917576754782905,male : single,none,0.16583489557938735,"if not A121/A122 : car or other, not in attribute 6",28.34222779706254,none,own,-0.2954552861566273,skilled employee / official,-0.4975159752393248,none,yes
0.9301604190006125,no checking account,39.264693012805346,delay in paying off in the past,domestic appliances,8587.385745853828,... < 100 DM,.. >= 7 years,1.926754201670799,male : single,none,3.21105041044862,real estate,45.851429189169814,none,own,1.7959691151257633,skilled employee / official,-0.5461869903101606,none,yes
-2.1219167059888857,< 0 DM,12.13582633833867,existing credits paid back duly till now,domestic appliances,757.797078376882,... < 100 DM,unemployed,5.021415898427028,female : divorced/separated/married,guarantor,1.4752437385796664,unknown / no property,26.804730696839645,none,own,-0.30381817603964034,skilled employee / official,2.940117180415207,"yes, registered under the customers name ",yes
-0.5946467253952709,no checking account,37.096256759284394,no credits taken/ all credits paid back duly,domestic appliances,4689.413535280838,... < 100 DM,... < 1 year ,-0.7876703040692514,male : single,none,1.661314985957269,if not A121 : building society savings agreement/ life insurance,32.02472226381052,none,own,-0.37385699972343533,skilled employee / official,-1.4272055562782846,"yes, registered under the customers name ",yes
0.19895494603147698,< 0 DM,16.791210486628692,existing credits paid back duly till now,car (new),2687.432409352645,... < 100 DM,1 <= ... < 4 years,0.7487517871972078,female : divorced/separated/married,none,6.544477723544196,real estate,22.91785400699721,none,own,1.8269465862110088,skilled employee / official,1.6019585488763177,"yes, registered under the customers name ",yes
-0.17220130364209701,0 <= ... < 200 DM,8.005066614220281,existing credits paid back duly till now,car (new),586.6097611317248,... < 100 DM,1 <= ... < 4 years,6.151445934988384,male : single,none,2.5026222532600872,if not A121 : building society savings agreement/ life insurance,18.7600926722143,none,for free,1.7245771184388656,skilled employee / official,1.3165940744358315,none,yes
1.5816122433801612,0 <= ... < 200 DM,20.635347036417947,existing credits paid back duly till now,business,2255.247480028823,... < 100 DM,1 <= ... < 4 years,4.713512580616716,male : divorced/separated,none,1.182587544350909,if not A121 : building society savings agreement/ life insurance,53.18538665536303,bank,own,-2.855042271433494,skilled employee / official,2.92091015494334,"yes, registered under the customers name ",yes
0.6892904524721047,0 <= ... < 200 DM,6.420582582172293,delay in paying off in the past,domestic appliances,607.82696869816,unknown/ no savings account,... < 1 year ,3.3910443845069462,female : divorced/separated/married,none,4.909255587304612,real estate,36.19340937415875,none,rent,-0.9111138426241792,skilled employee / official,0.7337362565261376,none,yes
1.336652036215994,>= 200 DM / salary assignments for at least 1 year,4.570246876204981,delay in paying off in the past,(vacation - does not exist?),1361.0219657851649,... < 100 DM,4 <= ... < 7 years,2.8929220424903748,male : married/widowed,none,5.6182349767712,real estate,40.149962435979674,none,for free,-1.2945329829229268,skilled employee / official,3.582261934395117,"yes, registered under the customers name ",yes
-0.3767445644615188,>= 200 DM / salary assignments for at least 1 year,38.62405052443983,existing credits paid back duly till now,domestic appliances,7129.871988035536,... < 100 DM,... < 1 year ,1.879815504489737,male : single,none,3.680774664958655,real estate,25.851082744742037,none,own,0.23405618777205128,skilled employee / official,0.6555597238118039,none,yes
1.7956308168210962,0 <= ... < 200 DM,5.369651220229552,existing credits paid back duly till now,domestic appliances,1204.1104801485587,unknown/ no savings account,4 <= ... < 7 years,3.0251570047036664,male : single,none,1.4221882382946835,real estate,44.6241924253692,none,rent,1.8288466589572763,unskilled - resident,1.8687850531696006,none,yes
3.257873895247983,< 0 DM,2.1309385285737643,all credits at this bank paid back duly,car (used),696.577053680539,... < 100 DM,unemployed,5.313637053440275,male : single,none,0.5223690749581369,real estate,34.02496444030261,none,own,2.4378776941432716,skilled employee / official,-2.0058821744944813,"yes, registered under the customers name ",yes
-1.9402990393028252,< 0 DM,21.463972166312004,critical account/ other credits existing (not at this bank),car (used),5506.569511086847,unknown/ no savings account,.. >= 7 years,1.5452645186817362,male : single,none,1.8875100146696084,real estate,45.35680575059327,none,own,4.130558743398398,skilled employee / official,-4.276556152582217,"yes, registered under the customers name ",yes
-0.7753913114291195,< 0 DM,12.50064796073885,existing credits paid back duly till now,car (new),3193.5645875854093,... < 100 DM,.. >= 7 years,2.0806728111093813,male : single,none,2.6367184531494674,real estate,25.280604735331472,none,for free,2.505603645883542,skilled employee / official,1.7550937071317068,none,yes
3.6715686726404657,0 <= ... < 200 DM,47.53174892543417,critical account/ other credits existing (not at this bank),business,7118.5724062763,100 <= ... < 500 DM,1 <= ... < 4 years,2.375463610786694,female : divorced/separated/married,none,3.7242356221155277,"if not A121/A122 : car or other, not in attribute 6",51.38786505409687,none,own,4.143805912365316,skilled employee / official,2.862366252078459,"yes, registered under the customers name ",yes
-0.38268797339012056,>= 200 DM / salary assignments for at least 1 year,23.623231745471234,existing credits paid back duly till now,radio/television,3484.3990426165315,100 <= ... < 500 DM,1 <= ... < 4 years,-0.17120674920051115,male : single,none,4.149854157132452,real estate,24.697731845270877,none,own,2.216792382918246,skilled employee / official,1.951004666303765,none,yes
2.807642784133114,no checking account,17.151074580436205,critical account/ other credits existing (not at this bank),business,1116.7860977708451,.. >= 1000 DM ,.. >= 7 years,2.1590884875014007,male : married/widowed,none,6.078507219268121,if not A121 : building society savings agreement/ life insurance,25.679246728109472,none,own,1.4193586181829794,skilled employee / official,0.9501349704906417,"yes, registered under the customers name ",yes
-0.8850714237843678,< 0 DM,28.157758078059477,delay in paying off in the past,business,7967.364785019626,100 <= ... < 500 DM,1 <= ... < 4 years,5.136412894127664,male : single,none,0.6253537818754511,real estate,27.18009301997111,none,own,4.1987034845753115,skilled employee / official,3.979444504420745,none,yes
2.9100911525414226,0 <= ... < 200 DM,17.397039673033387,critical account/ other credits existing (not at this bank),domestic appliances,1531.8599742823744,... < 100 DM,... < 1 year ,4.769446629170468,male : divorced/separated,none,2.5276393955347,real estate,31.910405449274283,bank,own,2.838825583480199,management/ self-employed/ highly qualified employee/ officer,0.08024436852595607,"yes, registered under the customers name ",yes
0.26297163361090437,0 <= ... < 200 DM,3.6592231532877775,existing credits paid back duly till now,radio/television,1502.2571645278358,... < 100 DM,1 <= ... < 4 years,-0.6471766028027783,male : single,none,1.3774219268224355,real estate,42.43392364722905,none,own,2.752190735107982,unskilled - resident,2.841758039344739,none,yes
1.5164576466453905,0 <= ... < 200 DM,31.730612665046287,existing credits paid back duly till now,radio/television,2304.1647038595834,500 <= ... < 1000 DM ,1 <= ... < 4 years,0.9192912483031788,female : divorced/separated/married,co-applicant,2.591680124850968,unknown / no property,30.544644741628346,bank,own,3.5421437417202846,skilled employee / official,2.189272450008157,none,yes
3.1294360433398087,0 <= ... < 200 DM,7.234563160984517,existing credits paid back duly till now,car (new),660.9160331995477,... < 100 DM,1 <= ... < 4 years,2.7756721997788323,male : single,none,6.862954227854834,"if not A121/A122 : car or other, not in attribute 6",40.925093830033404,none,own,-3.6915764850067934,skilled employee / official,5.437480319498221,"yes, registered under the customers name ",yes
-0.7235409548883425,no checking account,37.11072045701715,existing credits paid back duly till now,car (used),2275.296512849032,... < 100 DM,1 <= ... < 4 years,6.1223730663529645,male : single,none,2.817173603226295,if not A121 : building society savings agreement/ life insurance,30.561829042223074,none,own,1.4190736517191003,skilled employee / official,1.3659407604203329,"yes, registered under the customers name ",yes
-0.8822441918499166,>= 200 DM / salary assignments for at least 1 year,15.61878314031389,existing credits paid back duly till now,car (new),2632.0843905714487,... < 100 DM,1 <= ... < 4 years,1.6264837303912947,female : divorced/separated/married,none,4.580266654177511,"if not A121/A122 : car or other, not in attribute 6",29.220261007594218,none,own,1.388419068696538,skilled employee / official,-0.30638581245830565,none,yes
-0.8971284160567087,0 <= ... < 200 DM,13.962959498616232,existing credits paid back duly till now,radio/television,1503.4893638509748,... < 100 DM,.. >= 7 years,6.613999106808032,male : divorced/separated,none,7.588463558657173,if not A121 : building society savings agreement/ life insurance,40.91309873098215,none,own,3.3053657549631406,skilled employee / official,-1.9962907688306464,"yes, registered under the customers name ",yes
0.9046679012862774,0 <= ... < 200 DM,21.67034380707792,existing credits paid back duly till now,car (new),1311.291029610671,... < 100 DM,1 <= ... < 4 years,4.703861541637314,male : single,none,0.0022094407797155213,"if not A121/A122 : car or other, not in attribute 6",26.332897687896455,none,own,4.142789993901539,skilled employee / official,4.104734013324946,none,yes
-3.1315181443610287,< 0 DM,28.01751077237028,existing credits paid back duly till now,radio/television,3104.6500639265714,100 <= ... < 500 DM,4 <= ... < 7 years,4.942500915691787,male : divorced/separated,none,1.9845474377886365,unknown / no property,25.714283848857747,none,rent,-0.9003587404205251,skilled employee / official,1.8428218140970802,"yes, registered under the customers name ",yes
2.2749418053022428,no checking account,19.081144493716263,existing credits paid back duly till now,domestic appliances,2321.0912802404187,unknown/ no savings account,.. >= 7 years,-0.6714410186091389,male : single,none,1.732673937868122,unknown / no property,30.690828771147352,bank,own,3.822334348298552,management/ self-employed/ highly qualified employee/ officer,1.9061222117886043,none,yes
-1.0775426352354864,no checking account,7.498445854401709,existing credits paid back duly till now,domestic appliances,1372.2693143357963,... < 100 DM,1 <= ... < 4 years,5.875045843499516,female : divorced/separated/married,co-applicant,1.1708899064121558,real estate,73.2114339562359,none,own,-1.3428903720525378,skilled employee / official,7.23340848264784,none,yes
2.295625321467127,0 <= ... < 200 DM,14.625304611173297,all credits at this bank paid back duly,car (new),3608.7561497463394,unknown/ no savings account,1 <= ... < 4 years,2.330135925452786,male : single,none,4.601429083635456,unknown / no property,32.58011108076758,none,own,-1.2824304911216453,management/ self-employed/ highly qualified employee/ officer,1.6500894823725987,none,yes
-3.788520609800943,no checking account,46.1394706254599,critical account/ other credits existing (not at this bank),domestic appliances,7764.228880245785,... < 100 DM,unemployed,5.726184907221817,male : single,none,1.7868350124242438,real estate,43.12948451698082,none,own,0.5314285953452706,skilled employee / official,-1.6046428102000645,none,yes
-1.5731315502083374,>= 200 DM / salary assignments for at least 1 year,21.032737293450673,existing credits paid back duly till now,car (new),3050.2624766561344,... < 100 DM,.. >= 7 years,-0.628339963972226,male : single,none,2.3811146365485065,real estate,42.575579952506466,none,own,0.36358705573483086,skilled employee / official,0.6081928500140478,none,no
-2.372936302468204,no checking account,11.4782003539983,critical account/ other credits existing (not at this bank),car (used),1534.9604823050236,... < 100 DM,1 <= ... < 4 years,1.354098695019825,male : single,guarantor,3.1156695362578133,real estate,23.265139419791304,none,rent,-2.116834559433753,skilled employee / official,-0.9495648176973064,none,yes
-1.6524589327279051,< 0 DM,25.679845210265597,existing credits paid back duly till now,radio/television,2032.815456739236,.. >= 1000 DM ,unemployed,4.704005907875263,female : divorced/separated/married,none,4.544666802256657,"if not A121/A122 : car or other, not in attribute 6",60.741976449879104,stores,own,3.299755946985134,skilled employee / official,0.2082632108344552,"yes, registered under the customers name ",yes
1.4953318022178863,< 0 DM,30.47391077743849,no credits taken/ all credits paid back duly,radio/television,6349.358919243325,.. >= 1000 DM ,1 <= ... < 4 years,3.691933366848267,male : single,none,0.29440436987010843,"if not A121/A122 : car or other, not in attribute 6",32.20470567778504,none,own,2.358804849453204,skilled employee / official,0.1948207944907855,none,yes
0.6415467491004903,no checking account,17.790083687999655,existing credits paid back duly till now,car (used),2865.5749654087713,... < 100 DM,1 <= ... < 4 years,2.8090903861723135,male : single,none,-0.9335870423320691,if not A121 : building society savings agreement/ life insurance,31.591966172327883,none,rent,3.1080831923273413,skilled employee / official,0.825951217865901,"yes, registered under the customers name ",yes
-0.5067551378960299,no checking account,14.72770064986538,existing credits paid back duly till now,business,1254.908883746491,... < 100 DM,unemployed,3.4672058496149827,male : single,none,5.129420006426321,"if not A121/A122 : car or other, not in attribute 6",60.869676763718616,none,own,1.1330893404442697,skilled employee / official,-1.786565010710794,none,no
0.6816302572398785,< 0 DM,23.5266823506962,critical account/ other credits existing (not at this bank),car (used),1332.0257728783697,... < 100 DM,... < 1 year ,2.7018804939174412,male : single,none,2.0423972870247318,real estate,46.340560841575495,none,rent,1.9208345700551026,skilled employee / official,5.185003267344593,"yes, registered under the customers name ",yes
0.40677648123988686,0 <= ... < 200 DM,20.43852378487306,critical account/ other credits existing (not at this bank),business,2021.3762173754892,... < 100 DM,4 <= ... < 7 years,7.210966765587929,male : married/widowed,none,-1.388005235384976,"if not A121/A122 : car or other, not in attribute 6",40.42862935996863,none,for free,0.9391456701947146,skilled employee / official,1.5976960888767877,"yes, registered under the customers name ",yes
-2.0170720838862155,0 <= ... < 200 DM,22.39351981609659,no credits taken/ all credits paid back duly,radio/television,1556.0412793975518,unknown/ no savings account,.. >= 7 years,5.097905732722884,male : single,none,3.485660767736481,real estate,33.9746461880539,bank,own,4.375990882936929,skilled employee / official,1.5490559305995235,none,yes
2.4136992817981016,< 0 DM,13.102383457403388,delay in paying off in the past,business,622.5300478359092,... < 100 DM,1 <= ... < 4 years,2.4782705099036466,female : divorced/separated/married,co-applicant,4.273313012507665,if not A121 : building society savings agreement/ life insurance,24.67498627763768,none,own,-4.668489565266436,unskilled - resident,2.515275659031486,none,no
1.3253319407709678,0 <= ... < 200 DM,48.791018212725014,delay in paying off in the past,car (used),8858.999576208591,... < 100 DM,4 <= ... < 7 years,3.136888611189226,male : divorced/separated,none,-0.63814932800009,real estate,32.989787222309246,none,rent,0.08611130202179318,skilled employee / official,1.9421345496987819,none,yes
0.770075875312202,no checking account,8.865883499529124,existing credits paid back duly till now,repairs,992.6417791447526,unknown/ no savings account,1 <= ... < 4 years,2.5146422905976937,male : single,none,5.989911195133328,"if not A121/A122 : car or other, not in attribute 6",24.437243250782107,none,own,2.011081685583595,unskilled - resident,1.551381465484095,"yes, registered under the customers name ",yes
1.1130668855025263,0 <= ... < 200 DM,4.551314961183598,no credits taken/ all credits paid back duly,domestic appliances,1749.783533323354,... < 100 DM,4 <= ... < 7 years,-0.36936928732464835,male : single,none,2.644919974186202,"if not A121/A122 : car or other, not in attribute 6",44.68395754250632,none,own,-1.171140469831006,skilled employee / official,3.3699961455336536,none,yes
1.5928360016173189,>= 200 DM / salary assignments for at least 1 year,46.836557301595505,critical account/ other credits existing (not at this bank),business,6998.132745029691,100 <= ... < 500 DM,.. >= 7 years,3.0676188827979525,male : single,none,-0.3769042352084293,real estate,35.12105655054569,none,for free,1.483359285457765,unskilled - resident,1.2678694875173133,none,yes
4.070146605462135,no checking account,11.26906081177155,existing credits paid back duly till now,car (used),1990.8299434066403,... < 100 DM,4 <= ... < 7 years,0.5918007487051886,female : divorced/separated/married,none,1.7167053020280725,"if not A121/A122 : car or other, not in attribute 6",25.734313090295768,none,for free,0.7478489272601813,skilled employee / official,2.340442913983183,none,yes
-0.1741883421050198,no checking account,6.248172822796898,existing credits paid back duly till now,repairs,1199.7780751808675,.. >= 1000 DM ,... < 1 year ,5.853711827153083,male : single,none,7.562076918484589,real estate,66.65413377432014,bank,rent,0.6846277824150624,skilled employee / official,2.5062246017555503,"yes, registered under the customers name ",yes
0.3858335633308465,0 <= ... < 200 DM,10.743257783761043,existing credits paid back duly till now,(vacation - does not exist?),1330.2399238756157,... < 100 DM,1 <= ... < 4 years,1.4945553748538831,male : married/widowed,none,4.247174355945773,"if not A121/A122 : car or other, not in attribute 6",22.32829472015285,none,for free,1.128937852205345,skilled employee / official,1.3254374700656062,none,yes
-0.5070551607147558,0 <= ... < 200 DM,16.542779029480947,all credits at this bank paid back duly,car (used),2273.8015873148775,... < 100 DM,.. >= 7 years,2.5769067938389427,female : divorced/separated/married,none,3.719422997808213,unknown / no property,28.492556182987716,none,for free,3.2562985555156265,skilled employee / official,0.5592110130077688,none,yes
-1.0645253411556737,0 <= ... < 200 DM,22.54306651952384,critical account/ other credits existing (not at this bank),radio/television,5004.6791361815485,... < 100 DM,.. >= 7 years,1.8195024392465795,male : married/widowed,none,4.92477131770064,real estate,29.987445428920495,none,own,1.5274671099379962,skilled employee / official,4.060795602907818,none,yes
-1.4889435752021507,>= 200 DM / salary assignments for at least 1 year,25.61824262198049,existing credits paid back duly till now,radio/television,3554.870012355978,unknown/ no savings account,.. >= 7 years,4.162397623988505,female : divorced/separated/married,none,5.58299786416965,unknown / no property,25.8416100309502,bank,for free,0.09361053206252867,skilled employee / official,0.04419692045313284,"yes, registered under the customers name ",yes
-0.777594626461837,< 0 DM,17.70837908382237,critical account/ other credits existing (not at this bank),radio/television,1930.980248684593,... < 100 DM,... < 1 year ,0.34731364634218354,male : single,co-applicant,-0.5139673507386981,if not A121 : building society savings agreement/ life insurance,28.313431095779595,none,for free,1.6684701666922557,skilled employee / official,1.7826272008546917,"yes, registered under the customers name ",yes
-0.14136076330414263,no checking account,23.215920408258537,existing credits paid back duly till now,business,2964.717912881303,unknown/ no savings account,1 <= ... < 4 years,5.435451217500127,male : single,co-applicant,5.2882966743039646,real estate,52.24957007979959,none,own,0.9851273067088212,management/ self-employed/ highly qualified employee/ officer,2.827816821478133,none,yes
1.668590256995429,< 0 DM,24.279848624078227,existing credits paid back duly till now,business,1546.0921162771542,unknown/ no savings account,.. >= 7 years,4.2267410760504465,male : single,co-applicant,2.5318530637129437,if not A121 : building society savings agreement/ life insurance,28.978508338046716,none,rent,-2.480639130668844,skilled employee / official,-0.21911570452727114,"yes, registered under the customers name ",yes
0.10228411710432357,< 0 DM,4.36684978508885,existing credits paid back duly till now,radio/television,685.6563132417916,... < 100 DM,1 <= ... < 4 years,-0.5121095857360762,male : single,none,1.6369561335931615,"if not A121/A122 : car or other, not in attribute 6",29.894841422404756,none,for free,1.9231078359225573,skilled employee / official,-0.6156447706229866,none,yes
-0.5310705548594259,< 0 DM,33.706335835665115,critical account/ other credits existing (not at this bank),business,12392.36476717068,100 <= ... < 500 DM,... < 1 year ,0.6602510328405216,male : single,none,3.5450647447853254,"if not A121/A122 : car or other, not in attribute 6",34.35201581053978,none,own,0.09799754110641123,skilled employee / official,0.29229595826029797,none,yes
1.8003691280399265,no checking account,22.119557582148566,existing credits paid back duly till now,radio/television,4714.267137405751,100 <= ... < 500 DM,.. >= 7 years,6.762558031117852,male : married/widowed,co-applicant,3.002416654228429,if not A121 : building society savings agreement/ life insurance,35.453609766314244,none,own,4.523070149622102,unskilled - resident,0.015566293648784368,"yes, registered under the customers name ",yes
1.478825344601895,< 0 DM,22.730373672057087,critical account/ other credits existing (not at this bank),business,1551.1169247955404,... < 100 DM,4 <= ... < 7 years,6.353189596491394,male : married/widowed,guarantor,2.23620693001292,real estate,24.01823513810194,none,own,3.1821069512849496,skilled employee / official,-1.9162611232777307,"yes, registered under the customers name ",yes
0.6807033851559661,no checking account,9.673052400415457,existing credits paid back duly till now,radio/television,1372.4026897064298,unknown/ no savings account,... < 1 year ,3.4346969152173545,male : single,none,-3.1460605416425995,"if not A121/A122 : car or other, not in attribute 6",38.68223122336257,none,rent,3.3401328084393103,skilled employee / official,-0.30299016503855114,none,yes
-1.305832289329424,0 <= ... < 200 DM,24.32411911812575,existing credits paid back duly till now,car (new),2578.879032288583,... < 100 DM,.. >= 7 years,-0.3806869763367402,female : divorced/separated/married,none,2.3577834234103614,"if not A121/A122 : car or other, not in attribute 6",31.574218730916286,bank,rent,-1.0220075874298167,skilled employee / official,1.5324459692691246,none,yes
1.096855841659599,no checking account,49.45943134756742,existing credits paid back duly till now,radio/television,3975.3807660621655,... < 100 DM,4 <= ... < 7 years,4.981213804911777,female : divorced/separated/married,none,2.2843059045985257,if not A121 : building society savings agreement/ life insurance,40.751334358302195,none,own,1.257226717625147,skilled employee / official,4.531887168297198,"yes, registered under the customers name ",yes
1.375947174972209,0 <= ... < 200 DM,44.825803398403515,critical account/ other credits existing (not at this bank),car (new),6758.938721319241,... < 100 DM,... < 1 year ,4.7017218077183855,female : divorced/separated/married,none,2.8918566966769075,"if not A121/A122 : car or other, not in attribute 6",31.39186412888794,none,own,-1.4849169749148183,unskilled - resident,2.1087826703472663,none,yes
-1.8962545188300952,>= 200 DM / salary assignments for at least 1 year,24.050257422432068,existing credits paid back duly till now,(vacation - does not exist?),3238.545983651959,... < 100 DM,1 <= ... < 4 years,5.451415966637445,female : divorced/separated/married,none,3.7948281075828407,if not A121 : building society savings agreement/ life insurance,24.72915690257175,none,own,-0.41038241785865215,skilled employee / official,-4.199068996740476,"yes, registered under the customers name ",yes
-0.1359605119688098,no checking account,29.56012840946733,existing credits paid back duly till now,car (used),5955.279872331602,... < 100 DM,.. >= 7 years,4.569908577375836,male : single,none,5.284323383860812,real estate,37.31279781119924,none,rent,3.5042108490171833,skilled employee / official,2.2826074295146555,"yes, registered under the customers name ",no
0.5240716241487621,no checking account,24.683017371073607,existing credits paid back duly till now,radio/television,5435.946826162884,... < 100 DM,4 <= ... < 7 years,2.7265261584950617,male : single,none,4.622746258243322,real estate,22.87237061735615,none,own,3.9749811558449903,skilled employee / official,-0.11630357179143558,none,yes
-1.7993895729755076,no checking account,14.974122463792824,critical account/ other credits existing (not at this bank),domestic appliances,806.3658294602574,... < 100 DM,... < 1 year ,3.8551753223389125,male : single,none,4.875346600386212,"if not A121/A122 : car or other, not in attribute 6",23.242395118905804,none,rent,-1.2962665896089196,unskilled - resident,1.906160149375526,none,yes
0.379686785674886,0 <= ... < 200 DM,6.092801440136738,critical account/ other credits existing (not at this bank),domestic appliances,1081.8535633520323,unknown/ no savings account,... < 1 year ,2.783265008191963,male : single,none,6.088983788101137,if not A121 : building society savings agreement/ life insurance,29.249591930342476,none,own,1.0834446633654329,skilled employee / official,0.9717294815787438,none,yes
-2.9096449705155782,< 0 DM,12.47522140228567,existing credits paid back duly till now,domestic appliances,2788.7625427801618,... < 100 DM,1 <= ... < 4 years,-1.7958710370029927,male : single,none,3.7251859993931977,"if not A121/A122 : car or other, not in attribute 6",23.83481707650968,none,own,1.8476086559521017,unskilled - resident,0.6146247478263445,"yes, registered under the customers name ",yes
2.6723722000243417,no checking account,12.058847151169946,critical account/ other credits existing (not at this bank),domestic appliances,2928.368346704031,unknown/ no savings account,.. >= 7 years,2.679283533426702,male : single,guarantor,-0.7960355068284071,unknown / no property,27.810480182612864,none,own,2.1712112836195625,skilled employee / official,0.7955285440757174,none,yes
2.4958999701188636,< 0 DM,26.05756183949102,existing credits paid back duly till now,car (new),1925.0724496255311,... < 100 DM,unemployed,3.3721056873043773,male : married/widowed,none,-2.8766748275592446,real estate,32.05101754114586,none,own,-1.519620527072985,skilled employee / official,0.9551513834604399,none,yes
0.4949653313940705,0 <= ... < 200 DM,31.571625257913993,existing credits paid back duly till now,car (new),2822.532609114339,... < 100 DM,.. >= 7 years,5.115151685649632,female : divorced/separated/married,none,3.0457581959638373,real estate,25.30845441054821,bank,own,-1.2060001630568769,skilled employee / official,3.6888099441804876,"yes, registered under the customers name ",yes
0.7269086756781463,no checking account,24.69145315960316,existing credits paid back duly till now,car (new),939.7446846857331,unknown/ no savings account,unemployed,1.3249126134142117,female : divorced/separated/married,none,4.521891051762233,"if not A121/A122 : car or other, not in attribute 6",29.052851361094437,none,own,2.9792522877448047,skilled employee / official,0.9606796258298251,"yes, registered under the customers name ",yes
-3.81984393159975,no checking account,20.379244010575285,no credits taken/ all credits paid back duly,repairs,1054.0177873688253,unknown/ no savings account,1 <= ... < 4 years,4.29003337863012,male : married/widowed,none,2.293807337164388,real estate,30.774991695628923,none,rent,-1.8980771378358487,management/ self-employed/ highly qualified employee/ officer,3.1710722663624007,"yes, registered under the customers name ",yes
-2.3126953205306657,no checking account,11.693948247587574,critical account/ other credits existing (not at this bank),(vacation - does not exist?),3125.9359976091077,100 <= ... < 500 DM,1 <= ... < 4 years,5.109090189241554,male : divorced/separated,none,4.602356744563459,real estate,49.980737198803766,none,own,1.1064051877222596,unskilled - resident,3.8798117316913143,"yes, registered under the customers name ",yes
-0.5875578403042596,< 0 DM,10.100404992052882,no credits taken/ all credits paid back duly,car (new),1387.826080048788,unknown/ no savings account,1 <= ... < 4 years,4.156900261555823,female : divorced/separated/married,none,2.297456351840546,unknown / no property,29.004230295989228,none,for free,1.3241836171176815,unskilled - resident,2.334091095167306,none,yes
-1.1442660428537184,no checking account,34.5938618382044,existing credits paid back duly till now,car (new),2384.679617148981,500 <= ... < 1000 DM ,1 <= ... < 4 years,3.8766693615869183,male : married/widowed,none,3.5761321405243693,real estate,30.890315331362853,none,rent,1.8313319398662347,skilled employee / official,-2.573237640259355,none,yes
1.4287929652613176,>= 200 DM / salary assignments for at least 1 year,11.761267601446246,delay in paying off in the past,domestic appliances,2133.92043727887,... < 100 DM,... < 1 year ,4.618004712171402,male : single,none,3.409566585758678,"if not A121/A122 : car or other, not in attribute 6",50.89594746368115,none,own,0.716563808912336,unskilled - resident,3.2332653123232133,"yes, registered under the customers name ",yes
4.994593061495988,>= 200 DM / salary assignments for at least 1 year,14.758172963383696,critical account/ other credits existing (not at this bank),(vacation - does not exist?),2040.9887009362487,... < 100 DM,1 <= ... < 4 years,5.064674049420676,male : single,none,4.9352296531353765,real estate,20.315866697669392,none,own,0.2684865619049388,skilled employee / official,0.08419741172882389,none,yes
-2.353229438858604,no checking account,4.311313383162252,delay in paying off in the past,car (new),2799.1654364037263,100 <= ... < 500 DM,1 <= ... < 4 years,-0.047295523399781825,female : divorced/separated/married,none,3.0117701290707184,"if not A121/A122 : car or other, not in attribute 6",34.87137352447752,none,own,3.6891417194329588,skilled employee / official,3.4314545621495447,none,yes
-1.6749268081703854,no checking account,13.88553160245055,all credits at this bank paid back duly,business,1291.8203239906038,... < 100 DM,4 <= ... < 7 years,4.40641386678781,female : divorced/separated/married,none,4.003203745262386,if not A121 : building society savings agreement/ life insurance,22.5662730705449,none,own,1.5704118527315152,skilled employee / official,-0.945065666480827,none,yes
1.4708967366198606,< 0 DM,16.030010144551117,existing credits paid back duly till now,business,1217.61882567952,... < 100 DM,4 <= ... < 7 years,2.4006851554047115,male : single,none,-0.4132746126685558,unknown / no property,46.62520155819203,bank,for free,-0.29403324390291985,management/ self-employed/ highly qualified employee/ officer,-1.3701480866065117,none,yes
4.222232296999241,no checking account,11.088944309993138,critical account/ other credits existing (not at this bank),domestic appliances,2247.2483685449392,unknown/ no savings account,... < 1 year ,1.90599055831001,male : married/widowed,none,2.083183450893685,"if not A121/A122 : car or other, not in attribute 6",58.014934385005624,stores,own,2.0754457933644765,unskilled - resident,4.952777473662398,"yes, registered under the customers name ",yes
-2.4447486250798063,< 0 DM,9.227115493459614,existing credits paid back duly till now,domestic appliances,383.3334748169255,... < 100 DM,1 <= ... < 4 years,3.9008193842361214,male : single,none,4.6970322107770075,"if not A121/A122 : car or other, not in attribute 6",58.131543350375324,none,own,4.766338045312386,skilled employee / official,-0.9139661336762286,none,yes
0.49807224461388394,no checking account,21.18006059383225,critical account/ other credits existing (not at this bank),domestic appliances,1969.3173180214096,unknown/ no savings account,.. >= 7 years,6.6946464832271175,male : single,none,7.091792959557296,unknown / no property,42.34067754161357,none,own,5.436474482902763,management/ self-employed/ highly qualified employee/ officer,3.2922132781034947,"yes, registered under the customers name ",yes
3.6425977016262174,no checking account,20.65232459981077,existing credits paid back duly till now,car (new),1572.93964984641,... < 100 DM,... < 1 year ,7.601981201377473,male : single,none,4.4801430252841605,real estate,37.86936412579266,bank,own,2.5726473365831586,skilled employee / official,1.236840642873042,"yes, registered under the customers name ",yes
-2.3035182963585346,0 <= ... < 200 DM,22.540845611728706,existing credits paid back duly till now,business,2719.42599485069,unknown/ no savings account,1 <= ... < 4 years,3.896284289253413,male : married/widowed,none,3.414591671157026,"if not A121/A122 : car or other, not in attribute 6",20.78628180629485,none,own,3.4291137119078874,management/ self-employed/ highly qualified employee/ officer,0.15975988327965696,none,yes
-1.562138413691664,< 0 DM,24.755941995989396,existing credits paid back duly till now,domestic appliances,1354.7836283775769,... < 100 DM,1 <= ... < 4 years,3.246810553953029,male : single,none,4.51423673734889,"if not A121/A122 : car or other, not in attribute 6",40.92229278271967,none,rent,-0.22121479259926002,management/ self-employed/ highly qualified employee/ officer,0.9103422313395869,"yes, registered under the customers name ",yes
0.1527867870783235,no checking account,6.905076837959184,existing credits paid back duly till now,education,929.3545959538418,.. >= 1000 DM ,... < 1 year ,5.985477733277037,female : divorced/separated/married,none,2.7374053504633657,"if not A121/A122 : car or other, not in attribute 6",32.64058336801445,none,rent,-0.04836581251000527,skilled employee / official,-1.6021889930626223,none,yes
-0.04117682571082204,0 <= ... < 200 DM,24.641699292649214,existing credits paid back duly till now,domestic appliances,1444.4757673758374,... < 100 DM,1 <= ... < 4 years,3.1448910373409595,male : married/widowed,none,3.2806766426653855,"if not A121/A122 : car or other, not in attribute 6",22.62355495741614,none,own,1.52924001437402,unskilled - resident,0.9724912407815389,none,yes
2.625202575507289,no checking account,24.47720158185689,existing credits paid back duly till now,car (new),4241.573782236585,... < 100 DM,.. >= 7 years,-0.14227182871947464,male : single,guarantor,4.660614624355093,"if not A121/A122 : car or other, not in attribute 6",34.56756176977747,none,own,2.712854706723672,management/ self-employed/ highly qualified employee/ officer,-1.165480627791919,"yes, registered under the customers name ",yes
1.4833194396416762,0 <= ... < 200 DM,21.15553640986377,existing credits paid back duly till now,car (new),2771.172440530342,... < 100 DM,4 <= ... < 7 years,-1.5498860891574537,male : single,none,4.361054524823938,real estate,31.57767670331875,none,own,-0.01604991560578073,skilled employee / official,0.20911241137202874,"yes, registered under the customers name ",yes
-3.5499241192842566,no checking account,21.864812461910226,existing credits paid back duly till now,car (new),3865.0765798579678,... < 100 DM,4 <= ... < 7 years,3.792183138489487,female : divorced/separated/married,none,5.7809179865489035,"if not A121/A122 : car or other, not in attribute 6",31.33375046823272,none,own,3.5318672531136364,unskilled - resident,2.850599127939152,"yes, registered under the customers name ",yes
1.0308208058016217,< 0 DM,6.890130267594165,all credits at this bank paid back duly,furniture/equipment,2327.9124343912945,500 <= ... < 1000 DM ,.. >= 7 years,2.936491184742588,male : single,co-applicant,2.485209918470584,"if not A121/A122 : car or other, not in attribute 6",48.37964524088203,none,rent,2.766703275517584,skilled employee / official,1.5083813531153147,none,yes
-0.15507777471130102,0 <= ... < 200 DM,11.265379641039178,critical account/ other credits existing (not at this bank),(vacation - does not exist?),920.8226339717535,... < 100 DM,1 <= ... < 4 years,8.835611072232892,male : single,none,1.0882777933311862,unknown / no property,32.68436458954644,none,own,0.3886442773969856,skilled employee / official,-1.964340997761043,none,yes
3.548894433882478,>= 200 DM / salary assignments for at least 1 year,26.52907961867607,existing credits paid back duly till now,domestic appliances,1836.8243286427926,unknown/ no savings account,... < 1 year ,1.2209532955637483,male : single,none,3.8918496479241838,"if not A121/A122 : car or other, not in attribute 6",35.26567826470322,none,own,2.283421298027707,skilled employee / official,2.7029762538277398,none,yes
-0.25517507287383934,0 <= ... < 200 DM,33.156472701310854,existing credits paid back duly till now,radio/television,3349.409413372041,... < 100 DM,... < 1 year ,6.916341614958219,female : divorced/separated/married,none,3.114793114387246,if not A121 : building society savings agreement/ life insurance,28.756933878585972,bank,own,1.4457983260076759,unskilled - resident,0.9858004761817148,"yes, registered under the customers name ",yes
-1.2732305662044714,< 0 DM,9.37528911668826,critical account/ other credits existing (not at this bank),car (new),1277.3579091571833,... < 100 DM,4 <= ... < 7 years,4.140271036732255,female : divorced/separated/married,none,1.7686543150410996,if not A121 : building society savings agreement/ life insurance,22.824081898037647,none,for free,2.4396559618627496,skilled employee / official,-0.08437053681867734,none,yes
1.0822632216090629,0 <= ... < 200 DM,26.716242191734523,existing credits paid back duly till now,radio/television,2826.2050140582905,... < 100 DM,... < 1 year ,5.612200433600273,female : divorced/separated/married,none,4.379280998044776,real estate,19.47775253730573,none,own,-1.6886142470512602,skilled employee / official,2.493352607817862,none,yes
1.5258529646738732,0 <= ... < 200 DM,25.01615821039813,critical account/ other credits existing (not at this bank),radio/television,4524.0143063843325,... < 100 DM,.. >= 7 years,-0.2955542822089421,female : divorced/separated/married,none,-0.1157525290617496,"if not A121/A122 : car or other, not in attribute 6",73.56765555335608,none,rent,0.7086778536051304,management/ self-employed/ highly qualified employee/ officer,0.6655863260459953,none,yes
1.8961987278724073,no checking account,36.390526062959545,critical account/ other credits existing (not at this bank),car (new),2670.607003159204,... < 100 DM,1 <= ... < 4 years,6.936163645330595,male : single,none,6.594114392982318,unknown / no property,50.20280006681051,none,own,0.8839229441884093,skilled employee / official,-1.3313226798114255,"yes, registered under the customers name ",yes
-3.3711946347696164,< 0 DM,17.564630613130685,existing credits paid back duly till now,radio/television,2052.6543455992423,unknown/ no savings account,1 <= ... < 4 years,5.573033502663661,male : single,none,-1.280369454297357,real estate,33.45891294888933,bank,own,2.2472841992233024,skilled employee / official,4.695619422899209,"yes, registered under the customers name ",yes
1.0760688798565021,>= 200 DM / salary assignments for at least 1 year,14.23239814858451,existing credits paid back duly till now,radio/television,1297.338245494773,... < 100 DM,.. >= 7 years,3.922179930427565,female : divorced/separated/married,none,3.135776479093975,"if not A121/A122 : car or other, not in attribute 6",45.939072734031654,none,own,-0.25687520236426664,skilled employee / official,1.9654251142180246,"yes, registered under the customers name ",yes
-1.068616103348798,< 0 DM,12.576438126180648,all credits at this bank paid back duly,car (used),737.6639308002218,unknown/ no savings account,1 <= ... < 4 years,5.290225375322243,male : single,none,3.1951865217036275,"if not A121/A122 : car or other, not in attribute 6",23.84266039575537,stores,for free,-3.9998614481647925,skilled employee / official,0.8372295910355657,"yes, registered under the customers name ",yes
1.4705522231765271,no checking account,9.495251750031033,no credits taken/ all credits paid back duly,domestic appliances,1241.6474418540877,... < 100 DM,.. >= 7 years,-0.5309906020844983,female : divorced/separated/married,none,7.9819737597772775,if not A121 : building society savings agreement/ life insurance,46.61569185661426,none,own,-1.1633994353658412,skilled employee / official,1.18978965653882,none,no
-2.8474688707981204,0 <= ... < 200 DM,20.91484275791111,existing credits paid back duly till now,car (new),3355.794043374866,... < 100 DM,.. >= 7 years,2.841119828836601,male : single,guarantor,1.1546340302953453,if not A121 : building society savings agreement/ life insurance,27.63384878558198,none,own,0.8779040285781853,skilled employee / official,3.3599314789151786,none,yes
0.8926442950861273,0 <= ... < 200 DM,24.157197412230076,existing credits paid back duly till now,car (used),3631.2155479741596,unknown/ no savings account,1 <= ... < 4 years,0.07311077274920752,male : single,co-applicant,2.6679683720792076,real estate,24.90171335948632,bank,own,1.1277684510066632,skilled employee / official,-0.04975701628408036,none,yes
-0.6131978086147452,no checking account,16.643856943013002,existing credits paid back duly till now,business,1804.2863791961197,... < 100 DM,1 <= ... < 4 years,0.29454427661944393,male : single,none,-0.10163383466758757,real estate,23.541963178386297,none,own,4.367496245249969,management/ self-employed/ highly qualified employee/ officer,-2.089959717623209,"yes, registered under the customers name ",yes
-2.5652693005210434,< 0 DM,49.06425874776288,delay in paying off in the past,car (new),12202.642041371297,... < 100 DM,1 <= ... < 4 years,3.7235169884067343,female : divorced/separated/married,none,5.317794335222625,unknown / no property,47.218458115733355,bank,own,2.165492881316198,skilled employee / official,-0.3573553237919571,none,yes
1.427640272964799,no checking account,65.82848929683084,critical account/ other credits existing (not at this bank),car (used),9156.984865406737,.. >= 1000 DM ,1 <= ... < 4 years,4.3831872283651325,female : divorced/separated/married,none,-3.6246939870120425,if not A121 : building society savings agreement/ life insurance,26.785577662095527,none,own,1.1630605584629787,management/ self-employed/ highly qualified employee/ officer,3.653549200909585,none,yes
0.4832890433535026,no checking account,2.4460267213478497,existing credits paid back duly till now,education,3677.860755715246,500 <= ... < 1000 DM ,1 <= ... < 4 years,-0.40268829952768326,male : single,none,0.9945239757028261,"if not A121/A122 : car or other, not in attribute 6",36.7945721066502,bank,own,2.935217446437125,unskilled - resident,3.6642643229142347,"yes, registered under the customers name ",yes
-0.22795360278579424,0 <= ... < 200 DM,30.64802504837996,existing credits paid back duly till now,car (new),3439.457539667531,... < 100 DM,1 <= ... < 4 years,2.6964060318896377,male : single,none,9.462577418319103,real estate,21.063148244562765,none,own,3.208366764339386,management/ self-employed/ highly qualified employee/ officer,0.4899686946802777,"yes, registered under the customers name ",yes
2.9023576980421284,no checking account,10.479619822762189,existing credits paid back duly till now,car (used),643.3147522404649,.. >= 1000 DM ,1 <= ... < 4 years,3.4689190507415275,male : single,none,3.181764146983274,real estate,49.94536618447722,none,own,-0.18022090431487636,management/ self-employed/ highly qualified employee/ officer,3.7465102832809483,"yes, registered under the customers name ",yes
-0.8813048431394849,0 <= ... < 200 DM,22.1548051550385,critical account/ other credits existing (not at this bank),domestic appliances,3650.6308879516405,.. >= 1000 DM ,.. >= 7 years,2.656547924162061,male : single,none,0.78803010132156,unknown / no property,32.06998549219966,none,own,1.7194324245188024,skilled employee / official,2.495884457643765,none,yes
1.0642153479418692,< 0 DM,18.09311494665572,existing credits paid back duly till now,domestic appliances,1528.6338163968296,... < 100 DM,1 <= ... < 4 years,1.7448455175779416,male : single,none,1.916164035650457,if not A121 : building society savings agreement/ life insurance,32.37951312232531,none,rent,-0.17851624027660318,skilled employee / official,0.46682127273078655,none,yes
1.5378268953572019,no checking account,49.52370954808492,existing credits paid back duly till now,domestic appliances,3917.074715103796,... < 100 DM,1 <= ... < 4 years,2.2331496878247283,male : single,none,2.134909132135723,"if not A121/A122 : car or other, not in attribute 6",39.3251963008505,none,rent,3.837812097390608,skilled employee / official,0.6681802897978406,"yes, registered under the customers name ",yes
-1.2393318682572272,no checking account,14.35101315301756,critical account/ other credits existing (not at this bank),domestic appliances,1858.4229203047278,unknown/ no savings account,1 <= ... < 4 years,6.104149772047485,male : divorced/separated,none,2.692250491811212,"if not A121/A122 : car or other, not in attribute 6",18.627046587619716,none,for free,1.7849978740032273,management/ self-employed/ highly qualified employee/ officer,1.6586354638908682,none,yes
1.9422725867998587,no checking account,18.38484223553636,delay in paying off in the past,radio/television,2598.895950541977,... < 100 DM,... < 1 year ,3.872258829751015,male : married/widowed,none,7.679004005645127,"if not A121/A122 : car or other, not in attribute 6",64.03020001444233,none,own,0.5849534079921082,unskilled - resident,-0.6637738993276316,none,yes
-1.066904694329449,>= 200 DM / salary assignments for at least 1 year,17.264104576828355,existing credits paid back duly till now,domestic appliances,1978.6897337376388,... < 100 DM,4 <= ... < 7 years,8.04421790170695,female : divorced/separated/married,co-applicant,2.7771033625584307,unknown / no property,37.45763000543321,none,for free,0.7710899793633841,unskilled - resident,1.0090101310187019,none,yes
-0.8232766444324184,no checking account,1.3114042124226453,existing credits paid back duly till now,domestic appliances,2118.706147155084,... < 100 DM,1 <= ... < 4 years,2.09261992958828,female : divorced/separated/married,none,0.9204233939740785,real estate,41.80463078271323,bank,rent,2.01930152641256,unemployed/ unskilled - non-resident,1.6170267292265805,none,yes
3.725285279606682,< 0 DM,12.180904595832047,existing credits paid back duly till now,car (new),1439.9324056392513,... < 100 DM,.. >= 7 years,0.14784391929901552,male : divorced/separated,none,4.574168884196409,real estate,20.221770830270327,none,own,0.49856217455544916,skilled employee / official,-2.3739324772170796,"yes, registered under the customers name ",yes
-2.081172105024866,no checking account,42.75012430378468,existing credits paid back duly till now,domestic appliances,4040.3664136414595,... < 100 DM,... < 1 year ,6.453881752871878,male : single,none,2.603494606274278,if not A121 : building society savings agreement/ life insurance,37.34804640463239,none,for free,0.9310587565747983,skilled employee / official,0.6213593548642042,"yes, registered under the customers name ",yes
-4.82556066185898,>= 200 DM / salary assignments for at least 1 year,11.155686711490365,delay in paying off in the past,domestic appliances,3831.915132379842,... < 100 DM,1 <= ... < 4 years,2.2616003282920394,female : divorced/separated/married,none,1.9333250080219413,real estate,67.83632878925754,none,own,-0.3085473719686629,management/ self-employed/ highly qualified employee/ officer,0.3938876292686234,none,yes
3.2218739900237887,>= 200 DM / salary assignments for at least 1 year,21.560248510316956,delay in paying off in the past,domestic appliances,3660.1803136553353,... < 100 DM,... < 1 year ,3.453745727392847,male : single,none,0.48018225608710985,if not A121 : building society savings agreement/ life insurance,24.008184827760413,none,own,1.6779237984822295,skilled employee / official,3.056136039920645,"yes, registered under the customers name ",yes
6.098655905214006,< 0 DM,16.338460236789327,critical account/ other credits existing (not at this bank),radio/television,1551.0275197789667,... < 100 DM,... < 1 year ,6.381201357735837,female : divorced/separated/married,none,-0.13025678900080173,real estate,47.03877535129102,none,rent,0.2838914415786298,management/ self-employed/ highly qualified employee/ officer,-2.688993987622068,"yes, registered under the customers name ",yes
-0.8105385308986637,no checking account,15.291876588289549,existing credits paid back duly till now,domestic appliances,1443.8886298947,... < 100 DM,4 <= ... < 7 years,2.694407412308411,female : divorced/separated/married,none,-0.7928903122485438,if not A121 : building society savings agreement/ life insurance,17.456088738748143,none,own,0.09248453047450766,skilled employee / official,0.23698796059257832,none,yes
-2.8736760812403706,0 <= ... < 200 DM,8.965924221325073,existing credits paid back duly till now,domestic appliances,1980.0106457209033,.. >= 1000 DM ,1 <= ... < 4 years,1.745493382029425,male : single,none,-0.35557953540174214,real estate,20.875997890106827,bank,own,-0.6721235101108114,skilled employee / official,0.03649070527082621,"yes, registered under the customers name ",yes
0.3790320476081125,< 0 DM,24.56613717601998,critical account/ other credits existing (not at this bank),domestic appliances,1357.2804189578735,... < 100 DM,4 <= ... < 7 years,2.6571003370244135,male : single,none,4.626473054749435,real estate,24.98270274797552,none,rent,1.1552811530543392,unemployed/ unskilled - non-resident,2.9201419278432015,none,yes
-0.5724458996813384,0 <= ... < 200 DM,14.169030321859932,delay in paying off in the past,business,1395.4148500566223,.. >= 1000 DM ,... < 1 year ,1.4185069261687633,male : single,guarantor,1.6011963483519294,real estate,42.30005756951077,none,own,2.6375531224161834,skilled employee / official,1.9129068612702147,"yes, registered under the customers name ",yes
-0.3798476820445141,no checking account,20.4695593693943,all credits at this bank paid back duly,car (used),1375.341581203282,unknown/ no savings account,1 <= ... < 4 years,3.4728196996835132,male : married/widowed,none,-5.287332604049488,"if not A121/A122 : car or other, not in attribute 6",28.892275654479572,none,own,0.35670330271607065,skilled employee / official,4.592189291304739,none,yes
-2.2267760838436965,no checking account,61.94763814343462,existing credits paid back duly till now,car (used),15652.572093712279,.. >= 1000 DM ,.. >= 7 years,4.672758915753649,male : single,none,1.9121764508210686,unknown / no property,23.301679498304118,none,for free,2.3975413549774367,skilled employee / official,2.324426763812773,"yes, registered under the customers name ",yes
1.1591222849529548,no checking account,12.016563819915854,critical account/ other credits existing (not at this bank),car (used),1494.3285846041113,... < 100 DM,1 <= ... < 4 years,4.474676207587694,male : single,none,2.056280704557161,unknown / no property,34.72777400764315,none,own,2.496004525471796,unskilled - resident,1.179554011620962,none,yes
2.049014750572172,< 0 DM,41.592436277750906,existing credits paid back duly till now,domestic appliances,4368.829623102146,... < 100 DM,4 <= ... < 7 years,0.30787734431002445,female : divorced/separated/married,none,0.7891010242560692,real estate,27.169655274119226,none,for free,3.403130943880937,skilled employee / official,2.4793173931179178,none,yes
-1.988811239638613,no checking account,15.05776953123022,existing credits paid back duly till now,domestic appliances,751.1772803034748,... < 100 DM,1 <= ... < 4 years,0.88832117667013,male : single,none,4.039049358618369,real estate,26.176647775321875,none,for free,2.1054570017995253,skilled employee / official,0.29186238126108377,none,yes
1.3983934633897757,< 0 DM,16.00609733675373,existing credits paid back duly till now,radio/television,1307.8241870252616,... < 100 DM,.. >= 7 years,7.329552117496543,male : single,none,2.7729148814216997,if not A121 : building society savings agreement/ life insurance,34.277220489557955,none,own,1.5186594427285574,skilled employee / official,2.71879218098084,none,yes
5.105369963891782,no checking account,10.171784297937926,existing credits paid back duly till now,car (new),4621.061202844523,unknown/ no savings account,... < 1 year ,2.81936197948974,male : single,none,3.7618469263983956,unknown / no property,41.38372804467413,none,for free,-0.13399667188248388,unskilled - resident,-1.6643954265820242,none,yes
0.3439206648741197,< 0 DM,25.296788022477426,critical account/ other credits existing (not at this bank),education,1849.0863265742407,... < 100 DM,.. >= 7 years,2.7051795885967653,male : single,none,1.9620348006382766,"if not A121/A122 : car or other, not in attribute 6",36.49950783889259,none,own,-0.08783128264487461,management/ self-employed/ highly qualified employee/ officer,-0.6473919531426668,"yes, registered under the customers name ",yes
-0.6746503241370121,0 <= ... < 200 DM,15.015788329054017,existing credits paid back duly till now,car (used),1882.8941173920623,100 <= ... < 500 DM,... < 1 year ,3.4520164702059937,male : single,none,0.9153905486548025,unknown / no property,34.25916170845492,none,own,0.813686985323836,unskilled - resident,1.9113798371098425,none,yes
0.7159935711849574,no checking account,36.10691582523495,existing credits paid back duly till now,domestic appliances,7979.687157041713,... < 100 DM,unemployed,1.0453844913653358,female : divorced/separated/married,none,2.3292394223039263,"if not A121/A122 : car or other, not in attribute 6",23.024248340797307,none,own,2.0393001902731394,unskilled - resident,3.451512897447242,none,yes
1.2305135339371225,no checking account,29.761662325344158,critical account/ other credits existing (not at this bank),domestic appliances,4586.280708187796,100 <= ... < 500 DM,1 <= ... < 4 years,4.84619029902324,male : single,none,1.8824346968384658,real estate,28.970211185578133,none,own,0.42742775669503463,management/ self-employed/ highly qualified employee/ officer,-3.4039371922783976,none,yes
-2.4613432110144364,0 <= ... < 200 DM,14.339076294587768,existing credits paid back duly till now,domestic appliances,1384.9727274785703,.. >= 1000 DM ,1 <= ... < 4 years,1.2138941248279407,male : single,guarantor,0.4698077462051662,real estate,24.30806451640532,none,own,1.192114278234886,skilled employee / official,3.7489424319808315,"yes, registered under the customers name ",yes
1.3287814059546044,< 0 DM,23.64268966197222,existing credits paid back duly till now,car (new),947.582410402263,unknown/ no savings account,unemployed,6.734803055476844,male : single,none,3.340048628509141,"if not A121/A122 : car or other, not in attribute 6",34.814049097439714,bank,own,-0.9309133558237286,skilled employee / official,1.7197297431439877,"yes, registered under the customers name ",yes
0.2190721010743798,no checking account,10.611722877708669,existing credits paid back duly till now,domestic appliances,688.7853534460365,... < 100 DM,4 <= ... < 7 years,4.10330342889463,male : single,none,3.5275007347526235,unknown / no property,40.08837983911208,none,own,-2.321983778014044,management/ self-employed/ highly qualified employee/ officer,-1.7677499238743262,none,yes
3.695650025912091,no checking account,46.98679460805759,no credits taken/ all credits paid back duly,car (new),7473.885226510673,... < 100 DM,1 <= ... < 4 years,6.85906394913688,male : divorced/separated,none,-0.8892558663832004,if not A121 : building society savings agreement/ life insurance,50.78683161036105,none,own,2.63881224172959,unskilled - resident,-5.003455683778677,"yes, registered under the customers name ",yes
0.6516545323900842,no checking account,14.545765537509327,existing credits paid back duly till now,radio/television,1918.2043710002004,... < 100 DM,4 <= ... < 7 years,4.513388998086171,male : married/widowed,none,3.9837886794011905,if not A121 : building society savings agreement/ life insurance,34.13949343351526,none,own,0.05117080926831086,management/ self-employed/ highly qualified employee/ officer,-2.0587721316165593,none,yes
4.3357752222390396,0 <= ... < 200 DM,25.072593938361788,existing credits paid back duly till now,business,2305.5731802625746,500 <= ... < 1000 DM ,1 <= ... < 4 years,5.706465325738152,male : single,none,1.8536809600428508,if not A121 : building society savings agreement/ life insurance,46.554256918551054,none,own,-0.6740673064477822,unskilled - resident,0.9605902883091965,"yes, registered under the customers name ",yes
-1.2074813955640145,no checking account,35.228740036953674,critical account/ other credits existing (not at this bank),radio/television,8084.346381789213,... < 100 DM,1 <= ... < 4 years,3.4381860921766734,female : divorced/separated/married,none,3.1038745317155034,if not A121 : building society savings agreement/ life insurance,43.20220788804003,none,rent,1.8123057174051231,skilled employee / official,0.8682039243822308,none,yes
1.1745183336055844,no checking account,23.527107160070972,all credits at this bank paid back duly,furniture/equipment,2345.9585872717876,... < 100 DM,1 <= ... < 4 years,5.246582132503941,male : divorced/separated,none,3.29098609407062,"if not A121/A122 : car or other, not in attribute 6",33.90368175031259,bank,own,2.846071949460801,skilled employee / official,2.2664008694186197,none,yes
0.6388005275824576,0 <= ... < 200 DM,10.865645818829107,existing credits paid back duly till now,business,3971.828163579097,... < 100 DM,1 <= ... < 4 years,1.6958689543654213,male : single,none,3.8323549569960726,"if not A121/A122 : car or other, not in attribute 6",21.654956028032032,none,own,3.7498154229359346,unskilled - resident,-0.0989743551219271,none,yes
-0.7380944957295648,< 0 DM,12.776948401703082,existing credits paid back duly till now,radio/television,888.5363255619106,500 <= ... < 1000 DM ,1 <= ... < 4 years,3.5342985677688303,female : divorced/separated/married,none,2.264818125473452,if not A121 : building society savings agreement/ life insurance,37.100397648693935,bank,for free,0.1938522779877112,unemployed/ unskilled - non-resident,-0.2160810928923418,none,yes
0.3547922292738809,no checking account,44.48036858460907,all credits at this bank paid back duly,car (new),10220.098927585628,500 <= ... < 1000 DM ,.. >= 7 years,7.83086938314572,female : divorced/separated/married,none,3.140992458042328,if not A121 : building society savings agreement/ life insurance,36.33547568742585,none,rent,0.5688732506748365,skilled employee / official,0.173827224678214,"yes, registered under the customers name ",yes
2.425037673663201,no checking account,31.503592931670912,existing credits paid back duly till now,radio/television,4220.640119824234,unknown/ no savings account,1 <= ... < 4 years,0.1861260298081986,male : single,none,-0.24202350961474894,if not A121 : building society savings agreement/ life insurance,28.01476994826065,none,own,4.143263679778144,skilled employee / official,1.0672205738231546,none,yes
-0.6475834085732014,< 0 DM,18.25724318498253,existing credits paid back duly till now,business,6361.8996306531135,... < 100 DM,4 <= ... < 7 years,2.0086152846863192,male : single,none,-0.8898676712401985,real estate,41.33749519045638,none,own,-2.6208914087166244,unskilled - resident,1.4615455899105547,"yes, registered under the customers name ",yes
-3.3839252983395265,< 0 DM,16.773903599147843,critical account/ other credits existing (not at this bank),domestic appliances,1294.9833822274516,... < 100 DM,4 <= ... < 7 years,3.029771750415191,male : single,none,0.7544653394669503,real estate,23.757753824040346,none,for free,4.933737285825334,skilled employee / official,-0.5783293985448117,none,yes
0.9648743470451082,no checking account,9.79972889255139,critical account/ other credits existing (not at this bank),domestic appliances,898.5998319407082,... < 100 DM,1 <= ... < 4 years,4.8048815066870425,female : divorced/separated/married,none,1.2827852929227386,"if not A121/A122 : car or other, not in attribute 6",23.488483486461146,none,for free,5.888200604652739,skilled employee / official,2.802893400670719,none,yes
-1.8048461895850252,< 0 DM,20.794675817918733,critical account/ other credits existing (not at this bank),car (new),2240.305234332803,unknown/ no savings account,1 <= ... < 4 years,3.141054708210998,female : divorced/separated/married,none,3.133941319167447,real estate,49.47131260546866,none,rent,-3.4126750588401658,skilled employee / official,-0.24279354344806703,none,yes
-0.6846818773277648,no checking account,9.596575401846126,delay in paying off in the past,domestic appliances,1047.1423691315474,... < 100 DM,.. >= 7 years,4.629492611179176,female : divorced/separated/married,none,-0.3893187067577193,real estate,35.572389885108635,none,own,1.804993542166486,skilled employee / official,-0.7394347246498076,none,yes
-0.16317553937024196,0 <= ... < 200 DM,8.38277928058283,critical account/ other credits existing (not at this bank),car (new),1046.1548780344026,... < 100 DM,1 <= ... < 4 years,1.6623148295940677,male : single,none,9.041417384315938,real estate,52.004063986620494,none,own,-0.4378940637391271,management/ self-employed/ highly qualified employee/ officer,-0.08478301893657969,none,yes
-3.4113044320310344,>= 200 DM / salary assignments for at least 1 year,22.6075758968402,existing credits paid back duly till now,domestic appliances,6314.237593079806,... < 100 DM,.. >= 7 years,0.8360949651242016,female : divorced/separated/married,none,3.771371307305465,"if not A121/A122 : car or other, not in attribute 6",26.809003853380712,none,own,1.4704564581905322,skilled employee / official,3.1496803514052143,none,yes
-3.231316678641356,0 <= ... < 200 DM,30.447934856746894,critical account/ other credits existing (not at this bank),radio/television,3495.2009021168233,... < 100 DM,... < 1 year ,4.019104572513693,male : single,none,4.608660265320957,"if not A121/A122 : car or other, not in attribute 6",34.63518978166336,none,own,0.16322986076815316,skilled employee / official,1.7344070941186813,none,yes
0.9641336710510505,no checking account,48.003998712830175,existing credits paid back duly till now,radio/television,3608.4572470141366,... < 100 DM,.. >= 7 years,-1.2011306660603034,male : single,none,2.590486024147517,if not A121 : building society savings agreement/ life insurance,26.627657874671762,none,own,2.6235181969587167,skilled employee / official,-0.3890270061395438,none,yes
-0.04543739233936073,no checking account,12.563911734788315,critical account/ other credits existing (not at this bank),(vacation - does not exist?),4842.960196658187,... < 100 DM,4 <= ... < 7 years,-0.46877152489780194,female : divorced/separated/married,none,7.705729949877146,real estate,41.70648216704086,none,own,1.7748601860640183,skilled employee / official,2.8522155008970875,none,yes
-5.129488683641134,0 <= ... < 200 DM,28.60263912803034,delay in paying off in the past,business,3015.6885130751352,... < 100 DM,.. >= 7 years,4.27374664137877,male : single,none,2.4259960330549157,real estate,48.04575933383521,none,rent,-0.8218144283999131,skilled employee / official,5.2854970798974925,none,yes
1.5696880732162701,no checking account,23.821359194598532,all credits at this bank paid back duly,car (new),4140.382125131734,... < 100 DM,... < 1 year ,3.975766684039133,female : divorced/separated/married,none,-2.121474771317243,if not A121 : building society savings agreement/ life insurance,25.88954811165959,none,for free,1.6556296774097516,management/ self-employed/ highly qualified employee/ officer,1.4193652686178955,none,yes
0.5447395105484797,no checking account,32.80389524944657,all credits at this bank paid back duly,domestic appliances,5744.8719562496035,... < 100 DM,.. >= 7 years,3.0533960842091528,female : divorced/separated/married,none,1.1077487832942339,"if not A121/A122 : car or other, not in attribute 6",31.772293801984382,none,own,3.0295684739248196,unskilled - resident,3.467684921730867,none,yes
-1.427749648072968,no checking account,60.270246903736165,critical account/ other credits existing (not at this bank),car (new),10365.07123921561,.. >= 1000 DM ,4 <= ... < 7 years,3.1343414140393886,male : single,none,5.1164371510950755,real estate,42.05651074302009,none,rent,-1.3674426555305637,skilled employee / official,3.072155901149579,none,yes
-2.633660422116483,0 <= ... < 200 DM,6.900041346843664,critical account/ other credits existing (not at this bank),domestic appliances,2080.9703964629553,... < 100 DM,... < 1 year ,-2.865178041881221,male : married/widowed,none,2.303033943495957,real estate,23.392130646959714,none,own,-2.292467377939961,skilled employee / official,-0.2112795033166659,none,yes
2.6716157926286743,no checking account,20.54516117471223,no credits taken/ all credits paid back duly,car (used),2579.5207656891307,... < 100 DM,unemployed,1.277966144185061,male : single,none,2.5509452219355673,"if not A121/A122 : car or other, not in attribute 6",40.34371433570668,none,own,4.98548560167064,skilled employee / official,2.053268360952465,"yes, registered under the customers name ",yes
0.6987012451208592,no checking account,26.769898218830424,critical account/ other credits existing (not at this bank),(vacation - does not exist?),4530.730974690077,... < 100 DM,.. >= 7 years,7.947042873627342,male : single,none,6.641820005339745,unknown / no property,24.983758015168625,none,own,-0.2848533594168725,management/ self-employed/ highly qualified employee/ officer,-1.5650892594079746,none,no
4.765204565368147,< 0 DM,25.977063725702926,existing credits paid back duly till now,domestic appliances,5153.131559062406,.. >= 1000 DM ,.. >= 7 years,1.9055824798459278,male : single,none,4.764115148924999,real estate,29.708397655821972,none,own,0.7252940261609544,skilled employee / official,0.5901154672767299,none,no
1.8403771974498748,< 0 DM,72.72905007598561,critical account/ other credits existing (not at this bank),domestic appliances,5596.017319086036,... < 100 DM,.. >= 7 years,3.221682062273378,male : single,none,3.597825855182043,"if not A121/A122 : car or other, not in attribute 6",24.765790190323383,none,own,0.2044091883488547,management/ self-employed/ highly qualified employee/ officer,-0.252380738251448,none,yes
0.7754062825240297,0 <= ... < 200 DM,22.547969804598047,existing credits paid back duly till now,domestic appliances,2380.4531709223807,unknown/ no savings account,1 <= ... < 4 years,2.626124756668308,male : single,none,2.1208745162944824,"if not A121/A122 : car or other, not in attribute 6",64.46309365055664,none,own,2.0961754081642843,skilled employee / official,0.19422808564873006,"yes, registered under the customers name ",yes
-0.33385586021713026,0 <= ... < 200 DM,17.438799106323874,existing credits paid back duly till now,radio/television,1453.907991262894,... < 100 DM,.. >= 7 years,3.159345478535129,male : single,none,-1.1907873784320735,real estate,27.699340504896988,bank,own,4.545579846182088,management/ self-employed/ highly qualified employee/ officer,-0.4997900627606733,none,yes
1.633551734401582,no checking account,2.9986611944363224,existing credits paid back duly till now,business,1540.465727486618,... < 100 DM,unemployed,-0.26650840454718816,female : divorced/separated/married,none,5.228227846048975,unknown / no property,54.937086195386414,none,own,2.1598676834585686,skilled employee / official,0.42580638360886547,none,yes
1.2501704024963074,0 <= ... < 200 DM,9.94917974444419,existing credits paid back duly till now,car (used),2278.556807660004,unknown/ no savings account,1 <= ... < 4 years,5.123082309239289,male : divorced/separated,none,4.201803070294136,"if not A121/A122 : car or other, not in attribute 6",40.79076725095334,stores,own,-2.036730295079982,unskilled - resident,2.0644653725298285,none,yes
2.50345001713039,>= 200 DM / salary assignments for at least 1 year,13.92437730728572,delay in paying off in the past,domestic appliances,1479.9912696122356,.. >= 1000 DM ,... < 1 year ,4.273548234633398,female : divorced/separated/married,none,1.7535416331077303,if not A121 : building society savings agreement/ life insurance,32.240528104300736,none,own,-0.7682468540170597,unskilled - resident,0.7610161791200086,"yes, registered under the customers name ",yes
-1.0426458372745695,no checking account,26.4568416245603,critical account/ other credits existing (not at this bank),(vacation - does not exist?),5101.619768917696,100 <= ... < 500 DM,.. >= 7 years,2.103420452711533,male : single,none,1.7572110129057636,if not A121 : building society savings agreement/ life insurance,45.249780715610605,none,own,2.202070449346167,unskilled - resident,-2.7287463955107714,"yes, registered under the customers name ",yes
-0.8708149458879246,0 <= ... < 200 DM,34.72099321822505,existing credits paid back duly till now,car (new),9854.028921680956,... < 100 DM,1 <= ... < 4 years,-1.1003442393614207,female : divorced/separated/married,none,1.7017537567234848,if not A121 : building society savings agreement/ life insurance,29.01263016031467,stores,own,1.463533600933467,skilled employee / official,0.5077588702030278,"yes, registered under the customers name ",yes
-0.9582063418239603,< 0 DM,61.280427318657516,existing credits paid back duly till now,business,6527.282338037665,500 <= ... < 1000 DM ,1 <= ... < 4 years,4.535548394985022,male : divorced/separated,none,2.5820819579083167,real estate,30.532155193540675,none,own,-2.443902539093201,skilled employee / official,-1.0387987051165046,none,yes
1.5816034423579783,0 <= ... < 200 DM,8.92336759427684,existing credits paid back duly till now,car (used),1343.4870465585075,unknown/ no savings account,.. >= 7 years,1.5745624019148199,male : single,none,-0.5662956052073196,unknown / no property,30.065255784786256,none,own,3.638681840348881,skilled employee / official,1.4881204519635354,"yes, registered under the customers name ",yes
2.996748880593464,0 <= ... < 200 DM,36.49589512170375,existing credits paid back duly till now,domestic appliances,2861.5204579742126,500 <= ... < 1000 DM ,unemployed,4.854962084241677,male : single,none,-0.0008408044410170845,if not A121 : building society savings agreement/ life insurance,32.742134781537324,none,own,-1.172641115762957,skilled employee / official,2.006634728108375,none,yes
-0.9176809862986013,no checking account,8.717208995712395,existing credits paid back duly till now,car (new),2755.573684525291,... < 100 DM,1 <= ... < 4 years,8.252969818073801,male : single,none,3.6099912446911615,"if not A121/A122 : car or other, not in attribute 6",36.20149032576951,none,own,3.986603124251511,management/ self-employed/ highly qualified employee/ officer,1.51309644370833,"yes, registered under the customers name ",no
-0.8495474555861825,no checking account,13.746113200185487,all credits at this bank paid back duly,car (new),3647.1804741885076,... < 100 DM,.. >= 7 years,3.700340102524024,female : divorced/separated/married,none,1.814148259359201,real estate,29.20782238444844,none,own,4.641265194411441,skilled employee / official,0.42519121340122523,none,yes
0.6281544477395984,no checking account,13.930377323562885,critical account/ other credits existing (not at this bank),car (new),972.4410064081723,... < 100 DM,1 <= ... < 4 years,3.4366957737883257,male : married/widowed,none,5.21431857088659,"if not A121/A122 : car or other, not in attribute 6",28.62253536311824,none,own,1.5034929347356454,management/ self-employed/ highly qualified employee/ officer,1.4937078582624324,none,yes
-0.49152300002580285,< 0 DM,11.854943499995118,existing credits paid back duly till now,radio/television,2628.9359355096767,... < 100 DM,4 <= ... < 7 years,2.8287854045177045,male : married/widowed,none,2.5861533065338334,"if not A121/A122 : car or other, not in attribute 6",24.29656167695669,none,own,1.8779452808363697,skilled employee / official,0.05977148846224989,"yes, registered under the customers name ",yes
1.90410730627978,< 0 DM,21.236101937272736,existing credits paid back duly till now,car (used),2895.8733602805783,... < 100 DM,... < 1 year ,-1.8775052540070507,male : single,none,1.5306353601559661,"if not A121/A122 : car or other, not in attribute 6",28.461948337546694,none,rent,-1.4638944441684032,skilled employee / official,-1.2764508995005048,"yes, registered under the customers name ",yes
-4.5035545812380935,no checking account,4.936245012114485,existing credits paid back duly till now,domestic appliances,4715.268566428707,... < 100 DM,1 <= ... < 4 years,-1.6445727918003685,male : single,guarantor,1.5137591848910987,real estate,46.87451816087215,none,own,3.247352652958229,skilled employee / official,3.4838598394178604,"yes, registered under the customers name ",yes
-1.6534100938337892,< 0 DM,21.501880058643895,existing credits paid back duly till now,(vacation - does not exist?),2286.798272763392,100 <= ... < 500 DM,4 <= ... < 7 years,6.5655857122054275,male : single,none,1.7579431684400486,"if not A121/A122 : car or other, not in attribute 6",29.317821168961743,none,own,0.0036151531312599294,management/ self-employed/ highly qualified employee/ officer,2.636055507447544,"yes, registered under the customers name ",yes
-1.5648326679228917,no checking account,6.820424031359103,existing credits paid back duly till now,car (new),1237.9086966581833,... < 100 DM,4 <= ... < 7 years,0.42048783975044035,male : married/widowed,none,4.7220022072628804,real estate,54.40220627750919,bank,own,-1.174470643176707,unskilled - resident,2.897790962167012,"yes, registered under the customers name ",yes
-4.64071202477229,no checking account,11.068463670283844,critical account/ other credits existing (not at this bank),car (used),1103.990545892137,... < 100 DM,1 <= ... < 4 years,2.6014958036719067,male : single,none,4.432391479425351,real estate,29.49744452063804,none,rent,1.4213300234940316,unskilled - resident,-0.21669720006491233,none,yes
-1.9272768887376082,no checking account,16.749213100052863,existing credits paid back duly till now,car (used),926.2912606286877,... < 100 DM,... < 1 year ,0.6686990486319571,female : divorced/separated/married,none,1.812216346963269,real estate,37.20593840084255,none,own,0.06850398318927409,skilled employee / official,3.3587246253861576,none,yes
-1.8303122316918523,no checking account,14.524570809725736,existing credits paid back duly till now,car (used),1800.7864595539697,... < 100 DM,1 <= ... < 4 years,1.8759074823068906,male : single,none,4.1582475586484176,"if not A121/A122 : car or other, not in attribute 6",22.77639023308041,bank,own,1.3496811939924913,skilled employee / official,0.012835497343864799,none,yes
-0.40220930903766067,no checking account,15.407266357419603,existing credits paid back duly till now,(vacation - does not exist?),1903.2760352893733,... < 100 DM,1 <= ... < 4 years,1.5464625308967275,male : single,none,4.015978617815885,real estate,36.30600764561875,none,own,2.899359805632718,skilled employee / official,2.307002643077026,"yes, registered under the customers name ",yes
3.225931783320527,< 0 DM,9.744093952988662,delay in paying off in the past,radio/television,1124.7144207071133,100 <= ... < 500 DM,1 <= ... < 4 years,3.899051854437156,male : single,none,5.5856942370353595,"if not A121/A122 : car or other, not in attribute 6",28.442808454387592,none,rent,-0.5706151852714654,skilled employee / official,-0.021825323533350538,none,yes
0.5098786976185953,< 0 DM,47.01319731923464,critical account/ other credits existing (not at this bank),car (used),6328.7759114912815,unknown/ no savings account,unemployed,2.2169410906559275,male : single,none,3.0202955828216993,"if not A121/A122 : car or other, not in attribute 6",48.28918667765476,none,own,5.470045999547752,unskilled - resident,0.5520356725084583,none,yes
-2.0616274405423076,no checking account,24.28283894668109,critical account/ other credits existing (not at this bank),domestic appliances,1378.6707539878046,... < 100 DM,... < 1 year ,2.5179628404422103,male : single,guarantor,-1.6251767331372835,"if not A121/A122 : car or other, not in attribute 6",48.19766834531214,bank,for free,-1.6501192656507073,management/ self-employed/ highly qualified employee/ officer,-3.842355714778379,"yes, registered under the customers name ",yes
-0.11390908242705797,< 0 DM,25.349257250251426,existing credits paid back duly till now,car (new),2505.3722850042377,... < 100 DM,4 <= ... < 7 years,2.437617947705988,male : single,none,2.5367179760370453,"if not A121/A122 : car or other, not in attribute 6",41.04061601312081,none,own,5.23086054635719,skilled employee / official,0.3961735711661687,"yes, registered under the customers name ",yes
2.098347242882699,no checking account,27.473652233576054,existing credits paid back duly till now,car (new),2528.4217292041762,.. >= 1000 DM ,... < 1 year ,5.0447204276689375,female : divorced/separated/married,none,2.450648126293251,real estate,30.01013111236734,none,own,-1.0330212438133874,management/ self-employed/ highly qualified employee/ officer,2.1821799335700547,"yes, registered under the customers name ",yes
-1.9519176322298097,no checking account,18.805814924548336,existing credits paid back duly till now,domestic appliances,5323.647573882076,.. >= 1000 DM ,4 <= ... < 7 years,0.5357486190092855,female : divorced/separated/married,none,5.150694663615139,"if not A121/A122 : car or other, not in attribute 6",35.45374603602547,none,own,0.9979735349267687,skilled employee / official,0.17990076527232246,none,yes
-0.8211497678428972,< 0 DM,47.093123403262815,existing credits paid back duly till now,furniture/equipment,6560.8006198166195,unknown/ no savings account,1 <= ... < 4 years,2.6428560642122925,male : single,none,2.8443733228748798,if not A121 : building society savings agreement/ life insurance,26.025627410390747,none,own,0.01960777304396044,skilled employee / official,4.512376136170278,"yes, registered under the customers name ",yes
2.117097918548447,0 <= ... < 200 DM,12.519615713611019,all credits at this bank paid back duly,car (new),2963.276963259799,unknown/ no savings account,1 <= ... < 4 years,5.193891794617766,male : divorced/separated,none,2.3028260680900257,if not A121 : building society savings agreement/ life insurance,25.86143851293997,none,own,1.3125426569242906,management/ self-employed/ highly qualified employee/ officer,-1.3249321706505528,none,yes
-0.4430722314616011,0 <= ... < 200 DM,11.0498433862508,existing credits paid back duly till now,car (used),1206.604516436971,... < 100 DM,1 <= ... < 4 years,3.71592078353412,female : divorced/separated/married,none,2.3865074971088154,real estate,25.333470339266718,none,own,2.6027144727110976,unskilled - resident,-0.12716247420785165,none,yes
1.2949693814189487,no checking account,8.672092999946006,critical account/ other credits existing (not at this bank),domestic appliances,2117.7732920043204,... < 100 DM,1 <= ... < 4 years,1.4434924630856543,female : divorced/separated/married,none,3.1034565380875607,real estate,35.406084693437585,none,for free,3.9996535944576213,skilled employee / official,0.19025478002829344,none,yes
-0.027293583590593522,no checking account,16.838079622937034,critical account/ other credits existing (not at this bank),business,628.898743773886,... < 100 DM,1 <= ... < 4 years,4.940900711140341,female : divorced/separated/married,none,3.85289483239655,real estate,33.734363628224024,none,own,4.381049409911284,skilled employee / official,-0.12755395799094238,"yes, registered under the customers name ",yes
2.403327296179134,0 <= ... < 200 DM,1.4485271925564955,critical account/ other credits existing (not at this bank),car (used),1199.4130650257957,... < 100 DM,.. >= 7 years,5.336395687115262,male : single,none,2.8782018183123474,"if not A121/A122 : car or other, not in attribute 6",28.73619036251164,none,rent,0.19028733531630448,skilled employee / official,3.06282612588141,"yes, registered under the customers name ",yes
-2.0701562280812817,no checking account,22.28198143878995,critical account/ other credits existing (not at this bank),radio/television,2475.8504621568704,100 <= ... < 500 DM,4 <= ... < 7 years,3.7058530009827915,male : single,none,6.218848378384114,real estate,46.76569141773029,bank,own,1.3685104448091068,unskilled - resident,3.9560635886539273,"yes, registered under the customers name ",yes
-0.02416930157653488,no checking account,8.773663180542206,critical account/ other credits existing (not at this bank),car (new),1135.7195862866977,... < 100 DM,unemployed,4.161215551241043,male : single,none,2.234268970904799,real estate,30.140643961889197,none,own,0.43584425266327576,skilled employee / official,-0.4015852218378835,"yes, registered under the customers name ",yes
0.5786199712736864,no checking account,57.97463229722368,existing credits paid back duly till now,(vacation - does not exist?),14026.71719465835,... < 100 DM,.. >= 7 years,2.436419540533344,male : single,none,0.8329532424179191,"if not A121/A122 : car or other, not in attribute 6",23.983253225336306,none,own,-0.9831006251493897,skilled employee / official,-0.44601508544640667,"yes, registered under the customers name ",yes
-2.4317818482082614,< 0 DM,30.253193420555387,delay in paying off in the past,domestic appliances,7596.135110968162,... < 100 DM,1 <= ... < 4 years,-0.721366086329051,female : divorced/separated/married,none,7.27285042468333,real estate,62.517261090597266,none,own,-0.29260181145733766,skilled employee / official,-1.31425729718783,"yes, registered under the customers name ",yes
-3.126955895737377,no checking account,28.832639286387636,existing credits paid back duly till now,education,3077.229867823162,100 <= ... < 500 DM,1 <= ... < 4 years,4.538295003933616,male : single,none,3.737163875467825,if not A121 : building society savings agreement/ life insurance,39.984178019750544,none,own,1.1248533860317416,management/ self-employed/ highly qualified employee/ officer,4.612570773038607,none,yes
1.3714980705493236,< 0 DM,16.94314773776895,existing credits paid back duly till now,car (used),1505.3238387345702,.. >= 1000 DM ,.. >= 7 years,4.889884125089243,male : single,none,1.283981388217955,"if not A121/A122 : car or other, not in attribute 6",31.074834371886844,bank,own,1.499211262029884,unemployed/ unskilled - non-resident,3.242008813832605,none,yes
-0.7019047644359562,0 <= ... < 200 DM,25.212582312217418,all credits at this bank paid back duly,car (used),3150.0787380898373,... < 100 DM,... < 1 year ,3.9105968768331523,male : single,none,2.574761419287101,if not A121 : building society savings agreement/ life insurance,33.072748485117955,bank,own,-1.8236303195030095,skilled employee / official,0.7880364000224265,"yes, registered under the customers name ",yes
-2.044560563294659,no checking account,17.32323517735231,existing credits paid back duly till now,domestic appliances,6145.827930893932,unknown/ no savings account,.. >= 7 years,3.5617086974510443,male : single,co-applicant,4.309584489047676,real estate,31.9449020287106,none,own,1.9072925948384685,management/ self-employed/ highly qualified employee/ officer,-1.7921983926137601,none,yes
0.8076421261533355,no checking account,11.094630572147517,existing credits paid back duly till now,car (new),1337.3514009123296,... < 100 DM,1 <= ... < 4 years,4.0924065516299075,male : married/widowed,co-applicant,-3.4912277299547565,"if not A121/A122 : car or other, not in attribute 6",34.30460074509464,none,own,5.032050249099049,skilled employee / official,-1.613325130912504,none,yes
3.2560377146986053,no checking account,3.2046276737631927,critical account/ other credits existing (not at this bank),domestic appliances,435.5798593972365,... < 100 DM,.. >= 7 years,5.392823781645538,male : single,none,0.18705210105323666,"if not A121/A122 : car or other, not in attribute 6",25.59454512233856,none,rent,3.2438221381482504,skilled employee / official,2.341258900769186,"yes, registered under the customers name ",yes
-3.561475690743846,>= 200 DM / salary assignments for at least 1 year,10.674597183289473,delay in paying off in the past,business,1224.5307770061256,unknown/ no savings account,1 <= ... < 4 years,5.870217522045568,male : single,none,1.898306765781437,"if not A121/A122 : car or other, not in attribute 6",24.033501418143484,none,own,-0.17036815305333164,unskilled - resident,2.0986758368929976,none,yes
-2.9932773798066528,0 <= ... < 200 DM,12.845892388133155,delay in paying off in the past,car (new),790.3592933615602,... < 100 DM,... < 1 year ,5.822456010381295,male : married/widowed,guarantor,2.2867770468813875,"if not A121/A122 : car or other, not in attribute 6",72.35972897764702,bank,rent,-1.7937458185655721,skilled employee / official,-3.132289610042297,"yes, registered under the customers name ",yes
-0.8457728837905352,>= 200 DM / salary assignments for at least 1 year,29.254709523284845,critical account/ other credits existing (not at this bank),retraining,2568.829242996054,500 <= ... < 1000 DM ,... < 1 year ,2.7984441681080265,female : divorced/separated/married,none,3.494205129660841,if not A121 : building society savings agreement/ life insurance,21.302693867313483,none,own,1.9196606129296532,skilled employee / official,0.35738017892423457,none,yes
2.922357733440658,< 0 DM,6.195207984990881,critical account/ other credits existing (not at this bank),repairs,249.2585792310538,... < 100 DM,1 <= ... < 4 years,4.773985459817676,female : divorced/separated/married,none,4.25896462589584,real estate,41.39056419697941,none,own,-2.634856500415,skilled employee / official,4.236591779114768,none,yes
0.565173965838593,< 0 DM,13.118939568997567,critical account/ other credits existing (not at this bank),radio/television,1314.1903849935711,... < 100 DM,4 <= ... < 7 years,2.4569213634646423,male : single,none,1.356928430692145,real estate,43.57906390085345,none,for free,4.220308231765355,unskilled - resident,0.564981586739429,none,no
2.5346344809224535,no checking account,16.941455386600214,critical account/ other credits existing (not at this bank),radio/television,1881.6608985685991,.. >= 1000 DM ,.. >= 7 years,5.264752385131597,male : single,none,1.8846904077542703,"if not A121/A122 : car or other, not in attribute 6",23.913099345393153,none,own,1.572825084233519,skilled employee / official,3.979276181581248,none,yes
-1.280321838252461,< 0 DM,48.146550629171394,existing credits paid back duly till now,radio/television,6419.682511228853,500 <= ... < 1000 DM ,1 <= ... < 4 years,4.56417578166976,male : single,none,3.6497033170220905,real estate,61.29475536359962,none,rent,4.6626006411548016,skilled employee / official,2.2980922579113674,"yes, registered under the customers name ",no
-2.2390717505410525,no checking account,24.075046464679197,critical account/ other credits existing (not at this bank),education,1272.4711392776455,... < 100 DM,4 <= ... < 7 years,2.4940134149683484,female : divorced/separated/married,none,3.346753332864393,real estate,33.329086299280256,none,own,-1.4539309711529316,skilled employee / official,-1.1685592016707154,"yes, registered under the customers name ",yes
0.8956274334454208,no checking account,23.818258140748075,delay in paying off in the past,domestic appliances,6400.6607799950425,... < 100 DM,.. >= 7 years,-0.47150398050063935,male : single,none,1.6878729983561946,if not A121 : building society savings agreement/ life insurance,28.68488565139609,bank,own,2.836292450415667,skilled employee / official,0.414657413296288,none,yes
1.116548661870893,< 0 DM,23.93833497183163,existing credits paid back duly till now,radio/television,1984.396130859673,100 <= ... < 500 DM,... < 1 year ,3.4027016766896523,male : single,none,3.4164525616938426,real estate,21.06463094237515,stores,rent,0.798982326371603,skilled employee / official,1.742611522910594,"yes, registered under the customers name ",yes
1.0974776377282531,< 0 DM,7.571249780589772,existing credits paid back duly till now,domestic appliances,763.4548365732562,.. >= 1000 DM ,1 <= ... < 4 years,9.690588789815278,male : single,none,6.4836756000219715,"if not A121/A122 : car or other, not in attribute 6",46.741489014949956,none,own,0.33789893705583907,unskilled - resident,-0.9050231361870131,none,yes
-0.37534198185690426,< 0 DM,21.116042528719973,critical account/ other credits existing (not at this bank),business,2602.0753205889573,... < 100 DM,.. >= 7 years,1.2504098504198335,male : single,none,-0.4814085219958901,real estate,28.08476245739225,none,own,-1.739686930424289,unskilled - resident,-0.9397360456218824,none,yes
0.556287452909254,no checking account,2.9669785156783344,critical account/ other credits existing (not at this bank),radio/television,3379.9487218793047,.. >= 1000 DM ,4 <= ... < 7 years,1.1419894308498963,female : divorced/separated/married,none,0.2233321937347077,unknown / no property,36.32775079474731,none,own,2.191495813423433,skilled employee / official,5.013537184237121,none,yes
0.31623816981021835,no checking account,37.82924810797369,critical account/ other credits existing (not at this bank),radio/television,3989.1944341177873,100 <= ... < 500 DM,.. >= 7 years,2.1075894713054755,male : single,none,1.992621948703216,"if not A121/A122 : car or other, not in attribute 6",25.28302412451804,none,rent,2.3522747695537154,skilled employee / official,-0.9547212393859033,none,yes
2.555534778169851,0 <= ... < 200 DM,21.263331404897766,delay in paying off in the past,car (new),11558.111154243194,unknown/ no savings account,4 <= ... < 7 years,0.023960196876130935,female : divorced/separated/married,none,2.4377150154344425,"if not A121/A122 : car or other, not in attribute 6",23.904508245404386,none,own,5.570255603931779,skilled employee / official,3.1568721528173604,none,yes
1.6140165638889412,0 <= ... < 200 DM,17.620888976921442,existing credits paid back duly till now,domestic appliances,4379.529698706771,... < 100 DM,.. >= 7 years,6.088898956237346,male : married/widowed,none,5.799651664256566,unknown / no property,36.32255021776609,none,rent,3.0161005257211846,skilled employee / official,1.1270310432699673,"yes, registered under the customers name ",yes
-3.2397439887835398,0 <= ... < 200 DM,4.3604921424583125,existing credits paid back duly till now,domestic appliances,6765.916487211473,... < 100 DM,1 <= ... < 4 years,-0.3459420354549294,male : single,none,4.6265153574392786,real estate,41.4365350017978,none,own,0.8122093420885299,skilled employee / official,1.9487213402336552,"yes, registered under the customers name ",yes
-3.494537110681711,no checking account,30.222700858796223,existing credits paid back duly till now,radio/television,4282.784141841948,... < 100 DM,unemployed,3.0518390532672774,female : divorced/separated/married,none,3.9044907630229186,"if not A121/A122 : car or other, not in attribute 6",28.269064897394436,bank,for free,-0.007725167235029584,unskilled - resident,2.123688836477145,none,yes
2.0034907953030143,no checking account,23.222733637866362,existing credits paid back duly till now,business,2323.2941243644154,100 <= ... < 500 DM,.. >= 7 years,-1.1749856474626026,male : single,none,2.4586524893126116,if not A121 : building society savings agreement/ life insurance,33.53139105178422,bank,own,-1.7369828670447727,unskilled - resident,-0.19711734580935736,none,yes
2.375450186523873,no checking account,12.954787329949339,delay in paying off in the past,car (used),1049.2951482061233,... < 100 DM,1 <= ... < 4 years,2.4847765509155053,female : divorced/separated/married,none,3.776086331536706,real estate,25.26463188509469,none,rent,3.9464486912789405,skilled employee / official,2.135808626989067,"yes, registered under the customers name ",yes
-2.041246039026675,>= 200 DM / salary assignments for at least 1 year,22.01316630838051,critical account/ other credits existing (not at this bank),domestic appliances,3158.336954454667,... < 100 DM,1 <= ... < 4 years,0.5832002140933046,male : single,none,2.7904266927043784,unknown / no property,42.16705018366668,none,own,-0.5563485685557319,skilled employee / official,-3.0928593990967643,none,yes
-3.7196708130912572,>= 200 DM / salary assignments for at least 1 year,21.376393668445576,delay in paying off in the past,education,2479.4472647223074,... < 100 DM,unemployed,5.263609398423858,male : single,none,3.8432539437484747,"if not A121/A122 : car or other, not in attribute 6",23.307365417622638,none,own,3.9604597379426143,skilled employee / official,1.8794147768292737,none,yes
0.19806964201440183,0 <= ... < 200 DM,40.3424560232274,critical account/ other credits existing (not at this bank),car (new),14181.03902183533,unknown/ no savings account,4 <= ... < 7 years,9.599394443674619,male : single,none,3.624001796966401,"if not A121/A122 : car or other, not in attribute 6",31.04144179740348,bank,own,3.050144081724133,unskilled - resident,-3.937060249143272,"yes, registered under the customers name ",yes
1.8616764527010587,0 <= ... < 200 DM,11.450696287475875,existing credits paid back duly till now,business,1799.3201856932872,unknown/ no savings account,.. >= 7 years,2.266642412698956,male : married/widowed,none,1.5048986291847855,real estate,29.736944643002392,none,own,2.659805763187921,management/ self-employed/ highly qualified employee/ officer,0.546306546603085,"yes, registered under the customers name ",yes
3.5951890448686292,< 0 DM,13.846007257244933,critical account/ other credits existing (not at this bank),car (used),2513.092104502096,... < 100 DM,... < 1 year ,-2.3335158659804747,male : single,none,5.506424129655731,"if not A121/A122 : car or other, not in attribute 6",19.362484461752164,none,rent,0.38626337487940343,skilled employee / official,2.708485970636983,none,yes
2.0325951442029018,no checking account,12.627638040214244,existing credits paid back duly till now,business,1273.060269501561,... < 100 DM,1 <= ... < 4 years,4.7999993288594665,male : married/widowed,none,-1.4605202951971537,if not A121 : building society savings agreement/ life insurance,33.99788113275697,none,own,2.3213458260045017,unemployed/ unskilled - non-resident,2.2445906121167516,"yes, registered under the customers name ",no
-0.7434333931713899,0 <= ... < 200 DM,20.01650516053973,critical account/ other credits existing (not at this bank),domestic appliances,5247.666448531996,... < 100 DM,... < 1 year ,-0.4538499178603137,male : single,none,0.8986722015337021,if not A121 : building society savings agreement/ life insurance,24.527984199620455,none,own,0.9690584743263958,skilled employee / official,-1.5968209579238821,none,yes
-1.7862612431697253,< 0 DM,16.78571163264591,existing credits paid back duly till now,domestic appliances,3030.499531107316,unknown/ no savings account,4 <= ... < 7 years,4.598693861107081,female : divorced/separated/married,none,-1.4970360589670473,if not A121 : building society savings agreement/ life insurance,32.740359656654896,none,own,0.26157341706237913,management/ self-employed/ highly qualified employee/ officer,-1.3393287921870338,none,yes
0.022902583341308833,no checking account,4.450979876973209,existing credits paid back duly till now,car (new),428.7829920746962,... < 100 DM,1 <= ... < 4 years,1.4359419044201105,male : single,guarantor,2.732794800715199,if not A121 : building society savings agreement/ life insurance,49.776273846616355,bank,rent,2.3920095732964004,skilled employee / official,-0.3773440806452697,"yes, registered under the customers name ",yes
0.4014705922294872,no checking account,16.762106894817272,critical account/ other credits existing (not at this bank),radio/television,975.2127250574059,... < 100 DM,.. >= 7 years,-0.2636313781655615,male : single,none,2.500646586380926,unknown / no property,23.6493633064577,none,own,0.7120557815577389,unskilled - resident,1.3724317247162694,none,yes
-2.0301358114576322,< 0 DM,10.687258212903782,critical account/ other credits existing (not at this bank),domestic appliances,837.7618563597637,... < 100 DM,.. >= 7 years,1.644084888508627,female : divorced/separated/married,none,5.010535031865541,"if not A121/A122 : car or other, not in attribute 6",25.234211622912063,none,for free,-0.5966695574776537,unskilled - resident,-3.063866380087407,none,yes
4.097511301726573,no checking account,28.868722503289924,critical account/ other credits existing (not at this bank),(vacation - does not exist?),5771.227750388284,unknown/ no savings account,4 <= ... < 7 years,5.515553521872374,male : single,none,-0.8589964767269369,if not A121 : building society savings agreement/ life insurance,27.2969905971607,none,own,3.1996535509213024,management/ self-employed/ highly qualified employee/ officer,0.9735528483028836,none,yes
4.570336804144262,< 0 DM,14.198383111095627,existing credits paid back duly till now,domestic appliances,1557.1580192784722,... < 100 DM,1 <= ... < 4 years,3.545158738488687,male : single,none,7.569896245760276,if not A121 : building society savings agreement/ life insurance,53.25522978341242,none,for free,1.8720286887428694,unskilled - resident,2.622858747600129,none,yes
3.272097367110857,0 <= ... < 200 DM,25.257592587220607,delay in paying off in the past,car (new),1282.6048234219318,... < 100 DM,4 <= ... < 7 years,3.006550594412589,female : divorced/separated/married,none,2.7822981837092846,unknown / no property,32.47715222010094,none,own,1.977820023515609,skilled employee / official,0.43392563825803265,"yes, registered under the customers name ",yes
-1.8417007956182552,< 0 DM,9.419887908024142,existing credits paid back duly till now,radio/television,1300.277518763352,unknown/ no savings account,4 <= ... < 7 years,0.6023367940422564,female : divorced/separated/married,none,1.3364116142225118,"if not A121/A122 : car or other, not in attribute 6",72.30433690455632,stores,own,2.092280283291627,skilled employee / official,3.0506419361061035,none,yes
2.7100386485945576,0 <= ... < 200 DM,19.53528840779851,critical account/ other credits existing (not at this bank),radio/television,1271.6630833902673,unknown/ no savings account,.. >= 7 years,0.45628963099823006,male : married/widowed,guarantor,5.708769321356744,"if not A121/A122 : car or other, not in attribute 6",38.62350592329287,none,rent,-0.4182426093619118,skilled employee / official,1.447448316652408,"yes, registered under the customers name ",yes
1.2792528189958037,< 0 DM,21.93856593613532,all credits at this bank paid back duly,(vacation - does not exist?),1394.5002965264646,... < 100 DM,4 <= ... < 7 years,2.7940632045879603,male : single,none,0.02604048840785622,real estate,31.64358273809699,none,own,4.4701479250285505,skilled employee / official,-0.08330851879779066,none,yes
1.885091248408106,no checking account,12.140838254654577,critical account/ other credits existing (not at this bank),domestic appliances,692.743950999438,... < 100 DM,.. >= 7 years,0.42654681231017966,male : single,none,1.9073512829746664,if not A121 : building society savings agreement/ life insurance,28.18257584705662,none,own,5.0932228215271484,skilled employee / official,-2.8723787205189804,none,yes
2.4993305340875542,< 0 DM,12.647599366713134,all credits at this bank paid back duly,domestic appliances,5043.61106951615,... < 100 DM,.. >= 7 years,0.11175709126896927,male : single,none,4.358343549201749,real estate,63.82248807927937,none,own,2.767569922523922,skilled employee / official,1.2668261631416458,none,yes
2.2707422857225548,no checking account,16.444788144503466,critical account/ other credits existing (not at this bank),domestic appliances,2120.76608119967,... < 100 DM,.. >= 7 years,5.518770417661487,male : single,none,9.714946150929412,"if not A121/A122 : car or other, not in attribute 6",25.132817354794952,none,own,1.2243786292514536,management/ self-employed/ highly qualified employee/ officer,-0.9061507304599556,none,yes
1.480028472608671,< 0 DM,10.739834979488661,existing credits paid back duly till now,domestic appliances,2212.9329609486344,unknown/ no savings account,1 <= ... < 4 years,4.606096565865434,female : divorced/separated/married,none,3.6022494857040486,unknown / no property,22.808593449173188,none,own,0.399364053677855,management/ self-employed/ highly qualified employee/ officer,-0.1566852497230904,"yes, registered under the customers name ",yes
2.2738125667444202,< 0 DM,18.885690251723453,existing credits paid back duly till now,car (used),12681.778254635054,unknown/ no savings account,1 <= ... < 4 years,5.18064114597278,male : single,none,7.2127223012614365,real estate,33.854739510460455,none,own,3.7646548917929294,unskilled - resident,1.9582484359261718,none,yes
0.6815828160042118,0 <= ... < 200 DM,21.896225454203172,no credits taken/ all credits paid back duly,car (new),2461.915992192948,... < 100 DM,.. >= 7 years,3.8699086545623818,female : divorced/separated/married,none,5.411346290383911,if not A121 : building society savings agreement/ life insurance,26.30513765902761,bank,rent,1.2923399248651735,skilled employee / official,3.8346667668687022,"yes, registered under the customers name ",yes
-3.567222259428367,< 0 DM,11.71143124295949,critical account/ other credits existing (not at this bank),domestic appliances,1153.6119133522848,100 <= ... < 500 DM,... < 1 year ,5.3394923619710335,male : married/widowed,none,3.7360200729890374,real estate,40.265038771656116,none,rent,0.734887927305405,unskilled - resident,0.923879753115982,none,yes
1.1672421548211145,no checking account,27.566563163227187,critical account/ other credits existing (not at this bank),car (new),3104.3572993161506,... < 100 DM,... < 1 year ,3.849398393539584,female : divorced/separated/married,none,2.0216084567386425,real estate,30.025768379204745,bank,rent,4.744469351272906,skilled employee / official,2.1081296728917414,none,yes
-1.1123839176982504,no checking account,11.684253918275266,critical account/ other credits existing (not at this bank),car (new),2904.505295109102,.. >= 1000 DM ,unemployed,1.892282008495349,male : divorced/separated,none,6.11950722163647,if not A121 : building society savings agreement/ life insurance,34.30398367488668,none,own,0.9046446367722554,skilled employee / official,-1.8889586823057813,none,yes
-2.559681915280041,no checking account,10.164492925164971,critical account/ other credits existing (not at this bank),car (new),3618.651427282851,... < 100 DM,... < 1 year ,2.8550915546270863,female : divorced/separated/married,none,1.003779316703906,if not A121 : building society savings agreement/ life insurance,27.79003058738824,none,own,6.536850657027691,unskilled - resident,1.491047161990069,none,yes
3.363633238601648,no checking account,17.619137940192786,existing credits paid back duly till now,car (new),1656.5397919625495,... < 100 DM,... < 1 year ,3.5008471088071538,male : single,none,7.201750247354184,real estate,63.29896820147902,none,own,-0.796783821380004,skilled employee / official,0.8801881246456751,none,yes
3.457990681771407,>= 200 DM / salary assignments for at least 1 year,23.09723109807121,existing credits paid back duly till now,car (new),2813.935450773559,... < 100 DM,... < 1 year ,1.1210729733062195,female : divorced/separated/married,guarantor,4.400010616436511,if not A121 : building society savings agreement/ life insurance,28.407564306050894,none,own,2.0363697655690034,skilled employee / official,3.4584551612523637,"yes, registered under the customers name ",yes
3.718441200591224,0 <= ... < 200 DM,36.14403528383411,delay in paying off in the past,domestic appliances,8066.153416723087,... < 100 DM,... < 1 year ,0.31220217661733285,female : divorced/separated/married,none,-3.300447094596352,"if not A121/A122 : car or other, not in attribute 6",26.170278914922154,none,own,6.14216519843323,unskilled - resident,-0.08091695205751326,none,yes
0.5104268337117492,< 0 DM,18.40931763106793,delay in paying off in the past,domestic appliances,3274.511342289641,unknown/ no savings account,1 <= ... < 4 years,1.8407242516852476,male : single,none,3.3189878099363224,"if not A121/A122 : car or other, not in attribute 6",35.89130386973186,none,own,1.0595014893177237,skilled employee / official,0.5167247656752585,none,yes
2.7012502419053135,>= 200 DM / salary assignments for at least 1 year,27.41218351625528,existing credits paid back duly till now,(vacation - does not exist?),2222.6724717917555,... < 100 DM,... < 1 year ,5.092178461662858,male : single,none,5.307895641845881,"if not A121/A122 : car or other, not in attribute 6",54.22078194471493,none,own,1.4719910154644076,management/ self-employed/ highly qualified employee/ officer,3.1176289342655896,"yes, registered under the customers name ",yes
0.024106361203651085,0 <= ... < 200 DM,14.239001361605833,all credits at this bank paid back duly,domestic appliances,1479.1448712708157,... < 100 DM,4 <= ... < 7 years,4.180943982277131,male : single,none,3.5259522539204666,"if not A121/A122 : car or other, not in attribute 6",71.0769664588559,none,own,0.6644961648031606,skilled employee / official,0.815932415210701,none,yes
1.4055945537955588,0 <= ... < 200 DM,24.593831741472226,critical account/ other credits existing (not at this bank),domestic appliances,1376.26948150883,100 <= ... < 500 DM,.. >= 7 years,2.127357449909413,male : single,none,5.430011621987147,real estate,25.634820897598843,none,for free,3.1646861088704945,unskilled - resident,-1.2176827625745372,none,yes
-2.186942740923966,< 0 DM,33.30639490244087,existing credits paid back duly till now,car (used),3536.1118240625988,100 <= ... < 500 DM,.. >= 7 years,2.1871378814456737,male : single,guarantor,2.299951664575409,"if not A121/A122 : car or other, not in attribute 6",37.233520175745134,none,rent,0.4597438347186251,unskilled - resident,6.103266546580246,"yes, registered under the customers name ",yes
0.79398260899768,< 0 DM,18.42133375544924,existing credits paid back duly till now,domestic appliances,3508.072399117297,unknown/ no savings account,4 <= ... < 7 years,4.9198005326155405,male : single,none,-1.6119647455752149,real estate,25.341254167238162,none,for free,0.8103828812200229,management/ self-employed/ highly qualified employee/ officer,-1.1571855266734667,"yes, registered under the customers name ",yes
0.1207718568488342,no checking account,33.75713790796549,all credits at this bank paid back duly,car (new),5711.9309935483325,... < 100 DM,1 <= ... < 4 years,3.857666022293827,male : single,none,1.8571091939047892,"if not A121/A122 : car or other, not in attribute 6",40.620859001663035,none,own,-0.469004559585223,skilled employee / official,0.8705998369009526,"yes, registered under the customers name ",yes
-2.605304233668929,no checking account,20.924710526946722,delay in paying off in the past,car (new),3869.9782621642876,.. >= 1000 DM ,... < 1 year ,-1.7715232211422562,male : single,none,4.06313133457983,real estate,65.80160452993415,none,own,4.113789200194866,unskilled - resident,1.6933763120512264,none,yes
0.8976057763668062,< 0 DM,40.61838946370634,critical account/ other credits existing (not at this bank),radio/television,4936.0090134371785,... < 100 DM,... < 1 year ,2.7502163275083813,female : divorced/separated/married,none,1.303231297875357,if not A121 : building society savings agreement/ life insurance,24.443364880576677,bank,for free,4.309770621451365,skilled employee / official,1.5352350180622292,none,yes
-0.15945912771361695,< 0 DM,24.190878076975473,existing credits paid back duly till now,car (used),1938.6778618083856,... < 100 DM,4 <= ... < 7 years,0.29515417002209077,female : divorced/separated/married,none,6.4545822932843855,unknown / no property,56.925114101746715,stores,own,0.9368305015737382,skilled employee / official,0.6205125919872024,none,yes
3.59512233328928,no checking account,7.127248673505355,critical account/ other credits existing (not at this bank),radio/television,1411.002170865245,... < 100 DM,4 <= ... < 7 years,0.10948689625324759,female : divorced/separated/married,none,0.2995852497218847,if not A121 : building society savings agreement/ life insurance,28.632264274720054,none,rent,-1.3082978711738562,skilled employee / official,0.630479258947384,none,yes
2.788426657026819,>= 200 DM / salary assignments for at least 1 year,10.03316804268194,existing credits paid back duly till now,domestic appliances,838.1319552594863,... < 100 DM,.. >= 7 years,6.703362745720215,male : single,none,2.626331214664699,real estate,21.964399994604058,none,for free,4.071814098485264,management/ self-employed/ highly qualified employee/ officer,0.5301362674240893,"yes, registered under the customers name ",yes
0.02289087818293203,0 <= ... < 200 DM,21.375522263199745,critical account/ other credits existing (not at this bank),car (new),6468.76953708841,500 <= ... < 1000 DM ,unemployed,4.64975803561423,male : single,co-applicant,4.1359399423272505,if not A121 : building society savings agreement/ life insurance,59.88812601187915,none,own,0.2681365459057057,skilled employee / official,-1.2318677171827441,"yes, registered under the customers name ",yes
0.497574619602166,0 <= ... < 200 DM,20.425767383446313,critical account/ other credits existing (not at this bank),radio/television,1941.1889399836393,... < 100 DM,4 <= ... < 7 years,1.5686872630560766,male : married/widowed,none,-1.1134319042721668,if not A121 : building society savings agreement/ life insurance,38.53816665154024,none,own,-1.2104096816350371,skilled employee / official,5.300438428845458,"yes, registered under the customers name ",yes
0.08842475620839611,0 <= ... < 200 DM,24.218339622984264,delay in paying off in the past,(vacation - does not exist?),2675.021604169712,... < 100 DM,1 <= ... < 4 years,2.3412169251746113,male : single,none,1.3619396326629754,unknown / no property,41.07198560985045,none,rent,-2.524236024945088,skilled employee / official,0.560018164573246,none,yes
-0.40582796959109546,no checking account,44.81597399551709,existing credits paid back duly till now,radio/television,2750.887117806226,unknown/ no savings account,.. >= 7 years,4.085245046157412,female : divorced/separated/married,none,3.0238220324972627,unknown / no property,36.17584297962041,none,own,0.7080697362124502,skilled employee / official,3.1938619856461914,"yes, registered under the customers name ",yes
-1.1648543947765737,0 <= ... < 200 DM,48.60310461362581,delay in paying off in the past,car (new),6222.846603022145,... < 100 DM,... < 1 year ,7.562453855163136,male : single,none,7.962399997373928,real estate,48.54403902927177,none,rent,-1.9092762450598793,skilled employee / official,0.3306942846367892,"yes, registered under the customers name ",yes
0.6978962447861414,< 0 DM,42.031030432965856,existing credits paid back duly till now,furniture/equipment,5997.1010331404605,500 <= ... < 1000 DM ,1 <= ... < 4 years,3.014262104351197,male : married/widowed,none,4.158539623797622,unknown / no property,29.74949736646131,none,own,-0.2456416730456492,skilled employee / official,0.290472655289033,"yes, registered under the customers name ",yes
-0.4921965133050268,no checking account,17.68332886883551,critical account/ other credits existing (not at this bank),car (new),1190.9591807473018,100 <= ... < 500 DM,1 <= ... < 4 years,1.046231953933444,male : single,none,0.5487303497107345,"if not A121/A122 : car or other, not in attribute 6",41.253220697258385,none,own,2.4888174673954304,skilled employee / official,1.0891126746606994,none,yes
-2.500631077846293,no checking account,23.98419096925353,critical account/ other credits existing (not at this bank),radio/television,6312.78292673463,unknown/ no savings account,.. >= 7 years,6.097451116925724,male : single,none,-2.2209761302386752,unknown / no property,41.05629982044841,bank,own,0.24919967204953342,unskilled - resident,-1.0996915759785013,"yes, registered under the customers name ",yes
1.0224436290950694,no checking account,6.547684796616912,critical account/ other credits existing (not at this bank),radio/television,1219.4284074612344,... < 100 DM,.. >= 7 years,0.25042169456348395,male : single,guarantor,3.4661071860087596,real estate,26.114947068922337,none,own,2.711386764227422,skilled employee / official,0.6787577197584613,none,yes
0.7825293198664699,0 <= ... < 200 DM,23.39847083030653,critical account/ other credits existing (not at this bank),domestic appliances,2890.967404806277,unknown/ no savings account,unemployed,4.444403417932915,male : single,none,3.807573034143602,unknown / no property,53.24986567140929,none,own,-0.4466693190644637,unskilled - resident,0.1859846913611396,"yes, registered under the customers name ",yes
-3.573415022736156,no checking account,20.295676289197598,existing credits paid back duly till now,car (new),3064.2007413613946,... < 100 DM,... < 1 year ,1.045714069775145,male : single,none,5.282531939020739,real estate,30.013345746550627,none,for free,1.1303381327284627,management/ self-employed/ highly qualified employee/ officer,3.343049018369554,"yes, registered under the customers name ",yes
-0.24536927499025443,0 <= ... < 200 DM,8.348603779852542,existing credits paid back duly till now,radio/television,2302.351213266329,unknown/ no savings account,1 <= ... < 4 years,1.6575345118153475,male : single,none,2.238564158577117,"if not A121/A122 : car or other, not in attribute 6",22.784060796115046,none,rent,4.841801644172042,unskilled - resident,-1.3934002351690307,none,yes
2.991402771799847,< 0 DM,17.345389139489953,delay in paying off in the past,car (new),7512.120658356464,... < 100 DM,.. >= 7 years,-2.319193676652809,male : single,none,4.700424995717053,real estate,55.54531798178666,bank,own,0.30302784394620697,management/ self-employed/ highly qualified employee/ officer,0.84570564489029,none,yes
2.1184474777926416,no checking account,11.703855190904491,critical account/ other credits existing (not at this bank),repairs,1257.4849576021804,... < 100 DM,4 <= ... < 7 years,-0.11086756191140879,male : single,none,5.692346926055725,real estate,22.410711364502916,none,own,2.7688588752393173,unskilled - resident,-0.7968809335081644,"yes, registered under the customers name ",yes
2.0516736857704774,0 <= ... < 200 DM,22.87305714914986,critical account/ other credits existing (not at this bank),(vacation - does not exist?),718.1467249403458,500 <= ... < 1000 DM ,1 <= ... < 4 years,5.6784027103045265,male : single,none,3.1050727235870363,if not A121 : building society savings agreement/ life insurance,52.44878104147679,none,own,-1.1310544549368768,skilled employee / official,3.8850607880236177,"yes, registered under the customers name ",yes
0.0778264138029196,0 <= ... < 200 DM,8.113975693517066,existing credits paid back duly till now,business,1547.7128777500986,... < 100 DM,4 <= ... < 7 years,3.9001892178265747,male : single,none,1.1478288595378692,real estate,35.820737405343074,bank,rent,4.040212244833741,skilled employee / official,-0.7388168897093426,"yes, registered under the customers name ",yes
-1.6900906559383022,0 <= ... < 200 DM,23.920587435306043,existing credits paid back duly till now,car (new),1596.4807719373084,... < 100 DM,unemployed,3.3617885188940506,male : single,none,4.050525662196781,if not A121 : building society savings agreement/ life insurance,53.059982561969306,none,own,1.0455867421102694,management/ self-employed/ highly qualified employee/ officer,3.1245996894522734,"yes, registered under the customers name ",yes
-2.167397654716121,< 0 DM,18.884909209939423,existing credits paid back duly till now,car (used),1796.9396089747836,... < 100 DM,1 <= ... < 4 years,1.5025007520381648,female : divorced/separated/married,none,5.085352693120658,real estate,45.21176831249317,none,own,4.1010672998130016,skilled employee / official,2.94032294681196,"yes, registered under the customers name ",yes
0.689209809500715,0 <= ... < 200 DM,19.391146474286664,critical account/ other credits existing (not at this bank),business,4273.748555357838,... < 100 DM,1 <= ... < 4 years,0.5586878535174344,female : divorced/separated/married,none,3.971331990976178,unknown / no property,25.402072053744213,none,own,1.7536394084821896,skilled employee / official,0.7077541771691835,none,no
0.758560068730326,no checking account,11.180702143263996,all credits at this bank paid back duly,(vacation - does not exist?),974.0361803080984,unknown/ no savings account,... < 1 year ,4.602226334201387,male : single,none,5.947992675518973,"if not A121/A122 : car or other, not in attribute 6",37.23566880109944,none,for free,3.2231587300416127,management/ self-employed/ highly qualified employee/ officer,-1.7536220018809368,"yes, registered under the customers name ",yes
2.574662223210131,no checking account,12.184708076508915,existing credits paid back duly till now,radio/television,7470.288947094183,... < 100 DM,.. >= 7 years,2.9658324129235236,male : single,none,1.07612962146594,"if not A121/A122 : car or other, not in attribute 6",23.378186655854854,none,rent,2.342024854422001,skilled employee / official,-1.7283077175273807,none,yes
3.199959300684167,0 <= ... < 200 DM,32.15816814820964,existing credits paid back duly till now,car (new),9271.217404305627,... < 100 DM,.. >= 7 years,-3.2502933681936046,male : single,none,-1.6567904109262193,unknown / no property,23.245528651807454,none,rent,0.09511932097456599,skilled employee / official,2.7195281295921596,"yes, registered under the customers name ",yes
-0.2644573130623442,< 0 DM,6.954070254452916,existing credits paid back duly till now,radio/television,593.4522647493391,... < 100 DM,.. >= 7 years,1.3364776514743806,male : single,none,6.95395073622636,real estate,24.07686921775634,none,own,3.183812871523704,skilled employee / official,-1.5211880375997149,none,yes
-2.488411757721739,0 <= ... < 200 DM,11.998873805754082,existing credits paid back duly till now,car (used),926.168869671062,... < 100 DM,4 <= ... < 7 years,4.318192484378011,male : single,none,2.7907325269151073,"if not A121/A122 : car or other, not in attribute 6",64.70012879906487,none,own,2.4820302720138008,skilled employee / official,1.7840532221198246,none,yes
-0.6382131940217957,0 <= ... < 200 DM,42.07938705319513,existing credits paid back duly till now,car (new),9283.556665879141,... < 100 DM,1 <= ... < 4 years,0.8022737680754283,female : divorced/separated/married,guarantor,0.8631158325645054,real estate,53.87526323415362,stores,own,2.555868440055086,skilled employee / official,1.2286982196411926,none,yes
1.4344623896210493,no checking account,16.921468615188928,existing credits paid back duly till now,radio/television,1775.2479133368538,unknown/ no savings account,.. >= 7 years,2.80675248505345,male : single,none,0.8683933578556313,"if not A121/A122 : car or other, not in attribute 6",23.977934626593488,none,own,1.219589411666938,skilled employee / official,1.7542649686220544,none,yes
-0.4041664907788082,< 0 DM,4.094368939903504,existing credits paid back duly till now,radio/television,905.7313380129489,... < 100 DM,... < 1 year ,3.535080572253108,male : divorced/separated,none,2.1343622193079623,unknown / no property,29.784337660799213,none,own,1.6991158972641203,skilled employee / official,1.943169615691775,"yes, registered under the customers name ",yes
-1.1557882161553117,0 <= ... < 200 DM,2.0523322602820726,existing credits paid back duly till now,business,483.2711431638715,... < 100 DM,... < 1 year ,2.3902642740131856,male : divorced/separated,none,2.226632715023434,real estate,28.932985633499015,none,own,0.07601399529147812,skilled employee / official,-0.8673415688358035,none,yes
1.5057696299397978,0 <= ... < 200 DM,36.54760769064704,all credits at this bank paid back duly,domestic appliances,9628.158983313126,... < 100 DM,unemployed,2.9462936080256457,male : single,guarantor,3.965132206101982,"if not A121/A122 : car or other, not in attribute 6",25.144790216058706,none,own,2.099951949413191,unskilled - resident,-0.9510563580294826,"yes, registered under the customers name ",yes
-0.007915482821220898,< 0 DM,47.98576628974297,existing credits paid back duly till now,domestic appliances,3049.9324081206814,... < 100 DM,.. >= 7 years,2.508997020528998,female : divorced/separated/married,none,3.920475537143652,if not A121 : building society savings agreement/ life insurance,55.76679913786485,none,own,-1.149387403383534,skilled employee / official,2.4298542682008053,none,yes
-0.25613216745074796,0 <= ... < 200 DM,48.340353886383866,critical account/ other credits existing (not at this bank),domestic appliances,3931.014414120753,... < 100 DM,unemployed,6.297484699645485,male : single,none,4.349638654041614,if not A121 : building society savings agreement/ life insurance,47.542072433519614,bank,own,1.4951139693775883,skilled employee / official,0.741310778871207,none,yes
0.6229056686068791,0 <= ... < 200 DM,35.07574584965511,existing credits paid back duly till now,car (new),7430.929488866739,100 <= ... < 500 DM,... < 1 year ,0.5359841341885712,female : divorced/separated/married,none,-2.714974917974632,real estate,53.17378009440657,none,own,1.088375669919172,management/ self-employed/ highly qualified employee/ officer,-4.500296984010297,none,yes
-0.8039851602584096,0 <= ... < 200 DM,7.328707348479862,no credits taken/ all credits paid back duly,education,1335.0750852302917,... < 100 DM,4 <= ... < 7 years,0.8743865537120891,male : single,none,7.761752614015698,unknown / no property,62.545105245942935,stores,rent,-0.08030710814494513,skilled employee / official,2.2975105957677298,none,yes
0.48820877795670425,0 <= ... < 200 DM,7.86527768598224,delay in paying off in the past,car (new),1555.5597392250456,... < 100 DM,1 <= ... < 4 years,1.366684427996842,male : married/widowed,none,1.705423372930885,"if not A121/A122 : car or other, not in attribute 6",23.46193903147868,bank,own,1.8899440672194077,skilled employee / official,-1.0725225761375365,none,yes
0.5464080457042454,0 <= ... < 200 DM,36.967964587903055,all credits at this bank paid back duly,car (new),15858.505744334298,unknown/ no savings account,... < 1 year ,5.120701859748916,male : divorced/separated,none,4.1612452388939705,unknown / no property,43.87692724955332,none,for free,1.2680089523358198,management/ self-employed/ highly qualified employee/ officer,1.9342717558105065,"yes, registered under the customers name ",yes
-1.2788580021831493,no checking account,17.478343083190833,existing credits paid back duly till now,car (new),1346.6863486200452,100 <= ... < 500 DM,1 <= ... < 4 years,3.3993834835273735,male : single,none,0.2437973169319516,if not A121 : building society savings agreement/ life insurance,26.683381771916327,none,rent,-0.2327141065302245,skilled employee / official,3.7856436986339386,none,yes
-0.9624822477308244,< 0 DM,7.784621224771194,no credits taken/ all credits paid back duly,car (used),1097.9185310074718,unknown/ no savings account,... < 1 year ,4.917613312021922,male : single,none,1.0579994775014996,if not A121 : building society savings agreement/ life insurance,26.234679478271595,none,own,1.7424828485406616,management/ self-employed/ highly qualified employee/ officer,1.0335249145238952,"yes, registered under the customers name ",yes
2.8755538798329248,no checking account,13.538472416074256,delay in paying off in the past,car (new),3016.597836305168,... < 100 DM,1 <= ... < 4 years,5.463958806530044,male : single,none,-0.344631732640829,unknown / no property,21.341402554156403,none,own,-1.011103881789842,skilled employee / official,2.991531663327062,"yes, registered under the customers name ",yes
-1.3241590254685742,no checking account,38.44345733243519,critical account/ other credits existing (not at this bank),domestic appliances,2713.351957711614,... < 100 DM,.. >= 7 years,1.8724914700187034,male : single,none,4.939447529017091,real estate,41.292474113931014,none,own,5.691466077922015,unskilled - resident,2.3075953610724045,none,yes
-4.233308897941062,no checking account,9.28911682396796,existing credits paid back duly till now,car (new),728.9375958631208,unknown/ no savings account,unemployed,3.578562041846475,male : married/widowed,none,2.8283727863282344,"if not A121/A122 : car or other, not in attribute 6",46.5914610243854,none,own,4.11823732041637,skilled employee / official,4.174858656282295,none,yes
-3.723690306485023,0 <= ... < 200 DM,16.240715145264986,existing credits paid back duly till now,car (new),3780.0183464963643,... < 100 DM,4 <= ... < 7 years,2.3418926559035675,male : single,none,3.5161599738801828,if not A121 : building society savings agreement/ life insurance,31.219255504582485,none,own,2.546188211263102,skilled employee / official,-1.1242142175142122,"yes, registered under the customers name ",yes
0.058219893153338406,no checking account,22.347588787335514,existing credits paid back duly till now,radio/television,1601.7674667093793,... < 100 DM,4 <= ... < 7 years,3.4883537315148354,male : married/widowed,none,1.6991590946536097,"if not A121/A122 : car or other, not in attribute 6",31.015323537777434,none,own,4.34422585495339,skilled employee / official,0.9835700391670205,"yes, registered under the customers name ",yes
1.061834556065398,0 <= ... < 200 DM,19.72105941592289,existing credits paid back duly till now,car (new),3969.6843013171365,... < 100 DM,unemployed,2.7084797211536653,female : divorced/separated/married,none,3.0947621206921117,real estate,34.93068422448555,none,rent,-0.9585049533675556,management/ self-employed/ highly qualified employee/ officer,2.346323210082935,"yes, registered under the customers name ",yes
0.7647782891497581,no checking account,21.117632495598173,critical account/ other credits existing (not at this bank),car (new),4168.848992074025,... < 100 DM,1 <= ... < 4 years,2.4620199545110277,male : single,none,1.508899669598628,"if not A121/A122 : car or other, not in attribute 6",41.056712950417904,stores,own,-3.1153594756680123,skilled employee / official,1.6191764859799092,"yes, registered under the customers name ",yes
3.428379657857003,0 <= ... < 200 DM,34.247780151544085,delay in paying off in the past,domestic appliances,8331.67128721334,unknown/ no savings account,4 <= ... < 7 years,3.4705794183397387,male : single,guarantor,6.567690253658601,real estate,46.21760499335868,none,rent,0.2014178765001876,unskilled - resident,3.3044379933053394,none,yes
-5.345668866205876,no checking account,47.54709083091172,critical account/ other credits existing (not at this bank),domestic appliances,6685.987854011456,... < 100 DM,... < 1 year ,1.7495529792403302,female : divorced/separated/married,none,0.22029468193976287,unknown / no property,36.922576206901866,bank,own,-1.757128287204218,skilled employee / official,1.1359209209784389,none,yes
0.7918677488616472,0 <= ... < 200 DM,25.49454410228691,existing credits paid back duly till now,car (new),2373.1695485576934,... < 100 DM,... < 1 year ,2.065019845249531,male : single,none,-0.6313271105488654,"if not A121/A122 : car or other, not in attribute 6",41.78115793912152,none,own,1.5267889511033415,unskilled - resident,6.138742303257777,"yes, registered under the customers name ",yes
4.122876403607147,< 0 DM,18.114820142876315,critical account/ other credits existing (not at this bank),car (used),1217.9613465886548,unknown/ no savings account,1 <= ... < 4 years,8.28689364955396,female : divorced/separated/married,guarantor,-0.8946103313796336,"if not A121/A122 : car or other, not in attribute 6",23.417283812974013,none,rent,1.4113132811897977,skilled employee / official,5.24439500854449,"yes, registered under the customers name ",yes
-1.255561529783428,< 0 DM,42.76534479589745,existing credits paid back duly till now,radio/television,11817.940995961728,... < 100 DM,4 <= ... < 7 years,1.6443485494226209,male : divorced/separated,none,1.8249957604770994,if not A121 : building society savings agreement/ life insurance,29.40463636111671,none,own,3.8408289966812226,skilled employee / official,1.5641439924545995,none,yes
-0.7596130235797902,no checking account,24.829232570053406,critical account/ other credits existing (not at this bank),domestic appliances,5082.008619546316,unknown/ no savings account,1 <= ... < 4 years,0.45045600884327963,male : single,none,2.3767998976157854,if not A121 : building society savings agreement/ life insurance,40.3774073304265,none,own,-1.2765279685504272,skilled employee / official,2.1052023607092334,"yes, registered under the customers name ",yes
-0.5057838344572418,no checking account,16.157323267630332,critical account/ other credits existing (not at this bank),car (used),2327.986535587678,... < 100 DM,.. >= 7 years,4.862198331178595,male : single,none,-0.228962508180778,real estate,24.65014023599232,none,own,1.7992613723201434,management/ self-employed/ highly qualified employee/ officer,3.3833428712492752,none,yes
-0.7886920921550575,< 0 DM,12.175925792662005,existing credits paid back duly till now,domestic appliances,1081.7849325114678,... < 100 DM,... < 1 year ,4.563617097367104,male : single,none,2.5317045067706623,"if not A121/A122 : car or other, not in attribute 6",44.04266866622129,none,rent,2.028779386304465,unskilled - resident,-1.3743947979347335,"yes, registered under the customers name ",yes
-0.65252401004608,< 0 DM,12.43916985435989,no credits taken/ all credits paid back duly,radio/television,887.1086600092648,... < 100 DM,.. >= 7 years,5.156309833729043,male : single,none,-2.02942896186683,if not A121 : building society savings agreement/ life insurance,22.852753495666494,none,rent,1.6950186198661692,management/ self-employed/ highly qualified employee/ officer,-1.6240000291555812,none,yes
2.8549705673690093,< 0 DM,3.48258819662854,delay in paying off in the past,domestic appliances,601.4613446047613,... < 100 DM,4 <= ... < 7 years,0.7239058494369328,female : divorced/separated/married,none,0.9640225524646375,real estate,21.458641480655665,none,rent,-0.039543901507199664,skilled employee / official,4.51283782771527,none,yes
3.6747733509750407,0 <= ... < 200 DM,26.956557871432118,critical account/ other credits existing (not at this bank),radio/television,2959.3926789707407,unknown/ no savings account,4 <= ... < 7 years,3.3626538188463915,male : divorced/separated,guarantor,6.400840799820401,real estate,62.93068729717404,none,own,4.766270279724241,skilled employee / official,1.5479769457459986,"yes, registered under the customers name ",yes
-0.6718784500802955,< 0 DM,22.198615632574647,critical account/ other credits existing (not at this bank),radio/television,2611.150799086292,100 <= ... < 500 DM,.. >= 7 years,3.6608272550054193,male : single,none,3.8071761405622055,"if not A121/A122 : car or other, not in attribute 6",43.146613157404445,stores,rent,1.7929827031405476,skilled employee / official,0.5469895080404208,none,yes
4.81012042812894,0 <= ... < 200 DM,34.825358474472445,critical account/ other credits existing (not at this bank),business,5178.664251861147,... < 100 DM,.. >= 7 years,1.2345236594027464,male : single,none,2.3749353443450554,unknown / no property,27.835292801076854,none,own,4.548364447007538,skilled employee / official,1.022246605762322,"yes, registered under the customers name ",yes
0.07115295396924973,no checking account,21.021971027055052,existing credits paid back duly till now,domestic appliances,2995.1921284661144,100 <= ... < 500 DM,4 <= ... < 7 years,2.824145181160205,male : single,none,-0.005557112558228994,"if not A121/A122 : car or other, not in attribute 6",27.440817692964945,none,for free,0.4192226926355527,skilled employee / official,-3.7720829447281385,none,yes
4.5073820534021625,< 0 DM,19.757908055401785,critical account/ other credits existing (not at this bank),repairs,1944.160791929717,unknown/ no savings account,... < 1 year ,4.592066154085234,male : single,none,0.9278300819105518,real estate,22.97741830607834,none,own,2.4856546799111072,skilled employee / official,0.6188753710859974,none,yes
-0.18659729930698354,no checking account,21.005253659810926,existing credits paid back duly till now,radio/television,1560.4636267886417,100 <= ... < 500 DM,... < 1 year ,7.700926467687507,male : single,none,1.7216878489314387,if not A121 : building society savings agreement/ life insurance,50.95946503104502,none,own,0.8806630388789428,skilled employee / official,-0.5060934783864472,none,yes
0.2621156520922886,< 0 DM,15.379406500469122,critical account/ other credits existing (not at this bank),domestic appliances,3420.670826655483,... < 100 DM,1 <= ... < 4 years,4.171998130010431,male : single,none,3.91358034620797,if not A121 : building society savings agreement/ life insurance,49.87815016697244,none,own,2.3445151666664725,unskilled - resident,3.836143267230165,"yes, registered under the customers name ",yes
0.7309489452856691,0 <= ... < 200 DM,16.924542984530564,critical account/ other credits existing (not at this bank),car (new),3973.9094744372032,... < 100 DM,1 <= ... < 4 years,-2.66835408442061,male : divorced/separated,none,4.736353559453336,real estate,36.46542188553871,none,rent,2.264630680935093,skilled employee / official,2.990061556768012,"yes, registered under the customers name ",yes
7.3577073587350705,no checking account,18.06539045050654,existing credits paid back duly till now,car (used),6759.864555713494,... < 100 DM,.. >= 7 years,1.812029134430757,male : single,none,5.804734834270641,real estate,69.92432908629249,bank,rent,1.401653041620821,skilled employee / official,2.1533604682598213,"yes, registered under the customers name ",yes
1.7025711496895781,no checking account,21.763388365586913,existing credits paid back duly till now,(vacation - does not exist?),1247.7583572286387,unknown/ no savings account,... < 1 year ,9.479008266216612,male : single,none,3.2612247249666657,"if not A121/A122 : car or other, not in attribute 6",30.892208219886278,stores,own,-4.323930674314656,skilled employee / official,1.7909172975982832,none,yes
-1.4145290599029272,0 <= ... < 200 DM,8.230899779964167,existing credits paid back duly till now,car (new),1365.5723985373058,... < 100 DM,1 <= ... < 4 years,4.732732469970079,male : single,none,2.5248862718641116,real estate,60.13941576304539,none,own,-5.125736246348615,management/ self-employed/ highly qualified employee/ officer,-1.9946934974405357,none,yes
2.937995740551716,no checking account,13.322756379783415,delay in paying off in the past,domestic appliances,710.9519681005881,... < 100 DM,4 <= ... < 7 years,2.3782221123828227,male : divorced/separated,none,4.049099664807976,if not A121 : building society savings agreement/ life insurance,56.92658560876201,none,rent,3.544844320568098,skilled employee / official,2.181286159993748,none,yes
0.276334925831317,< 0 DM,18.716914558434308,delay in paying off in the past,radio/television,2234.689739420935,500 <= ... < 1000 DM ,1 <= ... < 4 years,5.1822130288611135,male : married/widowed,none,1.3573149399255082,real estate,35.01822381251011,none,own,4.460516915759392,management/ self-employed/ highly qualified employee/ officer,2.258795891046768,none,yes
-0.9795003658024183,>= 200 DM / salary assignments for at least 1 year,24.46256404548673,existing credits paid back duly till now,car (new),4044.861838037649,... < 100 DM,1 <= ... < 4 years,1.5159731502205194,male : single,none,3.5976204730104993,"if not A121/A122 : car or other, not in attribute 6",45.146018571923314,none,for free,5.774681892511893,unskilled - resident,3.4903853075374602,"yes, registered under the customers name ",yes
1.8172027197842224,< 0 DM,14.401324184496556,existing credits paid back duly till now,radio/television,1473.7369387875303,... < 100 DM,unemployed,1.292384960906285,female : divorced/separated/married,none,8.074255793919626,if not A121 : building society savings agreement/ life insurance,36.29713167593207,none,own,1.964943503435645,unskilled - resident,5.236419624860394,none,yes
1.0621711755423056,0 <= ... < 200 DM,19.344228630192873,delay in paying off in the past,car (used),1442.4867978328011,... < 100 DM,4 <= ... < 7 years,3.303261273531856,female : divorced/separated/married,none,0.47599952599277495,"if not A121/A122 : car or other, not in attribute 6",29.090744805927795,none,own,-0.5852696039957825,skilled employee / official,-1.385121347143217,none,yes
0.5571518290236122,< 0 DM,36.95025613469602,no credits taken/ all credits paid back duly,domestic appliances,10873.356216456914,... < 100 DM,.. >= 7 years,2.1830528784777226,female : divorced/separated/married,guarantor,1.5306463681554783,"if not A121/A122 : car or other, not in attribute 6",43.317079693810705,none,own,1.160832314697997,skilled employee / official,1.2230463487635732,none,yes
0.027970443730584924,< 0 DM,22.61613260765078,existing credits paid back duly till now,car (new),1477.150753298871,... < 100 DM,.. >= 7 years,0.2556889951332084,male : married/widowed,none,5.423497814392313,if not A121 : building society savings agreement/ life insurance,32.45029179193903,bank,rent,1.0228490307226257,skilled employee / official,-0.4845332743152895,none,yes
0.6731662532108694,no checking account,9.662696493199094,delay in paying off in the past,car (used),893.8779652979432,... < 100 DM,4 <= ... < 7 years,1.7016814189227283,male : single,none,0.06821700993292357,"if not A121/A122 : car or other, not in attribute 6",41.5592420414718,none,own,-1.0140764485702185,unskilled - resident,1.3450143767701483,none,yes
0.8499317948722984,>= 200 DM / salary assignments for at least 1 year,17.087486795440988,existing credits paid back duly till now,car (new),3343.252330392862,... < 100 DM,... < 1 year ,4.020671126364709,female : divorced/separated/married,none,0.7125051494674992,"if not A121/A122 : car or other, not in attribute 6",27.957307161858882,none,own,4.297149445947733,skilled employee / official,1.0268037164360775,none,yes
-2.8739338654108306,< 0 DM,15.786753740508194,existing credits paid back duly till now,radio/television,3958.320789948787,... < 100 DM,1 <= ... < 4 years,2.1836536480220916,female : divorced/separated/married,none,0.9419230048647209,real estate,31.273737266901126,none,own,5.479005759287474,unskilled - resident,0.5318358538397088,none,yes
1.3331453372190671,no checking account,6.2060758844977375,all credits at this bank paid back duly,furniture/equipment,3575.220419347406,unknown/ no savings account,.. >= 7 years,1.7896225422921814,female : divorced/separated/married,none,1.553420555892031,if not A121 : building society savings agreement/ life insurance,28.63047325748856,none,own,1.9565614014603554,skilled employee / official,4.055208722802347,none,yes
-1.9640388396606012,< 0 DM,25.311236122342766,critical account/ other credits existing (not at this bank),car (new),5801.062721139369,... < 100 DM,unemployed,1.570663345382877,male : single,none,-1.1919143192124344,real estate,29.398340937354412,none,own,1.9782725066036082,skilled employee / official,-1.2028284223615673,"yes, registered under the customers name ",yes
-1.8845982711188225,0 <= ... < 200 DM,15.830778755127524,critical account/ other credits existing (not at this bank),car (used),2170.2657366471144,100 <= ... < 500 DM,1 <= ... < 4 years,5.428227497106601,male : single,none,3.190572120676079,unknown / no property,30.411081128960575,none,own,-1.5899339569488644,skilled employee / official,-1.0822429347852123,"yes, registered under the customers name ",yes
0.8831775122826351,no checking account,26.825026139922013,critical account/ other credits existing (not at this bank),domestic appliances,2437.433197892207,unknown/ no savings account,... < 1 year ,1.63248180587961,male : single,co-applicant,5.332574565026288,unknown / no property,32.92601219068256,none,own,4.092867792312102,management/ self-employed/ highly qualified employee/ officer,-1.0484505421960844,none,yes
0.16796200662890853,< 0 DM,29.04819767968205,existing credits paid back duly till now,education,4532.119062457994,... < 100 DM,1 <= ... < 4 years,7.28546860387526,female : divorced/separated/married,none,3.0167506500358954,if not A121 : building society savings agreement/ life insurance,32.96527099891155,none,rent,2.152613621698093,skilled employee / official,1.2793448251480262,none,yes
-0.3870123291445615,< 0 DM,10.579770951836801,existing credits paid back duly till now,car (new),2207.827852834775,unknown/ no savings account,1 <= ... < 4 years,-1.4315165687566331,male : single,none,0.25925265141783727,real estate,23.784941918089167,none,own,0.4216712031787755,skilled employee / official,-1.4571804318236925,"yes, registered under the customers name ",yes
1.6620637153359488,no checking account,15.314465686872387,existing credits paid back duly till now,(vacation - does not exist?),2218.4852350500373,... < 100 DM,4 <= ... < 7 years,-0.18510854076682515,female : divorced/separated/married,none,4.173021581574591,"if not A121/A122 : car or other, not in attribute 6",16.701867337281602,none,own,1.9623481773490754,skilled employee / official,0.9028570224014589,none,yes
-2.684350332741814,0 <= ... < 200 DM,17.58193548794516,existing credits paid back duly till now,retraining,2390.020277431227,... < 100 DM,1 <= ... < 4 years,4.834741606063658,female : divorced/separated/married,none,-0.798880479138175,"if not A121/A122 : car or other, not in attribute 6",26.425057735888327,none,own,-0.1714230579783711,skilled employee / official,0.6690196107382662,"yes, registered under the customers name ",yes
-0.8138874975451179,0 <= ... < 200 DM,13.357047902800057,delay in paying off in the past,radio/television,3334.0586269579344,... < 100 DM,1 <= ... < 4 years,5.328466502995276,female : divorced/separated/married,none,3.3348066784569745,unknown / no property,44.649473931254505,none,own,1.293750346243637,skilled employee / official,-0.5730302279981601,"yes, registered under the customers name ",yes
-1.1697482698660013,0 <= ... < 200 DM,35.25844366107588,existing credits paid back duly till now,(vacation - does not exist?),7409.129179313886,... < 100 DM,1 <= ... < 4 years,3.6300860722323414,male : single,none,6.306935854341756,"if not A121/A122 : car or other, not in attribute 6",37.921484020236925,none,own,-0.8849337016913199,skilled employee / official,2.747532508112392,none,yes
-0.09317454067867874,no checking account,12.471139741279789,critical account/ other credits existing (not at this bank),radio/television,653.1444848403745,... < 100 DM,4 <= ... < 7 years,5.125715840364782,male : single,none,4.191390755192512,real estate,28.035618743211785,none,own,3.174174378504868,skilled employee / official,0.8809989434265263,none,yes
0.5577285692944776,< 0 DM,37.7438687330389,critical account/ other credits existing (not at this bank),education,7674.312905165082,500 <= ... < 1000 DM ,4 <= ... < 7 years,2.035073803346117,male : divorced/separated,none,1.6249468480256533,real estate,40.354460290536224,stores,rent,1.7911779177286535,skilled employee / official,3.1252947280636074,"yes, registered under the customers name ",yes
-2.0157858992470894,< 0 DM,4.876386912948821,existing credits paid back duly till now,radio/television,1341.6449769086164,... < 100 DM,1 <= ... < 4 years,-1.0527969082303867,female : divorced/separated/married,none,4.360670681327828,if not A121 : building society savings agreement/ life insurance,50.89560550718581,none,own,4.317601721268024,skilled employee / official,1.6099002975911358,none,yes
1.4485653549124564,< 0 DM,22.76761452001861,all credits at this bank paid back duly,car (new),1379.8527685417248,... < 100 DM,.. >= 7 years,3.0197233035212414,male : single,none,-1.7035918521266193,"if not A121/A122 : car or other, not in attribute 6",26.3550424510341,none,own,1.5977276443167612,skilled employee / official,0.9516102235372906,none,yes
0.12600473666939946,< 0 DM,12.611269038551082,existing credits paid back duly till now,car (new),870.2099083001042,... < 100 DM,1 <= ... < 4 years,1.5761805600374466,male : single,none,-1.3980207850300235,"if not A121/A122 : car or other, not in attribute 6",24.044960592307472,none,own,0.7276005824320433,skilled employee / official,-0.12556480936342163,"yes, registered under the customers name ",yes
-3.783892506623821,< 0 DM,9.871054507747655,existing credits paid back duly till now,domestic appliances,3590.233960468048,unknown/ no savings account,unemployed,-0.5574199355537433,female : divorced/separated/married,none,-0.08224627189758182,if not A121 : building society savings agreement/ life insurance,26.441219824157006,stores,rent,-1.424634856583915,skilled employee / official,1.985906918929031,none,yes
-3.917182880794062,0 <= ... < 200 DM,7.343209377116995,critical account/ other credits existing (not at this bank),car (new),1317.514344756779,unknown/ no savings account,... < 1 year ,4.803497838639493,male : single,none,3.1113810956086327,real estate,42.221125480585535,bank,for free,3.5195139460362865,skilled employee / official,2.424462612264093,"yes, registered under the customers name ",yes
-0.02463858585862247,< 0 DM,19.45965757803106,delay in paying off in the past,radio/television,1937.3556080678252,... < 100 DM,.. >= 7 years,0.7536440358240766,male : divorced/separated,none,5.873937991178403,unknown / no property,34.995749742119045,none,rent,-0.7516799080461831,skilled employee / official,0.17733153545940394,none,yes
-0.4419346355727082,no checking account,39.61782908416554,existing credits paid back duly till now,radio/television,3593.9256124119734,100 <= ... < 500 DM,1 <= ... < 4 years,4.639108013446723,female : divorced/separated/married,guarantor,3.1567963960336782,if not A121 : building society savings agreement/ life insurance,26.705904721182545,none,rent,0.027155253601542806,unskilled - resident,2.0368239250693287,none,yes
0.793159772850733,0 <= ... < 200 DM,11.850657886940612,critical account/ other credits existing (not at this bank),car (new),1420.3374283280978,... < 100 DM,1 <= ... < 4 years,0.39635449555780466,female : divorced/separated/married,none,3.0459906564946566,unknown / no property,29.562461127525143,none,own,1.0020943721650737,skilled employee / official,-0.6254939220914824,none,yes
-0.05596491306043596,0 <= ... < 200 DM,26.74783102274697,no credits taken/ all credits paid back duly,car (new),6742.792817004414,unknown/ no savings account,4 <= ... < 7 years,2.592766040233509,female : divorced/separated/married,none,0.8021508688189152,if not A121 : building society savings agreement/ life insurance,38.316445337591915,none,own,2.2424483673787132,skilled employee / official,2.518101131044419,"yes, registered under the customers name ",yes
0.45111967902036143,< 0 DM,25.4497093431124,existing credits paid back duly till now,business,7814.611160383805,... < 100 DM,1 <= ... < 4 years,2.022634862074075,male : single,none,1.9173712891287027,"if not A121/A122 : car or other, not in attribute 6",40.26410273442136,bank,rent,-2.412193880435518,skilled employee / official,-0.1598116546238546,none,yes
1.8952992196965994,< 0 DM,26.844212699847112,existing credits paid back duly till now,radio/television,9278.787597491872,... < 100 DM,4 <= ... < 7 years,4.813231067301289,female : divorced/separated/married,none,4.544002213766377,if not A121 : building society savings agreement/ life insurance,47.27561773189004,none,own,0.538388269023967,management/ self-employed/ highly qualified employee/ officer,2.7033597464581005,"yes, registered under the customers name ",yes
-2.2222098018351164,0 <= ... < 200 DM,29.086380038522673,existing credits paid back duly till now,car (new),2182.504767465425,... < 100 DM,1 <= ... < 4 years,4.64743779115813,male : single,none,2.743360029223174,if not A121 : building society savings agreement/ life insurance,35.8980482693895,none,own,3.590460437287427,skilled employee / official,1.12195308486733,none,yes
-2.3439431858015896,no checking account,18.2028948613001,existing credits paid back duly till now,car (new),1100.2816255787227,unknown/ no savings account,1 <= ... < 4 years,6.4715657859882825,male : single,none,3.4432671193978033,"if not A121/A122 : car or other, not in attribute 6",64.8802912046083,none,own,1.2433239309521948,skilled employee / official,4.041907466782127,none,yes
-1.186647715774765,0 <= ... < 200 DM,19.98421389839066,critical account/ other credits existing (not at this bank),(vacation - does not exist?),4056.9961631999818,500 <= ... < 1000 DM ,1 <= ... < 4 years,1.488706567149615,male : single,none,3.882717385059899,unknown / no property,44.565036361344795,none,own,0.5505364915733568,management/ self-employed/ highly qualified employee/ officer,-1.308135452508418,"yes, registered under the customers name ",yes
1.5778333343374138,no checking account,12.533472335953283,existing credits paid back duly till now,domestic appliances,795.6069338016333,100 <= ... < 500 DM,... < 1 year ,4.112286680488334,female : divorced/separated/married,guarantor,3.302454637597396,if not A121 : building society savings agreement/ life insurance,56.10712933698846,none,own,1.324812101685453,unskilled - resident,-1.9523535466237365,none,yes
2.489894757292891,< 0 DM,21.872880541130566,critical account/ other credits existing (not at this bank),business,2826.0230274038386,unknown/ no savings account,1 <= ... < 4 years,2.0378256837674433,male : single,none,3.4521191782040503,"if not A121/A122 : car or other, not in attribute 6",34.736293110396815,none,own,1.7480791349060019,skilled employee / official,0.7675655080488661,"yes, registered under the customers name ",yes
0.13732112352097903,no checking account,48.39927003582303,critical account/ other credits existing (not at this bank),domestic appliances,15672.283313394782,unknown/ no savings account,1 <= ... < 4 years,1.1727895145111638,male : single,none,5.185456912039137,"if not A121/A122 : car or other, not in attribute 6",26.949782170714716,none,own,-1.061031004775209,unskilled - resident,-1.7692218960686263,"yes, registered under the customers name ",yes
-5.003399688319309,no checking account,32.87759415562224,critical account/ other credits existing (not at this bank),car (used),6613.2056113801655,... < 100 DM,1 <= ... < 4 years,3.475791554510742,male : single,guarantor,3.656282402026005,"if not A121/A122 : car or other, not in attribute 6",35.794388836066126,none,own,1.927307752666191,unskilled - resident,-1.7654697888565551,"yes, registered under the customers name ",yes
-3.407985725220751,< 0 DM,29.085716448955193,existing credits paid back duly till now,radio/television,7823.33511493132,... < 100 DM,1 <= ... < 4 years,1.5482835586257215,female : divorced/separated/married,none,6.358675619438412,"if not A121/A122 : car or other, not in attribute 6",39.530401211771164,bank,own,3.9881463400117925,skilled employee / official,3.243101520919752,none,yes
-1.6660734455920232,no checking account,29.04902535085338,critical account/ other credits existing (not at this bank),radio/television,2440.36488320334,.. >= 1000 DM ,.. >= 7 years,1.5689942823086098,female : divorced/separated/married,none,5.1187401346147166,if not A121 : building society savings agreement/ life insurance,44.65742281225795,stores,own,1.897648105465819,unemployed/ unskilled - non-resident,1.9916424131746833,none,yes
-1.1154577749904295,>= 200 DM / salary assignments for at least 1 year,13.433640276569665,existing credits paid back duly till now,domestic appliances,1829.8432336598196,500 <= ... < 1000 DM ,unemployed,1.1729653526946944,female : divorced/separated/married,none,1.0655160130264667,"if not A121/A122 : car or other, not in attribute 6",49.41188055741755,none,rent,1.251036221028364,skilled employee / official,0.04063804659148229,"yes, registered under the customers name ",yes
-0.8167772545094528,no checking account,9.72615483717913,delay in paying off in the past,car (new),2170.8119696518297,unknown/ no savings account,.. >= 7 years,-0.6794962314147943,male : single,none,1.7957259414729516,real estate,41.99657796668267,none,rent,-0.7632626478701545,management/ self-employed/ highly qualified employee/ officer,0.22607480538913582,"yes, registered under the customers name ",yes
0.07716224596183413,0 <= ... < 200 DM,31.68795391490004,delay in paying off in the past,domestic appliances,5798.673652498726,unknown/ no savings account,4 <= ... < 7 years,0.8873070729930843,male : single,none,2.332808233860207,"if not A121/A122 : car or other, not in attribute 6",36.37378268919816,none,own,3.88276390098069,management/ self-employed/ highly qualified employee/ officer,-0.1944753286526788,none,yes
-0.6234926616448943,no checking account,17.467172931849646,existing credits paid back duly till now,car (used),1167.675510361351,100 <= ... < 500 DM,unemployed,5.254987793343689,male : married/widowed,none,1.2903301661344333,real estate,29.051348907315997,none,rent,1.8152835863242422,management/ self-employed/ highly qualified employee/ officer,4.300738335638087,none,yes
2.0986792210868144,no checking account,34.83681213143679,delay in paying off in the past,domestic appliances,8944.579202544435,... < 100 DM,4 <= ... < 7 years,-0.19699706402656592,male : married/widowed,guarantor,1.8194205077863717,"if not A121/A122 : car or other, not in attribute 6",30.56661349188816,none,own,-0.7003992672117265,skilled employee / official,0.5289885847139266,"yes, registered under the customers name ",yes
-1.3520346113627375,no checking account,17.89796117530389,existing credits paid back duly till now,education,2607.9576826824746,500 <= ... < 1000 DM ,.. >= 7 years,1.26375430749339,female : divorced/separated/married,none,5.2292880961636445,unknown / no property,29.15213900712278,none,for free,1.1845312002863548,skilled employee / official,-1.6442677961665986,"yes, registered under the customers name ",yes
-1.724635918951086,no checking account,12.906037512624343,existing credits paid back duly till now,car (new),1592.1572353390636,... < 100 DM,.. >= 7 years,6.58179714246583,female : divorced/separated/married,none,4.510316833409446,"if not A121/A122 : car or other, not in attribute 6",38.34794899054209,none,own,-1.4072004297909055,skilled employee / official,2.5921012349726555,none,yes
0.9577510770409232,no checking account,14.100059236270702,critical account/ other credits existing (not at this bank),car (new),2184.2743999608533,100 <= ... < 500 DM,1 <= ... < 4 years,-0.27299209969650806,male : married/widowed,none,4.6163501774501645,"if not A121/A122 : car or other, not in attribute 6",33.8675382444289,bank,own,-1.0669910629208128,unskilled - resident,0.5684887533043582,"yes, registered under the customers name ",yes
-2.0712841398522386,< 0 DM,15.848528082709535,existing credits paid back duly till now,business,4154.617095499204,... < 100 DM,1 <= ... < 4 years,2.6420920183296714,male : single,none,2.1086408878935803,unknown / no property,42.90906374373762,none,own,-1.9202670597035612,skilled employee / official,5.077547377635771,"yes, registered under the customers name ",yes
1.7793834106400044,0 <= ... < 200 DM,14.890855188719106,existing credits paid back duly till now,education,2623.879102380411,... < 100 DM,1 <= ... < 4 years,3.2846342930009893,female : divorced/separated/married,none,-0.16448248725974857,unknown / no property,43.10279570863418,none,own,-1.1335584751147998,unskilled - resident,-0.05241127758827058,"yes, registered under the customers name ",yes
0.20510636745253372,0 <= ... < 200 DM,22.14260907785923,critical account/ other credits existing (not at this bank),radio/television,3482.1869987459754,... < 100 DM,.. >= 7 years,3.3250522595625602,male : single,none,4.141179150834676,if not A121 : building society savings agreement/ life insurance,43.34421787473757,none,own,4.714675167999612,unskilled - resident,2.691968359513584,"yes, registered under the customers name ",yes
-0.2948849798363348,< 0 DM,37.20587388751044,no credits taken/ all credits paid back duly,radio/television,10479.042444578437,unknown/ no savings account,unemployed,-1.0446284612161194,female : divorced/separated/married,none,4.0515403873899825,"if not A121/A122 : car or other, not in attribute 6",41.67573098671217,none,own,0.5337633374348081,skilled employee / official,3.1643946611986102,none,yes
3.1765522142985247,0 <= ... < 200 DM,14.73994787700302,delay in paying off in the past,domestic appliances,1384.9258060208679,... < 100 DM,1 <= ... < 4 years,3.5378806402010197,female : divorced/separated/married,none,2.3658575070779153,"if not A121/A122 : car or other, not in attribute 6",40.27085197049106,none,own,1.9324502453029577,skilled employee / official,-0.04267166440400727,none,yes
-1.2444148905894359,no checking account,25.238210036929704,existing credits paid back duly till now,(vacation - does not exist?),1277.1822018195824,unknown/ no savings account,1 <= ... < 4 years,0.7635454609632157,male : single,none,5.2124805954066655,"if not A121/A122 : car or other, not in attribute 6",39.436199992479644,none,own,-0.6726028399118433,skilled employee / official,-0.48584153581807166,"yes, registered under the customers name ",yes
4.120596341048157,>= 200 DM / salary assignments for at least 1 year,9.678176087226522,existing credits paid back duly till now,domestic appliances,1107.0823600406984,500 <= ... < 1000 DM ,1 <= ... < 4 years,6.892635717820647,female : divorced/separated/married,none,4.481193092386144,unknown / no property,19.520572442938395,none,own,2.5190674915264384,skilled employee / official,3.4827330618618095,"yes, registered under the customers name ",yes
-0.4508628984561986,< 0 DM,21.06474020145406,critical account/ other credits existing (not at this bank),furniture/equipment,3765.28517844558,100 <= ... < 500 DM,4 <= ... < 7 years,-1.1897505280312002,male : single,none,3.570121836499972,"if not A121/A122 : car or other, not in attribute 6",24.10522415182276,none,own,-1.0521640018626313,unskilled - resident,2.1497838358278614,"yes, registered under the customers name ",yes
-2.5540328899404563,0 <= ... < 200 DM,36.29464466097294,existing credits paid back duly till now,radio/television,3711.040074581733,unknown/ no savings account,4 <= ... < 7 years,-0.0956804377396403,female : divorced/separated/married,none,0.07584573985680043,unknown / no property,25.269244679186983,bank,own,1.0784558555235129,unemployed/ unskilled - non-resident,-1.8212202014218533,none,yes
0.1398391619896506,no checking account,14.060326983002547,existing credits paid back duly till now,radio/television,3591.6017657477096,unknown/ no savings account,4 <= ... < 7 years,-1.0812017096830093,male : single,co-applicant,0.974010501606513,"if not A121/A122 : car or other, not in attribute 6",47.43326213294631,none,own,2.1057026197378974,management/ self-employed/ highly qualified employee/ officer,-1.2568712726094415,"yes, registered under the customers name ",yes
-2.1524904006375363,0 <= ... < 200 DM,9.870916671914836,critical account/ other credits existing (not at this bank),domestic appliances,3196.0877540082242,... < 100 DM,.. >= 7 years,-1.9933209534457608,male : single,guarantor,1.8103107861429957,real estate,35.733358357436565,none,for free,5.655610672853183,skilled employee / official,-4.072860009896011,none,yes
-1.5035116956270005,0 <= ... < 200 DM,34.439133090711096,critical account/ other credits existing (not at this bank),education,4453.030020551477,... < 100 DM,4 <= ... < 7 years,6.705187819513091,male : single,none,2.449185751979293,if not A121 : building society savings agreement/ life insurance,37.248995691913514,none,own,3.26085057596033,unskilled - resident,2.1907737079576046,none,yes
1.7940666000309822,no checking account,25.019641415552236,existing credits paid back duly till now,car (new),4739.775847943059,... < 100 DM,... < 1 year ,6.844895802166992,male : single,co-applicant,5.000929049970236,if not A121 : building society savings agreement/ life insurance,25.40672904939142,none,rent,-0.18580802865854684,skilled employee / official,0.47634561372850903,"yes, registered under the customers name ",yes
1.1111641773002496,< 0 DM,31.103717543062583,existing credits paid back duly till now,radio/television,2990.9977605560043,unknown/ no savings account,.. >= 7 years,1.0485017613747654,male : single,none,4.713817698431409,if not A121 : building society savings agreement/ life insurance,26.148708566558472,none,own,2.370097927301028,skilled employee / official,0.675699158049436,none,yes
-1.2443354005085163,0 <= ... < 200 DM,5.165680238605868,existing credits paid back duly till now,domestic appliances,2137.5299290042026,unknown/ no savings account,... < 1 year ,-1.6408462936888202,female : divorced/separated/married,none,-0.176615586109385,unknown / no property,27.692899355659925,none,own,5.276348940970416,management/ self-employed/ highly qualified employee/ officer,-2.3828881954037064,none,yes
2.974810290092801,< 0 DM,26.380611407020236,existing credits paid back duly till now,radio/television,3161.7147299443113,... < 100 DM,.. >= 7 years,-0.4738509974520424,female : divorced/separated/married,none,4.393633418192248,"if not A121/A122 : car or other, not in attribute 6",32.056037359389045,none,own,-2.25927218096859,skilled employee / official,-1.1962047061786527,none,yes
3.315015516042268,< 0 DM,41.904734869294494,existing credits paid back duly till now,car (new),18427.88919558452,... < 100 DM,1 <= ... < 4 years,0.511782562955797,male : single,none,2.2046206676177205,unknown / no property,32.62793030499843,none,own,-0.6849640851374534,unskilled - resident,0.04408217486486765,none,yes
2.872603513126582,no checking account,8.767901948887749,existing credits paid back duly till now,business,2851.1518405770908,... < 100 DM,.. >= 7 years,0.3672691536771123,male : single,co-applicant,-1.4581422934845025,real estate,32.116528774502974,none,rent,0.5262048817734125,unskilled - resident,0.6553487997043581,none,yes
2.0588268142514443,0 <= ... < 200 DM,8.05069606851551,existing credits paid back duly till now,car (new),14899.661908577513,... < 100 DM,1 <= ... < 4 years,-0.3025922527202891,female : divorced/separated/married,none,3.897314283310061,"if not A121/A122 : car or other, not in attribute 6",68.27550738455426,none,own,0.16582354571609792,skilled employee / official,1.2356721510352624,"yes, registered under the customers name ",yes
3.7268574241713974,< 0 DM,23.36542654949512,existing credits paid back duly till now,car (used),2356.960479629237,100 <= ... < 500 DM,.. >= 7 years,1.4427505079524567,female : divorced/separated/married,none,1.5624129118458097,"if not A121/A122 : car or other, not in attribute 6",33.9038445667873,none,own,0.3344866033402506,skilled employee / official,2.1669362532636276,"yes, registered under the customers name ",yes
-2.7615968559481154,0 <= ... < 200 DM,21.067628035060917,delay in paying off in the past,car (new),3346.8243047919536,... < 100 DM,.. >= 7 years,4.790346285630973,male : single,none,3.945584722871481,"if not A121/A122 : car or other, not in attribute 6",38.41169513030887,none,own,-1.608464531186486,skilled employee / official,5.539225138570394,none,yes
-0.6358130972569251,no checking account,15.812525876566658,existing credits paid back duly till now,domestic appliances,1815.5560109205267,500 <= ... < 1000 DM ,unemployed,4.646166515875802,female : divorced/separated/married,none,1.3250471937467674,real estate,27.515006415843935,none,own,4.807912107100025,skilled employee / official,0.9599659399381492,"yes, registered under the customers name ",yes
-1.7340105126468526,0 <= ... < 200 DM,50.05381149264124,existing credits paid back duly till now,car (used),12749.448578798834,unknown/ no savings account,.. >= 7 years,3.3677502560630255,male : single,none,2.655876534894414,if not A121 : building society savings agreement/ life insurance,40.414724027343105,none,own,-1.8452171969532385,unskilled - resident,3.230805326193891,"yes, registered under the customers name ",yes
1.2384517222547842,no checking account,5.156990938902723,existing credits paid back duly till now,radio/television,1363.4540951425206,... < 100 DM,4 <= ... < 7 years,0.7967563408514762,female : divorced/separated/married,none,4.3742839735404315,"if not A121/A122 : car or other, not in attribute 6",27.421093537692766,bank,own,0.5995743807550018,skilled employee / official,-0.6599455539595493,"yes, registered under the customers name ",yes
-1.1428984383934746,no checking account,14.257982201924035,existing credits paid back duly till now,domestic appliances,2000.7110884702345,... < 100 DM,1 <= ... < 4 years,4.3316661956134315,male : single,none,1.3698907819248411,if not A121 : building society savings agreement/ life insurance,27.59126610293191,none,own,3.0916611835213956,management/ self-employed/ highly qualified employee/ officer,-1.3498926299507117,none,yes
0.6676843161005352,no checking account,23.889795801915422,existing credits paid back duly till now,business,6870.647506605273,... < 100 DM,... < 1 year ,2.025027518843061,female : divorced/separated/married,none,-1.8303335469650275,unknown / no property,52.48105759124788,none,own,0.9396302857082948,skilled employee / official,0.2953967065797507,"yes, registered under the customers name ",yes
4.764349760408098,0 <= ... < 200 DM,9.615209339115133,critical account/ other credits existing (not at this bank),business,698.7971105602852,... < 100 DM,.. >= 7 years,5.776715049669301,male : single,none,4.245119740298698,"if not A121/A122 : car or other, not in attribute 6",44.0856943443837,none,for free,0.04121166619446193,skilled employee / official,-2.195443435748483,"yes, registered under the customers name ",yes
-0.3394395928407566,no checking account,16.833769855394618,critical account/ other credits existing (not at this bank),domestic appliances,1050.6014382433393,... < 100 DM,.. >= 7 years,5.580151098944462,male : single,none,6.391968356763538,"if not A121/A122 : car or other, not in attribute 6",20.79342316992289,none,for free,-1.6973513127479154,skilled employee / official,1.0293463343382063,none,yes
1.8275846343804278,0 <= ... < 200 DM,45.96555131779672,critical account/ other credits existing (not at this bank),domestic appliances,10297.553639458662,... < 100 DM,.. >= 7 years,1.156475861905769,female : divorced/separated/married,none,4.645818460809446,real estate,40.79156102207451,bank,rent,2.540001607944436,skilled employee / official,0.4390917509826697,none,yes
-0.4645386598484704,no checking account,31.732450401717056,all credits at this bank paid back duly,(vacation - does not exist?),1864.2991571638893,500 <= ... < 1000 DM ,1 <= ... < 4 years,1.1315555850847936,male : single,none,6.991413442360058,if not A121 : building society savings agreement/ life insurance,59.18250588409654,none,own,-0.5140591317009329,skilled employee / official,-2.908542773509171,none,yes
0.15142657591366734,>= 200 DM / salary assignments for at least 1 year,13.464855619525677,existing credits paid back duly till now,car (new),1343.3767211321006,... < 100 DM,... < 1 year ,2.4889185625189434,female : divorced/separated/married,none,4.113219698083213,"if not A121/A122 : car or other, not in attribute 6",43.34406227356094,none,own,2.410462183405956,management/ self-employed/ highly qualified employee/ officer,5.472050291720354,none,yes
0.012033360872142919,< 0 DM,20.561677732247908,no credits taken/ all credits paid back duly,domestic appliances,1745.5077670341145,unknown/ no savings account,... < 1 year ,1.887469183418664,female : divorced/separated/married,none,2.3672574589594424,"if not A121/A122 : car or other, not in attribute 6",25.057871093915796,none,for free,-1.8029022954483591,unemployed/ unskilled - non-resident,-0.07512342621076029,none,yes
1.896648131946319,< 0 DM,8.192815762961331,critical account/ other credits existing (not at this bank),car (new),1671.739351513389,... < 100 DM,4 <= ... < 7 years,5.510503551952201,male : single,none,0.1773770225326563,real estate,20.615827686743263,none,for free,2.6260714737752435,skilled employee / official,-2.2752386058883958,"yes, registered under the customers name ",yes
2.330615071094354,0 <= ... < 200 DM,7.273628675311446,existing credits paid back duly till now,car (new),1226.3563697056343,unknown/ no savings account,... < 1 year ,3.7026193519758355,male : single,none,4.462857502064686,"if not A121/A122 : car or other, not in attribute 6",29.511754456494764,none,rent,2.231099046328929,management/ self-employed/ highly qualified employee/ officer,2.7963435810145794,none,yes
3.2947879952066588,no checking account,14.58701993691874,existing credits paid back duly till now,radio/television,524.1127711720618,... < 100 DM,1 <= ... < 4 years,6.198367987570622,female : divorced/separated/married,none,5.072602864416546,real estate,41.9598109032484,none,own,2.379672788704954,skilled employee / official,0.5427712749214295,none,yes
0.6192401638183337,no checking account,9.299801763747158,existing credits paid back duly till now,radio/television,1496.489561161166,... < 100 DM,unemployed,4.792973634821837,male : single,none,0.22832245077675672,"if not A121/A122 : car or other, not in attribute 6",19.831567322256294,none,own,3.882153556480034,unskilled - resident,3.180332067381324,"yes, registered under the customers name ",yes
2.1790937720712042,no checking account,33.20845820937003,existing credits paid back duly till now,car (new),1913.520933755421,unknown/ no savings account,... < 1 year ,4.417299163746738,male : married/widowed,none,1.663459989389404,if not A121 : building society savings agreement/ life insurance,27.677379590554807,none,own,1.1244090032562681,management/ self-employed/ highly qualified employee/ officer,-0.46678866935609875,"yes, registered under the customers name ",yes
-1.3017290183711339,0 <= ... < 200 DM,8.933410520966126,critical account/ other credits existing (not at this bank),car (new),741.4660762037399,... < 100 DM,.. >= 7 years,5.39945956068834,male : single,none,2.513567563027714,"if not A121/A122 : car or other, not in attribute 6",25.756867877444684,none,for free,-0.45163338946644793,unskilled - resident,-0.08179538052559443,none,yes
-0.17575348483124115,< 0 DM,3.676131187239825,critical account/ other credits existing (not at this bank),business,2065.8432539561645,... < 100 DM,4 <= ... < 7 years,4.939454679470097,male : single,none,-0.34211816967690956,real estate,31.528216447367548,bank,own,-0.0955272566937464,skilled employee / official,1.689663418954093,none,yes
2.8805789297671778,0 <= ... < 200 DM,58.645451631981445,critical account/ other credits existing (not at this bank),car (used),6287.197490121361,100 <= ... < 500 DM,... < 1 year ,4.1362019268754375,female : divorced/separated/married,none,5.399346550705725,real estate,42.49070989714483,none,for free,0.614946860953484,skilled employee / official,2.1864387614082204,none,yes
1.7319372768343064,< 0 DM,22.3967623184631,critical account/ other credits existing (not at this bank),radio/television,6840.49855076347,... < 100 DM,1 <= ... < 4 years,4.960906067861371,male : single,none,2.092858370611946,if not A121 : building society savings agreement/ life insurance,47.22212240014789,none,own,1.8180702104173427,skilled employee / official,3.536967474681197,none,yes
0.42321946559010043,no checking account,9.450763195968989,critical account/ other credits existing (not at this bank),business,3530.2853205868723,100 <= ... < 500 DM,1 <= ... < 4 years,2.23036176630558,male : single,co-applicant,3.7412162176485735,"if not A121/A122 : car or other, not in attribute 6",41.32069002039507,none,rent,-0.6613954732035463,skilled employee / official,1.820517722541342,"yes, registered under the customers name ",yes
1.7727879191359048,0 <= ... < 200 DM,10.189653719460752,existing credits paid back duly till now,business,1548.5303198909767,... < 100 DM,... < 1 year ,2.391318790164157,male : divorced/separated,none,0.956759325283681,"if not A121/A122 : car or other, not in attribute 6",28.032866627896794,bank,for free,-3.046170506066118,unskilled - resident,3.057233443109167,none,yes
0.9815334179876377,0 <= ... < 200 DM,21.544168898616313,critical account/ other credits existing (not at this bank),domestic appliances,929.0488974438396,100 <= ... < 500 DM,.. >= 7 years,2.3243534824447005,female : divorced/separated/married,none,1.4711625745505927,unknown / no property,32.32643088051299,none,own,-0.12185800175807637,skilled employee / official,2.4912572138468407,none,yes
2.400612516518643,no checking account,-0.3607324174763775,critical account/ other credits existing (not at this bank),car (new),1454.413193817872,... < 100 DM,4 <= ... < 7 years,3.4060509180908225,female : divorced/separated/married,none,-0.5138197455301297,if not A121 : building society savings agreement/ life insurance,36.4426607166679,none,own,3.71965133257378,skilled employee / official,2.4011382771336995,none,yes
0.5787183139142222,no checking account,14.240647058303654,critical account/ other credits existing (not at this bank),car (new),1844.7357975743737,... < 100 DM,1 <= ... < 4 years,6.474101083684937,female : divorced/separated/married,none,0.677541137638397,if not A121 : building society savings agreement/ life insurance,48.44925871519961,stores,own,1.2725166125069844,skilled employee / official,0.7146837734714077,"yes, registered under the customers name ",yes
-0.7113966311420693,0 <= ... < 200 DM,44.39428760716424,critical account/ other credits existing (not at this bank),radio/television,8358.454325596775,100 <= ... < 500 DM,4 <= ... < 7 years,0.8988251971331399,male : single,none,4.778759092034708,"if not A121/A122 : car or other, not in attribute 6",26.35336571295442,none,rent,4.399108939651654,management/ self-employed/ highly qualified employee/ officer,-1.8905898964622603,none,yes
1.6716825138660472,>= 200 DM / salary assignments for at least 1 year,22.49567826386496,existing credits paid back duly till now,domestic appliances,3352.200094562639,500 <= ... < 1000 DM ,1 <= ... < 4 years,6.615831247559678,male : single,none,6.770119254097281,real estate,31.686689783849957,none,rent,4.910973087927577,skilled employee / official,3.1983483135599777,none,yes
-5.861188751705551,0 <= ... < 200 DM,10.181794222793288,existing credits paid back duly till now,car (new),2859.8449348484746,... < 100 DM,4 <= ... < 7 years,0.059969936056848194,female : divorced/separated/married,none,4.708957909990914,if not A121 : building society savings agreement/ life insurance,36.222830750486075,none,own,2.5186675429169365,unskilled - resident,1.0843473982823018,none,yes
1.765771472770099,< 0 DM,16.257567855948373,critical account/ other credits existing (not at this bank),car (new),1534.4520580660783,... < 100 DM,4 <= ... < 7 years,3.88909325038417,male : single,none,0.9494114688700953,real estate,45.09780743034317,bank,own,3.765041284816452,skilled employee / official,1.1727682952985852,"yes, registered under the customers name ",yes
-6.296825650429567,0 <= ... < 200 DM,28.001926203180307,all credits at this bank paid back duly,business,3623.33854021814,100 <= ... < 500 DM,1 <= ... < 4 years,1.9198101757911277,female : divorced/separated/married,none,5.68840238138577,real estate,37.41632182783299,none,own,3.53354858452624,unskilled - resident,3.55553272718332,none,yes
-3.446926814810836,0 <= ... < 200 DM,18.11282313433914,all credits at this bank paid back duly,radio/television,3587.660647997951,... < 100 DM,.. >= 7 years,1.546011255185306,female : divorced/separated/married,none,5.259940788215113,real estate,35.45364473975775,none,rent,6.419798511854767,management/ self-employed/ highly qualified employee/ officer,-0.8556672658266313,none,yes
1.9035372018819683,no checking account,36.49074201799066,critical account/ other credits existing (not at this bank),domestic appliances,2146.509723784948,500 <= ... < 1000 DM ,4 <= ... < 7 years,6.767722075963746,female : divorced/separated/married,none,-0.6596367644150585,if not A121 : building society savings agreement/ life insurance,25.390754295721297,none,for free,5.701707268582535,skilled employee / official,4.288072630729772,none,yes
1.9550586745335905,< 0 DM,20.44720340731541,critical account/ other credits existing (not at this bank),business,4112.410862490677,.. >= 1000 DM ,1 <= ... < 4 years,2.8676147346224776,male : divorced/separated,none,3.8451222647355956,real estate,24.38367457281252,none,own,2.9023303415578536,unskilled - resident,0.9554534427310687,"yes, registered under the customers name ",no
-1.324857560279861,< 0 DM,34.69207373272616,existing credits paid back duly till now,car (new),10968.967809608455,500 <= ... < 1000 DM ,... < 1 year ,3.1845384567911337,male : single,none,-1.6439164591361606,if not A121 : building society savings agreement/ life insurance,26.853537844435007,none,own,3.4127602928491707,skilled employee / official,1.6350363570057969,"yes, registered under the customers name ",yes
-1.4242040837578775,no checking account,12.430605259883023,existing credits paid back duly till now,radio/television,1888.7436609160284,... < 100 DM,.. >= 7 years,4.05192422686701,male : single,co-applicant,6.24620422052179,real estate,28.58645567289621,none,own,0.5895356561252652,skilled employee / official,0.20991177093945834,"yes, registered under the customers name ",yes
2.741081977228264,no checking account,21.95094217417399,existing credits paid back duly till now,business,1228.9637647769625,... < 100 DM,.. >= 7 years,-0.005627477051659113,male : single,none,8.130048515401711,real estate,57.259564644923685,bank,rent,1.9173254380721803,skilled employee / official,-2.3341458250466602,none,yes
-0.9680602631453523,< 0 DM,31.81612568703597,existing credits paid back duly till now,(vacation - does not exist?),3657.062446457185,... < 100 DM,4 <= ... < 7 years,2.4802641493101696,female : divorced/separated/married,none,4.160165249246171,real estate,47.17662744734353,none,own,1.3243253372994759,skilled employee / official,0.7207802030684406,"yes, registered under the customers name ",yes
4.48584062480597,0 <= ... < 200 DM,6.594606828197939,existing credits paid back duly till now,radio/television,1154.2275991306806,.. >= 1000 DM ,1 <= ... < 4 years,3.9664799388908083,female : divorced/separated/married,none,-0.2500202498060329,"if not A121/A122 : car or other, not in attribute 6",38.561082218993,bank,own,4.242503221790112,management/ self-employed/ highly qualified employee/ officer,1.6694898137855851,"yes, registered under the customers name ",yes
0.9961602936473077,0 <= ... < 200 DM,27.427267728269648,existing credits paid back duly till now,domestic appliances,4006.3687334143515,500 <= ... < 1000 DM ,.. >= 7 years,1.7421092901344506,male : married/widowed,none,3.217781033154062,unknown / no property,42.10328432405924,none,own,-0.440696074718697,skilled employee / official,2.352450892805188,"yes, registered under the customers name ",yes
0.8160723537625336,< 0 DM,22.827896720048884,existing credits paid back duly till now,business,3072.9018869653733,... < 100 DM,1 <= ... < 4 years,2.342249674399457,male : single,none,2.1918216677018396,if not A121 : building society savings agreement/ life insurance,32.48327452579748,none,own,0.6177875804401801,management/ self-employed/ highly qualified employee/ officer,0.6039336031221971,none,yes
3.233748796997215,no checking account,6.328641318763832,existing credits paid back duly till now,business,1737.4618207702804,... < 100 DM,... < 1 year ,4.6190512730288,male : married/widowed,none,0.6733011166710801,if not A121 : building society savings agreement/ life insurance,29.181499386779635,none,own,-2.7103397703566,skilled employee / official,-3.3850796824088363,none,yes
0.2620542323868391,< 0 DM,19.719019856289147,existing credits paid back duly till now,car (used),2352.9451332916324,unknown/ no savings account,4 <= ... < 7 years,3.680508801903658,male : single,none,5.253152779582008,real estate,44.19461864519382,none,own,5.446179789545019,skilled employee / official,-2.083322689165251,"yes, registered under the customers name ",yes
-2.0046879613816024,< 0 DM,14.458212745858125,existing credits paid back duly till now,repairs,3556.6088710456274,100 <= ... < 500 DM,... < 1 year ,4.033980944322284,female : divorced/separated/married,none,2.5091082510254488,unknown / no property,32.1898736466814,none,rent,0.5590508348273632,management/ self-employed/ highly qualified employee/ officer,5.104039247526588,none,yes
0.7805450966114198,< 0 DM,23.52773981644403,critical account/ other credits existing (not at this bank),domestic appliances,2395.5274537669234,unknown/ no savings account,.. >= 7 years,2.0897653319226652,male : married/widowed,none,1.0237824493227965,unknown / no property,34.865314694381695,none,own,2.9111608746731537,skilled employee / official,-1.1850719675442312,none,yes
-0.07122147238018187,< 0 DM,4.531224485217398,existing credits paid back duly till now,radio/television,454.0566534901659,unknown/ no savings account,.. >= 7 years,2.521057869767353,male : single,none,-0.29921126520332875,"if not A121/A122 : car or other, not in attribute 6",25.815271940884053,none,own,3.915573389422805,skilled employee / official,3.8540989164784167,"yes, registered under the customers name ",yes
-2.729483304403131,0 <= ... < 200 DM,30.970187736994227,all credits at this bank paid back duly,domestic appliances,1711.8001013318312,... < 100 DM,4 <= ... < 7 years,2.391700076850082,male : divorced/separated,none,1.2516721104416655,if not A121 : building society savings agreement/ life insurance,28.442712258626685,none,own,1.6005868748823597,skilled employee / official,-0.868173474835191,none,yes
0.4883358573183533,no checking account,27.47677674967485,all credits at this bank paid back duly,radio/television,2522.81981243455,... < 100 DM,unemployed,2.0104537619427103,male : single,none,1.181068894975265,real estate,21.40370859042713,none,own,4.888687404186863,skilled employee / official,0.635088180544265,none,yes
-1.4843841879948734,0 <= ... < 200 DM,14.822772109493666,existing credits paid back duly till now,domestic appliances,3566.636770894939,... < 100 DM,1 <= ... < 4 years,1.9111670233831353,female : divorced/separated/married,none,-0.2184742672060147,"if not A121/A122 : car or other, not in attribute 6",53.8300203981265,none,for free,-1.4834756243027338,unskilled - resident,2.250416519199808,"yes, registered under the customers name ",yes
1.8487155143748681,< 0 DM,41.13908333307609,no credits taken/ all credits paid back duly,car (new),7170.062800329557,... < 100 DM,1 <= ... < 4 years,0.763891186429585,male : single,none,3.33487363704328,if not A121 : building society savings agreement/ life insurance,29.24207587932715,none,rent,5.794753179195404,skilled employee / official,-0.6403888931617474,"yes, registered under the customers name ",yes
0.06922374837051123,< 0 DM,12.593088061039994,critical account/ other credits existing (not at this bank),car (used),3938.935051352165,... < 100 DM,4 <= ... < 7 years,-1.06944198136949,male : single,none,2.679185246510368,unknown / no property,43.05260639997288,none,rent,4.174220396977532,skilled employee / official,5.184430271518108,none,yes
-0.5655914982951401,>= 200 DM / salary assignments for at least 1 year,14.528331512371638,critical account/ other credits existing (not at this bank),radio/television,1516.0561071307984,... < 100 DM,... < 1 year ,0.872589762913702,male : single,none,1.6437930663607334,if not A121 : building society savings agreement/ life insurance,22.87503542673423,stores,own,1.4184049849732818,unemployed/ unskilled - non-resident,1.1514567161368219,"yes, registered under the customers name ",yes
-0.21236386124515252,< 0 DM,23.386605424348126,existing credits paid back duly till now,(vacation - does not exist?),7392.893394262018,... < 100 DM,.. >= 7 years,1.4388053395078115,female : divorced/separated/married,none,1.1729828035036296,real estate,43.352585242192916,none,rent,3.850158665250891,skilled employee / official,2.9217016925993398,none,yes
1.4462440368123324,no checking account,24.20938005977625,existing credits paid back duly till now,radio/television,1192.938512335479,... < 100 DM,.. >= 7 years,1.469191161786874,male : single,none,5.978129242751079,real estate,28.600240825803386,none,own,-0.3372697719787441,skilled employee / official,0.4647859839617484,none,yes
2.2336283993795596,0 <= ... < 200 DM,63.3931733659417,existing credits paid back duly till now,domestic appliances,7295.831941333556,... < 100 DM,1 <= ... < 4 years,7.401585516856633,male : married/widowed,none,-1.4776228738866672,"if not A121/A122 : car or other, not in attribute 6",35.898885928290724,none,own,0.42277024246101236,skilled employee / official,2.3174405740341815,none,yes
-1.9994244573387627,< 0 DM,27.319287583957593,no credits taken/ all credits paid back duly,car (new),2831.2382478587324,... < 100 DM,4 <= ... < 7 years,2.6633232632905948,male : single,co-applicant,1.1072696899431296,"if not A121/A122 : car or other, not in attribute 6",35.609184171356645,none,own,3.888500792804759,skilled employee / official,4.1575854796997245,none,yes
-2.0831752652425437,0 <= ... < 200 DM,25.53971378611071,all credits at this bank paid back duly,car (new),1258.6359973888282,unknown/ no savings account,1 <= ... < 4 years,3.5922011792465414,male : single,none,1.7596030908921683,"if not A121/A122 : car or other, not in attribute 6",57.00741070159495,none,rent,-2.7341203617899295,unemployed/ unskilled - non-resident,0.7374281247535712,none,yes
2.20935843080506,no checking account,2.21365767752379,delay in paying off in the past,(vacation - does not exist?),751.4314829821697,... < 100 DM,... < 1 year ,2.6254251585496036,female : divorced/separated/married,none,3.2963577557428296,if not A121 : building society savings agreement/ life insurance,63.21000545740365,none,rent,2.1209155499176098,unskilled - resident,4.459425581498472,none,yes
-0.8246737444094612,< 0 DM,18.434546316457247,existing credits paid back duly till now,radio/television,2426.74991116828,... < 100 DM,.. >= 7 years,3.492324877748934,male : married/widowed,none,3.1233236156054707,real estate,40.870985668772626,none,own,3.0643523196903075,skilled employee / official,-0.22319161675823573,none,yes
-1.8336841851937482,no checking account,27.15016565521746,existing credits paid back duly till now,domestic appliances,2536.7798022678858,... < 100 DM,.. >= 7 years,5.4886671774993525,male : single,none,6.253529616522071,unknown / no property,45.89246969232767,none,rent,5.938451633644325,skilled employee / official,3.52819207870342,none,no
1.8876254187662092,< 0 DM,15.977337048934615,existing credits paid back duly till now,domestic appliances,1268.5993281392298,... < 100 DM,... < 1 year ,3.550458373701429,female : divorced/separated/married,co-applicant,0.5751902532956796,"if not A121/A122 : car or other, not in attribute 6",22.19580800791447,none,own,-2.165910839444473,skilled employee / official,1.9782286724860998,none,yes
1.926739612065374,< 0 DM,30.341250157079585,critical account/ other credits existing (not at this bank),car (new),8385.820538460177,... < 100 DM,... < 1 year ,2.65482219039508,female : divorced/separated/married,none,3.1731646746669635,real estate,47.49924938334704,none,own,4.219262114063266,unskilled - resident,-1.1371641453647388,none,yes
-2.061430514513413,< 0 DM,46.87910106239385,existing credits paid back duly till now,business,4847.090464303393,... < 100 DM,... < 1 year ,2.4887205899044087,female : divorced/separated/married,guarantor,2.3916367757629224,real estate,35.99684055130064,none,for free,-0.11894148629780554,skilled employee / official,1.4276194092746635,none,yes
0.4589634309272126,no checking account,21.06209440097711,existing credits paid back duly till now,car (new),2922.6087553383845,100 <= ... < 500 DM,... < 1 year ,0.2849397828909299,male : married/widowed,none,-2.4230787503664466,if not A121 : building society savings agreement/ life insurance,27.586801478865006,none,own,0.10598108017629038,skilled employee / official,1.0147318757007455,none,yes
2.471166184856747,0 <= ... < 200 DM,35.49587436919329,delay in paying off in the past,car (new),8229.51857528307,unknown/ no savings account,1 <= ... < 4 years,-0.7355077975941184,male : single,none,5.8010805108682195,unknown / no property,27.408823337112196,none,rent,-1.4440087739195864,skilled employee / official,0.29361564744630986,none,yes
0.7487729034125261,< 0 DM,22.42804678413729,existing credits paid back duly till now,radio/television,2025.3572718567095,... < 100 DM,1 <= ... < 4 years,0.3881644427646167,male : single,guarantor,-0.8775502544803988,if not A121 : building society savings agreement/ life insurance,25.042486964198332,none,own,-0.17570407493385032,unskilled - resident,1.716004868388253,none,yes
1.2639629675227906,0 <= ... < 200 DM,14.42024876905026,existing credits paid back duly till now,radio/television,1432.1058548162644,... < 100 DM,4 <= ... < 7 years,2.7559849521966244,male : single,none,3.83899454461943,real estate,26.136622617931756,none,own,2.807044694907845,skilled employee / official,1.2925790922170353,none,yes
-2.808538196181498,< 0 DM,42.39676232125288,existing credits paid back duly till now,car (new),6289.421069341579,... < 100 DM,4 <= ... < 7 years,-0.24794352485886817,male : single,none,1.7799198883954954,"if not A121/A122 : car or other, not in attribute 6",32.67729459126177,bank,for free,-0.22466382956271103,management/ self-employed/ highly qualified employee/ officer,0.8548261053855666,"yes, registered under the customers name ",yes
0.6620803099923912,< 0 DM,11.46556586293872,existing credits paid back duly till now,car (new),1412.1720076619197,unknown/ no savings account,.. >= 7 years,2.8798479333753284,female : divorced/separated/married,none,4.551273564658154,unknown / no property,63.03711995421898,none,rent,2.480568667305831,management/ self-employed/ highly qualified employee/ officer,0.8628450618826303,none,no
-0.6052395189408931,< 0 DM,22.38743635863063,critical account/ other credits existing (not at this bank),car (new),6579.443965555352,100 <= ... < 500 DM,... < 1 year ,6.39325573797402,female : divorced/separated/married,none,1.010846235676785,"if not A121/A122 : car or other, not in attribute 6",29.361919914842264,none,own,-0.32593209393950695,skilled employee / official,0.8199794821527613,none,yes
-0.9655803174492896,0 <= ... < 200 DM,21.27951312481565,existing credits paid back duly till now,radio/television,1745.767440722386,... < 100 DM,.. >= 7 years,2.1838751353417,male : married/widowed,co-applicant,3.6545053022810046,unknown / no property,47.00834949237594,bank,own,-0.42606761169729523,skilled employee / official,0.264600757507345,none,yes
1.741111218839453,no checking account,12.781450052177792,existing credits paid back duly till now,car (new),3566.281458220406,... < 100 DM,1 <= ... < 4 years,2.566882871489274,male : single,none,-2.120734947886191,"if not A121/A122 : car or other, not in attribute 6",32.75225016022329,stores,own,0.944381707280211,skilled employee / official,2.2796681900299633,none,yes
2.95854902134846,< 0 DM,16.090646523934122,critical account/ other credits existing (not at this bank),radio/television,1572.2548026789293,... < 100 DM,1 <= ... < 4 years,1.9317777209405795,male : single,none,3.8683424226521543,"if not A121/A122 : car or other, not in attribute 6",35.84449588234388,none,own,1.6734143835126116,skilled employee / official,0.7121715752724391,"yes, registered under the customers name ",yes
3.588740109200718,no checking account,18.463320888473035,existing credits paid back duly till now,education,1935.8819155653898,... < 100 DM,1 <= ... < 4 years,1.3901556581216759,female : divorced/separated/married,none,2.872250646895083,unknown / no property,23.486035122696386,none,own,1.4452934761379612,management/ self-employed/ highly qualified employee/ officer,6.313618982939999,"yes, registered under the customers name ",yes
2.62961574301181,no checking account,37.930340985457335,existing credits paid back duly till now,business,3963.7804454213037,... < 100 DM,unemployed,2.6193408416444486,male : married/widowed,none,1.645404115865937,"if not A121/A122 : car or other, not in attribute 6",29.372115090504295,none,own,1.0684202366655968,skilled employee / official,-1.8186664909306316,none,yes
-0.21946836326036737,0 <= ... < 200 DM,12.175735274161456,existing credits paid back duly till now,domestic appliances,2389.0292075941716,... < 100 DM,... < 1 year ,5.203791297212883,female : divorced/separated/married,none,3.8574955749070914,"if not A121/A122 : car or other, not in attribute 6",48.067629255855124,none,own,2.3924149236721677,skilled employee / official,-0.16947215446891795,none,yes
0.7054403260526861,no checking account,12.784021874731513,existing credits paid back duly till now,furniture/equipment,1734.4670763316046,... < 100 DM,1 <= ... < 4 years,1.6424236523156435,male : single,none,6.154957085439366,unknown / no property,28.06028496778573,none,own,3.164842903233897,skilled employee / official,-0.011484209153881375,"yes, registered under the customers name ",yes
1.5336457435684874,< 0 DM,30.607674851275124,critical account/ other credits existing (not at this bank),radio/television,3854.579894300622,100 <= ... < 500 DM,... < 1 year ,6.023320827413293,female : divorced/separated/married,none,3.3134884763262678,real estate,40.44778541413611,bank,own,0.3798093828211381,skilled employee / official,5.080986828649075,"yes, registered under the customers name ",yes
0.24235589859892392,0 <= ... < 200 DM,11.816919961163585,existing credits paid back duly till now,car (new),808.6620493431161,100 <= ... < 500 DM,4 <= ... < 7 years,3.5085584526756017,male : married/widowed,none,5.561362179851555,"if not A121/A122 : car or other, not in attribute 6",41.226881920450715,none,own,-1.0884440311523171,skilled employee / official,-1.6402692999549986,"yes, registered under the customers name ",yes
1.2615283758230889,< 0 DM,43.93835634374071,existing credits paid back duly till now,business,1846.638895145236,... < 100 DM,... < 1 year ,2.7007925808103384,male : divorced/separated,none,4.099481330889197,"if not A121/A122 : car or other, not in attribute 6",23.406332953482078,none,own,1.1521889578450324,skilled employee / official,1.8518445959722196,none,no
1.647506263752364,0 <= ... < 200 DM,49.42830523158382,critical account/ other credits existing (not at this bank),business,4575.33175853324,unknown/ no savings account,1 <= ... < 4 years,0.4933894753096739,female : divorced/separated/married,none,2.214535581523983,"if not A121/A122 : car or other, not in attribute 6",24.234476787814348,bank,own,1.9412991722081436,skilled employee / official,1.4967881300930799,none,yes
