PassengerId,Survived,Pclass,Name,Sex,Age,SibSp,Parch,Ticket,Fare,Cabin,Embarked
1.6094341595088628,0,1.8845422250095705,"Attalah, Mr. Sleiman",male,17.127248673505356,1.970396462955414,2.7625580311178517,29750,12.188392073385636,,S
-0.07996821248099106,1,0.18322274549054718,"Strandberg, Miss. Ida Sofia",female,36.033168042681936,0.5207656891307062,3.353189596491393,349243,70.03962801879119,,S
4.5009023916129145,1,3.077162245961834,"Isham, Miss. Ann Elizabeth",female,27.375522263199745,0.7309746900770094,1.4346969152173545,362316,7.389410852649634,,C
5.881129432782428,1,0.37650733835510575,"Abbott, Mr. Rossmore Edward",female,37.42576738344631,4.131559062406509,-2.38068697633674,PC 17475,51.94848295112357,,S
1.0979296226923272,0,5.098679221086814,"Shutes, Miss. Elizabeth W",male,37.21833962298426,1.0173190860361976,0.9812138049117765,11967,8.474227402262448,,S
3.395640986275364,0,1.6479653886372625,"Parkes, Mr. Francis ""Frank""",male,,-3.5468290776193614,1.7017218077183855,350407,9.221681068959226,,S
7.255680806334571,0,-0.724635918951086,"Brown, Mrs. James Joseph (Margaret Tobin)",male,54.60310461362581,0.9079912628939178,1.4514159666374442,110465,51.755750311142975,,S
7.367514815312836,0,3.957751077040923,"Shorney, Mr. Charles Joseph",male,4.031030432965859,5.465727486618018,2.5699085773758363,345765,23.247651833746062,,S
8.966397684991422,1,-0.07128413985223858,"Attalah, Miss. Malake",female,23.68332886883551,-0.4431923399962054,2.7265261584950617,347068,9.899340992490446,D26,C
8.29391214485284,1,2.7793834106400044,"Harris, Mr. Walter",female,13.984190969253527,2.991269612235665,-0.1448246776610874,370371,32.043148095781426,,Q
12.758795949725657,1,3.2051063674525335,"Barbara, Miss. Saiide",male,4.547684796616912,-0.3802310823038919,-0.2167349918080368,CA 2144,17.776995707282165,,S
13.555583870857896,1,0.7051150201636651,"Panula, Master. Urho Abraham",male,57.39847083030653,-2.9710783190445476,-3.7958710370029927,2663,26.525940160202108,,Q
13.132061395122433,0,6.176552214298525,"Rice, Master. Eugene",female,16.295676289197598,0.2823380376652803,0.6792835334267017,C.A. 33112,7.42012671848571,,S
16.254482413936067,0,1.7555851094105641,"Green, Mr. George Henry",female,38.348603779852546,-2.5129534414926282,5.372105687304377,1601,36.12833551746274,,C
15.935018684504092,0,7.120596341048157,"Sage, Miss. Dorothy Edith ""Dolly""",male,13.345389139489953,-0.4795420257871835,1.1151516856496324,C 7075,6.220182698515841,,S
14.281415074233523,1,1.5491371015438014,"Radeff, Mr. Alexander",female,54.70385519090449,2.573684525291006,-2.6750873865857883,113760,16.59586635393683,,S
17.737501568164998,0,0.4459671100595437,"Mitkoff, Mr. Mito",female,0.8730571491498609,0.18047418850743835,2.2900333786301204,2686,27.624561859515737,,S
16.082234798342004,1,2.1398391619896504,"Willey, Mr. Edward",male,,-2.5589935918277957,4.109090189241554,358585,16.57124149724261,,S
20.756900602614547,0,0.8475095993624637,"Pengelly, Mr. Frederick William",female,30.920587435306043,-1.064064490323155,0.15690026155582268,PC 17592,19.773652657598408,B22,S
19.900148178027493,1,1.4964883043729995,"Garside, Miss. Ethel",male,,-0.12663971942191993,-0.12333063841308166,345763,5.868300242317711,,S
20.63027527290948,0,2.794066600030982,"Laitinen, Miss. Kristina Sofia",female,34.391146474286664,-0.7314335712924185,0.618004712171402,SOTON/O2 3101287,27.025189986862458,,S
20.638140911192117,1,3.1111641773002496,"Slabenoff, Mr. Petco",male,33.18070214326399,2.7982727633921747,4.064674049420676,345764,13.51539144255311,,C
25.44508267734806,1,1.7556645994914837,"Rice, Mrs. William (Margaret Norton)",male,15.184708076508915,1.9086966581833948,-2.047295523399782,CA 2144,6.995950476050522,,S
23.690941035862394,1,2.974810290092801,"Hays, Mrs. Charles Melville (Clara Jennings Gregg)",male,24.158168148209636,0.9905458921371959,0.4064138667878099,STON/O2. 3101271,37.01632843445635,,S
24.143344355673786,0,5.315015516042267,"Bateman, Rev. Robert James",male,8.954070254452915,3.2912606286877697,-0.5993148445952883,250651,21.85361078220882,,C
25.29573289902354,1,5.872603513126582,"Cor, Mr. Liudevit",female,37.99887380575408,1.7864595539696546,3.90599055831001,SOTON/OQ 392089,31.818897427771905,,S
28.064618371106697,0,4.058826814251445,"Longley, Miss. Gretchen Fiske",male,,-1.72396471062675,-0.09918061576387868,A/4. 20589,7.141160577515342,,S
28.730888128728157,0,3.7268574241713974,"Chapman, Mr. Charles Henry",female,20.921468615188928,4.7144207071132245,4.6946464832271175,110413,263.8621089851993,,C
29.825465223191976,1,-0.7615968559481154,"Andrews, Miss. Kornelia Theodosia",male,,-2.224088508718402,3.6019812013774737,113803,8.337975322984919,,S
30.861642006015764,0,2.364186902743075,"Thayer, Mr. John Borland Jr",male,,1.6707539878044617,0.8962842892534126,3101277,8.013986666050036,,S
35.28329520174092,0,-0.7340105126468526,"Andersson, Mrs. Anders Johan (Alfrida Konstantia Brogren)",male,40.54760769064704,2.372285004237662,-0.7531894460469706,C 7076,26.438768168024872,,S
31.18716996723077,1,1.2384517222547842,"Cacic, Miss. Marija",female,,1.4217292041761744,4.985477733277037,3101265,149.90833248152498,,S
31.975514541856924,1,1.8571015616065254,"Nankoff, Mr. Minko",male,,-0.35242611792395173,-0.8551089626590404,A./5. 3235,5.649160113302906,,C
32.37245454350425,0,1.6676843161005352,"Gilinski, Mr. Eliezer",male,65.0757458496551,0.8006198166193466,-1.1422718287194746,STON/O2. 3101279,11.35527243775949,,S
36.23195884515099,0,4.764349760408098,"Calic, Mr. Jovo",male,29.328707348479863,-4.723036740201346,-3.5498860891574537,29106,81.53031851539713,,S
38.257944585441784,0,0.6605604071592435,"Stranden, Mr. Juho",male,43.86527768598224,1.6045164369709224,2.792183138489487,3101295,55.5190945388986,,S
36.77210508469025,1,3.827584634380428,"Sage, Master. Thomas Henry",male,,-0.22670799567961405,1.936491184742588,2626,5.422234925552319,,C
36.31968704607495,0,2.53546134015153,"Laroche, Mrs. Joseph (Juliette Marie Louise Lafargue)",male,20.478343083190833,-0.10125622611398204,4.835611072232892,341826,6.579473476479336,,S
37.35103756861752,0,3.1514265759136673,"Fox, Mr. Stanley Hubert",male,13.784621224771193,3.413065025795655,-2.7790467044362517,349205,16.060363873476348,,S
41.3011855756494,1,3.012033360872143,"Augustsson, Mr. Albert",female,15.538472416074256,0.8504621568705444,2.916341614958219,234604,11.88863010190122,,C
42.486508342406886,0,3.896648131946319,"Olsson, Mr. Nils Johan Goransson",female,42.44345733243519,-1.2804137133023161,0.14027103673225477,349912,6.7288986808627165,,S
43.08630853661039,0,4.330615071094353,"Leonard, Mr. Lionel",male,28.28911682396796,0.7171946583492439,1.6122004336002727,PC 17604,20.042943010484468,,S
41.66898058542261,0,6.294787995206659,"Murphy, Miss. Katherine ""Kate""",male,,0.13511096816164894,-3.295554282208942,2666,3.591068354291431,F2,S
44.46432264613344,1,2.6192401638183336,"Richards, Master. William Rowe",male,4.347588787335516,1.2298678231620255,4.936163645330595,CA. 2314,42.060042708256184,,S
45.23337161828146,1,4.179093772071204,"Quick, Mrs. Frederick Charles (Jane Richards)",male,20.72105941592289,0.3238387345701361,1.5730335026636608,349247,6.878770282487475,,S
46.437377193458026,0,0.6982709816288661,"Mannion, Miss. Margareth",male,,2.0787380898371066,-0.07782006957243505,PC 17754,5.073886512136294,,S
48.74285755589638,0,2.824246515168759,"Kantor, Mr. Sinai",male,,-1.172069106068295,1.2902253753222428,28403,17.67121880594812,,S
48.447191097549364,1,4.880578929767178,"Peter, Mrs. Catherine (Catherine Rizk)",male,,0.35140091232969983,-1.5309906020844983,54636,5.134666203230122,C110,S
50.35782712614379,0,4.731937276834307,"Hippach, Mrs. Louis Albert (Ida Sophia Fischer)",female,,4.579859397236482,-1.1588801711633987,113510,23.27308738005643,,S
50.135158138977786,0,3.4232194655901003,"Oreskovic, Mr. Luka",male,18.114820142876315,-2.4692229938743906,-0.9268892272507925,347078,16.39791835202439,,S
51.57823879737997,0,4.772787919135904,"Duff Gordon, Lady. (Lucille Christiana Sutherland) (""Mrs Morgan"")",female,4.76534479589745,4.359293361560107,-2.705455723380556,349234,42.89064275579085,,S
53.26257645167708,0,3.9815334179876376,"Nicola-Yarred, Master. Elias",male,21.829232570053406,-1.1707570039460868,1.7235169884067343,2627,9.299101077852292,D26,S
50.085688360288664,1,3.400612516518643,"Saalfeld, Mr. Adolphe",male,50.15732326763033,0.2585792310537901,2.3831872283651325,29103,74.71310425825195,,S
53.3606575672854,1,2.578718313914222,"Andersson, Miss. Erna Alexandra",female,29.175925792662003,-0.8096150064288441,-1.4026882995276833,17421,24.165834895579387,,S
54.05925469141441,0,0.2886033688579307,"Bryhl, Mr. Kurt Arnold Gottfrid",female,65.43916985435989,-0.33910143140088816,1.6964060318896377,349236,63.19025041044862,,S
54.722244303513314,1,1.6716825138660472,"Matthews, Mr. William John",male,,3.6825112288538087,-0.5310809492584726,19877,34.975243738579664,C101,C
56.449715497546634,1,-3.8611887517055514,"Boulos, Mr. Hanna",male,23.956557871432118,-2.5288607223544273,0.656547924162061,28664,10.161314985957269,,S
60.98988262246879,0,3.765771472770099,"Ball, Mrs. (Ada E Hall)",female,26.698615632574647,-2.339220004957655,-1.2551544824220584,113767,9.773677723544196,,S
57.26833776861351,1,-5.296825650429567,"Rogers, Mr. William John",male,3.8253584744724423,-1.6038691403270091,0.23314968782472834,54636,26.252622253260085,,S
61.93655670918296,0,-0.44692681481083607,"Blackwell, Mr. Stephen Weart",female,11.02197102705505,8.454836573256202,4.104149772047485,243847,47.08258754435091,,S
57.63426045676839,0,3.903537201881968,"Maenpaa, Mr. Matti Alexanteri",male,23.757908055401785,-0.9246794110425739,-0.12774117024898518,A/5. 3336,9.138455587304612,E44,S
61.33022994002845,1,1.9550586745335905,"Devaney, Miss. Margaret Delia",female,35.005253659810926,-0.05127812069534843,4.0442179017069515,347082,81.6182349767712,G6,C
63.32550613021001,0,-1.324857560279861,"Angle, Mrs. William A (Florence ""Mary"" Agnes Hughes)",female,42.37940650046912,0.19443411778752062,0.09261992958827993,347071,83.15577466495866,,S
65.17244466271856,0,1.5757959162421225,"Brocklebank, Mr. William Alfred",male,-0.07545701546943562,1.111154243193817,0.14784391929901552,111240,27.322188238294682,D7,S
66.42245315958571,0,3.741081977228264,"Cavendish, Mr. Tyrell William",male,,-0.4703012932288708,2.4538817528718777,C 17369,24.24316907495814,,S
67.58669447039985,1,2.031939736854648,"Abbott, Mrs. Stanton (Rosa Hunt)",male,,5.91648721147312,2.2616003282920394,28213,13.133310014669608,,C
66.30254985550313,1,6.48584062480597,"Pasic, Mr. Jakob",male,28.230899779964165,2.78414184194851,1.4537457273928471,382652,11.136718453149467,,S
67.07529641467086,0,2.9961602936473075,"West, Mrs. Edwy Arthur (Ada Mary Worth)",female,20.322756379783417,-1.7058756355845446,2.3812013577358373,392091,7.882535622115528,,S
70.71595176251431,1,3.8160723537625336,"Moussa, Mrs. (Mantoura Boulos)",male,15.716914558434308,5.295148206123372,0.694407412308411,113784,8.074854157132453,,S
69.61739135023677,0,6.233748796997215,"Lievens, Mr. Rene Aime",male,26.46256404548673,0.33695445466724716,-0.2545066179705751,PC 17603,10.74100721926812,,C
68.44862735332416,0,2.262054232386839,"Dennis, Mr. Samuel",male,31.401324184496556,-3.5527352776924417,-0.34289966297558644,65306,8.12535378187545,,C
69.73342557199304,0,0.9953120386183976,"Panula, Mrs. Juha (Maria Emilia Ojala)",male,17.344228630192873,7.039021835329259,-0.5814930738312367,A/4. 39886,46.4276393955347,,S
71.16109542799678,0,1.7805450966114198,"Abbing, Mr. Anthony",female,21.95025613469602,2.3201856932871014,-0.527180300316487,349909,73.87742192682244,,C
74.99432148810753,0,2.928778527619818,"Beckwith, Mr. Richard Leonard",female,24.61613260765078,3.0921045020957987,2.6727589157536484,113781,13.045880124850967,,S
75.28485147214113,1,0.2705166955968692,"Goldsmith, Master. Frank John William ""Frankie""",female,31.662696493199096,-0.9397304984391455,0.474676207587694,3101295,59.35875422785484,,S
77.38097070813554,0,2.4883358573183534,"Osman, Mrs. Mara",male,27.087486795440988,-0.33355146800397245,-2.6921226556899756,345572,9.467173603226296,,S
76.14549470732693,0,1.5156158120051266,"Jensen, Mr. Hans Peder",male,,1.4995311073162465,-3.11167882332987,2620,8.476066654177512,,C
78.31707938215342,0,4.848715514374868,"Hampe, Mr. Leon",female,,0.7829920746962143,3.329552117496543,350047,11.638463558657174,B77,S
80.25118078793467,1,2.0692237483705114,"Knight, Mr. Robert J",male,2.1412361223427654,-0.7872749425940886,1.81936197948974,13567,26.002209440779716,C30,S
79.38130692055952,1,2.43440850170486,"Eklund, Mr. Hans Linus",male,27.830778755127525,-3.2381436402363293,-1.2948204114032347,P/PP 3381,12.459547437788636,,S
81.91355047511482,0,2.7876361387548476,"Berglund, Mr. Karl Ivar Sven",male,24.825026139922013,0.22775038828402452,-0.5479835297940062,113781,9.732673937868123,D17,S
80.6761481178667,1,3.4462440368123324,"Aks, Mrs. Sam (Leah Rosen)",male,31.04819767968205,2.1580192784722265,-2.954615508634664,2672,7.670889906412156,,S
82.27389230686985,1,4.23362839937956,"Sage, Mr. Douglas Bullen",female,,-2.3951765780683143,2.8461902990232395,19928,8.388929083635457,,S
83.23652421200335,0,-0.9994244573387627,"Hart, Miss. Eva Miriam",female,28.31446568687239,1.277518763351954,-0.7861058751720592,3101264,44.88683501242424,,Q
82.60832070882192,1,-0.0831752652425437,"Andreasson, Mr. Paul Edvin",male,16.58193548794516,0.6630833902673853,2.734803055476844,11753,11.881114636548507,C68,S
86.97394496157116,1,5.20935843080506,"Taussig, Miss. Ruth",male,34.357047902800055,4.500296526464667,0.1033034288946303,16966,17.965669536257813,,S
86.06119531959455,0,2.175326255590539,"Ringhini, Mr. Sante",male,15.258443661075876,2.7439509994380145,5.85906394913688,113776,34.91966680225666,,S
88.02498823745537,0,0.1663158148062518,"Olsen, Mr. Henry Margido",male,,-1.388930483850706,0.5133889980861708,35273,4.344404369870109,C124,S
89.96149331781182,1,1.8876254187662092,"Lam, Mr. Len",male,24.7438687330389,-0.2339188003298922,3.7064653257381517,11967,261.0664129576679,,S
90.89306235205989,0,3.926739612065374,"Beckwith, Mrs. Richard Leonard (Sallie Monypeny)",female,22.87638691294882,-1.0670390513657586,1.4381860921766736,347470,9.179420006426323,,S
92.33077021794557,0,-0.06143051451341286,"Bourke, Mrs. John (Catherine)",male,27.76761452001861,1.7782546350540147,1.2465821325039415,29751,8.092397287024733,,S
91.80302903098115,0,3.458963430927213,"Guggenheim, Mr. Benjamin",female,17.611269038551082,-1.084007807051942,0.6958689543654212,C.A. 6212,2.4661947646150235,,S
92.1534033759117,0,2.471166184856747,"Walker, Mr. William Anderson",male,43.87105450774766,-0.3880866477152838,-0.4657014322311698,24160,63.66066076773648,,C
93.8405635781872,0,3.748772903412526,"Bradley, Mr. George (""George Arthur Brayton"")",female,22.343209377116995,-2.642700683849277,5.83086938314572,111320,20.848313012507663,B57 B59 B63 B66,S
91.62533113208394,0,4.26396296752279,"Ibrahim Shawah, Mr. Yousseff",male,60.459657578031056,3.505295109101878,-1.8138739701918014,35851,5.61185067199991,,S
93.10577505515383,0,0.19146180381850186,"Garfirth, Mr. John",male,,1.6514272828506198,0.008615284686319384,11751,10.039911195133328,C68,S
94.35460077529119,0,1.6620803099923913,"Fortune, Mr. Mark",male,73.85065788694061,1.5397919625495289,0.0297717504151909,9234,33.299119974186205,,C
96.00550634479704,1,0.3947604810591069,"Sundman, Mr. Johan Julian",female,19.74783102274697,1.9354507735589475,1.804881506687043,323951,61.98139576479157,,C
99.79954845344687,1,1.0344196825507104,"Rothes, the Countess. of (Lucy Noel Martha Dyer-Edwards)",male,35.4497093431124,1.1534167230868033,0.14105470821099775,364516,23.71670530202807,,S
98.18904188927988,0,3.7411112188394533,"Rood, Mr. Hugh Roscoe",male,36.84421269984711,0.5113422896409419,0.6294926111791755,345780,29.56207691848459,,Q
100.24367489192122,0,5.95854902134846,"Jerwan, Mrs. Amin S (Marie Marthe Thuillard)",male,27.086380038522673,-0.3275282082444033,-0.33768517040593227,250652,11.142974355945773,A16,C
104.59845659557213,0,6.588740109200717,"Johnson, Master. Harold Theodor",female,,-0.8551287291842496,-3.1639050348757984,2689,8.615222997808214,,S
102.28747205787715,0,3.62961574301181,"Colley, Mr. Edward Pomeroy",male,16.98421389839066,5.26948150883,1.019104572513693,250646,78.21227131770064,,S
105.47503113693418,0,2.7805316367396324,"Minahan, Miss. Daisy E",male,33.533472335953284,1.111824062598885,-2.2011306660603034,347073,10.23719786416965,,S
103.13276463998025,0,3.705440326052686,"Lemberopolous, Mr. Peter L",female,34.87288054113056,1.072399117297131,-3.468771524897802,4136,5.411032649261301,,S
105.58912488426473,0,4.533645743568488,"Kimball, Mr. Edwin Nelson Jr",female,28.39927003582303,0.9309935483325597,0.2737466413787699,F.C.C. 13528,9.184096674303966,,S
105.09995589017883,1,3.242355898598924,"O'Brien, Mr. Timothy",female,17.87759415562224,-2.021737835712635,0.9757666840391329,113514,6.1818530637129445,,C
107.32193384819888,1,3.261528375823089,"Cameron, Miss. Clear Annie",female,,3.009013437178454,1.0533960842091528,364849,8.411956133593161,D33,S
110.6806162749148,0,4.647506263752364,"Johansson, Mr. Erik",male,40.04902535085338,-1.3221381916142803,1.1343414140393884,F.C.C. 13529,7.440864744785325,,S
106.54535915361531,1,2.8814347079481357,"Beane, Mrs. Edward (Ethel Clarke)",female,,2.0021708652449313,-3.865178041881221,13502,25.15241665422843,,S
111.86884728709171,0,-0.458573872747323,"Johnson, Mr. Alfred",male,44.72615483717913,2.131955259486269,-2.722033855814939,113788,52.23620693001292,,S
112.47547120466456,0,2.1710538683282827,"Backstrom, Mrs. Karl Alfred (Maria Mathilda Gustafsson)",male,10.187953914900039,1.7695370884099857,3.9470428736273417,PC 17477,8.3081394583574,C93,S
111.81170008860641,0,4.2678207554674845,"O'Sullivan, Miss. Bridget Mary",female,21.467172931849646,0.18893998363927642,-2.0944175201540722,250655,8.407783423410361,,S
111.10788429122309,0,3.0059865823999115,"Chambers, Mr. Norman Campbell",female,18.83681213143679,1.0216041697120304,1.2216820622733782,8471,11.109305904598525,,S
115.14425901542774,0,3.680419953736676,"Yousseff, Mr. Gerious",male,13.897961175303891,-0.11288219377421427,-1.373875243331692,371362,15.350156696676907,,S
114.9410145818724,0,4.3401584844043795,"Panula, Mr. Jaako Arnold",male,21.906037512624344,-1.1533969778550044,0.15934547853512893,234686,7.71982810758284,,C
117.4653524227094,0,2.250317074204781,"Birkeland, Mr. Hans Martin Monsen",male,69.6000592362707,-0.8989668595394085,-1.2665084045471882,C.A. 33112,11.034323383860812,,S
118.04370429104688,0,3.512496327259612,"Cardeza, Mr. Thomas Drake Martinez",male,26.848528082709535,3.95918074730187,1.1230823092392896,16966,21.62274625824332,,S
122.20355778264184,0,1.757685206916789,"Renouf, Mr. Peter Henry",male,22.890855188719105,-0.21707326537031335,1.2735482346333982,PP 9549,248.39614660038623,C22 C26,S
119.52128874505395,0,0.5303738261770428,"Hold, Mr. Stephen",male,4.142609077859231,2.4284074612344537,1.1034204527115328,336439,33.36398378810114,,S
118.95300501475627,0,4.884609582372489,"Goldsmith, Mrs. Frank John (Emily Alice Brown)",male,22.205873887510446,0.9674048062769829,-2.1003442393614207,29106,74.2251859993932,,S
122.35855126991264,0,1.9985105124861677,"Brown, Mrs. Thomas William Solomon (Elizabeth Catherine Ford)",female,,2.200741361394446,0.5355483949850222,315084,6.253964493171594,E101,C
123.43999336794353,0,-1.3101906863703676,"Sobey, Mr. Samuel James Hayden",male,33.73821003692971,2.3512132663289567,-2.42543759808518,113781,25.194125172440753,C125,S
126.71837515048087,1,-0.09008741917260465,"Pears, Mrs. Thomas (Edith Wearne)",male,30.17817608722652,1.1206583564645138,0.854962084241677,29105,12.045758195963836,,S
126.67022249182915,0,-1.042090321356644,"Sutehall, Mr. Henry Jr",male,54.064740201454065,-0.5150423978195829,6.2529698180738,SOTON/O.Q. 3101310,78.80939105176223,,Q
126.71374211829902,1,3.104346637315067,"Rosblom, Mr. Viktor Richard",female,12.29464466097294,2.14672494034589,2.700340102524024,PC 17758,10.535507337164388,,C
129.9266057824391,0,2.4522989889075255,"Laroche, Miss. Simonne Marie Anne Andree",male,,-1.287122249901296,1.4366957737883257,24160,9.352356744563458,,S
125.6224738913543,1,2.3263360647188143,"Watson, Mr. Ennis Hastings",male,24.870916671914834,-0.5192280626915491,-0.17121459548229534,28424,7.439156351840547,,S
127.7204969345005,1,4.239403930964958,"Graham, Mrs. William Thompson (Edith Junkins)",female,,2.939608974783491,-2.8775052540070507,111361,24.93443214052437,,C
128.14684811718894,0,3.679750722385408,"Haas, Miss. Aloisia",male,46.019641415552236,1.7485553578381288,-2.6445727918003685,2668,6.3845665857586775,F G63,S
130.22038039368846,0,3.6320957412885724,"Molson, Mr. Harry Markland",male,34.10371754306259,-1.9638196919016064,2.565585712205427,7552,8.831029653135376,,Q
129.24662770488737,0,3.8196569146573855,"Barton, Mr. David John",female,14.165680238605868,-1.7110529058171515,-1.5795121602495596,CA. 2343,8.061770129070718,,S
134.2703018936288,0,4.232269336004476,"Webber, Mr. James",female,49.38061140702023,1.2174043056268193,-1.3985041963280933,373450,17.503203745262386,D6,S
133.55555460580246,1,-2.215906683554886,"Kink-Heilmann, Miss. Luise Gretchen",male,22.904734869294494,4.45226474933902,-0.3313009513680429,347082,22.586725387331445,,C
132.0583874109947,0,1.2711234954710777,"Eustis, Miss. Elizabeth Mussey",female,23.76790194888775,-3.8311303289379883,-2.1240925176931094,248698,12.083183450893685,,S
133.9688418375849,0,-2.360420128978948,"Holm, Mr. John Fredrik Alexander",female,25.05069606851551,0.5566658791410085,-2.4535374691032725,28403,16.742832210777006,,S
137.6270276949004,1,1.072119853595591,"Bonnell, Miss. Elizabeth",female,18.36542654949512,-2.7520866631462964,1.8990518544371564,2700,29.375092959557296,,S
139.67625313578876,0,0.9907340555513093,"Panula, Mr. Ernesti Arvid",female,34.06762803506091,-0.2686619870510911,-1.7830589093440725,345774,53.580143025284166,D17,S
142.99346178338357,0,5.091064549579361,"McCoy, Miss. Agnes",male,13.812525876566658,-0.7288568361284828,-1.4820371595577897,STON/O 2. 3101294,8.631291671157026,,C
145.82772493201466,0,3.3752687854422416,"Sandstrom, Mrs. Hjalmar (Agnes Charlotta Bengtsson)",female,26.053811492641238,-0.8410166868737818,-1.562382052294012,A/5 3540,80.7142367373489,,C
141.82881886655198,0,3.4055500965047347,"Jensen, Mr. Niels Peder",male,,-1.067591879318417,3.0447204276689375,349207,16.983205350463365,,Q
140.02092375993627,1,1.9992778452062003,"Beavan, Mr. William Thomas",male,24.257982201924033,0.014414120752740303,-0.46425138099071456,26707,7.0306766426653855,,S
138.73590743853737,1,3.9703222250914756,"Gill, Mr. John William",female,23.889795801915422,-0.07051113326115677,-0.35714393578770737,PC 17757,16.510614624355092,,Q
144.53542292468768,0,1.944164725351373,"Brown, Mr. Thomas William Solomon",male,16.615209339115133,-2.9249147697083053,1.1938917946177665,112379,9.111054524823938,,S
143.37411780937936,0,1.9972146971133022,"Francatelli, Miss. Laura Mabel",male,16.833769855394618,1.5597392250455528,-0.2840792164658803,358585,15.280917986548904,C92,S
145.16928547964062,0,3.9722726339215355,"Van Impe, Miss. Catharina",female,16.965551317796717,2.505744334297761,0.44349246308565426,335677,38.23520991847058,,C
145.77580640188037,1,1.8844573080211529,"Jacobsohn, Mrs. Sidney Samuel (Amy Frances Christy)",female,28.732450401717056,1.686348620045338,0.9409007111403417,392096,7.884077793331186,,S
147.71841822716723,0,4.611357278485002,"Madsen, Mr. Fridtjof Arne",male,10.464855619525677,-1.0814689925281638,3.336395687115262,2678,34.26684964792418,,Q
151.1319604615753,0,3.3548027373846048,"Carter, Mrs. William Ernest (Lucile Polk)",female,33.06167773224791,0.5978363051683017,1.7058530009827917,349215,27.114793114387247,C23 C25 C27,C
150.3140971348907,0,0.09041636573835699,"Jensen, Mr. Svend Lauritz",male,41.19281576296133,1.3519577116138468,0.1612155512410432,230136,12.7686543150411,A19,Q
150.68273032592262,0,3.947788256434802,"Reynaldo, Ms. Encarnacion",female,49.27362867531144,-2.06240413687917,-1.563580459466656,239853,12.904280998044777,,C
149.92869249434838,1,2.3971326907430104,"Mellinger, Mrs. (Elizabeth Anne Maidment)",female,24.58701993691874,1.0183464963642583,-1.721366086329051,3101295,64.48424747093824,,S
149.65063411059128,0,3.203851774745315,"Nicholls, Mr. Joseph Charles",male,52.799801763747155,-0.2325332906207315,1.5382950039336154,347074,10.644114392982319,C91,S
153.02738418185334,0,1.4753530839446956,"Strom, Mrs. Wilhelm (Elna Matilda Persson)",male,43.70845820937003,3.6843013171365273,2.8898841250892433,315089,12.219630545702643,,S
154.89243489836335,0,1.28158796284886,"Flynn, Mr. James",male,,3.848992074025146,0.9105968768331522,A.5. 18509,6.448276479093975,,S
159.53585982715975,0,-0.07532515380604488,"Herman, Mrs. Samuel (Jane Laver)",male,48.676131187239825,-3.3287127866604016,1.5617086974510443,SC/AH Basle 541,61.57438652170362,F4,Q
157.26054904294577,1,4.08518892658392,"Greenberg, Mr. Samuel",male,14.645451631981445,4.987854011455979,0.09240655162990714,S.O.C. 14879,11.715273759777277,,C
159.9654790220461,0,1.0887496651972042,"Gustafsson, Mr. Karl Gideon",female,28.3967623184631,-1.8304514423066478,1.3928237816455384,2666,7.204634030295346,,S
158.0014088029217,0,3.87502449723974,"Hirvonen, Miss. Hildur E",female,,1.9613465886548516,1.8702175220455677,14311,7.330468372079207,,S
157.63011246716596,0,0.5164889422432148,"Fleming, Miss. Margaret",male,,9.940995961727461,3.8224560103812952,226593,68.44836616533242,,S
159.06976647553526,0,2.591862831122302,"Canavan, Miss. Mary",female,41.54416889861631,-1.9913804536836135,0.7984441681080263,223596,19.417794335222627,,S
160.5495478709285,1,2.2192955091480173,"Sandstrom, Miss. Marguerite Rut",male,35.63926758252362,0.986535587678198,2.773985459817676,347742,10.125306012987958,,S
167.25693946487033,0,7.890260290117833,"Richard, Mr. Emile",female,25.240647058303654,-0.21506748853212793,0.45692136346464235,SOTON/OQ 3101317,5.7695239757028265,,S
162.35722664155122,0,0.24536868895926522,"Frauenthal, Mrs. Henry William (Clara Heinsheimer)",female,13.394287607164234,1.1086600092647814,1.264752385131597,11752,14.125077418319103,,S
166.6769784074727,0,5.944029132980267,"Gheorgheff, Mr. Stanio",female,-0.5043217361350407,4.461344604761251,1.5641757816697595,237789,40.86926414698328,A7,S
164.19414564382595,1,3.29968482797456,"O'Connell, Mr. Patrick D",male,7.181794222793288,2.392678970740494,2.4940134149683484,PC 17604,18.31303010132156,D,C
168.86314602574848,1,1.8223438360319264,"Duran y More, Miss. Asuncion",female,,0.15079908629212452,-0.47150398050063935,113501,54.91616403565045,,S
168.76990193221172,0,3.236695826776409,"Rush, Mr. Alfred George John",male,49.001926203180304,0.6642518611473776,5.402701676689652,13507,28.034909132135724,,S
168.68672420468383,0,1.8894536363904662,"Badt, Mr. Mohamed",male,,2.1921284661143607,5.690588789815278,35273,27.617250491811212,,Q
169.91847494772912,0,2.6926297912759645,"Becker, Master. Richard F",male,28.490742017990666,1.1607919297172067,-0.7495901495801666,C.A. 24580,60.17480400564513,E36,Q
169.69042460914122,0,3.9081003629149165,"Wheadon, Mr. Edward H",male,57.44720340731541,1.4636267886417758,0.14198943084989632,2625,34.27710336255843,,S
172.89214440296416,0,2.087057711550555,"Penasco y Castellana, Mrs. Victor de Satode (Maria Josefa Perez de Soto y Vallejo)",male,2.692073732726156,2.6708266554828066,0.10758947130547525,PC 17600,28.04542339397408,A6,S
172.09003303931843,1,5.264469144358495,"Nicola-Yarred, Miss. Jamila",male,1.430605259883024,-1.0905255627969481,0.023960196876130935,111426,12.707468884196409,E101,C
171.5487884724655,0,1.7112657595739542,"Andersson, Mr. August Edvard (""Wennerstrom"")",male,18.95094217417399,-1.135444286505403,3.0888989562373457,PC 17757,6.528494606274277,,Q
172.44412485136075,0,0.8794963071974261,"Nye, Mrs. (Elizabeth Ramell)",female,57.81612568703597,-1.2416427713611773,-1.3459420354549294,S.O./P.P. 751,28.62912500802194,,S
176.34517583544425,0,0.8560748954195616,"Myhrman, Mr. Pehr Fabian Oliver Malkolm",male,15.59460682819794,2.572398537305829,0.051839053267277446,347080,4.3343822560871095,,S
180.15818251282087,0,3.91004744069504,"Saundercock, Mr. William Henry",female,,4.951968100588104,-2.1749856474626026,111369,22.3364432109992,,S
178.31998322714688,0,3.8902519138530676,"Razi, Mr. Raihed",male,48.827896720048884,-0.31026057906480076,-1.5152234490844947,SOTON/O.Q. 3101311,26.919609687751453,,S
178.76272334778022,0,1.8452876403582918,"Morley, Mr. William",male,30.328641318763832,2.8618380376487047,-3.4167997859066954,1601,10.644420464598259,,C
180.5716522792051,0,2.606228602592181,"Connaghton, Mr. Michael",male,34.71901985628915,2.7369387875302595,1.2636093984238577,374910,0.6264730547494347,,S
183.61200348341364,0,0.7707660738641464,"Sedgwick, Mr. Charles Frederick Waddington",male,,8.486797832801079,7.599394443674619,19950,67.15119634835193,,S
182.4387650027277,0,1.5414146928953838,"Lahtinen, Mrs. William (Anna Sylfven)",male,,-1.64378354308608,-0.7333575873010443,248723,8.762667395950512,B4,S
182.17814553833253,0,-0.18558851944305532,"Kiernan, Mr. Philip",female,7.531224485217398,7.150753298871081,-1.3335158659804747,392096,29.299676450821067,,C
186.21257742011977,1,0.1742440265623455,"Allison, Miss. Helen Loraine",male,1.9701877369942253,1.8779652979431836,2.7999993288594665,315086,38.05628070455716,,S
185.85751287692324,1,3.4535720922182707,"Niskanen, Mr. Juha",male,4.47677674967485,0.2523303928619492,0.5461500821396863,PC 17755,20.81410102425607,,S
189.071511983992,0,3.6380263954827923,"de Messemaeker, Mrs. Guillaume Joseph (Emma)",male,,-0.6792100512131373,2.5986938611070807,28228,53.03904935861837,B96 B98,S
187.36646887444383,1,8.618421722459006,"Kelly, Miss. Anna Katherine ""Annie Kate""",female,,-0.7795806525943951,-0.5640580955798894,SCO/W 1585,14.2729148814217,,S
185.551061936559,1,-0.17317017014180136,"Youseff, Mr. Gerious",male,46.59308806103999,-2.9372788606305837,-1.2636313781655615,W./C. 6608,28.311846926398395,,S
186.26368160150867,0,5.87060031329088,"Palsson, Miss. Torborg Danira",female,39.528331512371636,2.265736647114576,0.644084888508627,113806,15.462034800638277,,S
193.3018558644625,0,3.487504960803296,"Behr, Mr. Karl Howell",male,35.386605424348126,-1.5668021077932408,1.5155535218723744,19996,7.811190548654803,,S
194.4473314415666,1,1.6975047065072482,"Najib, Miss. Adele Kiamie ""Jane""",male,32.20938005977625,6.119062457993647,-0.4548412615113129,230433,11.329239422303926,C23 C25 C27,Q
191.6409615734348,0,2.8651889034523044,"Johanson, Mr. Jakob Alfred",male,22.393173365941703,-2.172147165224958,-0.9934494055874109,244367,12.882434696838466,B86,S
192.23362535772802,1,3.1238329673599186,"Mayne, Mlle. Berthe Antonine (""Mrs de Villiers"")",female,16.319287583957593,-1.51476494996274,-0.3976632059577436,315096,6.324007746205166,B49,Q
196.9228885844844,1,2.220791451224437,"Moor, Master. Meier",female,4.53971378611071,2.0202774312268823,-1.54371036900177,A/5 2817,26.34004862850914,C83,S
192.78590863591302,1,0.1833336743466616,"Hansen, Mr. Claus Peter",female,40.21365767752379,3.0586269579345906,0.7940632045879603,2693,27.248300734752625,,S
194.21054596208836,1,-1.7962193195977014,"Farthing, Mr. John",female,58.43454631645725,0.1291793138864433,-3.5734531876898203,STON/O 2. 3101285,144.6315441336168,,S
198.2866535893781,0,-0.08725040504416315,"Karaic, Mr. Milan",female,,1.1444848403745487,-0.8882429087310307,370129,9.73378867940119,,S
197.21078975428082,0,4.3064897665624535,"Peduzzi, Mr. Joseph",male,42.977337048934615,-3.6870948349174193,2.5187704176614867,244358,9.25788096004285,,S
198.98975626655985,1,2.446599819828573,"Hogeboom, Mrs. John C (Anna Andrews)",male,,-1.3550230913835335,0.6060965658654336,113572,6.853874531715504,C111,S
199.67311420295098,0,0.8078222006876667,"Serepeca, Miss. Augusta",male,22.87910106239385,-2.147231458275134,1.1806411459727806,PC 17474,13.29098609407062,,S
201.67514909759788,0,3.017011253446307,"Johnson, Mr. William Cahoone Jr",male,28.06209440097711,-3.790091699895762,-0.13009134543761822,3101298,9.332354956996072,,S
204.81496372262743,0,4.589864505831255,"Tornquist, Mr. William Henry",male,,8.233960468047774,4.3394923619710335,113781,67.81481812547345,,S
203.18116981380348,0,3.3607278860527963,"Morley, Mr. Henry Samuel (""Mr Henry Marshall"")",female,32.42804678413729,-4.485655243220867,1.849398393539584,347088,6.636792458042327,C118,S
205.28787758655372,0,1.6878901267180653,"Coutts, Master. William Loch ""William""",male,44.92024876905026,-2.6443919321748974,0.8922820084953491,7598,5.9829764903852505,,S
200.89965579793795,1,5.452585911297899,"Allison, Master. Hudson Trevor",male,18.39676232125288,-1.074387588026836,1.855091554627086,4135,6.160132328759802,,C
205.90256319613977,0,6.158371005963264,"Klaber, Mr. Herman",female,0.4655658629387194,-1.6625716719021526,2.5008471088071538,2691,7.216965339466951,,S
205.31353945941424,0,3.9891133106457066,"Carlsson, Mr. Frans Olof",female,30.38743635863063,1.7928170044141354,-0.8789270266937805,113789,15.132785292922739,,C
205.56237387915274,1,4.94732702268818,"Keefe, Mr. Arthur",male,23.27951312481565,0.61116038380496,-2.687797823382667,PC 17582,19.92144131916745,,S
207.2436952661425,1,5.483919993627622,"Stoytcheff, Mr. Ilia",male,16.781450052177792,1.7875974918709137,0.8407242516852477,350025,6.360681293242281,B50,Q
209.33175311859839,1,3.2601986328090273,"Wilhelms, Mr. Charles",female,41.09064652393412,1.5047674654253562,1.0921784616628574,2671,36.04141738431594,,S
212.83180508471202,0,4.228198354225247,"Louch, Mrs. Charles Alexander (Alice Adelaide Slow)",female,24.463320888473035,2.2816255787227617,2.180943982277131,248740,8.821371307305464,,C
209.34721456452087,1,3.1966940941497657,"Lester, Mr. James",male,36.930340985457335,-0.0038368000181083135,-1.872642550090587,2662,23.608660265320957,,S
213.06126298518885,0,4.0393211466930055,"Bengtsson, Mr. John Viktor",female,22.175735274161454,0.6069338016333394,-1.8128621185543266,C.A. 2315,8.840486024147516,B94,S
213.03166113333285,0,-0.19467534909408712,"Doling, Mrs. John T (Ada Julia Bone)",female,30.784021874731515,1.0230274038383826,0.9198005326155407,19950,16.705729949877146,,S
214.3446538112761,0,4.4014463137191715,"Tikkanen, Mr. Juho",female,,1.2833133947820514,-0.1423339777061733,29750,6.175996033054916,,S
218.0055156506092,1,-1.711627942253108,"Davies, Mr. Charles Henry",male,30.816919961163585,0.20561138016585223,-3.7715232211422562,343275,108.15352522868277,,S
218.07623087400785,1,1.4108010897498902,"Hanna, Mr. Mansour",male,25.938356343740704,-0.6648850686795404,0.7502163275083815,363291,7.032748783294234,,S
220.67479621488548,0,4.607130135616175,"Goldenberg, Mrs. Samuel L (Edwiga Grabowska)",female,46.42830523158382,-0.6351167966599309,-3.7048458299779092,2677,28.116437151095074,,S
218.6909886415002,1,2.6804403253883953,"Ilmakangas, Miss. Pieta Sofia",female,31.096098040292983,0.8432336598196593,-1.8905131037467524,374746,76.59473394349597,,C
218.6081147766586,0,4.974796579371725,"Caldwell, Master. Alden Gates",female,28.668244577759125,-0.18803034817031108,2.7033627457202143,111361,11.050945221935567,,S
220.552282366239,1,2.4566512326254157,"Dowdell, Miss. Elizabeth",female,16.868019646900215,-1.3263475012735297,3.6497580356142305,349206,10.691820005339746,B3,C
222.48499358254244,0,-0.30449768255353504,"Hassab, Mr. Hammad",female,27.50370883059001,-1.3244896386491853,-2.4313127369439234,347087,13.764115148924999,,S
223.35314671690742,0,2.5191256058593146,"Jussila, Miss. Katriina",female,48.19041690477935,-2.420797455565577,-0.6587830748253886,A/5 21173,9.647825855182043,,S
221.83122385553327,0,3.2040625944811483,"Nysten, Miss. Anna Sofia",male,,1.9576826824743994,0.08524504615741196,367655,6.016674516294483,,S
225.18097956325576,1,1.1579774326800194,"Yrois, Miss. Henriette (""Mrs Harbeck"")",male,37.81161084929833,1.157235339063575,3.562453855163136,113509,87.80921262156792,B22,C
226.4564566602778,0,5.267360957513404,"Harrington, Mr. Charles H",female,19.77813780956856,-1.7256000391465403,-0.9857378956488031,365226,12.578227846048975,C92,Q
232.03494807506783,1,1.277459149993109,"Wick, Mrs. George Dennick (Mary Hitchcock)",male,21.377568228707748,1.6170954992040365,-0.9537680460665562,248738,10.701803070294135,E8,Q
231.75368922256334,0,3.7040689436058485,"Kelly, Miss. Mary",male,21.75135114319231,-1.120897619588746,3.0974511169257237,382652,6.00354163310773,,S
227.29351329888237,0,0.022745701130787888,"Bing, Mr. Lee",male,15.470916016104171,-2.8130012540244653,-0.749578305436516,CA 2144,11.757211012905763,,Q
229.42523327690165,0,3.900634556087626,"Taussig, Mr. Emil",female,,5.042444578438266,2.4444034179329153,PC 17757,24.168453756723483,C104,Q
228.07311599632598,1,1.0062171003712734,"Hale, Mr. Reginald",female,36.31759473673239,-0.07419397913222614,-2.954285930224855,36865,82.05708195790831,,S
230.81858597207304,0,1.500373323430965,"Kenyon, Mrs. Frederick R (Marion)",male,28.979607768749908,-0.817798180417579,-0.34246548818465244,3101296,5.208704394792681,,C
233.63121000718067,0,1.5283412756502943,"Asim, Mr. Adola",male,62.18043761124356,0.08236004069835497,-3.319193676652809,349240,10.499159195558983,,S
236.41170724177647,1,2.6316485069695568,"Richards, Mrs. Sidney (Emily Hocking)",female,5.3185955676592815,6.28517844558023,-0.11086756191140879,112277,30.99749124469116,,S
233.5418323245128,0,1.4596897413258076,"Hart, Mr. Henry",female,23.943833849791936,0.04007458173262339,1.6784027103045267,19943,9.3141482593592,D33,S
234.69170711986442,0,6.5426824845353675,"Kallio, Mr. Nikolai Erland",male,,-2.3982342522904605,-0.09981078217342526,1601,9.76431857088659,,S
232.70542194052268,0,1.8031079953842408,"Becker, Miss. Marion Louise",female,45.16370087861416,2.08775400822436,-0.6382114811059493,2690,26.586153306533834,E121,S
237.67466815891018,1,1.5122077796453246,"Soholt, Mr. Peter Andreas Lauritz Andersen",female,8.95320593464796,-0.9699794485234481,0.5025007520381648,382652,26.780635360155966,,S
236.87517117628087,0,-2.1949019152202833,"Peter, Miss. Anna",female,19.02936027977942,3.7758479430589325,-0.4413121464825655,248731,9.013759184891098,,S
238.94112114526786,0,0.21158529604104537,"Seward, Mr. Frederic Kimber",male,31.420027292264795,-0.002239443995780341,0.6022263342013873,113050,12.032943168440049,C7,S
239.24627844366483,0,2.4738531510872943,"Landergren, Miss. Aurora Adelia",male,,-3.4700709957973324,1.9658324129235236,7540,15.17620220726288,,S
241.8114748914949,1,1.6282946476467144,"Gaskell, Mr. Alfred",male,,1.714729944311348,-5.250293368193605,PC 17601,16.932391479425352,,S
239.48454321728673,0,4.763415186755594,"Christmann, Mr. Emil",male,26.3330513625316,3.889195584520457,-1.6635223485256194,STON/O2. 3101290,10.312216346963268,,S
241.06590950921802,0,2.6701244492075626,"Williams, Mr. Leslie",female,19.05637529735163,3.151840577090779,0.31819248437801145,384461,9.283247558648418,,S
249.2584942240566,0,5.576888498636505,"Robins, Mrs. Alexander A (Grace Charity Laury)",male,31.13030675761954,3.6619085775131306,-0.19772623192457173,WE/P 5735,7.240978617815885,,S
243.42515483745194,0,1.123409268100736,"Porter, Mr. Walter Chamberlain",female,38.79622336989662,-0.039520370762927026,0.80675248505345,29106,91.58569423703536,,S
244.8064288430907,0,3.074455672843153,"Dick, Mrs. Albert Adrian (Vera Gillespie)",female,25.41082105392252,1.8243047919535575,0.5350805722531077,A/5 21172,6.7952955828217,D35,S
251.67382705664264,1,1.822407104574998,"Hamalainen, Mrs. William (Anna)",male,23.04383388449235,-1.4439890794734234,1.3902642740131856,237671,10.874823266862716,,S
254.81013433848082,1,1.0075925032429183,"White, Mr. Percival Wayland",male,39.61649321375982,1.448578798833849,-0.05370639197435412,14313,53.09091797603705,,S
247.6568667423493,0,5.437590006099718,"Endres, Miss. Caroline Louise",male,53.01306358169225,-1.545904857479465,-0.4910029794710018,SOTON/O2 3101272,27.450648126293252,,Q
250.26350208642393,0,-1.6392214535024365,"Williams, Mr. Charles Eugene",female,,-1.2889115297654326,2.2974846996454854,3101295,8.40069466361514,C23 C25 C27,Q
252.68311110188102,0,-1.0030914888773577,"Wiseman, Mr. Phillippe",male,28.206172317524416,-0.3524933947272306,-0.46401586581142884,7546,11.30687332287488,,S
256.4573952888112,0,-0.08634166211222771,"Fortune, Miss. Alice Elizabeth",male,62.227496306972284,1.7971105602852324,-0.12561344628791096,343276,25.852826068090025,,S
252.0262858431435,0,3.029055763875138,"Roebling, Mr. Washington Augustus II",male,31.473673061840103,2.601438243339311,0.36668442799684203,14973,14.486507497108818,E33,S
254.50944430811577,0,4.3802088495280245,"Tomlin, Mr. Ernest Portage",female,40.07488856735084,0.5536394586616415,5.120701859748916,236853,21.31595653808756,,S
257.5546751521235,1,3.9461743960549502,"Carr, Miss. Helen ""Ellen""",male,30.99310976899681,-2.700842836110771,1.3993834835273735,13502,16.09869483239655,,S
257.8695321489332,1,0.2315081742388596,"Butler, Mr. Reginald Fenton",male,,-0.62327886789944,1.9176133120219219,36866,78.07820181831235,C46,C
257.2476878575398,1,3.0380873864835247,"Gee, Mr. Arthur H",male,30.589185685116757,-1.492232965885452,2.4639588065300444,PC 17483,88.71884837838411,,S
258.7323540709679,1,3.060390806305462,"Madill, Miss. Georgette Alexandra",female,36.845279445575706,1.739351513388982,-0.1275085299812965,370377,510.5634689709048,C78,C
257.25020838326003,1,2.368115662543131,"Sheerlinck, Mr. Jan Baptist",female,51.32007498358067,2.356369705634369,0.578562041846475,PC 17585,24.83295324241792,E68,Q
260.52365251205066,0,4.925315144973682,"Dodge, Master. Washington",male,,2.112771172061766,-0.6581073440964322,STON/O 2. 3101286,11.02285042468333,,S
261.4672250199821,1,3.5452905268642576,"Skoog, Mr. Wilhelm",female,1.473121365378679,2.489561161165959,1.4883537315148354,367232,33.124663875467824,,S
263.4643397792525,0,-0.12296605356576729,"Johnson, Miss. Eleanor Ileen",male,49.24170149730283,-4.479066244578958,2.7084797211536653,S.O.C. 14879,78.93398138821796,,S
262.889345562362,0,2.395633678000009,"Jacobsohn, Mr. Sidney Samuel",female,38.011329783009764,-3.5339237962601087,0.4620199545110278,PC 17611,0.574761419287101,,S
265.94307704509026,0,3.2212262451573555,"Sutton, Mr. Frederick",male,,2.843253956164417,0.4705794183397388,1601,8.059584489047676,,S
268.0254316356397,0,2.002679693508974,"Graham, Mr. George Edward",female,36.99584586853876,-0.8025098786396478,-2.25044702075967,350026,5.0087722700452435,,Q
267.3108586553369,0,5.945907144379149,"Ilett, Miss. Bertha",male,16.204513319294833,2.4985507634697752,-0.934980154750469,230080,37.87455210105324,,Q
268.7035128167984,1,-1.901744257080173,"Eitemiller, Mr. George Floyd",female,22.75408590178574,4.2853205868724675,4.28689364955396,1601,7.6733067657814376,,Q
269.10631069515574,1,-1.8353683403191394,"Dick, Mr. Albert Adrian",male,59.53373458665812,2.5303198909766538,0.6443485494226209,PC 17759,152.7492770468814,,S
270.0001687861828,1,-1.3741408527487402,"Dahlberg, Miss. Gerda Ulrika",male,32.55059044469892,0.0488974438395733,-1.5495439911567204,112058,136.12750512966082,F4,S
269.55688393291433,0,0.2734787048623888,"Yousif, Mr. Wazli",female,,-0.5868061821279478,2.8621983311785946,28551,33.25896462589584,,S
272.6329885233466,1,2.49078366046794,"Somerton, Mr. Francis William",male,30.71487684627973,-0.26420242562625046,0.5636170973671042,12749,-0.6430715693078549,,C
272.805426803173,1,-1.014651295546095,"Petranec, Miss. Matilda",male,41.7329022931431,0.4543255967749321,2.1563098337290434,239865,17.38469040775427,,S
278.1863366178612,0,-0.9703160646216527,"Moss, Mr. Albert Johan",female,38.166216271315484,3.200094562639216,0.7239058494369328,31027,30.34970331702209,,S
278.1467098049505,1,1.2783166429528596,"Hagland, Mr. Ingvald Olai Olsen",male,,0.8449348484744534,-0.6373461811536083,330931,7.0967533328643935,,S
276.771693105113,1,5.914848184151784,"Culumovic, Mr. Jeso",male,59.37957335782637,2.4520580660782825,-0.3391727449945807,PC 17761,77.64617299835619,C2,C
275.47388558061044,0,6.603483895494293,"Carbines, Mr. William",female,43.79456127393956,2.3385402181403427,-2.7654763405972536,349209,7.166452561693843,,S
275.77517705603316,0,1.1765011646307015,"Chibnall, Mrs. (Edith Martha Bowerman)",female,,-2.339352002048838,-0.17585481883979495,363294,4.4836756000219715,,S
281.38228590617774,0,2.2728334193864024,"Chapman, Mr. John Henry",female,4.105990847169968,5.509723784948086,1.5920661540852348,2665,24.64359147800411,,C
280.52549845029426,1,0.7015920056234117,"Andrew, Mr. Edgardo Samuel",male,38.4447198839913,0.41086249067677727,4.700926467687507,7267,19.47333219373471,,C
281.96028680678324,0,-0.8162608264505335,"Davison, Mrs. Thomas Henry (Mary E Finck)",male,65.54572503605155,-5.032190391545532,0.171998130010431,348124,7.742621948703216,D49,S
278.5108280260516,0,2.766239627182952,"McCoy, Mr. Bernard",female,28.759375161227968,-4.256339083971624,-4.66835408442061,349249,6.2919150154344425,C2,C
284.85487696311634,0,1.0042960335119486,"Pears, Mr. Thomas Clinton",female,15.3819552696075,-2.0362352230373713,-0.18797086556924283,2667,11.299651664256565,,S
284.9088406764287,1,2.8302989366759803,"Slocovski, Mr. Selman Francis",male,18.65425783511313,1.0624464571851628,5.479008266216612,315037,9.67651535743928,,S
282.77913863117107,0,-2.200411698086955,"Davies, Mr. Alfred J",male,,0.22759913068059287,1.7327324699700795,W./C. 6607,25.90449076302292,,S
285.0569503851001,0,1.4760510833794844,"Reed, Mr. James George",female,32.93532576260957,0.368733414351328,-1.6217778876171773,36963,8.121152489312612,,S
287.527434408713,1,3.2972541906056616,"Panula, Master. Eino Viljami",female,31.061387876049466,3.901886965373384,1.1822130288611135,365222,9.276086331536707,,S
288.1049335967125,0,3.732419195567875,"Plotcharsky, Mr. Vasil",female,21.607991404309967,-2.5381792297196246,-1.4840268497794806,350043,7.686226692704379,,S
288.41565762839286,1,2.834943917484029,"Larsson, Mr. August Viktor",female,41.3156942185359,-0.05486670836744719,-2.707615039093715,SOTON/OQ 392090,12.843253943748474,,S
289.79302346386805,1,0.3590220316859254,"Johnston, Mr. Andrew G",female,19.186171668796277,0.6088710456276312,-0.6967387264681444,330932,7.374001796966401,,C
290.49604524358625,1,2.7093714602711234,"Betros, Mr. Tannous",male,22.044501875265745,-1.472546233076671,0.18305287847772242,CA. 2343,79.35489862918477,E67,C
292.3051250242049,1,-0.6004233932037006,"Boulos, Mrs. Joseph (Sultana)",female,18.476876197867195,1.056653490165882,-3.7443110048667916,2649,92.58562412965573,,S
295.9429839459863,0,3.2657158292146127,"Stone, Mrs. George Nelson (Martha Evelyn)",male,36.11299338398646,-3.19989866816869,-2.2983185810772717,C.A. 33111,10.414479704802847,E38,S
288.8666831181374,0,2.9787226467636136,"Sivola, Mr. Antti Wilhelm",male,21.42773992658242,2.8198124345500557,0.02067112636470945,PC 17558,6.748672201533702,,C
294.52629947098063,0,0.24722500184410423,"Humblen, Mr. Adolf Mathias Nicolai Olsen",male,23.931050269930733,-1.3632291050608676,-0.8163463519779083,113800,4.3987639410329535,D9,S
296.3530248427449,0,0.3676045908376241,"Goldschmidt, Mr. George B",female,,4.062800329557006,0.7896225422921815,347080,29.453594800715198,,C
297.5919879793742,0,3.7307274841275353,"Goodwin, Mr. Charles Edward",female,19.187983987881243,-0.0649486478349101,-2.429336654617123,C.A. 34651,7.729846586380926,C90,S
297.25617083735744,0,2.225930760949198,"Bjornstrom-Steffansson, Mr. Mauritz Hakan",male,0.16975068104099766,3.0561071307983663,3.4282274971066014,382652,152.56053503186556,,S
295.4865564350428,1,0.7180242051111627,"Boulos, Miss. Nourelain",female,,-0.10660573798230875,-2.36751819412039,330923,27.641003523273064,,S
300.65599096742824,1,4.063557781202105,"Simonius-Blumer, Col. Oberst Alfons",female,50.77411745879149,-0.06148766452105964,4.28546860387526,CA 2144,251.09069624576028,,C
304.45470042832835,1,5.015021541973118,"Harper, Miss. Annie Jessie ""Nina""",male,,-1.1680586664440156,-3.431516568756633,248706,6.532298183709285,,C
298.9322771901677,1,2.4866917672004942,"Nirva, Mr. Iisakki Antino Aijo",female,,2.238247858732555,-2.185108540766825,C.A. 37671,23.586411614222513,D21,S
304.7276560273964,0,4.500243624273889,"Turcin, Mr. Stjepan",female,21.044814450720946,0.6359973888280949,0.8347416060636584,237442,1.7087693213567439,C123,S
303.34294955375424,1,5.867586970376374,"Toufik, Mr. Nakli",male,,-1.5685170178303598,3.3284665029952762,243880,10.376040488407856,,S
304.8773513083423,0,6.920969201566054,"McDermott, Miss. Brigdet Delia",male,,-0.2500888317197684,0.6300860722323415,W./C. 6609,6.957351282974667,,S
303.8942029785921,1,-1.455999761644995,"Kvillner, Mr. Johan Henrik Johannesson",male,-0.015952626648584767,-0.22019773211422744,3.1257158403647822,349244,151.90834354920176,B58 B60,S
306.33108765528823,1,-0.8530662223143013,"Smiljanic, Mr. Mile",male,,4.599328139229677,0.03507380334611696,112052,116.59824615092941,A5,S
310.6000891893979,1,3.969837573467702,"Touma, Mrs. Darwis (Hanne Youssef Razi)",male,17.935639565819315,0.8205384601767629,-2.0527969082303867,315151,109.50224948570406,,Q
310.1653104839754,0,-0.11656210167527448,"Leitch, Miss. Jessie Wills",male,30.390207946285777,4.0904643033931185,-0.9802766964787586,250648,27.212722301261437,,Q
313.46462321081987,1,-1.645082266583358,"Goodwin, Master. William Frederick",male,31.2588080122044,-0.39124466161537663,-2.4238194399625534,349248,59.34054629038391,,S
313.3548237779554,1,0.027611738601906244,"Doling, Miss. Elsie",male,24.263747626242303,0.5185752830698159,-2.5574199355537433,STON/O 2. 3101293,83.89432007298903,,S
312.87817335785917,1,1.8404534189491715,"Lobb, Mrs. William Arthur (Cordelia K Stanlick)",male,19.637527900694884,-0.6427281432905385,2.803497838639493,350048,260.39660845673865,,S
316.4878690523356,0,1.7952065867778073,"Andersson, Miss. Sigrid Elisabeth",male,26.1891850659154,0.10585481626427073,-1.2463559641759234,C.A. 18723,28.11950722163647,,S
314.8779863174766,0,1.6988727591888158,"Nenkoff, Mr. Christo",male,29.569377432263373,0.4210693415784935,0.6391080134467227,16988,4.899579316703907,D,S
316.6559763535941,0,0.651575076550982,"McGovern, Miss. Mary",female,44.74164554073328,4.172007661919734,-1.6036455044421953,2623,29.451750247354184,E50,S
315.4068580929306,1,1.5753258711745826,"Holverson, Mr. Alexander Oskar",male,24.390946739550373,0.44396555535254234,0.5927660402335093,349210,8.25421061643651,,C
317.1330916317184,1,0.2409807426821149,"Ross, Mr. John Hugo",male,20.383711906258508,3.7674407223859983,-0.977365137925925,347062,20.69955290540365,,S
316.60515235339943,0,6.563265754552123,"Collyer, Miss. Marjorie ""Lottie""",male,57.086985712029104,1.2814582204058405,2.813231067301289,CA 2144,13.318987809936322,,C
320.9791678691897,1,1.5950221423711097,"Alhomaki, Mr. Ilmari Rudolf",female,31.513317461424524,3.2548026789293716,2.64743779115813,376566,166.17459564184588,,S
317.6433927537703,1,2.773518108809477,"Scanlan, Mr. James",male,36.57102820900776,0.8819155653898891,3.471565785988283,11767,134.02595225392048,,S
322.5647006848353,0,2.021845063762153,"Sloper, Mr. William Thompson",male,20.572361005562577,4.780445421303608,-1.511293432850385,349909,8.680011621987147,C126,S
321.6186978849897,0,2.6280866456279024,"Fry, Mr. Richard",female,28.543748584739657,-0.970792405828246,0.11228668048833457,250653,6.195751664575409,,S
325.34249418693463,1,0.57289203725929,"Dahl, Mr. Karl Edwart",male,29.440646337734215,-1.532923668395338,-1.9621743162325567,113789,9.738035254424785,,S
325.50173797746254,1,-3.3034166698384038,"Pinsky, Mrs. (Rosa)",male,20.975877161361744,-1.4201056993780683,0.17278951451116376,5727,28.85710919390479,,S
328.6412923152936,0,0.24398144630426755,"Aubart, Mme. Leontine Pauline",male,,12.662049343116141,1.4757915545107418,347743,69.61313133457983,,C
327.46154938227727,1,-2.6212373599607894,"Andrews, Mr. Thomas Jr",female,33.90542570723238,1.6388951452357952,-1.4517164413742785,2664,134.93653129787535,,S
323.85591948869353,0,-1.4995675559032149,"Zabour, Miss. Hileni",male,59.40369328449033,-0.6682414667606169,-2.43100571769139,2653,8.692082293284384,,S
327.8660936542036,1,-0.39071794859620557,"Downton, Mr. William James",male,36.42277295009654,2.49804539374699,-2.8270346473053056,342826,11.299585249721884,,S
326.6559856148104,1,5.649911358763262,"Flynn, Mr. John Irwin (""Irving"")",female,31.780909864107766,2.375384370235564,-3.6794962314147943,26360,21.151331214664697,,S
328.96344031526746,1,0.9111276645912911,"Hunt, Mr. George Henry",male,16.99268606868146,3.9322549427511806,-1.1126929270069157,C.A. 31921,58.11513994232725,,S
334.02245686655345,1,5.581127524642348,"Peters, Miss. Katie",female,,-1.0956656654798227,1.254987793343689,348123,20.13656809572783,,S
333.2750676217954,0,1.8219651538017505,"White, Mr. Richard Frasar",female,45.89715724136303,-0.5307202166285091,-3.196997064026566,335097,25.861939632662974,,S
331.60213914284253,0,2.5651176514303184,"Lundahl, Mr. Johan Svensson",male,38.97876787787682,-0.9250427678856509,-1.73624569250661,349201,153.48632203249727,,S
331.9725652671192,0,1.1982060093908498,"Lulic, Mr. Nikola",female,15.481581481369833,-1.947365352817203,3.58179714246583,1601,21.96239999737393,,S
335.0655641857525,1,2.0479019083853416,"Goodwin, Miss. Lillian Amy",male,,3.120654409559388,-1.272992099696508,F.C.C. 13529,134.80853962379763,,S
333.5668797012377,0,4.4574284681486915,"Bourke, Miss. Mary",female,,-0.5407931116067168,0.6420920183296716,36928,4.444530349710735,,C
335.65771944520685,0,-0.15329458446738586,"Cunningham, Mr. Alfred Fleming",female,29.43019627163807,2.479262409973124,1.2846342930009893,250644,60.37902386976132,C125,S
338.6240189431025,1,2.1190807412323327,"Jussila, Miss. Mari Aina",male,42.54507961516552,4.7195438686592235,1.3250522595625605,315090,135.96610718600877,E24,S
341.3106240722134,1,4.132375517149666,"Gillespie, Mr. William Henry",male,46.110291363889665,-0.7064873836552166,-3.0446284612161194,PC 17582,7.857573034143603,,S
341.2175229444489,0,-0.0991052422601657,"McGough, Mr. James Robert",male,45.088434005800366,-0.8423059653143103,-0.46211935979898044,2908,37.78253193902074,,C
336.4174209828038,1,-0.24553686454198997,"Lindell, Mr. Edvard Bengtsson",male,0.38174803011792036,1.2373283394479921,-2.2364545390367843,347081,24.238564158577116,,S
342.6087334580605,1,-1.3682566637965445,"Bishop, Mr. Dickinson H",female,24.13534251612542,4.974494705966819,6.892635717820647,17465,263.70042499571707,,S
343.14406714646515,0,2.1730110838429235,"Johnson, Mr. Malkolm Joackim",female,27.943964430208514,-1.1334260506202998,-3.1897505280312,250655,14.692346926055725,,S
344.8277805707454,0,2.6540197375786296,"Frolicher, Miss. Hedwig Margaritha",male,25.386363159626395,-1.2619231942642612,-2.0956804377396403,27849,12.105072723587035,,S
348.2324193633024,0,0.41494833908417106,"Flynn, Mr. John",male,40.413050614280806,2.1143785404827318,-2.0812017096830093,36947,12.147828859537869,,S
341.8735234463905,1,2.053170682652197,"Ostby, Mr. Engelhart Cornelius",female,22.952454442917528,0.7572786476760711,-2.9933209534457608,371110,13.050525662196781,E25,S
345.8177931496178,1,3.1410740722769708,"Connors, Mr. Patrick",female,40.84457803825072,-4.089456526009641,2.7051878195130907,W/C 14208,14.085352693120658,,S
349.1818126455867,1,4.236381429330602,"Skoog, Master. Karl Thorsten",female,,-1.4507835989382163,4.844895802166992,2003,16.07133199097618,,S
345.83681120109213,1,6.103760240244977,"Chaffee, Mr. Herbert Fuller",male,3.1960038281987657,4.00247172765442,0.04850176137476525,31028,17.847992675518974,,S
352.951898096107,0,5.553961664396087,"Odahl, Mr. Nils Martin",male,46.67569023834433,0.803856566157625,-2.64084629368882,347466,7.73862962146594,,S
351.73671322540133,0,0.9974171344869118,"Kilgannon, Mr. Thomas J",male,22.243921416537045,-1.524391862074498,-4.473850997452042,347067,6.56820958907378,,S
353.6931679716868,0,4.367172419076045,"Svensson, Mr. Olof",male,,-0.3408193144699643,-0.48821743704420295,315098,38.95395073622636,B5,C
351.8581126769564,0,1.9380469908885705,"Stewart, Mr. Albert A",female,13.402388510214037,1.0264733456033404,0.3672691536771123,349910,6.019932526915107,E17,C
355.6275273799324,0,5.089745624908855,"Coutts, Master. Eden Leslie ""Neville""",male,24.296950529713413,2.4714667205603273,-1.3025922527202891,C.A. 31921,16.663115832564507,,S
357.1369431119781,0,3.1359732521021777,"Jansson, Mr. Carl Olof",male,,-2.716526789717579,0.4427505079524568,349222,7.093393357855631,C65,S
356.46575604027436,0,2.1757012430860647,"Lovell, Mr. John Hall (""Henry"")",female,29.69260812461546,-1.6818982773409161,0.7903462856309726,347061,9.634362219307963,,C
357.4688017853974,1,-2.6153937195498655,"Calic, Mr. Petar",female,22.638189668047147,0.5459115097267777,1.6461665158758012,349214,54.226632715023435,,S
358.54068647856343,0,1.6568709795673036,"Saad, Mr. Khalil",male,40.51822969866947,-0.19966916099090065,-0.6322497439369744,3101278,12.965132206101982,,S
357.2733094705212,1,-0.11876647061121792,"Harder, Mr. George Achilles",male,,1.1437183652734197,-2.203243659148524,347082,7.799675537143652,E8,S
359.7049426395193,1,4.934598471685545,"Nicholson, Mr. Arthur Ernest",male,,-2.4590147947191956,1.3316661956134317,345779,8.228838654041613,,Q
360.69495493509527,0,6.033585314278496,"de Mulder, Mr. Theodore",male,45.40797021455877,1.714257352542642,4.025027518843061,2628,23.185025082025366,,S
362.766787728707,0,0.4061780214066195,"Thorneycroft, Mr. Percival",male,29.788475298884062,3.1831672387549443,1.7767150496693005,STON/O2. 3101282,31.4825526140157,E12,S
364.9996484938206,0,3.6039414850385425,"Abelson, Mr. Samuel",male,43.56103690804291,0.9736370942985668,2.5801510989444627,W./C. 6608,14.159623372930884,,Q
361.88292783604317,0,1.5492169559840492,"Coleff, Mr. Satio",male,33.61147247550386,0.27822347952318377,-2.843524138094231,244278,8.211245238893971,,S
364.74998193936085,0,1.7430305397264207,"Hawksford, Mr. Walter James",male,,0.8082327948680582,-2.8684444149152064,231919,12.743797316931952,E49,S
368.96291109531796,0,4.548989407730742,"Rice, Master. Eric",male,31.873138711713576,-1.6697023055430036,-1.5110814374810568,SOTON/OQ 392082,6.307999477501499,,C
365.51282354237486,1,0.922923476313175,"Givard, Mr. Hans Kristensen",female,59.27124541421352,0.8560028151204231,-2.112530816581336,349254,73.90536826735917,,S
366.35549996541937,1,6.479296083862023,"Barber, Miss. Ellen ""Nellie""",male,,2.519411705760812,1.5105035519522014,370365,10.16864752901709,,S
369.40461238366237,1,2.035535042594158,"Hocking, Mr. Richard George",female,,-0.23805701320025047,0.7026193519758355,A/5. 3337,6.578372786328234,,S
371.68877038097065,1,2.9986726649489786,"Sunderland, Mr. Victor Francis",female,25.462984815881867,-1.7796079786968202,2.1983679875706215,330980,70.81615997388018,,S
371.0228521111213,1,1.1948268259155639,"Campbell, Mr. William",male,23.30651181423196,0.015505822469227382,0.7929736348218366,370365,54.14085909465361,B51 B53 B55,S
374.657921180874,0,4.591556019488467,"Arnold-Franchi, Mrs. Josef (Josefine Franchi)",male,15.84885542771397,1.4017005945518604,0.41729916374673803,2661,5.590562120692112,,S
374.71358796513306,0,2.1056846853401066,"Watt, Mrs. James (Elizabeth ""Bessie"" Inglis Milne)",female,19.448594614363188,-0.7470279943616939,2.399459560688341,SOTON/OQ 3101316,7.558899669598629,,S
375.6836401337801,0,0.9008823248968346,"Dimic, Mr. Jovan",male,23.201918569399794,0.9706065661262814,0.939454679470097,350052,138.2009902536586,,Q
376.1082330026482,0,2.7690022414021307,"Emanuel, Miss. Virginia Ethel",male,3.6650646261952815,4.045687521498061,1.1362019268754375,349224,17.29529468193976,,S
380.65530620069217,1,-0.6721142296915743,"Markun, Mr. Johann",female,,2.7779663608092964,2.960906067861371,363592,79.53947288945113,,S
376.5896766222679,1,4.324163069163506,"Hickman, Mr. Lewis",male,23.354969684182787,2.8471189445300658,0.2303617663055801,CA. 2343,3.3553896686203664,,S
373.99295541586696,0,2.300498011156728,"Simmons, Mr. John",male,25.512278145808732,1.9917174487447216,1.3913187901641568,367231,209.3249957604771,C126,S
382.2085087230343,0,4.187109389811133,"Perreault, Miss. Anne",female,18.956922710427232,-1.8684781282959197,-1.6756465175552993,A/5 3536,2.3892998976157855,,C
379.0846011380863,0,6.07393130783529,"Smith, Mr. Thomas",male,17.112092950555997,-1.8070688931525445,1.4060509180908225,PC 17569,4.546037491819222,,S
381.2157608886861,1,3.898689602472607,"Olsson, Miss. Elina",female,44.60231669730406,-0.15154295291964884,2.4741010836849378,345770,226.05670450677067,C86,S
384.6191013697211,1,2.2501106203017294,"Yasbeck, Mrs. Antoni (Selini Alexander)",female,2.2668430820546983,-0.902350714478829,1.8988251971331398,A/4. 34244,11.71227103813317,,S
379.7954809178822,0,3.7461046368683566,"Sage, Mr. Frederick",male,33.20998675135775,-2.2766534539218855,2.615831247559677,11767,5.889022552464637,,S
381.49670557178774,1,-0.24720137851642532,"Sjostedt, Mr. Ernst Adolf",male,37.4944228422849,0.11661641165401149,-3.940030063943152,PC 17593,54.4008407998204,E67,S
381.7974441257623,0,3.046710632229111,"Wright, Mr. George",female,,-0.949025867238078,-0.1109067496158296,239855,8.702976140562207,,C
384.41172741994916,0,0.8005011017622705,"Carter, Master. William Thornton II",male,14.58154779217969,-1.3436954795224116,-0.08018982420887238,113787,73.87493534434506,,S
387.879273212034,0,6.240140618272102,"Andersen-Jensen, Miss. Carla Christine Nielsine",male,-0.4767531617542162,4.368421027689989,0.546011255185306,S.O.C. 14879,44.89444288744177,F33,S
389.04837568562556,1,2.7273963006859256,"Partner, Mr. Austen",male,34.76764983165095,2.356901700636662,4.767722075963746,347077,9.927830081910551,,Q
389.55254835865713,0,2.5639417437911556,"Goldsmith, Mr. Frank John",male,,0.3984760824984785,-0.13238526537752232,2661,5.450887848931439,,S
387.17446823221525,1,4.387237143712754,"Lefebre, Miss. Jeannie",female,14.844833504792575,4.943618152110939,-0.8154615432088665,17421,11.91358034620797,,S
386.37979312673474,1,-3.341230819590823,"Vestrom, Miss. Hulda Amanda Adolfina",male,35.40069387188927,1.3410163720392987,2.05192422686701,C.A. 31921,121.73635355945333,D46,S
392.10870717078075,1,-1.0282051897305795,"Vander Cruyssen, Mr. Victor",male,18.56679256942119,-0.5801315478745035,-4.005627477051659,36864,9.60053483427064,,C
392.0564479327233,0,4.591677310439548,"McGowan, Miss. Anna ""Annie""",male,28.670084735074827,2.008265765309732,-1.5197358506898302,17466,9.186224724966666,,S
394.91877154343325,1,1.1209368962347361,"Davies, Master. John Morgan Jr",male,23.10339664285723,1.51298395688708,1.9664799388908083,2650,111.79988627186411,,S
396.40390725244254,1,3.5008926005215213,"Fortune, Mr. Charles Alexander",male,24.962057329527312,0.8705079143421273,0.7421092901344506,PP 4348,16.749099664807975,,S
396.2764828641174,0,0.34720779336290253,"Johnston, Miss. Catherine Helen ""Carrie""",male,23.015456903276505,4.1534226517180475,-1.657750325600543,STON/O 2. 3101274,7.1531149399255085,B19,S
398.5202661707517,0,2.9535325782992676,"Homer, Mr. Harry (""Mr E Haven"")",male,32.206013706853355,-1.6906409299551373,2.6190512730288007,349237,7.451820473010499,,C
398.45842274823013,0,6.007018820802684,"Spencer, Mrs. William Augustus (Marie Eugenie)",male,45.253182126352236,1.7180921163554712,2.680508801903658,LINE,30.074255793919626,,S
400.0601294112029,0,3.6483992395917255,"Asplund, Mrs. Carl Oscar (Selma Augusta Emilia Johansson)",male,27.242286805267334,0.4155011952282477,1.0339809443222836,244373,6.9759995259927745,E101,S
398.59065347426025,1,2.3394130902856243,"Lang, Mr. Fang",male,28.468862232964195,-3.1421954851412353,-0.9102346680773346,STON/O2. 3101283,12.180646368155479,,S
400.6407771723371,1,2.121892179790125,"Hays, Miss. Margaret Bechstein",male,35.27503049475041,1.5413975641895266,-0.47894213023264703,330909,10.348497814392314,,S
402.3935521933139,0,2.2108542962612123,"Navratil, Master. Edmond Roger",male,23.995248508467565,2.5352471216078096,-1.608299923149918,7545,5.118217009932924,,C
404.64105695083487,0,-1.2583957784000352,"Hocking, Mrs. Elizabeth (Eliza Needs)",male,17.51899402194437,-0.7143528075548595,-1.9895462380572897,237565,8.5375051494675,,Q
403.21251765555087,0,3.515280841842321,"Goodwin, Mrs. Frederick (Augusta Tyler)",male,28.034669258302614,0.9821322642160586,-2.0888329766168647,315094,14.79192300486472,B28,S
406.0423345114642,0,4.690966216963708,"Hippach, Miss. Jean Gertrude",male,19.75638955189333,-3.450708524015407,-1.236108813570415,113786,8.21592055589203,G6,S
405.46832241616926,0,-1.1512386543412303,"Williams-Lambert, Mr. Fletcher Fellows",male,33.06314860420108,-1.517612919368673,-2.06944198136949,347742,17.808085680787567,,S
406.7649156653437,0,1.677166215386368,"Moutal, Mr. Rahamin Haim",female,55.02185222480103,2.096059155234505,-3.127410237086298,PC 17760,8.940572120676078,,Q
409.6590380840481,1,-0.3149292644668442,"Pavlovic, Mr. Stefo",male,4.097965748153822,0.06716698798513099,1.4388053395078115,28206,20.082574565026288,,C
405.0138792578917,0,1.069297610382473,"Kraeff, Mr. Theodor",male,22.45219672289267,-2.2176059498760785,0.46919116178687414,PC 17558,8.791750650035896,,C
407.40705534385046,0,3.1069632536438005,"Paulner, Mr. Uscher",male,,3.4589207289168593,4.401585516856633,315097,23.72595265141784,,C
408.03562920511433,0,-1.1688043099769487,"Bystrom, Mrs. (Karolina)",female,,-1.0448248628620465,-1.3366767367094052,244252,8.068821581574591,,S
407.3327677603034,0,4.228540876714128,"Cleaver, Miss. Alice",female,,-0.9416433155510722,0.5922011792465411,367230,5.059419520861825,,S
411.64347111968965,1,2.5077101398673642,"Risien, Mr. Samuel Beard",male,33.34601427930445,2.4786520513498065,0.6254251585496033,350060,89.33480667845697,,S
415.49886779945547,0,1.4977948239261751,"Cacic, Mr. Luka",female,,-2.323466717868693,-0.5076751222510661,376564,4.306935854341756,,S
414.43023186723485,1,-1.9614170199690832,"Vander Planke, Mr. Leo Edmondus",male,43.639385954300934,-1.8107304253636645,1.4886671774993523,350034,8.116390755192512,,S
416.3955801638837,0,1.0071627479952208,"Graham, Miss. Margaret Edith",female,,0.3081599842977373,1.5504583737014288,363291,5.6749468480256535,C93,S
419.1784349934216,1,4.465803868205393,"Uruchurtu, Don. Manuel E",male,33.56970166845774,2.9388195814964106,1.65482219039508,239853,32.860670681327825,B79,S
420.6553722645354,1,-3.555988561457145,"Bourke, Mr. John",female,16.373219175306648,2.4763206029796994,1.488720589904409,367230,10.29640814787338,B77,S
418.8617241305477,0,1.3049531756129615,"Dean, Master. Bertram Vere",female,28.92092963615772,-1.330123440723246,-0.7150602171090701,363291,10.601979214969976,,C
422.7071717791388,0,0.6399984430654819,"Mionoff, Mr. Stoytcho",female,9.646281612854407,1.8747539338392958,-0.7355077975941184,SC/Paris 2123,22.067753728102417,C99,C
421.1842533168682,0,4.609140603169673,"Silverthorne, Mr. Spencer Victor",female,,-1.5682845869408177,-1.6118355572353833,349228,7.007181095608633,,S
420.3252035523451,0,1.6497720957130773,"Nakid, Mr. Sahid",female,22.209583165101137,3.6524186938136,-1.2440150478033758,2665,9.607237991178403,,S
421.81119929560253,0,3.807908041471223,"Stephenson, Mrs. Walter Bertram (Martha Eustis)",female,31.161712409901742,-2.267542050839457,-2.247943524858868,349213,9.031796396033679,,S
421.03892697487,0,4.130920838338186,"Frost, Mr. Anthony Wood ""Archie""",male,27.411304552945502,3.656957621583462,1.8798479333753284,14312,15.445990656494658,E44,C
423.2237322925327,0,6.67245167946004,"Bissette, Miss. Amelia",male,17.087687607769283,-0.31297221363744776,3.39325573797402,SOTON/O.Q. 3101306,18.014650868818915,B102,S
425.28396662385114,0,2.5941161126492593,"Cook, Mr. Jacob",male,,4.026492909589201,-1.8161248646583001,S.W./PP 752,6.1673712891287025,,S
428.6071700387572,1,2.752088739245223,"O'Dwyer, Miss. Ellen ""Nellie""",male,29.22168983282171,2.1826414577049684,0.5668828714892743,234360,26.544002213766376,,C
431.441539662332,1,-0.9701109582548719,"Maioni, Miss. Roberta",male,18.13159913348223,-2.032033058816444,-2.0682222790594205,17463,24.743360029223176,A26,Q
426.23563696924595,0,5.380827126587488,"Meyer, Mr. August",female,,-1.0444769590850136,-0.6098443418783243,243847,7.193267119397803,,S
430.78565493651985,1,1.4789823038572707,"Silven, Miss. Lyyli Karoliina",male,33.95917068231195,1.5623624104474834,-1.3806591583555516,13502,8.932717385059899,,S
428.9189121216849,1,-0.12150832817549118,"Bowen, Mr. David John ""Dai""",male,30.583372931317346,2.1052888352311228,1.203791297212883,370372,25.852454637597397,,S
432.9493941769264,1,2.9555044103015784,"Lewy, Mr. Ervin G",female,,0.8585688165510748,-1.3575763476843565,SC/Paris 2123,16.55211917820405,C22 C26,S
432.73782669862453,1,-1.125768690679699,"Kalvik, Mr. Johannes Halvorsen",male,40.26716772268112,1.0893165619269327,2.0233208274132934,364506,29.185456912039136,,S
430.3381883483049,0,3.457540057857876,"Pain, Dr. Alfred",male,17.027796418665023,1.516706065288131,-0.49144154732439804,LINE,6.7812824020260045,,C
436.856593983137,0,2.9349325458500215,"Coelho, Mr. Domingos Fernandeo",female,50.02255539323732,1.2635968540216398,-1.2992074191896616,347464,58.258675619438414,,C
434.78999857438254,1,1.5858676469945832,"Klasen, Mr. Klas Albin",male,13.803852862934985,-1.5870097186767516,-0.5066105246903261,2648,121.11874013461471,B71,S
435.9321995232529,0,-0.17779512835745015,"Harper, Rev. John",male,19.70147416077973,0.3740519507196387,2.5064090205906995,349223,31.440516013026468,,S
435.8604951774206,1,1.7523814113406808,"Skoog, Mrs. William (Anna Bernhardina Karlsson)",female,21.028875993537856,2.47023988630333,4.79043680445236,349208,16.545725941472952,,Q
437.6914334466249,0,2.4840578059589813,"Drazenoic, Mr. Jozef",female,64.185358892058,3.4309648329953872,4.546642513073748,239854,261.3328082338602,E33,C
440.8557808813898,0,-1.7559775319318156,"Panula, Master. Juha Niilo",female,29.463288680904174,3.2319648483240955,4.477663332828848,347468,8.790330166134433,,S
440.6215113181272,1,-0.14953202763542794,"Ridsdale, Miss. Lucy",male,45.17198696149525,2.5590588415429005,3.8595749049408363,19950,26.069420507786372,,C
442.65732400456494,0,4.7530872081630395,"Doharr, Mr. Tannous",female,18.411912916602294,0.5745815220727275,-0.6150555294340312,218629,10.729288096163645,A10,S
443.72384370785767,0,3.540190868394573,"Hart, Mr. Benjamin",male,22.800683308311317,2.497627771964954,-0.6360548676141385,347077,10.285316833409446,,S
446.64132331105634,1,2.8239431642535076,"Allen, Mr. William Henry",male,28.468596720753794,-1.3335017004137113,0.9393934389707064,C.A. 24579,13.616350177450165,,S
444.31442769827123,1,6.718989615246623,"Foo, Mr. Choong",female,,-0.30646192051642834,-1.6760383608513703,PC 17610,7.221140887893581,,C
443.04628436630856,1,1.9371055570124052,"Turpin, Mrs. William John Robert (Dorothy Ann Wonnacott)",male,5.158563942641866,-1.6482614426789532,4.332576613064973,A/4 45380,77.69381751274025,D56,S
449.13444483314396,1,3.315776020866359,"Crosby, Miss. Harriet R",male,17.37172753283525,-2.497485221415423,1.7232010436871674,349218,19.641179150834677,,C
447.33702365580547,1,6.421491054436652,"van Billiard, Mr. Austin Blyler",male,34.554579062421695,0.6670980232724099,0.5129178217170656,211536,26.601540387389985,,S
451.22918488915474,1,2.5723908838190184,"Turpin, Mr. William John Robert",male,5.970163534128259,2.3710266131694873,2.3739073355416327,347083,19.624157507077914,,S
450.7667542263649,1,-0.5957655272369902,"Navratil, Master. Michel M",female,49.84487734226535,1.3753049690180257,3.445659766738118,3101295,34.71248059540667,,S
450.7377249395933,0,2.8555927964942653,"Mernagh, Mr. Robert",male,33.42618511892725,2.092223661784894,2.3419107043750103,STON/O2. 3101279,30.231193092386142,,S
452.6975517880926,0,3.87798205877779,"Zimmerman, Mr. Leo",female,,1.485288542647724,-0.2260807417427687,PC 17485,21.53682183649997,B30,S
456.9020251202526,0,-0.0534307838924164,"Stanley, Miss. Amy Zillah Elsie",male,28.153040440133392,1.1132333313551086,3.0174392466451567,7553,25.8258457398568,C128,S
458.1539610581075,1,-1.064794039109695,"Honkanen, Miss. Eliina",male,46.91211185706272,0.9146338075450468,1.9351008319822707,347077,88.07821050160652,,C
455.13876227026554,0,7.619688844180156,"Collyer, Mr. Harvey",male,,0.8257827904448012,-0.6419596807674446,113760,7.860310786142996,,S
456.32038118663417,1,3.653686940776046,"Smart, Mr. John Montgomery",female,28.819615173245225,-1.4522888053727192,0.010372897318040171,113798,6.344985751979293,C50,S
459.15248031493275,0,-0.4645707628041513,"Caram, Mrs. Joseph (Maria Elias)",male,63.19498698711342,0.7394118512782601,0.39076183187759717,LINE,27.550929049970236,,S
456.3086779344653,1,2.831860604559197,"Young, Miss. Marie Grice",female,,2.336835370572019,0.7236258892099657,C.A. 34260,52.5763176984314,,S
459.66614074523653,1,1.781709696877331,"Burke, Mr. Jeremiah",male,52.45875143530021,-1.3393628561444062,-2.713199701878228,2659,8.323384413890615,B18,S
459.9482743040923,0,2.4942371073643375,"Swift, Mrs. Frederick Joel (Margaret Welles Barron)",male,,0.10366419798569346,-3.0849692156031203,4133,10.143633418192248,,Q
461.6278164229151,1,2.1245457438289863,"Carter, Mr. William Ernest",male,45.21265503126766,-1.2472050192587192,-1.7747800440049075,SOTON/O.Q. 3101307,26.754620667617722,,S
460.33326238810116,0,0.4162354635366201,"Blank, Mr. Henry",female,35.885187241799585,-1.0530133930322298,-1.9294768860226845,349246,4.591857706515498,E63,S
459.82086501338205,0,1.7052544078343448,"Gilnagh, Miss. Katherine ""Katie""",female,47.984593823876075,-2.2498587102043093,-1.287648027945005,392092,38.39731428331006,,S
459.8540331280174,0,5.825909615463504,"Woolner, Mr. Hugh",male,46.75896275870268,2.531549850333111,1.2694212841800085,347060,13.56241291184581,,S
462.7652317740208,0,3.9323553243946217,"Torber, Mr. Ernst William",female,,2.1313703494400955,-0.3378583126494767,2631,9.995584722871481,,S
465.0826494301213,0,2.247575792433071,"O'Driscoll, Miss. Bridget",male,36.510753287122874,1.0748677084546743,0.39278921002037653,219533,6.375047193746767,,C
466.4136168267025,0,0.985789439143516,"Braund, Mr. Owen Harris",male,,3.944391903887628,-2.4486068200845232,349212,1.6558765348944144,,S
471.87446232485905,0,0.1793200533097813,"Goldenberg, Mr. Samuel L",female,58.33134417976764,-0.37849139313678337,-0.9232844058418903,C.A. 31026,26.924283973540433,,S
471.2119867398146,0,2.492074643904438,"Rekic, Mr. Tido",male,,6.063524830221269,1.1745153234896808,2624,5.094890781924841,,C
468.0758177673167,1,2.244386934483456,"Gustafsson, Mr. Alfred Ossian",male,0.5809602369770531,1.5449411692735593,2.1899049163536035,250647,16.42796645303497,,S
471.6954169049019,0,4.832622882149133,"Sage, Miss. Constance Gladys",male,,0.5103867035120329,-1.4491476563758159,A/5. 851,9.495119740298698,,Q
471.18584352729937,0,-0.4664182064179663,"Baxter, Mr. Quigg Edmond",male,33.23746531975616,-0.7955558278804163,0.3233247727591072,349245,11.054468356763538,F G73,S
472.4312723239198,1,3.7240001008242682,"Nysveen, Mr. Johan Hansen",male,35.0675723358778,1.74465112012061,6.397695706964664,C 4001,28.395818460809444,,S
474.37065129883075,1,1.2406269497148776,"Madigan, Miss. Margaret ""Maggie""",male,20.635098855587124,1.671229855772489,-0.035195858511276275,4133,16.783113442360058,,S
476.2383422339508,0,3.7538955713907445,"Patchett, Mr. George",female,22.66399098691387,-0.22783278610616786,-1.3863738922848907,349216,11.950719698083214,,S
475.321483032232,0,-1.2539758204017275,"Goodwin, Master. Sidney Leonard",male,,3.5534396942352413,-0.34752477872432047,113059,53.36725745895944,F G73,S
479.1277030654687,0,4.657262133698872,"Beesley, Mr. Lawrence",male,36.16917278292769,1.4782985692669215,0.1843542150536661,A/5 3902,19.177377022532657,,S
475.7161235477152,0,5.491269920343746,"Pekoniemi, Mr. Edvard",male,30.101848761787082,1.5409707722203982,-0.3023367613810988,113760,10.508657502064686,T,C
479.0126781247245,0,4.919181051500147,"Greenfield, Mr. William Bertram",male,17.245419016540037,-1.817995389027435,-0.06270940135300358,113503,8.593402864416547,F2,S
485.1953474531917,1,-0.029509551587078686,"Hoyt, Mr. William Fisher",male,0.4304415056880173,0.836998149100769,-1.8868935938736793,370369,11.515822450776756,E58,C
481.4461594852506,0,4.658242142132106,"Alexander, Mr. William",male,9.27641025870656,4.731945558381269,0.07473904982809754,347064,45.5634599893894,,Q
484.8664290132123,0,2.8097101752714178,"Moubarek, Master. Gerios",male,,-1.2164794586745737,-0.2986704741429951,367229,0.5135675630277138,,Q
483.1830403563464,0,-0.21054249426513527,"Fynney, Mr. Joseph J",male,50.95522145951354,-1.5529488162967278,-0.3305359400448734,110465,4.707881830323091,,S
485.1615541906596,1,2.951405232458369,"Weir, Col. John",male,64.57873311133942,5.34352675951337,-1.1323785497200012,SW/PP 751,10.986846550705726,,S
484.8864336112146,1,1.729068978066525,"Johansson, Mr. Gustaf Joel",male,26.216903472859357,0.4730454996419292,-0.3540271721528739,349237,89.17205837061195,,C
485.6591848376716,0,4.112150547646301,"Persson, Mr. Ernst Ulrik",female,,0.08602915843746439,1.1220297108284107,113776,26.207916217648574,,S
485.44103520654915,1,1.3545227338977115,"Otter, Mr. Richard",male,31.30732597775904,-0.3964429194651451,1.7788269130490506,2666,88.95675932528368,,S
488.8606027179151,0,1.5824628336947595,"Vande Velde, Mr. Johannes Joseph",female,57.08903750229037,-0.10313567895242719,-0.19842347045210176,364511,29.171162574550593,,S
487.2969256216285,0,5.947222784506192,"Charters, Mr. David",female,30.83273629627791,1.09333406523297,0.7982064105965064,113055,6.536180254469871,,S
491.33117047262687,1,5.45206781982136,"Nakid, Miss. Maria (""Mary"")",male,6.819105494899045,2.109593043450627,-0.08320060286784203,345781,15.577541137638397,,S
493.17057400889183,0,-2.734109907565487,"Arnold-Franchi, Mr. Josef",male,,2.353229103553051,1.1441914471969639,2678,23.745459092034707,,S
492.73306281447447,0,2.3651228903246357,"Glynn, Miss. Mary Agatha",female,22.81678659453461,-1.2897206132746593,0.7514605952247134,11765,10.020119254097281,,C
492.42750253288864,0,0.6706979449120974,"Murphy, Miss. Margaret Jane",male,55.25373395259169,0.6808808870030909,1.731634006359639,371060,31.208957909990914,,C
494.9079311586174,0,-2.5041971454539422,"Rommetvedt, Mr. Knud Paust",female,64.87244026737521,-1.752118928221157,1.4269209248889756,113051,49.45361146887009,,S
494.38265388890716,0,3.1883661164646244,"Asplund, Master. Clarence Gustaf Hugo",male,18.443823274576392,-1.2392859660280233,1.1774712457622922,13049,9.738402381385772,B69,S
497.8710942509303,0,5.497515544821013,"Moran, Mr. James",female,,-1.835417949000519,-0.19683481731556052,368323,16.718240788215113,,S
493.33718783156974,1,-1.1731357191811806,"Lam, Mr. Ali",male,52.906924413943244,-1.376777709196539,0.4898784540889363,11771,76.60706323558495,C49,S
497.3287852637627,0,3.6728018773797446,"Levy, Mr. Rene Jacques",male,,2.1284189777160174,2.127017856903053,2699,14.945122264735595,,S
495.018376009752,0,-0.8316469545928755,"Fischer, Mr. Eberhard Thelander",male,27.470494776620544,2.3772234019577754,0.6958508611944112,364848,147.90608354086385,,Q
497.0098783395456,0,1.6561759526406463,"Barbara, Mrs. (Catherine David)",female,24.026711183087347,1.9533307399562598,-1.2568155573937312,11769,10.04200422052179,E40,S
503.72772445962784,0,5.95478726834007,"Mullens, Miss. Katherine ""Katie""",male,19.20988097791545,0.07862613204859262,0.36286279590072396,2647,12.79254851540171,,S
503.79036996394336,0,1.91488435977635,"Hassan, Mr. Houssein G N",female,21.55391735043873,1.5536153977302931,0.8305593805309069,324669,7.910165249246171,,S
501.5610395334304,0,3.9244249780212495,"Sirayanian, Mr. Orsen",male,,-3.52257880928509,-1.648212998528009,29104,3.379179750193967,,C
500.9949930879182,0,-0.7424362321219742,"Minahan, Dr. William Edward",male,37.72601849542903,1.7261750360907102,-0.14952512682661673,PC 17318,10.805281033154063,,C
499.0709423243167,1,4.72463512278976,"Duff Gordon, Sir. Cosmo Edmund (""Mr Morgan"")",female,17.394976623842,0.3542396600100604,-0.18799754845756958,C.A. 34651,84.69182166770184,D11,S
504.9130089841347,0,2.2053048926129977,"Moran, Mr. Daniel J",male,22.554860897112196,2.2542192002983312,-4.430560231206941,2685,107.57330111667109,,S
511.8408300244948,1,1.6350003146994767,"Hansen, Mr. Henrik Juul",male,34.94201267191838,0.7600465980972263,1.5608120214824805,350036,27.253152779582006,,S
508.8697685429273,1,2.1510930199997897,"Lindqvist, Mr. Eino William",female,,-1.9741103090737733,-0.3146356656969326,S.O.P. 1166,27.05910825102545,,S
507.880855427901,0,0.18036114210437937,"Drew, Mrs. James Vivian (Lulu Thorne Christian)",male,28.893323030557806,-2.996079550782093,-0.3205858856460383,330979,21.548782449322797,E10,S
510.93016041900063,1,5.365061483505315,"Stankovic, Mr. Ivan",male,28.282961536206436,-1.4241083323659265,2.8318285491545363,PC 17612,55.19658873479668,,S
507.8780832940111,1,2.3520304490071395,"Edvardsson, Mr. Gustaf Hjalmar",female,31.405401613072293,1.1298345625458244,-2.4315965970177507,250649,8.001672110441666,,S
511.40535327460475,0,2.5918609699031308,"Harmer, Mr. Abraham (David Lishin)",female,,1.3801828303507908,-1.6492451424092254,13568,7.231068894975266,B37,S
513.1989549460314,1,0.016688770069031134,"Baclini, Miss. Eugenie",male,38.32988889037625,-2.7358845547637256,-5.224391596638668,347082,24.069025732793985,,Q
513.827798696358,1,-0.16130280549116938,"West, Miss. Constance Mirium",female,55.85548479910241,-0.9621987349364292,-0.9618333323482814,345364,58.73487363704328,,S
516.5816122433802,0,4.389341223256817,"Van der hoef, Mr. Wyckoff",male,29.14503487393946,-1.4464713718816786,-0.7912871082520019,348121,8.174985246510369,,C
516.689290452472,0,1.5118137002084457,"Healy, Miss. Hanora ""Nora""",female,45.49999652750298,-0.7146101205336314,-1.0199543526685124,112050,33.66459306636074,,S
518.336652036216,1,3.30349628280608,"Pettersson, Miss. Ellen Natalia",female,32.98519884719915,-2.7241016617053044,2.21535467896752,19928,7.672982803503629,,S
516.6232554355385,0,2.982410621028857,"Stahelin-Maeglin, Dr. Max",male,,-2.8441035322802652,1.7212350446739264,2683,26.12812924275108,,S
520.7956308168211,1,3.0263996221543623,"Giles, Mr. Frederick Edward",male,35.01955569992245,-0.6436705928151079,0.15571344853460828,8475,20.522377126113334,,Q
523.2578738952479,0,2.1623025121499233,"Foreman, Mr. Benjamin Laventall",male,30.219958500472792,0.17250767245001133,-0.7412261070797245,SOTON/O.Q. 3101305,7.00306968994313,,S
519.0597009606972,1,5.459463682819097,"Bracken, Mr. James H",male,24.474648988652515,-2.361188679506981,2.0523793362137277,A.5. 11206,92.25960309089217,B96 B98,S
520.2246086885709,0,-0.13586083286099715,"Murdlin, Mr. Joseph",female,21.130601052553732,-0.23160701994353222,-0.03951571967170326,13507,8.19215775574283,,S
525.6715686726404,0,5.521874647125969,"Staneff, Mr. Ivan",male,,2.117105632283631,-1.6365400778369157,PC 17485,8.348323615605471,,S
523.6173120266099,1,3.7358149014419415,"Ahlin, Mrs. Johan (Johanna Persdotter Larsson)",male,43.01355630898818,-2.60355947482702,-2.432497354969103,349251,60.23272961652207,,Q
527.8076427841331,0,1.2956823880688124,"Barah, Mr. Hanna Assi",male,,-0.41289151682107894,-0.8826289877913653,SOTON/O.Q. 392078,5.804390253295679,,S
525.1149285762157,0,7.458547221111947,"van Melkebeke, Mr. Philemon",male,40.52675162543173,2.049513467501545,1.5092872343452173,WE/P 5735,8.923164674666964,,C
529.9100911525414,1,3.990980565890636,"Rice, Master. George Hugh",male,52.58205811036827,-0.8365367807276186,4.553077379086179,330877,10.891636775762922,,S
528.262971633611,0,2.942278013645823,"Renouf, Mrs. Peter Henry (Lillian Jefferys)",male,,-1.1473393817168378,0.12322069237895183,SC/Paris 2123,218.35612124963356,,C
529.5164576466453,0,3.0560443740517536,"Markoff, Mr. Marin",male,40.65281461978652,2.3269916286129475,-1.5307110302406086,220367,11.726080510868218,,S
533.1294360433399,0,1.5655476835626472,"Lesurer, Mr. Gustave J",male,23.558483107867126,1.3875958420569043,-1.3699304165684278,110413,8.622449745519601,,C
530.2764590451117,1,1.5811823459207837,"Lindblom, Miss. Augusta Charlotta",female,4.737569263807126,3.2089900504111357,2.103909792611198,330919,26.83899454461943,,S
530.11775580815,0,3.7810611926390343,"Vanden Steen, Mr. Leo Peter",male,,0.8579307822543976,-3.529232104768537,312993,8.009119888395496,,C
532.1028715839433,0,5.802372550067792,"Rothschild, Mrs. Martin (Elizabeth L. Barrett)",female,17.99224141617757,0.31431069418032653,2.1006902028097763,36947,7.780473564658154,,Q
534.9046679012863,1,3.362628435722839,"Richards, Master. George Sibley",male,,0.9593810611950607,3.635423212525825,334912,21.369146235676784,,S
531.868481855639,0,1.1771127537254193,"Danoff, Mr. Yoto",female,29.42342908374536,0.6408990276920756,0.8725589064657281,17464,10.317005302281004,,C
537.2749418053022,1,3.6488541247699597,"Moor, Mrs. (Beila)",male,7.809964637849354,2.041765642004948,1.560676656122885,4579,23.12926505211381,,S
535.9224573647646,0,2.842301492789584,"Christy, Miss. Julie Rachel",female,49.46877249239537,-1.096691075730037,1.129881307093629,12233,26.418342422652156,,S
540.2956253214671,1,2.309319056895572,"Goncalves, Mr. Manuel Estanslas",male,29.459206115809117,0.08241213356323937,0.3418767422565999,244361,105.29725064689508,B57 B59 B63 B66,S
534.2114793901991,0,4.490997813049965,"Henry, Miss. Delia",female,,-0.12303135920927481,-1.5562476837211836,244270,13.145404115865936,,S
538.4268684497916,1,0.4581437396843838,"Romaine, Mr. Charles Hallace (""Mr C Rolmane"")",male,24.515557901738887,1.4082962832795696,5.7008246447500515,PC 17482,50.35749557490709,,Q
537.6270636975318,1,-0.8579783342611591,"Daniel, Mr. Robert Williams",female,38.28050656188856,-2.0503583888883514,1.2966412407789674,312991,73.15495708543936,,Q
540.3475410672721,0,1.2636131387184404,"Adahl, Mr. Mauritz Nils Martin",male,9.023432835438731,6.033954096475712,3.551504600899819,SC/PARIS 2146,30.588488476326265,,S
543.4953318022178,0,-0.2709264969157159,"Harris, Mr. George",male,6.233222594085277,4.932657544340833,-2.8372285653914293,31027,32.836362179851555,,S
543.6415467491005,1,2.4738972230918996,"Maisner, Mr. Simon",male,33.03340563729693,-1.6338501472658926,2.552941765561858,2669,26.099481330889198,,S
544.493244862104,0,0.8331024335468128,"Widener, Mr. Harry Elkins",male,45.561051482753896,3.4165256509610007,2.9375274893091636,PC 17572,104.63953558152399,B41,C
545.6816302572399,0,0.12002459094058249,"Mellinger, Miss. Madeleine Violet",male,66.93987446188247,4.468186161595463,0.059667574253276436,A/5. 2151,25.48409581351787,,S
547.4067764812398,1,-3.9112376486901397,"Sivic, Mr. Husein",female,19.33894774238652,3.0036679390988157,1.117542069475517,345769,25.40102821841677,,S
545.9829279161138,1,-0.4946349393883378,"O'Brien, Mr. Thomas",female,,2.8539695344529386,1.1170303632151255,SC/Paris 2163,12.469180174989107,,S
550.4136992817981,0,5.241681302806334,"Crosby, Capt. Edward Gifford",female,31.195777723637896,1.1707427632051761,-0.2855671392814485,33638,21.381965857311666,,S
551.325331940771,1,0.670747999873738,"Perkin, Mr. John Henry",male,4.894985053399891,-2.32300983947702,2.0942446108786807,3411,37.219292375409516,,S
551.7700758753122,1,1.7211833553136828,"Mamee, Mr. Hanna",male,17.521508768282335,-3.6882409023350498,0.38273906025488924,113572,107.70200060346117,,C
553.1130668855026,0,-0.7813708599505125,"Albimona, Mr. Nassef Cassem",male,26.932793120087716,0.5101640877355169,-1.2175138472906522,220845,22.696948009521286,B101,S
553.5928360016173,0,5.877410964718463,"Frauenthal, Dr. Henry William",male,,-1.18395761545996,2.2538862864245974,36568,8.67856890641151,F33,S
558.0701466054621,1,2.7119446798906472,"Parr, Mr. William Henry Marsh",male,22.169322561465528,-1.8291525566547027,1.9493153814004054,35281,5.594427142410931,,S
554.825811657895,1,3.5800807929670704,"Petroff, Mr. Nedelio",male,27.53487178406452,-0.1254933679373507,-1.4127510042315852,1601,8.379082310200648,,S
555.3858335633308,0,5.65155958376337,"Vander Planke, Mrs. Julius (Emelia Maria Vandemoortele)",male,63.669051094738116,1.2311705757225764,-1.4671526870020812,230136,28.111863156218377,,S
555.4929448392852,1,4.032880201178807,"Hakkarainen, Mrs. Pekka Pietari (Elin Matilda Dolck)",male,50.09899721172664,-1.9055150935242944,-1.2911932049153443,36973,37.05809432518888,,S
555.9354746588443,0,0.38686875742588445,"Jarvis, Mr. John Denzil",male,,-0.8977552405607696,1.4652791329309816,STON/O 2. 3101275,224.70192549084763,,S
556.5110564247979,1,-0.18644036974071843,"Gustafsson, Mr. Johan Birger",male,41.958924287704384,4.0197413662406305,-0.9999695616207942,S.O.C. 14879,82.9988633647906,,S
558.2224053735382,1,2.3489099769609365,"Taylor, Mr. Elmer Zebley",male,35.61985665419851,-1.1505767604427493,0.7134252780719051,113056,18.103141565924915,B35,S
560.8586392366958,0,4.019796496953071,"Andersson, Mr. Anders Johan",male,,1.7395223743299126,1.4936936212685892,C.A. 29395,6.911518686653459,,S
562.6685902569955,0,2.789551731498258,"Sage, Miss. Stella Anna",male,39.62282773398798,-0.9694615230979878,-0.17649090058620023,2668,6.027919094707473,,S
563.1022841171043,0,1.2095117099930568,"Karun, Miss. Manca",male,29.623471419993002,1.0915875196999054,2.0201273937298554,345773,12.47911830218544,,S
562.4689294451406,0,5.934362501418084,"Sage, Mr. George John Jr",male,,2.1946550144057344,-0.6086203389795849,2641,5.668855327773381,,S
566.80036912804,0,2.771580216444326,"Mineff, Mr. Ivan",female,,1.4825635339700431,-0.4277112019878288,230080,9.816824348181182,,S
567.4788253446019,0,7.599178186074639,"Appleton, Mrs. Edward Dale (Charlotte Lamson)",male,22.616460513995374,3.8183192044277527,-1.954492462263713,2629,22.596497692787356,,S
566.680703385156,0,3.181485127504346,"Fortune, Miss. Mabel Helen",male,22.00405850368626,-2.3031870668159122,2.0343546952404106,PC 17572,10.082869176432535,,S
566.6941677106706,0,6.570636788449455,"O'Brien, Mrs. Thomas (Johanna ""Hannah"" Godfrey)",male,30.49891403081313,2.2273194134825975,2.4669591060422595,236171,20.273742160459978,,Q
570.0968558416596,0,3.7146388454212538,"del Carlo, Mr. Sebastiano",male,,-1.7053862292696398,0.6995436354301184,SC/AH 29037,5.14249963276537,,S
570.3759471749722,1,4.9259211464988955,"Cann, Mr. Ernest Charles",male,33.243202626241946,0.5190835311430768,-0.14263213425186952,C.A. 2315,7.001596823972397,,C
568.1037454811699,1,0.5507778969645512,"Elsbury, Mr. William James",male,61.92550149489575,0.5164923739944538,-2.105566126223325,2691,5.251666444997166,C70,Q
571.8640394880312,1,-0.7075184451748235,"Meanwell, Miss. (Marion Ogden)",female,53.39511256505501,2.9702451177391618,-1.2182062876466415,PC 17599,51.237662846651986,A36,S
573.5240716241487,1,1.9194119100299751,"Baumann, Mr. John D",female,33.62963083893536,0.6739133521203811,2.765744478081468,PC 17761,26.047261617739682,,S
572.2006104270245,1,4.97710648493063,"Lurette, Miss. Elise",male,,-1.6876199570494463,0.40331508526896104,2659,9.399485493095936,,S
575.3796867856748,0,3.0805130040009256,"Hickman, Mr. Leonard Mark",male,16.300162260690048,-2.6997348245914323,-2.018300682733684,29011,4.277390144033242,B96 B98,S
573.0903550294844,0,0.42721332983260574,"Clarke, Mrs. Charles V (Ada Maria Winfield)",female,19.64798051254429,1.7446973599235371,0.6106565746973837,347082,16.823732721727097,,C
579.6723722000244,1,-0.7205167325786541,"Warren, Mrs. Frank Manley (Anna Sophia Atkinson)",male,36.41852913685076,0.3716691550378311,-0.2922280631890902,113807,14.641198589995312,,C
580.4958999701189,1,-1.8542728043724823,"Lefebre, Master. Henry Forbes",female,42.142671632164735,3.2987536819156356,6.908092804488363,349233,58.404087127397325,,S
578.494965331394,0,-0.535244225878762,"Smith, Mr. James Clinch",male,,0.910534131624264,0.5702476826845448,349231,14.352857247991725,,Q
580.7269086756781,1,3.218970718894175,"Novel, Mr. Mansouer",male,30.003952813412244,-2.8103287213539208,-0.761249694132729,65304,9.95279366820551,,S
576.1801560684003,1,4.2500878434160505,"Quick, Miss. Phyllis May",female,24.295469930100463,2.932259362008212,3.8400558355742085,350404,27.05751193018619,,S
579.6873046794693,1,0.9731684261503825,"Sjoblom, Miss. Anna Sofia",male,39.96066859176276,0.25925878067778596,-2.682072334585691,347088,112.30939513040907,,S
582.4124421596957,0,-2.5208295146757047,"Salonen, Mr. Johan Werner",male,59.06380935548435,0.6840069148420423,0.1886403127621949,371110,24.45767447580011,,S
581.8557339571463,0,0.6184790793309025,"Slayter, Miss. Hilda Mary",male,38.96019840742783,-1.2949188569590384,3.9888569893621453,248738,36.822196335154125,E31,C
586.4287929652613,0,2.674402006734786,"Clifford, Mr. George Quincy",female,,3.288603420467381,-0.23239856871950812,349241,6.464218963671279,,S
589.994593061496,1,5.191997500450879,"Ali, Mr. William",male,17.22442408890142,-1.7531296483663938,-1.4666020892961575,A/5. 10482,79.66106227725855,G6,S
584.6467705611414,0,-0.9142758258391126,"Skoog, Miss. Mabel",male,45.23360073768975,-0.6748595082123493,-0.7918359288211955,113043,13.351401583564794,C123,S
586.3250731918296,1,0.2186447948016086,"Marechal, Mr. Pierre",male,61.57781576676648,1.2148974053946326,3.9090360819180736,244367,79.9521470633916,,C
589.4708967366198,0,6.411705361089128,"Ward, Miss. Anna",male,19.79867747153128,-2.1843646541739163,0.7521391926415423,11751,4.433524889991967,,C
593.2222322969992,0,3.8999566826930963,"de Pelsmaeker, Mr. Alfons",female,,0.6610390571751903,-1.6777122190250355,113760,3.7958049127682774,,S
588.5552513749202,0,4.12662614703285,"Ponesell, Mr. Martin",male,34.770444101996155,3.2238209549349803,-1.370485614358048,231919,9.869774868287152,,S
592.4980722446139,1,1.2291688740477564,"Icard, Miss. Amelie",male,55.18582417824562,0.019075678612579083,-1.1194005422996267,34218,80.07430025880286,,Q
596.6425977016262,0,3.6598870773145293,"Burns, Miss. Elizabeth Margaret",male,46.29060539408064,0.790285638063451,0.7223957681079923,12749,5.151406328172385,,S
590.6964817036414,0,4.5552190605570715,"Nilsson, Miss. Helmina Josefina",male,,-5.498870772077111,4.676392265877306,113804,7.744000713058921,F33,S
592.4378615863084,0,0.3810273622144673,"Ryerson, Miss. Emily Borie",male,38.008889295324934,0.9221415990303187,2.104846025598342,28665,28.039014120402648,,C
595.1527867870783,0,4.7561171578164,"Ling, Mr. Lee",male,34.60195629379215,0.37391542814758927,1.912024364218257,347088,24.98840121658121,D20,S
595.9588231742891,1,-0.7460060337710783,"Cherry, Miss. Gladys",male,,-1.6369952048207699,-2.6632895201149664,PC 17755,33.29644619236696,,S
599.6252025755073,0,3.656735945663076,"Thomas, Master. Assad Alexander",female,48.826590598315754,2.162900939257064,-2.6558650279868825,376564,2.190308162625194,,S
599.4833194396417,0,3.357481926572654,"Spedden, Mrs. Frederic Oakley (Margaretta Corning Stone)",male,,-0.6524873632476563,1.0665040424275267,PC 17477,5.763575049597559,B5,S
596.4500758807158,1,-0.23258617638421586,"Andersson, Master. Sigvard Harald Elias",male,50.58068116356941,0.6450450258128251,-2.6909421958657886,3101267,56.99155689732926,,S
602.0308208058016,1,1.9546294493487064,"Osen, Mr. Olaf Elon",female,20.934270243294584,1.2456142504218577,0.5488659578627915,113806,26.964302723415216,,S
600.8449222252887,0,1.7549196946688939,"Kelly, Mrs. Florence ""Fannie""",male,,-3.833631743530153,0.608300892372354,F.C. 12750,7.350275904657916,A14,S
605.5488944338824,0,-1.1434026537234887,"Andersson, Miss. Ingeborg Constanzia",male,,-2.263972880153922,-2.2751879907253776,C.A. 2673,41.62038897715849,,Q
602.7448249271262,0,2.2927705167727113,"Cohen, Mr. Gurshon ""Gus""",male,42.77183044931127,1.9221869722404326,-2.048524668717727,237736,8.195736475656982,C22 C26,S
603.7267694337955,1,-1.207977270743323,"Shellard, Mr. Frederick William",male,31.782386581460056,-4.219901293759944,-0.18824212913563731,382651,26.618814991971057,,C
607.0822632216091,0,3.645594928186496,"Harrison, Mr. William",female,37.33711068651347,-0.5326306992314112,1.0073005750481077,28134,13.45314471493095,,S
608.5258529646738,0,0.699829011695273,"Palsson, Mrs. Nils (Alma Cornelia Berglund)",female,32.24618926088308,-0.7994401125795276,2.1230375408275135,2653,9.499391819800895,,
608.8961987278724,1,2.4239540459821027,"Waelens, Mr. Achille",male,26.910009584713986,3.4872437345831306,1.2141068695411037,350046,28.547229584467484,,S
605.6288053652304,1,-0.36295813585764014,"Crease, Mr. Ernest James",male,18.078308803060935,2.537207530992738,2.147313189984389,231945,41.14273311090565,,C
611.0760688798565,1,-0.13258983116201262,"Naidenoff, Mr. Penko",female,41.41193949339763,-1.114341054106199,-1.4923895071140987,248747,152.8719390545599,C83,S
608.9313838966513,0,1.750793183569642,"Asplund, Miss. Lillian Gertrud",male,35.68022423716062,3.609027394231102,2.8581860083109616,CA. 2343,31.99120722531843,,S
612.4705522231766,0,5.650293457749678,"Harris, Mrs. Henry Birkhardt (Irene Wallach)",male,,-1.4810316410022393,-1.0217541766582952,PC 17596,2.811792119565334,,Q
610.1525311292019,1,3.6605798912331835,"Jussila, Mr. Eiriik",female,,3.018199607468011,0.8198711699611343,SC/PARIS 2131,17.281819629858916,,C
614.8926442950861,0,2.5765323949112116,"Millet, Mr. Francis Davis",male,,-2.7177544918460312,0.6732474132546857,239865,6.396019304775672,,C
613.3868021913853,0,3.9974388821394466,"Allison, Mrs. Hudson J C (Bessie Waldo Daniels)",female,34.11617996584062,2.1465156635783145,-4.199803971450245,250647,10.48992658955411,,S
613.4347306994789,1,-2.214384694659376,"Taylor, Mrs. Elmer Zebley (Juliet Cummins Wright)",female,23.63340488714548,0.18773270905802875,0.4286459434649941,349239,64.04367015096769,,S
618.4276402729648,0,2.913732820718185,"Goodwin, Master. Harold Victor",female,32.7115834992271,-1.0570084818825394,3.4090151032123117,229236,14.30231282853198,C124,S
618.4832890433535,0,6.995028355609525,"Dantcheff, Mr. Ristiu",female,27.177406556430302,0.565712773847372,0.15843009560827886,3460,19.927572080136848,D28,S
617.7720463972142,1,2.264693012805345,"Newsom, Miss. Helen Monypeny",female,3.1078612430823327,2.55468835944043,-1.8340178262059719,17421,38.44532358241266,,S
622.9023576980421,0,2.135826338338671,"Futrelle, Mrs. Jacques Heath (Lily May Peel)",male,27.960381743343643,-0.9894968610514243,4.711642363196303,26360,12.977699769346918,,S
620.1186951568606,0,4.096256759284392,"Wick, Miss. Mary Natalie",male,27.56234633128696,2.1079070119906476,-0.057883464629529285,S.O.C. 14879,14.53229017112912,,S
622.0642153479419,1,2.791210486628691,"Tobin, Mr. Roger",male,40.604885586807384,-0.16598776732813492,0.7686679186268159,236852,53.38503766058698,,S
623.5378268953572,1,-0.9949333857797193,"Reuchlin, Jonkheer. John George",male,18.268120232335427,2.240744787862716,1.799049512090269,345767,15.881617178822749,,S
622.7606681317428,0,-0.3646529635820537,"Williams, Mr. Howard Hugh ""Harry""",male,17.70500740190512,0.8844441240731991,-0.7351909323203721,PC 17593,9.549903252600249,,S
625.9422725867998,0,3.420582582172293,"Hedman, Mr. Oskar Arvid",male,21.581466355733646,-0.12184610941587005,-1.4551473636427885,349253,14.7289367742939,,S
624.9330953056706,0,-0.4297531237950194,"Andersson, Miss. Ebba Iris Alfrida",male,60.29082490549728,-0.8827646247318996,4.243349970131881,237736,30.35270295396163,,S
626.1767233555676,0,4.624050524439829,"McNamee, Mr. Neal",male,52.25560894387297,0.3030815915305323,2.006411739235501,370375,11.072847619245955,,S
630.7252852796067,1,0.3696512202295522,"Adams, Mr. John",male,19.9285702544612,1.1005074860673985,1.643874402217353,19877,78.15772075264817,,S
626.9188278949752,0,-0.8690614714262357,"Mockler, Miss. Helen Mary ""Ellie""",male,24.197931941490097,4.123598305463217,1.1525783834364214,347054,7.454162428899341,,S
625.174439338141,0,0.463972166312006,"Troutt, Miss. Edwina Celia ""Winnie""",male,,1.878840843596362,-2.006634780723369,370129,9.153849752942353,,S
634.2218739900238,1,-4.499352039261151,"Mitchell, Mr. Henry Michael",male,76.59444277621338,1.9519798996316826,2.5550603834805474,SOTON/OQ 392086,32.60946339964304,,Q
637.0986559052141,0,2.531748925434175,"Thorne, Mrs. Gertrude Maybelle",male,48.117298400531894,6.177024389720567,-1.6862653160234986,F.C.C. 13529,5.102523325529983,,Q
632.1894614691014,1,0.6232317454712333,"Bowerman, Miss. Elsie Edith",female,34.2199392862114,1.0319169535356882,0.5665735963012914,345777,29.032102416772133,,S
630.1263239187597,0,0.15107458043620448,"Sinkkonen, Miss. Anna",male,,0.9692870226234046,-3.2787798109291377,C.A. 37671,-2.872478836625708,B42,S
634.3790320476081,0,5.157758078059477,"Meek, Mrs. Thomas (Annie Louise Rowley)",male,7.510034122548717,4.408030148643308,-2.081717701295039,2699,31.96074598151821,,S
635.4275541003186,1,4.397039673033387,"Lehmann, Miss. Bertha",male,26.73582835438218,-2.0179319551765063,0.6365824053062294,113028,13.609338998243654,B58 B60,C
636.6201523179554,0,2.6592231532877775,"Danbom, Mr. Ernst Gilbert",female,33.23247079310663,-0.8878032728375124,-1.6181985343898162,112059,8.884604640103156,,C
635.7732239161563,0,-2.269387334953712,"Laroche, Mr. Joseph Philippe Lemercier",male,26.34580040610938,-0.012338533384667949,-2.9783351425945463,C.A. 2673,23.569583229937905,,S
640.1591222849529,0,4.234563160984517,"Brown, Miss. Amelia ""Mildred""",male,37.27761263098889,1.2952279544391234,6.081219005894151,330935,39.68516002198625,,S
641.0490147505722,0,4.110720457017151,"Anderson, Mr. Harry",female,,0.6516508755576027,4.240161542101578,C.A. 29178,17.11849596882617,,Q
638.0111887603614,0,3.61878314031389,"Sharp, Mr. Percival James R",female,23.09978113225825,0.2764468509486056,2.7791205171601234,349203,7.348684618931149,,C
643.3983934633898,1,2.9629594986162315,"Hoyt, Mrs. Frederick Maxfield (Jane Anne Forby)",male,23.12853982366652,2.174909240296929,-0.514635770531345,17421,71.45141124965279,B49,Q
647.1053699638918,0,0.67034380707792,"Hagland, Mr. Konrad Mathias Reiersen",female,2.2018735834703094,4.726301477408278,2.017690613393891,W./C. 14263,32.52366225128566,,S
644.3439206648741,1,7.017510772370278,"Vander Planke, Miss. Augusta Maria",male,,-0.32344200608249407,1.7754125135678265,347077,54.6016743458121,,S
644.325349675863,1,1.081144493716264,"Carter, Miss. Lucile Polk",female,4.963769466556292,0.6600098062435551,3.2442560396698137,7534,17.214125508046607,,Q
645.715993571185,1,2.498445854401709,"Dorking, Mr. Edward Arthur",female,46.84630305370337,3.270549463306377,-0.6870714376513974,113505,74.97368786894285,,S
648.2305135339371,0,-0.3746953888267033,"Laleff, Mr. Kristo",male,18.966326552533147,1.5477823618197315,0.06835543144914859,PC 17611,11.108198320032981,,S
644.5386567889856,1,-0.8605293745401017,"Danbom, Mrs. Ernst Gilbert (Anna Sigrid Maria Brogren)",male,59.64411044268569,-3.2125136365907645,0.6012296135290729,315153,37.58471063405937,,Q
649.3287814059546,0,6.032737293450673,"Mallet, Master. Andre",female,,-0.6263078778165616,1.1077526405576636,347088,7.278944364412703,C65,S
649.2190721010744,1,2.4782003539983,"Smith, Miss. Marion Elsie",male,25.055162141107644,0.3310309240335248,-0.26615288402253384,3101276,7.6231193288017485,,S
654.6956500259121,0,4.679845210265595,"Milling, Mr. Jacob Christian",male,,1.5576594342420627,-0.24017049013748853,35852,6.262712747606558,,S
651.6516545323901,1,2.4739107774384923,"Chronopoulos, Mr. Apostolos",female,18.204944734206315,1.8202029898795424,3.7596646595087764,36928,24.780054315486367,,S
656.335775222239,0,2.7900836879996547,"Meyer, Mr. Edgar Joseph",male,20.514761905199453,0.567812002350947,2.4190414048857725,A/5. 3336,7.673496351782892,,C
651.7925186044359,1,5.72770064986538,"Sagesser, Mlle. Emma",male,,1.170495062717712,0.9548211468721766,STON/O 2. 3101269,7.309046921090001,,C
656.1745183336055,0,2.5266823506961993,"Jonkoff, Mr. Lalio",male,16.03379614468345,0.12827360475630725,3.438218140045857,SOTON/O.Q. 392087,7.9675795430585135,,S
656.6388005275825,0,-1.561476215126941,"Corn, Mr. Harry",male,24.55282872850751,0.6522966236388787,-0.772891524452834,7534,73.12401012383356,,C
655.2619055042704,0,1.3935198160965898,"Samaan, Mr. Youssef",male,,-0.522528782082508,3.245946897258761,343120,7.425868013004307,B35,S
658.3547922292739,0,4.102383457403389,"Duane, Mr. Frank",male,31.740527593622993,1.0379823732802165,2.0850308870711007,A/4 48871,15.52115041105815,B82 B84,S
661.4250376736632,0,2.7910182127250165,"Newell, Miss. Madeleine",male,23.140226317466432,-0.06935850003717975,6.542052244429179,SC/PARIS 2149,14.590710827586154,,S
659.3524165914268,0,-2.1341165004708764,"Harper, Mrs. Henry Sleeper (Myna Haxtun)",female,59.14234813258209,-3.771145808886941,-0.38496385356495555,29108,116.56798615096767,,S
657.6160747016605,1,-0.4486850388164021,"Ford, Mrs. Edward (Margaret Ann Watson)",male,48.05676245397408,1.2050333301411376,-1.378690504434683,W./C. 6607,134.82097246449217,,S
661.9648743470451,0,1.8365573015955068,"Saad, Mr. Amin",male,41.479385016825844,0.11241130617830372,0.8375956564010953,PC 17597,8.831628447248534,,S
661.1951538104149,0,0.26906081177154995,"Robert, Mrs. Edward Scott (Elisabeth Walton McMillan)",male,48.638686194119494,-0.562739983811402,0.7944681059579838,4134,25.18779187579775,,C
663.3153181226722,0,0.24817282279689712,"Jenkin, Mr. Stephen Curnow",female,41.20725259750082,-0.49364759102317146,3.900277968350037,PC 17595,6.0802042736625665,,C
664.8368244606297,1,1.7432577837610428,"Leyson, Mr. Robert William Norman",male,19.247791618880836,1.9759827416091746,-1.3367493665990677,3101281,9.23297246447023,,C
662.588695567969,0,0.5427790294809451,"Funk, Miss. Annie Clemmer",female,31.083836396663745,-0.15791437409726772,1.8098370373877686,347742,73.84248164920115,,S
663.7686833213586,0,3.5430665195238387,"Long, Mr. Milton Clyde",female,26.537931743147492,-3.2560844279024224,2.3249260093639914,349909,10.154742702500501,,S
668.9641336710511,0,4.618242621980487,"Farrell, Mr. James",male,,-0.6963395816733496,1.409295664441295,2680,7.118860753148804,,S
667.9545626076606,0,2.708379083822368,"Emir, Mr. Farred Chehab",female,41.92982569324658,1.5282288110035793,-1.92199268384864,PC 17609,7.8842059530368935,,S
664.8705113163588,1,0.21592040825853698,"Wells, Miss. Joan",male,,4.3751060789732765,2.815517610508396,248727,50.979084265943044,D20,C
672.5696880732163,1,2.2798486240782267,"Bostandyeff, Mr. Guentcho",female,41.08226167643608,2.5642564781894803,3.4586498626308275,343095,41.96347118908425,C148,S
672.5447395105484,0,-0.6331502149111499,"Van Impe, Mr. Jean Baptiste",male,29.344831518530675,-1.9365275197376945,1.1991690395807548,347089,52.95967807380443,,S
671.572250351927,0,-0.29366416433488185,"Moore, Mr. Leonard Charles",male,69.17893202396996,-0.46473447875354235,0.40869537441790826,17764,13.246349835777295,,C
671.3663395778835,1,0.11955758214856615,"Mudd, Mr. Thomas Charles",male,31.17918553473687,0.5132687621630588,0.45221602008874257,S.C./PARIS 2079,13.526850523304319,E121,C
676.6716157926287,0,0.7303736720570866,"Kent, Mr. Edward Austin",male,,0.3551822338471844,-0.15747158447875545,394140,0.16277567285015543,D37,S
676.6987012451209,0,0.6730524004154579,"Leader, Dr. Alice (Farnham)",female,16.79080276764092,1.078609105885748,1.2815702685052837,345783,5.901804364779502,C52,C
681.7652045653681,0,3.3241191181257497,"Olsen, Mr. Ole Martin",male,20.815231075938655,-1.8340978929215215,0.06226970588995511,349252,8.073859066393133,,S
678.8403771974499,1,4.459431347567417,"Barkworth, Mr. Algernon Henry Wilson",male,14.166805064963578,0.12988617510148523,-1.6970499507052825,6563,9.86780785135088,E46,S
679.775406282524,0,-0.17419660159648354,"Rice, Master. Arthur",female,40.48117386658773,1.840645659552258,3.902816710344816,2223,44.165772231931534,,S
679.6661441397829,1,1.0502574224320667,"Cumings, Mrs. John Bradley (Florence Briggs Thayer)",male,33.37366456360012,1.651341906607319,-0.5040725073045842,W.E.P. 5734,511.2501450604592,,S
682.6335517344016,0,2.5601284094673287,"Mack, Mrs. (Mary)",female,,-1.611436333225584,0.44426448509890354,2697,7.490934802967274,,C
683.2501704024963,1,1.6830173710736058,"Rouse, Mr. Richard Henry",male,24.62223969280479,-0.690313734485796,-0.053911672870414644,27042,77.55615908811144,,C
685.5034500171304,0,2.974122463792824,"Weisz, Mrs. Leopold (Mathilde Francoise Pede)",female,18.59449008035759,-5.4076353601466804,0.43068758657749845,315088,10.147700223971412,,S
682.9573541627254,0,0.0928014401367383,"Peuchen, Major. Arthur Godfrey",male,12.4518282300359,3.7570760648444517,3.001626267092222,315093,45.73736303606959,,S
684.1291850541121,0,-0.5247785977143309,"Silvey, Mr. William Baird",male,59.11898427830401,-0.04882978594208609,-0.25464185183375787,230433,39.93773920508377,,C
685.0417936581761,0,2.0588471511699455,"Allum, Mr. Owen George",male,27.645008663046244,-1.0391690163348861,4.931320336690696,248727,41.215042141302966,,Q
688.581603442358,0,5.057561839491019,"O'Connor, Mr. Maurice",male,15.323895178861033,4.331224300465303,0.4645783459050512,349225,33.94825995029009,,S
690.9967488805935,0,-1.4283747420860058,"Padro y Manent, Mr. Julian",female,19.032258830552006,-0.11189086409053646,-0.866853969563018,220845,9.201395936096915,,S
688.0823190137014,0,3.69145315960316,"Douglas, Mr. Walter Donald",male,17.077947438838322,-4.518427755155223,0.9647724746649048,350050,9.953777280284758,,S
689.1504525444138,1,3.3792440105752863,"Ryan, Mr. Patrick",male,14.133534686753958,0.43101593860351295,-2.6730204047501456,350406,207.97388848674464,B20,S
691.6281544477396,1,0.6939482475875738,"Leinonen, Mr. Antti Gustaf",male,31.655492939903898,-0.8566482615780548,-1.5810688994458386,PC 17608,57.22538240083108,,S
691.5084769999742,1,4.100404992052882,"Caldwell, Mrs. Albert Francis (Sylvia Mae Harbaugh)",male,5.16833814670458,0.9713779183810303,2.9621455973836657,113798,16.587222428370573,,S
694.9041073062798,1,1.5938618382043956,"Yasbeck, Mr. Antoni",male,,-2.563702495457331,-3.4748438581242214,SC 1748,54.974574093979044,,S
689.4964454187619,0,2.7612676014462463,"Herman, Miss. Alice",male,25.072961511228463,0.06001307706188024,2.2351483938663117,W./C. 14258,7.229298160855372,,C
693.3465899061662,0,-2.241827036616303,"Potter, Mrs. Thomas Jr (Lily Alexenia Wilson)",female,55.93676086267395,-0.5663266577730118,3.0222731327182695,27267,23.941967485544158,,S
694.4351673320771,0,-2.6886866168377477,"Stanley, Mr. Edward Roland",female,52.4234275683412,0.6062037699006607,-0.7389106756474967,2694,16.754462283327143,,S
692.3592879752277,0,4.88553160245055,"Futrelle, Mr. Jacques Heath",male,45.52429848391737,0.2493945553026937,0.5836255348526201,11668,7.883334746006772,B38,Q
696.0727231112623,1,1.0300101445511163,"Meo, Mr. Alfonzo",male,,-0.5103283500429089,2.238174169702053,2651,7.826553685588036,,S
697.1696877683081,0,0.08894430999313896,"Turja, Miss. Anna Sofia",male,52.63305399228021,-2.0725446280884894,0.06642162391296058,367226,113.59190093101125,,S
699.5977906909624,0,0.22711549345961357,"Coleridge, Mr. Reginald Charles",female,40.2375231051279,-2.954415926922063,1.735551041052363,347054,8.972956789290963,,C
703.2259317833206,1,-1.8199394061677516,"Hoyt, Mr. Frederick Maxfield",male,18.434880830606524,-0.167773878184438,-1.3422975902613432,372622,225.77374253500653,A31,C
701.5098786976185,1,0.6523245998107673,"Hendekovic, Mr. Ignjac",male,34.92835050666809,-0.01655976785917394,-0.9552045866663587,110152,24.99294415182537,,Q
700.9383725594577,0,1.540845611728707,"Beane, Mr. Edward",female,17.799404665113183,-1.216495894398234,-0.5986729286499475,237668,15.444062609046597,,S
703.8860909175729,0,3.7559419959893967,"Parrish, Mrs. (Lutie Davis)",female,24.771355663990505,1.2504238611589311,0.6852943983896068,2695,6.4934578898741195,,S
707.0983472428827,0,3.905076837959184,"Gavey, Mr. Lawrence",male,26.214210060018942,0.44155816157663264,2.315938105131099,A/5 3594,3.6197133757589457,,S
704.0480823677702,0,2.641699292649214,"Vande Walle, Mr. Nestor Cyriel",male,40.6959174869274,-1.9300254495590206,-0.36822586423432857,13509,25.893518402721845,,C
705.1788502321571,1,2.4772015818568875,"Wiklund, Mr. Jakob Alfred",female,47.755472472549485,-0.5561925859758187,-2.5424983198248063,28425,10.53957467775038,F38,C
709.1170979185484,1,4.155536409863773,"Silvey, Mrs. William Baird (Alice Munger)",male,41.995499510991685,0.45171967263310475,-2.1654136445736314,693,29.520063507127453,B20,S
708.5569277685383,1,-1.135187538089772,"Johannesen-Bratthammer, Mr. Bernt",male,23.630632144343267,0.6497694376491688,0.7891988427410808,65303,151.90357527552632,,S
711.2949693814189,1,2.8901302675941647,"Webber, Miss. Susan",male,,4.756758263986258,4.688232826788539,330958,13.435449886512849,C106,S
710.9727064164094,1,3.2653796410391775,"Leeni, Mr. Fahim (""Philip Zenni"")",male,25.531910905452467,-1.3378186800068388,0.7874499986287951,2627,48.10693517067509,C23 C25 C27,C
713.4033272961791,0,3.529079618676073,"Lefebre, Miss. Ida",female,,-0.14695732318080076,-0.7737931013025053,PC 17760,22.77120482425216,,S
710.9298437719187,1,-1.8435272986891458,"Horgan, Mr. John",male,50.18131987217627,1.852247893638853,1.5323679337005682,367228,49.801076226438994,,S
713.9758306984235,0,2.3752891166882604,"LeRoy, Miss. Bertha",male,33.42128175478648,-0.046845918401630646,-0.4789972711734927,110152,11.515946405081397,C54,S
714.5786199712737,0,4.716242191734521,"Jalsevac, Mr. Ivan",male,51.755832224057215,-1.0012362919773063,-0.7565704347284128,3474,17.463572290984782,,S
713.5682181517917,0,4.016158210398131,"Taussig, Mrs. Emil (Tillie Mandelbaum)",female,14.614913018385183,-3.098514352688487,-1.9169182113905272,347063,9.102793026397917,D36,S
713.8730441042626,1,1.3905260629595455,"Rintamaki, Mr. Matti",female,36.90385413351036,-1.0216691181060311,2.8168976884927117,SOTON/O.Q. 3101312,227.34091492275795,D48,Q
719.3714980705494,1,1.5646306131306864,"Butt, Major. Archibald Willingham",female,29.463750268578607,-2.147404825435602,-5.078415834991327,364846,9.636081248692166,F2,S
718.298095235564,0,2.232398148584509,"Chip, Mr. Chang",male,,-3.4532133622475567,1.5957184005585385,113773,13.587008372847276,,S
717.9554394367053,0,3.5764381261806486,"Sawyer, Mr. Frederick Charles",male,33.49782719735006,-1.591357683341173,-0.9274898755950738,Fa 265302,11.89453179867948,,S
720.8076421261534,1,1.4952517500310334,"Stead, Mr. William Thomas",female,8.017336711909678,-2.094183441532909,0.1793185370967746,PC 17476,32.622502596271254,,S
724.2560377146986,0,2.914842757911112,"Denkoff, Mr. Mitto",male,17.968906878496846,2.167573090585896,3.384630312235625,371110,11.285459660125008,B80,S
718.4385243092562,0,2.1571974122300746,"Davidson, Mr. Thornton",male,36.435450374902274,1.2021836748285875,-1.4282621844001027,S.O./P.P. 3,15.787039019220122,,C
721.0067226201934,0,0.6438569430130017,"Buss, Miss. Kate",male,51.83884735329397,-1.8077585791617496,-1.3601383080568203,17474,9.518407137307452,,S
723.1542271162094,1,2.0642587477628767,"Lemore, Mrs. (Amelia Milley)",female,30.043400905473916,0.47954273887375776,-0.26078847783906073,A/5. 13032,51.76809520848142,,S
728.9223577334407,0,8.828489296830838,"Hamalainen, Master. Viljo",male,20.71759216781251,-3.716485324225071,0.8276947716244765,349204,7.324409751652355,,S
727.5651739658385,1,-1.5539732786521503,"Thorneycroft, Mrs. Percival (Florence Kate White)",female,31.81051880298791,2.0113200996346117,-0.8837115645857389,A/5 2466,20.84030727178852,,S
729.5346344809225,1,3.6480250483799597,"Moubarek, Master. Halim Gonios (""William George"")",male,,0.7979638014046913,-3.147717861071771,11813,7.616871493772493,,S
726.7196781617475,0,0.47961982276218884,"Troupiansky, Mr. Moses Aaron",female,23.797078376881988,2.6498757792282053,-1.7313963617635308,W./C. 6608,31.992478190796284,,C
727.760928249459,0,4.1548051550385,"Jonsson, Mr. Carl",male,28.413535280837948,-0.4260941633826276,2.5626677129290387,364499,5.770544251050483,,Q
731.8956274334454,1,1.0931149466557217,"Jardin, Mr. Jose Neto",male,29.432409352645376,2.1037097210550395,0.1495535782710229,345764,211.7954398713288,,S
732.1165486618709,0,4.523709548084927,"Marvin, Mr. Daniel Warner",female,12.609761131724758,-3.0313838430269433,0.9021745674076441,312992,20.020515484935608,C87,C
734.0974776377283,0,4.3510131530175595,"Carter, Mrs. Ernest Courtenay (Lilian Hughes)",female,,-2.495255598287585,-0.5228424143460751,345773,-0.0031440089383923653,F E69,S
733.6246580181431,0,2.3848422355363628,"Lindahl, Miss. Agda Thorilda Viktoria",female,21.826968698160073,1.4193237312757525,-1.3189953923465392,31418,13.220361155562715,,S
735.5562874529093,0,4.264104576828356,"Pickard, Mr. Berk (Berk Trembisky)",female,23.021965785164802,3.3422424571264946,3.355138899750822,347088,10.910382211386825,,S
736.3162381698102,0,-1.6885957875773547,"Nasser, Mrs. Nicholas (Adele Achem)",male,31.371988035535427,0.9868639763673908,-0.3763837141021613,PC 17756,16.312972389205363,,S
738.5555347781699,0,6.180904595832047,"Larsson, Mr. Bengt Edvin",male,49.11048014855885,0.9193152269319751,2.1132602409457464,364851,35.39779799234874,,C
739.614016563889,1,1.75012430378468,"Andersson, Miss. Ellis Anna Maria",female,31.57705368053908,-4.390367493044417,2.192284732710679,248727,512.9844011685423,,S
735.7602560112165,0,5.155686711490364,"Allen, Miss. Elisabeth Walton",male,,-4.044894112086959,-1.4447207177347705,364500,9.036201807824183,C62 C64,S
735.5054628893183,0,0.5602485103169568,"Mallet, Mr. Albert",male,,0.2588190737917379,-1.1894546875479934,19952,10.721015801272465,D,S
743.003490795303,1,-0.6615397632106714,"Svensson, Mr. Johan",male,,-0.7161253391423491,0.020493368033796006,PC 17760,31.873933083828682,,S
744.3754501865238,0,1.2918765882895482,"Shelley, Mrs. William (Imanita Parrish Hall)",male,32.39904261653164,-1.211670364304236,0.0005402081763594035,364512,78.99258922699487,,S
740.9587539609734,1,0.9659242213250739,"Lahoud, Mr. Sarkis",male,24.78609777084509,2.1310651616601013,2.5192226958064285,350042,260.03148329623343,,S
740.2803291869087,0,3.5661371760199794,"Turkula, Mrs. (Hedwig)",male,25.364785019625586,1.2302627350156192,4.183338178790976,250643,14.899989450577763,,S
745.1980696420144,1,5.169030321859932,"Cairns, Mr. Alexander",male,30.8599742823744,1.8888317370805452,0.6724964927047409,382652,7.485737696165169,,S
747.8616764527011,0,-2.5304406306056983,"Williams, Mr. Charles Duane",female,69.25716452783587,1.2732045660254014,-3.7561079255016008,347082,71.5046916626829,,C
750.5951890448687,0,4.947638143434618,"Moen, Mr. Sigurd Hansen",male,18.164703859583472,3.456788736668769,1.6525978868631217,230434,19.29333447700121,,S
749.0325951442029,1,2.016563819915854,"Olsen, Mr. Karl Siegwart Andreas",male,28.916033199547616,0.015988059097626725,0.07575998897919765,C.A. 5547,11.128533601631297,,S
748.2565666068286,0,0.5924362777509045,"Braund, Mr. Lewis Richard",female,21.296512849031977,0.7693300103853278,0.08690004870291532,239853,50.723602621759326,,S
748.2137387568303,0,0.05776953123021933,"Fahlstrom, Mr. Arne Jonas",male,32.08439057144851,2.1286243724943645,0.4918946187923414,349217,4.447644481888938,,S
751.0229025833413,1,3.0060973367537303,"Bishop, Mrs. Dickinson H (Helen Walton)",male,4.4893638509747,-0.956881760082869,0.9426434246504013,347088,22.530098592450862,,S
751.4014705922295,1,-1.8282157020620744,"Carrau, Mr. Francisco M",female,6.291029610671191,5.628894906532323,0.894775813889222,PC 17569,9.53566911585939,B78,S
750.9698641885424,0,4.2967880224774255,"Davis, Miss. Mary",male,32.65006392657165,0.7505149563334717,1.2260884195415722,239856,7.498948631685216,,C
758.0975113017266,0,0.01578832905401617,"Byles, Rev. Thomas Roussel Davids",female,25.09128024041853,0.7616585056753462,-1.084161594389002,3101278,7.107996254311395,,S
758.5703368041443,1,2.1069158252349482,"Elias, Mr. Dibo",male,46.26931433579633,2.050191947945195,0.10462732872164882,250649,62.32816538121713,D35,S
758.2720973671109,1,1.7616623253441592,"Kantor, Mrs. Sinai (Miriam Sternin)",male,-2.5738502536604186,4.754272950663285,7.047562905244782,PC 17757,15.259504376997395,B39,S
755.1582992043817,0,5.339076294587768,"Skoog, Miss. Margit Elizabeth",male,29.22888024578495,1.5850148233452133,-1.4317148875624668,28220,9.276246127211374,,C
759.7100386485946,0,1.6426896619722196,"Cribb, Mr. John Hatfield",male,19.262476656134297,-3.210111958007847,0.20028582492015293,CA. 2343,10.401145960449202,,C
760.2792528189958,0,1.6117228777086687,"Theobald, Mr. Thomas Leonard",male,34.96048230502353,2.8069407695350086,-2.9913205017507347,PC 17758,7.175945384779997,,S
760.8850912484081,1,-0.013205391942405997,"Thayer, Mr. John Borland",male,33.815456739236076,-0.6817931588900346,0.23293683010284383,CA. 2343,87.57485954027815,,C
763.4993305340876,0,5.545765537509327,"Elias, Mr. Tannous",male,,0.21431014567864692,-1.8664511013786702,19943,13.072009805530643,,S
763.2707422857226,0,4.072593938361788,"McCarthy, Mr. Timothy J",male,42.57496540877105,-2.558507944350533,-0.8849458857000219,364850,5.55953217680541,,C
764.4800284726086,1,2.2287400369536776,"Giglio, Mr. Victor",male,19.90888374649092,1.0524040362477913,2.0901293315422476,113796,9.62219695637258,,S
765.2738125667444,1,0.5271071600709731,"Asplund, Master. Edvin Rojj Felix",male,35.025772878369644,-0.3027485801351044,2.9440191367561477,STON/O 2. 3101292,121.76837547742558,,Q
765.6815828160043,0,-0.13435418117089393,"Norman, Mr. Robert Douglas",male,15.376217375489201,0.2003392759869475,1.1368190491496382,PC 17590,8.978100004687839,,S
762.4327777405716,1,1.7769484017030819,"Petterson, Mr. Johan Emil",male,55.04127939755166,0.43180198927843405,-3.5424096767837256,382649,79.80958924278818,B73,S
767.1672421548211,0,-2.5196314153909314,"Celotti, Mr. Francesco",male,,3.8500256034717038,3.6737903396580256,PC 17608,35.645442549265276,,S
766.8876160823017,0,4.503592931670912,"Kirkland, Rev. Charles Leonard",female,31.4995762085916,3.9645206002911793,-2.38376262188375,2666,10.457671093586214,,C
766.4403180847199,0,3.257243184982532,"Compton, Miss. Sara Rebecca",male,,1.0930263404294829,3.05712162858773,SC/PARIS 2167,24.934124233167484,,S
773.3636332386017,0,7.773903599147845,"Baxter, Mrs. James (Helene DeLaudeniere Chaput)",male,31.783533323354053,0.1279554227377095,2.0430877319629723,S.C./PARIS 2079,10.384062768011471,C45,S
774.4579906817714,0,0.7997288925513883,"Mangan, Miss. Mary",male,23.132745029691623,-0.7468859326990301,1.1546654835693602,24160,10.274323558232725,,Q
774.7184412005912,0,2.7946758179187343,"McMahon, Mr. Martin",male,43.82994340664025,2.2120125830055724,-1.709969561816763,113783,7.952049649360312,,C
773.5104268337118,0,5.596575401846126,"Petroff, Mr. Pastcho (""Pentcho"")",female,57.778075180867525,-0.6578397406667543,0.30317968963904585,2674,9.949381575275892,D45,S
776.7012502419053,0,5.382779280582829,"Newell, Mr. Arthur Webster",male,,-0.8426745492913986,-0.9418428212897196,PC 17473,7.959288753772411,,S
775.0241063612036,1,0.6075758968402005,"Hewlett, Mrs. (Mary D Kingcome) ",female,49.80158731487751,2.9571857273299287,3.0580791430105836,C.A. 29566,22.376504182190896,,Q
776.4055945537956,0,3.4479348567468957,"Heikkinen, Miss. Laina",male,19.679136181548504,-1.0765981906332989,-0.49974451817111976,350029,9.485752200130225,,
774.813057259076,0,3.0039987128301746,"Rosblom, Mrs. Viktor (Helena Wilhelmina)",male,,-0.07551006889706116,-4.0772210131448166,A/4 48871,4.5770867108956,C85,S
778.7939826089977,1,3.5639117347883142,"Phillips, Miss. Kate Florence (""Mrs Kate Louise Phillips Marshall"")",female,7.980248684593144,-3.1626215630219856,2.243568301969176,110813,11.391848276411444,,S
779.1207718568488,0,1.6026391280303405,"Trout, Mrs. William H (Jessie L)",male,,1.4083806902463338,-0.16221431309872233,C.A. 17248,11.827146496953294,,S
777.3946957663311,1,0.821359194598531,"Robbins, Mr. Victor",male,43.09211627715423,3.8817338783637374,0.030399200995525955,F.C.C. 13531,210.08533907285522,,Q
780.8976057763668,1,-0.19610475055342746,"Kelly, Mr. James",male,15.656313241791594,1.4424507455995839,-1.1206544656595354,19996,6.751832553873044,,S
781.8405408722864,1,1.2702469037361641,"O'Leary, Miss. Hanora ""Norah""",male,20.364767170680196,3.92359833509461,0.7169191527335363,19972,55.234838133299846,,S
786.5951223332893,0,1.900041346843664,"Kassem, Mr. Fared",male,31.26713740575125,-1.6922042723546618,-1.7875126765889444,C.A. 33595,30.67169134577165,,S
785.7884266570268,0,2.545161174712232,"Karlsson, Mr. Nils August",female,,1.4726485640564013,-2.5103511169480868,17453,21.97747021971561,,S
785.0228908781829,0,-0.23010178116957558,"Hansen, Mr. Henry Damsgaard",male,25.402689706429843,-1.8863198487387791,0.8142596064165523,113803,6.6787781303859,,S
786.4975746196021,0,4.977063725702925,"Ivanoff, Mr. Kanio",male,25.879032288582856,-0.4555310911626857,1.0382059959136434,349257,8.947733072070141,,S
787.0884247562084,1,3.7290500759856045,"Carlsson, Mr. August Sigfrid",male,14.380766062165542,1.5444229547050097,-0.3992636493552658,STON/O 2. 3101273,6.0982731623703685,D15,S
787.5941720304089,0,1.5479698045980463,"Ohman, Miss. Velin",male,8.938721319241548,4.203641226206598,-1.2958057503800178,C 7077,30.702222238530442,,C
786.8351456052234,1,2.438799106323872,"Gustafsson, Mr. Anders Vilhelm",male,5.545983651958778,-1.8252820452024432,2.1778710817785707,4138,22.219458631120713,B18,C
789.6978962447862,0,-2.0013388055636776,"Gronnestad, Mr. Daniel Danielsen",male,47.27987233160158,-2.630058211075507,-2.9290647366271774,248733,81.30991218943859,,S
789.507803486695,0,0.9491797444441912,"Lobb, Mr. William Arthur",male,,-2.7623278629815475,-2.0544611933753187,A./5. 2152,8.03108198983608,,S
789.4993689221537,0,0.9243773072857211,"Morrow, Mr. Thomas Rowan",male,16.36582946025741,0.9829051798791806,-1.5013958730083223,11668,32.48251815395357,,S
794.022443629095,0,5.456841624560303,"Masselmani, Mrs. Fatima",male,,12.127789071313337,3.687878141783112,113505,71.65906739308416,,Q
794.7825293198665,0,-0.2790067817749513,"Pernot, Mr. Rene",male,,2.7249164880004257,-0.7252219008738342,2926,31.345555248813653,B28,C
791.4265849772638,0,4.280427318657518,"Olsvigen, Mr. Thor Anderson",female,23.368346704031136,-3.7919703982921287,-0.8957328235529212,110152,6.14395117183653,C47,S
795.7546307250097,0,0.9233675942768405,"Thayer, Mrs. John Borland (Marian Longstreth Morris)",male,37.07244962553122,2.842151876139568,3.9093850308224924,STON/O 2. 3101288,12.805881748251718,,S
798.9914027717998,1,1.4958951217037497,"Hakkarainen, Mr. Pekka Pietari",female,51.53260911433873,1.8728008340292943,0.7049249943774278,C.A./SOTON 34068,28.78185395380007,,S
800.1184474777926,1,2.7172089957123955,"Bazzani, Miss. Albina",female,33.744684685733034,-3.0905998910575154,0.6779890209496521,386525,12.102369231252537,,C
801.0516736857704,0,4.746113200185487,"Palsson, Miss. Stina Viola",female,28.0177873688253,-0.606403233420995,-0.7394014904175498,A/5 21171,10.185858200880459,C32,S
800.0778264138029,0,1.9303773235628843,"McCormack, Mr. Thomas Joseph",male,31.93599760910773,3.191044822991619,-0.19274333527355547,345773,25.720384613459238,,C
799.3099093440617,0,-1.1450565000048818,"Montvila, Rev. Juozas",male,33.82608004878796,1.1008670218695706,-4.372812880034301,12460,10.488679587408857,,C
799.8326023452839,1,-0.7638980627272653,"Hood, Mr. Ambrose Jr",male,31.67961714898086,-1.6181901047759712,2.9374810638471165,36973,27.22432363565134,C103,Q
803.6892098095008,1,-0.06375498788551481,"Windelov, Mr. Einar",female,11.920437278870127,2.2214843115923886,2.8966194115127584,234818,117.51719524389401,,C
804.7585600687303,1,0.5018800586438945,"Bailey, Mr. Percy Andrew",male,2.408700936248637,-4.2750011921611755,0.6416680135731734,250644,5.541757613238483,,C
807.5746622232101,1,3.8204240313591025,"Kink, Mr. Vincenz",male,27.16543640372638,-0.4456443515144227,-0.2744534036725115,STON/O 2. 3101289,7.453317369154477,,S
808.1999593006842,0,2.0684636702838444,"Heininen, Miss. Wendla Maria",male,33.820323990603875,2.2759135388000975,1.4722885245221102,11774,8.8213988945395,C78,C
806.7355426869376,0,5.749213100052863,"Smith, Mr. Richard William",male,39.61882567951985,0.03678843114263967,-3.109420146159706,PC 17572,1.8067541969616094,E77,S
805.5115882422782,0,-0.475429190274264,"Sdycoff, Mr. Todor",female,19.248368544939066,-0.9978750999238918,-1.179762663107611,364498,8.769272480772187,,S
808.3617868059782,0,2.4072663574196023,"Strom, Miss. Telma Matilda",male,37.33347481692551,1.7786925075446984,-2.272605725785061,36967,14.063171971485497,,S
810.4344623896211,1,-1.255906047011338,"Baclini, Mrs. Solomon (Latifa Qurban)",female,37.31731802140967,2.949503630173163,3.5430185649734924,2687,51.13069483001525,A32,S
810.5958335092212,0,2.013197319234643,"Berriman, Mr. William John",male,26.93964984640993,2.6200793857339004,1.7513110637066014,2908,7.677546630630667,,S
810.8442117838447,0,3.282838946681088,"Meyer, Mrs. Edgar Joseph (Leila Saks)",female,40.4259948506902,1.7486848568927746,-4.4053852822707285,PC 17582,21.135766428731024,,S
813.5057696299398,0,-2.6507427497485736,"Todoroff, Mr. Lalio",female,31.783628377576918,2.162749587874293,-3.027523253279951,323592,6.493261741199609,,Q
812.9920845171788,0,3.473652233576055,"Dean, Mr. Bertram Frank",female,4.354595953841798,5.465817114875069,1.7353086532850275,347069,32.756285419686144,,C
813.7438678325492,0,6.8058149245483355,"Carter, Rev. Ernest Courtenay",female,32.975767375837464,0.5310572982329439,-0.9448804241448494,SC/PARIS 2133,6.543751212418083,D50,Q
816.6229056686069,0,0.09312340326281432,"Lefebre, Miss. Mathilde",male,,0.17901799952762817,-2.6487644161537767,228414,1.744997004286107,,S
816.1960148397416,0,3.519615713611019,"McKane, Mr. Peter David",male,19.172440530342147,-0.474519438194804,3.889524475300979,349227,10.141695155760077,,Q
818.4882087779567,0,4.0498433862507985,"Vovk, Mr. Janko",male,33.07657985796764,-1.4247365861194514,1.6250798279651584,CA 2144,35.765565350753604,,S
819.5464080457042,0,2.672092999946007,"Harknett, Miss. Alice Phoebe",male,41.91243439129455,-1.9106230176396175,0.949632645726183,P/PP 3381,7.630622189110598,,C
817.7211419978169,0,1.8380796229370335,"Baclini, Miss. Helene Barbara",female,12.822633971753424,2.4359710361295805,0.6159701015355723,PC 17605,26.577686542772714,,S
820.0375177522692,1,-3.5514728074435045,"Newell, Miss. Marjorie",female,51.8243286427926,1.4829043192048585,2.4445482943560046,110413,89.80824225074635,,S
824.875553879833,1,4.281981438789947,"Hosono, Mr. Masabumi",male,27.409413372041058,2.8816251960085264,-0.7608655219640236,113792,8.909118808884916,B96 B98,S
820.6758409745314,0,0.7736631805422055,"Balkic, Mr. Cerin",male,40.3579091571833,-0.08359445575102506,-0.5666863474149988,244252,-0.9417477594315214,,C
819.766691102059,1,0.9746322972236765,"Navratil, Mr. Michel (""Louis M Hoffman"")",female,25.205014058290676,2.006952581755328,2.2220039196505197,A/S 2816,11.594821978825737,D10 D12,S
821.276309693515,0,3.253193420555387,"Banfield, Mr. Frederick James",male,0.014306384332120725,6.158631312864241,-2.2579951301205994,S.C./A.4. 23567,43.63818623569105,,S
826.0582198931534,0,1.8326392863876373,"Brewe, Dr. Arthur Jackson",male,,-0.462893595377582,3.1940557197019652,35273,3.8982860345346566,A20,S
827.0618345560654,0,1.9431477377689488,"West, Mr. Edwy Arthur",male,,1.1893804227403677,0.3647784294477516,11755,57.26154227074294,,C
827.7647782891497,1,3.2125823122174166,"Collander, Mr. Erik Gustaf",male,-1.6617545052269813,-0.487056083449723,4.561888417560849,A/5 21174,35.014585525710494,A23,S
831.428379657857,1,0.323235177352311,"Dooley, Mr. Patrick",female,,2.6442717881569537,-2.150839513237637,PC 17755,9.566522818534649,C52,S
824.6543311337941,1,3.094630572147517,"Chambers, Mrs. Norman Campbell (Bertha Griggs)",male,63.64744185408758,1.2716866765318644,-1.8463302480563861,SO/C 14885,80.59686247235013,,S
831.7918677488616,1,0.20462767376319269,"Gale, Mr. Shadrach",male,13.794043374865993,-1.3809675093767106,-2.3238004431996244,349242,15.212888698361228,,S
835.1228764036072,1,0.6745971832894724,"Ekstrom, Mr. Johan",female,0.04554797415943379,1.3230493043076934,1.5005953453296779,244310,16.86022076479548,E25,C
830.7444384702166,0,6.845892388133155,"Dakic, Mr. Branko",female,,3.2962243236477593,0.13196660383649217,4137,5.698024173423352,,S
833.2403869764202,0,5.254709523284845,"Ayoub, Miss. Banoura",female,21.642041371296035,-0.36246206909340234,-0.928823638462361,LINE,9.708701014691773,C82,S
833.4942161655428,0,3.1952079849908803,"Moraweck, Dr. Ernest",male,17.984865406737697,0.8954300601901363,-2.028138385770559,226875,11.841595443455127,,S
834.2113079078449,1,-0.881060431002433,"Sadlier, Mr. Matthew",male,40.86075571524579,2.0917576754782905,-1.5331925394616848,W./C. 6608,84.11891563444837,,S
836.3474759899539,0,1.9414553866002136,"Toomey, Miss. Ellen",female,19.45753966753072,-2.073245798329201,-0.09696780094131197,13214,6.867658558457134,,S
840.854970567369,0,3.1465506291713927,"Nosworthy, Mr. Richard Cater",male,,1.0214158984270278,-0.9311735591772002,17453,8.727877044924137,D30,S
842.674773350975,1,3.075046464679197,"Bidois, Miss. Rosalie",male,30.6308879516404,-2.7876703040692514,-1.3712139847165246,374887,61.35074408867522,,C
839.3281215499197,1,0.8182581407480742,"Salkjelsvik, Miss. Anna Kristine",male,,-1.2512482128027922,3.094178972263219,35281,29.904845621437822,,S
844.8101204281289,0,2.9383349718316314,"Frolicher-Stehli, Mr. Maxmillian",male,23.074715103795604,2.151445934988384,-0.16465135638546782,4133,10.848681718787198,,C
842.0711529539692,0,1.5712497805897718,"Widegren, Mr. Carl/Charles Peter",female,16.422920304727835,0.713512580616716,2.5400858678538505,364516,9.019341268322576,,S
846.5073820534021,1,-1.8839574712800258,"Oreskovic, Miss. Marija",male,28.89595054197685,-0.608955615493054,-1.0665043653653932,347082,30.915827896727226,,S
843.813402700693,0,1.9669785156783344,"Daly, Mr. Peter Denis ",male,34.18973373763881,0.8929220424903749,0.48955256759731375,370373,7.676630412251085,D47,S
845.2621156520922,0,4.829248107973693,"Hegarty, Miss. Hanora ""Nora""",female,19.706147155084118,-0.12018449551026289,-0.11095203251266979,347085,9.457156616525728,A34,S
846.7309489452857,0,0.2633314048977651,"McEvoy, Mr. Michael",male,44.932405639251364,0.025157004703666497,-3.3952446190362453,364849,6.017222639777678,,S
853.3577073587351,0,2.620888976921443,"Ford, Miss. Robina Maggie ""Ruby""",male,,9.313637053440274,4.856676612527826,21440,67.93096508573879,,S
849.7025711496896,0,1.360492142458312,"Holverson, Mrs. Alexander Oskar (Mary Aline Towner)",female,34.915132379841786,-1.4547354813182638,-0.27030721406483177,113794,9.872368806205317,,S
847.585470940097,0,2.2227008587962227,"Ryerson, Miss. Susan Parker ""Suzette""",male,28.180313655335148,0.08067281110938139,2.492836439265921,315082,35.38310162530029,,S
851.9379957405517,1,0.2227336378663637,"Faunthorpe, Mrs. Lizzie (Elizabeth Anne Wilkinson)",male,,0.3754636107866942,-1.5040574449231188,S.O./P.P. 3,92.12848711624385,,Q
850.2763349258313,0,5.954787329949339,"Coxon, Mr. Daniel",female,3.8886298947000113,0.8287932507994888,1.6703112368404707,36209,34.88286096650573,,S
851.0204996341976,0,4.013166308380508,"Elias, Mr. Joseph Jr",female,74.0106457209034,-1.8409115124985995,-1.7337047198467095,368703,8.044238872645193,,C
854.8172027197842,0,0.3763936684455773,"Calderhead, Mr. Edward Pennington",male,11.280418957873472,4.136412894127664,3.471996965526787,19950,14.623401511536812,E24,S
854.0621711755423,1,2.342456023227397,"Gallagher, Mr. Martin",male,18.414850056622402,0.7694466291704681,1.6228186949013514,111428,42.10198187755694,,S
855.5571518290236,0,0.450696287475874,"Slemen, Mr. Richard James",male,43.34158120328198,-1.6471766028027783,0.7341070533617763,CA. 2343,27.426138563703173,,S
856.0279704437306,1,1.8460072572449329,"Reeves, Mr. David",male,17.572093712278377,-3.0807087516968212,3.716368294209958,13213,7.385089482664817,E34,C
857.6731662532109,1,1.6276380402142436,"Hodges, Mr. Henry Price",male,46.32858460411127,0.7756721997788321,3.312682593798046,367226,162.79942866896218,,Q
858.8499317948723,1,0.0165051605397305,"Lennon, Mr. Denis",male,49.82962310214598,3.1223730663529645,1.5306850722725707,17474,27.53386040271262,D19,S
855.1260661345892,1,4.785711632645911,"Natsch, Mr. Charles H",male,25.177280303474806,-0.37351626960870526,0.15654530592507454,4133,18.903750677032,,S
861.3331453372191,0,1.4509798769732092,"Nasser, Mr. Nicholas",male,,2.613999106808032,-1.3913582390333672,349256,7.176340090518605,,S
859.0359611603394,0,1.7621068948172736,"Astor, Mrs. John Jacob (Madeleine Talmadge Force)",female,39.06120284452276,2.703861541637315,-2.0077762720227055,370370,16.25336672942039,,Q
859.1154017288811,0,0.6872582129037823,"Palsson, Master. Gosta Leonard",male,19.086326574240708,1.9425009156917872,1.4550673872515985,STON/O 2. 3101280,13.018074289970071,,S
862.8831775122826,1,-0.13127749671007782,"Ali, Mr. Ahmed",male,50.894117392062206,-2.671441018609139,0.3413038835001028,PP 9549,28.588946496836865,,S
864.167962006629,0,5.198383111095626,"Daly, Mr. Eugene Patrick",male,,9.875045843499516,-0.7810248672611895,345778,65.68692778725327,,S
863.6129876708554,0,3.257592587220606,"Hart, Mrs. Benjamin (Esther Ada Bloomfield)",female,27.280708187796623,-0.6698640745472144,-0.3774884260224551,111427,13.506795834442402,,S
867.662063715336,1,5.419887908024142,"Penasco y Castellana, Mr. Victor de Satode",female,40.97272747857018,1.7261849072218165,-2.988224671437557,233639,14.389377044794413,,S
864.3156496672582,1,6.535288407798509,"Harper, Mr. Henry Sleeper",female,27.582410402262987,-0.628339963972226,-0.10631297613951976,SOTON/OQ 392076,10.805128286624631,,S
867.1861125024549,0,-1.0614340638646795,"Jermyn, Miss. Annie",male,35.78535344603648,0.354098695019825,-3.3107450079743694,349909,49.186008717380055,,C
867.830251730134,0,3.140838254654578,"Rugg, Miss. Emily",female,,0.704005907875263,1.0576549867692258,A4. 54510,7.819029675342162,,S
869.9068254593213,1,0.6475993667131341,"Van Impe, Mrs. Jean Baptiste (Rosalie Paula Govaert)",female,0.20437100020044685,0.691933366848267,1.7559252520681472,110564,11.176696342119833,,S
871.5577285692945,0,1.4447881445034658,"Hickman, Mr. Stanley George",male,28.573180262574468,0.8090903861723134,3.815896986693763,695,11.151507937388129,,S
869.9842141007529,1,-0.26016502051133883,"Moran, Miss. Bertha",male,45.34638178921385,0.46720584961498246,2.695746578994685,2651,56.59937880932981,,C
874.4485653549125,0,-1.1143097482765487,"Harris, Mr. Henry Birkhardt",female,32.95858727178753,-1.2981195060825588,-0.8458285116450055,112053,3.3714248938534355,,C
874.1260047366694,0,0.8962254542031727,"Keane, Mr. Andrew ""Andy""",female,45.82816357909683,3.210966765587929,1.636140186548972,370376,10.053114500987148,,S
871.2161074933762,1,1.7114312429594902,"Ford, Miss. Doolina Margaret ""Daisy""",male,28.536325561910633,3.0979057327228845,-2.795327761890357,350417,25.117595704284632,,S
872.082817119206,1,0.5665631632271859,"Artagaveytia, Mr. Ramon",male,13.098927585628516,-1.5217294900963536,-1.924945207362171,19947,8.000251543029496,,S
876.9753614141414,0,4.684253918275266,"Keane, Miss. Nora A",female,19.640119824233388,1.1368886111892258,0.66628506415022,SC/AH 3085,10.643759269478469,D36,S
877.5580653644273,0,1.1644929251649716,"Ford, Mr. William Neal",male,19.899630653113068,-1.485357709402306,-4.316499325495855,350035,8.503285004902656,C95,C
878.7931597728507,0,8.619137940192784,"Connolly, Miss. Kate",male,,-2.3693692873246484,-0.07432156986776607,347076,11.27094024161284,,S
879.9440350869396,1,0.09723109807120967,"Baclini, Miss. Marie Catherine",male,54.59983194070822,2.0676188827979525,-1.0405265842368414,383121,85.36323302873612,B51 B53 B55,S
881.4511196790204,1,2.1440352838341044,"Coleff, Mr. Peju",female,24.305234332802936,-3.4081992512948114,1.202614110306527,330959,23.879692204803465,,S
883.8952992196967,0,0.4093176310679296,"Johnson, Mrs. Oscar W (Elisabeth Vilhelmina Berg)",male,30.142369131547444,1.8537118271530824,-2.155472716094527,237798,9.487242161761099,G6,S
880.7777901981649,0,6.412183516255279,"Mellors, Mr. William John",female,21.154878034402508,-0.505444625146117,0.8484962749103775,S.P. 3464,12.301446749022904,,S
881.6560568141985,0,4.239001361605832,"Collyer, Mrs. Harvey (Charlotte Annie Tate)",male,28.237593079805805,-0.4230932061610573,0.03865484733477924,240929,11.129934574303578,,S
882.8133522842253,0,3.593831741472225,"Zabour, Miss. Thamine",female,24.200902116823144,0.8195024392465794,2.800731833762661,230080,9.312848741005459,A24,S
886.5778333343375,0,0.30639490244086875,"Sirota, Mr. Maurice",male,38.45724701413655,1.1623976239885048,5.013469068203245,C.A. 34651,29.501148068598074,,S
889.4898947572929,0,2.4213337554492407,"Johansson, Mr. Karl Johan",female,26.960196658186828,-1.6526863536578165,-1.5372856099229326,19988,13.400935442152502,,S
887.137321123521,1,-1.24286209203451,"Skoog, Master. Harald",male,17.688513075135372,1.4354512175001268,-0.4937717116545658,349221,30.242481089354087,,S
883.9966003116807,0,5.924710526946722,"Abelson, Mrs. Samuel (Hannah Wizosky)",male,,1.226741076050447,-0.688472794033463,349219,19.41351182840066,,S
886.5920142747792,1,2.6183894637063454,"Backstrom, Mr. Karl Alfred",female,28.871956249603553,-2.5121095857360762,0.81227450941088,3101295,29.839203212188252,,S
889.333926554408,0,3.1908780769754723,"Lines, Miss. Mary Conover",male,31.071239215609104,-0.3397489671594784,1.1797004926305446,233866,6.413498851090859,,S
