CRIM,ZN,INDUS,CHAS,NOX,RM,AGE,DIS,RAD,TAX,PTRATIO,B,LSTAT,HousingClas
0.6157541595088627,22.840830024494807,1.3085105124861678,-0.6303487797704478,-2.128948637468402,8.871512849031976,65.47822347952318,3.781933366848267,0.6459728278471262,299.5620769184846,13.20314471493095,399.58223122336256,6.570919749740808,1
-2.052658212480991,0.8697685429272948,3.7598093136296327,-3.8690614714262357,-2.4746247026483714,7.505390571448512,78.70823279486807,5.776190386172313,2.1220297108284107,245.24717435594576,19.403591819800894,394.4742187309163,9.720100183327512,1
1.5281923916129145,-1.119144572098979,4.979912580827396,-2.536027833687994,1.599306757619539,7.674363850974699,59.430297694456996,4.434305849614983,3.7788269130490506,242.7194229978082,15.847229584467485,392.5813343583022,4.1889921261828995,1
1.9134994327824277,0.9301604190006125,0.13790967864335624,-5.499352039261151,-4.745776630103378,7.289029610671191,45.656002815120424,4.764080493917441,2.8015765295478983,222.92477131770065,18.26353311090565,395.02186412888796,-2.2454330308045374,1
-3.833020377307673,-3.1219167059888857,2.284346637315067,-0.4682510745658251,0.86882105392252,6.797063926571644,56.71941170576081,9.273166765587929,3.7982064105965065,223.58299786416964,18.109439054559896,398.6291569025717,,1
-2.574509013724636,-0.5946467253952709,1.6322989889075257,-0.3767682545287667,-0.49816611550764894,8.52128024041853,58.461942986799755,8.160105732722885,1.916799397132158,219.4860326492613,19.41620722531843,393.43279781119924,3.4214559916928886,1
0.3439708063345707,12.698954946031478,7.196336064718814,,3.1404932137598203,4.281314335796331,64.82039202130318,4.038770509903647,6.144191447196964,312.288296674304,10.961792119565335,392.47237061735615,16.533625511877915,1
-0.4879351846871644,12.327798696357902,9.109403930964959,2.1577580780594774,-0.46293641830775145,2.928149746339581,95.11550582246922,7.087388611189226,5.751460595224714,309.53185306371296,16.981819629858915,398.14239511890577,16.251517038697365,1
0.1776376849914224,14.08161224338016,8.549750722385408,2.397039673033387,1.842968428503792,6.859880245784949,100.40170059455185,4.596742290597693,6.731634006359639,311.6369561335932,13.846019304775671,388.8795919303425,28.305197682886927,0
-1.5360478551471601,13.189290452472104,8.502095741288572,,-0.2698276824755832,7.266476656134295,85.15297200563832,4.222730712675352,6.426920924888975,310.54506474478535,17.639926589554108,386.5448170765097,12.694301234980742,0
1.9836859497256571,13.836652036215995,8.689656914657386,-4.269387334953712,0.7514963069722869,7.337482305023533,95.27060656612628,8.414318882797954,6.177471245762292,312.00241665422845,14.24367015096769,393.33048018261286,21.174249951885393,0
1.6730538708578966,11.123255435538482,9.102269336004477,1.234563160984517,1.9976730618401024,6.824456739236078,83.94568752149807,2.8185007487051887,4.80316518268444,311.23620693001294,15.102312828531979,395.95101754114586,11.067486358377534,0
0.2258413951224321,14.295630816821095,3.654093316445114,1.110720457017151,-0.40111143264916027,5.247919243324905,40.777966360809295,7.304611827153082,5.489878454088936,304.8539394583574,19.027572080136846,388.8084544105482,13.563999691803293,1
2.884242413936066,3.257873895247983,7.411123495471078,0.61878314031389,2.5311097689968083,7.52396540877105,64.64711894453006,4.202055374853883,6.127017856903053,307.35778342341035,20.445323582412662,398.9528513610944,5.514971565651205,0
1.5729786845040912,-1.9402990393028252,3.7795798710210526,,-1.4493957542129663,6.004883746490918,86.49171744874472,4.038806793838942,2.695850861194411,308.2843059045985,23.477699769346916,380.7949916956289,11.814710125475726,0
-1.0911949257664766,-1.7753913114291195,8.212119853595592,-2.32965619292208,1.1271856851167583,4.859772878369643,54.63152187170408,5.318102439246579,2.743184442606269,307.8918566966769,21.07809017112912,396.60073719880376,9.892927303135094,0
1.7914315681649977,2.6715686726404657,8.13073405555131,4.017510772370278,2.3832794455757056,5.3112173754892,27.492931106847458,5.6609976239885045,4.362862795900724,306.7948281075828,21.83083766058698,389.8542302959892,10.204067782157571,1
-1.1335652016579978,-0.38268797339012056,10.231064549579362,-1.918855506283736,1.8580749835806698,10.031279397551664,81.54845704708035,2.6052136463421838,4.830559380530907,310.2843233838608,21.13991717882275,384.64031533136284,13.298586757854054,0
2.559610602614545,2.807642784133114,10.515268785442242,1.4984458544017092,4.370889753470821,1.986047835909135,35.69764928552117,5.231951217500127,2.3517870014719913,307.6227462582433,22.695703252600246,287.8859474636812,12.1276387420936,0
0.6259481780274943,-0.8850714237843678,8.545550096504735,-3.3746953888267033,-0.988878634621321,6.726576208591598,67.22334654607812,4.0232410760504465,3.850474873173383,307.8753466003862,19.628936774293898,391.26586669766937,8.701329605196097,0
0.8820652729094789,2.9100911525414226,7.139277845206201,-1.8605293745401017,-2.220298502697176,2.211779144752566,97.216616411654,1.2857904142639236,3.8120024515424302,309.08898378810113,19.03190295396163,375.4413735244775,20.349921954529364,0
-0.5098190888078827,0.26297163361090437,9.110322225091476,3.0327372934506722,-1.4506702169902388,5.748533323354053,88.25097413276193,3.6725510328405213,-0.4305602312069414,307.7251859993932,19.722847619245957,394.0962730705449,12.792309373437645,0
3.6775526773480607,0.5164576466453904,7.084164725351373,-0.5217996460016998,1.858885133096874,5.2747450296916245,90.3563045204776,6.739458031117852,3.5608120214824805,305.2039644931716,21.199420752648184,396.525201558192,19.648899914990842,0
0.6793710358623957,3.1294360433398087,8.137214697113302,1.6798452102655959,1.5338458685387573,1.642943406640244,99.36842102768999,7.448389596491394,3.6853643343030673,302.12332517244073,20.55836242889934,392.55493438500565,21.91404361283638,0
-0.1063956443262144,-0.7235409548883425,10.112272633921537,0.4739107774384922,0.7425133192948316,6.702075180867526,96.45690170063665,5.8342969152173545,3.679414114353962,306.04575819596386,22.420549752942353,394.4615433503753,18.282133381663,0
0.13627289902354078,-1.8822441918499166,7.024457308021153,-0.20991631200034536,-1.7079140982142598,4.838923875615609,86.09847608249848,2.07391302366326,6.831828549154537,308.5218910517622,23.60946339964304,303.7606775416136,14.82437545556478,0
1.7365283711066974,-0.8971284160567087,9.751357278485003,2.7277006498653793,2.0717345866581214,1.6145873148775118,95.24361815211094,5.663213804911777,1.5684034029822493,306.29380733716437,19.04832332552998,378.7493641257927,16.806935809246,0
1.6866581287281566,0.9046679012862774,9.494802737384605,-0.47331764930380066,-1.9114095553010808,7.726136181548504,89.1410163720393,6.155121807718386,2.3507548575907746,308.60235674456345,19.532102416772133,307.1662818062948,17.191829725784405,0
1.5984552231919769,-3.1315181443610287,6.230416365738358,-3.561476215126941,2.8558991647538,9.36501235597787,93.8198684521255,5.906115966637444,-1.224391596638668,307.29745635184054,18.127521163374293,388.8622927827197,12.150806208205971,0
1.8640920060157655,1.274941805302243,10.087788256434802,-1.6064801839034102,6.25287684627973,9.654248684593144,87.30826576530973,5.808908577375837,3.0381666676517187,309.57613214052435,25.06074598151821,380.8705833680145,10.562977026362164,0
5.414105201740923,-1.0775426352354864,9.537132690743011,1.1023834574033884,1.2709022931431009,6.430912881302943,94.61298395688708,4.959526158495061,3.2087128917479983,306.4095665857587,21.609338998243654,359.7935549574162,21.480128411276898,0
0.5418899672307688,2.295625321467127,8.343851774745316,0.7910182127250163,1.7042162713154863,6.164116277154231,100.87050791434213,4.030175322338913,2.9800456473314876,307.93522965313537,21.959604640103155,375.2975617697775,16.524627692392464,0
0.3635045418569254,-4.788520609800943,6.615353083944696,-3.1341165004708764,-0.4477195377911187,8.606313241791593,86.15342265171805,2.7732650081919634,6.21535467896752,308.0117701290707,18.319583229937905,233.17767670331875,28.324821532988047,0
-0.47582545649575536,-1.5731315502083374,6.421587962848861,-1.448685038816402,-3.0824266421736324,9.065767170680196,93.30935907004486,-0.008671037002992765,5.721235044673927,310.0032037452624,20.99766002198625,358.1037504682327,18.699223695002413,0
2.844778845150991,-3.372936302468204,7.064674846193956,-1.1634426984044932,-0.6674387260604446,8.36313740575125,98.61809211635547,4.439083533426701,4.155713448534608,303.58672538733146,22.01849596882617,251.68964524088204,19.815506282926105,0
2.322114585441783,-1.6524589327279051,7.04518892658392,-0.73093918822845,-1.6867904821974986,4.049924795540398,68.61550119522825,3.732405687304377,4.258773892920275,278.08318345089367,18.69448461893115,399.5843645895464,,0
-0.13045491530975015,0.49533180221788625,,-2.751827177203103,-2.3950091528300312,6.243689706429844,58.25780451485876,4.4930516856496325,7.052379336213727,280.697032210777,21.351411249652788,378.82567826470324,14.02002097769285,0
-1.600172953925056,-0.3584532508995098,6.83502449723974,-1.2567422162389572,3.9437198839912986,6.729032288582857,43.04139756418952,1.2591126134142119,4.960484280328297,282.0917929595573,23.823662251285658,397.65693387858596,7.3278757704024144,0
-1.4739124313824792,-0.5067551378960299,3.476488942243215,-1.4572209705190549,1.0447250360515459,2.3467660621655417,32.735247121607806,5.137333378630121,3.3634599221630843,279.4801430252842,17.305874345812096,393.25408189803767,9.582769890590752,1
1.3288155756494022,74.68163025723987,2.541862831122302,1.5430665195238387,1.1873751612279673,7.533721319241548,20.08564719244514,9.510190189241554,-0.43249735496910313,251.414591671157,16.255825508046605,393.1077525373057,3.8915109132581795,1
1.5200983424068846,75.40677648123989,3.1692955091480175,1.6182426219804875,-0.19004473039249908,11.569983651958779,15.78213226421606,5.558000261555822,2.1173710122086344,253.51423673734888,16.54448786894285,395.1876555533561,2.271743956565199,1
1.21374853661039,-2.0170720838862155,11.800260290117834,-0.291620916177632,0.1022578351131273,8.049872331601582,-0.5507085240154073,5.597569361586919,4.5092872343452175,234.73740535046338,21.11239832003298,385.61280006681056,3.4375480147371293,1
-1.1895194145773886,1.4136992817981016,4.155368688959266,-0.784079591741463,2.377101364478667,9.115826162883511,4.082387080631326,6.338904712171402,7.553077379086179,232.28067664266538,19.98471063405937,383.82891294888935,6.687633046723393,1
0.6236826461334395,1.3253319407709678,9.854029132980267,,0.38332576260956913,6.576829460257411,8.596059155234505,9.785574049420676,3.123220692378952,233.6606146243551,17.628944364412703,395.3990727340316,10.34417626407863,1
0.35606161828145644,0.770075875312202,7.20968482797456,-1.6331502149111499,1.5093878760494654,5.922563352032357,39.06716698798513,3.6736044766002185,1.4692889697593914,235.36105452482394,17.973119328801747,391.2326603957554,6.922743781991674,0
0.6087971934580259,1.1130668855025263,7.7323438360319265,-2.293664164334882,0.055991404309968296,6.444542780161951,31.58239405012392,5.50681386678781,0.6300695834315722,236.7809179865489,16.266912747606554,395.51569185661424,7.953706525815867,0
1.9312175558963798,0.592836001617319,7.146695826776409,-1.8804424178514338,-0.23630578146409437,4.154346704031134,33.758920728916856,3.501085155404711,4.103909792611198,234.4852099184706,19.680054315486366,395.53384878558194,13.183682889405386,0
0.6764610975493646,4.070146605462135,,-1.2696263279429134,-2.365828331203724,4.102449625531223,84.45517513713796,4.59539055831001,-0.5292321047685369,233.08827779333117,17.14019635178289,395.64171335948635,17.92640887978434,0
1.6116971261437898,-0.1741883421050198,6.602629791275965,-2.326947599584542,-3.5074981247342563,7.931609114338731,94.35835668444892,5.7708193842361215,4.100690202809776,232.89184964792418,17.37984692109,398.4419631783863,34.80693174949186,0
0.3549281389777829,-0.6141664366691535,9.818100362914917,0.3241191181257495,-0.07512380213280362,8.346684685733036,63.478652051349805,8.782346483227117,4.635423212525825,234.11479311438725,19.11757954305851,396.11845811573335,18.203418440029676,0
0.6669687973799683,19.492944839285244,4.727057711550555,1.4594313475674168,0.5519933839864654,3.9807873688252995,43.37653328213131,10.416681201377473,4.872558906465728,242.7686543150411,16.424010123833558,395.34557766209554,15.338644704236527,0
1.3059464516770807,18.935474658844328,,-3.1741966015964835,-2.1332600734175817,8.050997609107728,61.189269574636334,7.710984289253413,3.5606766561228853,243.37928099804478,16.330068013004308,393.76457210665023,8.9012686129732,0
-2.860711639711333,18.51105642479785,4.351265759573954,0.0502574224320667,0.37005026993073425,6.337080048787958,21.40815998429774,6.061510553953029,5.129881307093629,240.88424747093825,16.821150411058152,396.9631482445627,4.707373186426372,1
,19.222405373538162,5.519496307197426,-0.43987159053267116,0.5465051259810041,6.677617148980861,23.33881958149641,11.800177733277037,4.3418767422566,245.5941143929823,18.390710827586155,397.8453661844772,5.526589172469203,1
-0.9271453085855911,74.85863923669585,1.8560748954195616,0.6830173710736058,-3.902016012118758,6.808437278870127,50.0763206029797,6.46459103734096,1.4437523162788164,466.71963054570267,24.39298615096767,401.9699854921996,16.363480456095637,0
-1.264645696486684,90.66859025699543,2.13004744069504,-0.025877536207176123,-1.4272493189590023,9.237700936248636,20.569876559276754,7.554328171280526,8.700824644750051,225.13577647909398,19.07097246449216,396.3095131223253,5.79210920961757,1
-0.5297345024533675,85.10228411710432,3.6302519138530673,-2.9071985598632617,1.224527787470937,6.548436403726377,37.5747539338393,5.637713910842546,1.2966412407789674,313.19518652170365,18.906628447248536,398.2251963008505,8.341994729356568,1
3.004202622468792,98.46892944514057,1.165287640358292,-2.524778597714331,1.1851174587914877,9.636323990603872,38.93171541305918,11.116983138489488,6.551504600899818,259.9819737597773,14.70029187579775,389.5270465876197,3.5283405732876654,1
-1.5772122313864865,26.800369128039925,4.736228602592181,0.05884715116994545,-1.8543498327995211,6.763825679519849,32.8524186938136,9.751291184742588,3.1627714346085707,283.15463403029537,18.284404273662567,389.71020001444236,6.576441707599207,1
2.0398367091829614,26.478825344601894,2.9007660738641463,2.0575618394910187,0.7698961009994699,7.175368544939065,44.93245794916054,11.767611072232892,10.552941765561858,282.6679683720792,21.007972464470228,399.3576300054332,9.560091057121273,0
-3.2164195432316096,24.680703385155965,4.671414692895384,-4.428374742086006,2.497814450720944,4.074474816925507,68.85695762158346,4.446353295563748,10.937527489309163,282.8983661653324,20.042481649201143,395.91463078271323,14.933795151014191,0
-0.4980600599715497,23.694167710670577,1.9444114805569446,0.6914531596031599,2.0071459179817963,10.283318021409668,92.08702778636255,9.734841614958219,8.059667574253277,287.31779433522263,16.854742702500502,369.3017708302703,11.499568755805042,0
0.43577613021001116,26.0968558416596,3.3042440265623454,2.3792440105752863,0.2624284259721309,7.395649846409933,71.82649290958919,7.365771036732255,9.117542069475517,278.37530601298795,19.043860753148802,398.24804640463236,8.20211226747675,1
1.2989446627185564,25.375947174972207,5.5835720922182706,-0.3060517524124262,-0.4829526266485848,8.187994850690199,44.582641457704966,9.593100433600274,9.117030363215125,281.9945239757028,19.534205953036892,399.41632878925753,9.45900887565434,1
1.4419631595857099,14.603745481169906,4.018026395482792,1.1004049920528816,-0.8425889686690088,3.887628377576917,57.467966941183555,5.927345717791058,1.7144328607185515,221.4625774183191,17.579084265943045,389.24818482776044,5.9327254640926075,1
1.6225344703998505,79.8640394880312,8.988421722459005,-1.4061381617956044,1.3336395658193143,4.644595953841798,16.755523040914987,9.547663645330594,5.094244610878681,338.18176414698326,19.063471189084257,399.938775351291,0.500788494691867,1
-0.6536601444968752,80.52407162414876,2.1968298298581987,-0.23873239855375364,0.7882079462857761,8.262767375837461,32.662362410447486,8.184533502663662,2.382739060254889,334.78803010132157,17.059678073804434,391.3560887387481,9.967052576243294,0
-0.8668135853291343,10.700610427024493,8.94060031329088,-3.241827036616303,1.6678080122044008,6.45178223658521,23.50528883523112,6.420179930427565,2.782486152709348,344.91616403565047,21.646349835777293,398.0859978901068,10.99542596654814,1
1.8514917625143077,12.879686785674886,6.557504960803296,-4.688686616837748,0.672747626242304,1.7664405303421482,36.658568816551075,7.788225375322243,6.253886286424597,345.1349091321357,19.426850523304317,396.8827027479755,16.43936933348279,0
-0.2544486497632298,9.59035502948442,5.767504706507249,1.8855316024505504,2.0465279006948838,7.961579857967638,33.089316561926935,4.967009397915502,5.949315381400405,346.6922504918112,19.062775672850155,392.20005756951076,9.500752421340191,0
-2.4631126466758437,2.6723722000243417,11.675188903452305,-1.9699898554488837,0.6021850659154003,5.329434391294553,8.116706065288131,4.128419828836601,2.587248995768415,308.67900400564514,17.326804364779502,384.6222756544796,10.644011327684495,1
-2.1078144280069613,2.4958999701188636,10.933832967359919,-0.911055690006861,1.982377432263373,8.783633971753424,17.76359685402164,4.360410772749208,2.5328473129979185,305.7771033625584,19.223859066393132,379.2416794983041,9.794117834086512,1
-1.7472645720032227,-0.5050346686059295,11.030791451224438,-2.7728845065403864,2.1546455407332776,5.889328642792601,5.212990281323249,1.581844276619444,2.708806795084656,303.9204233939741,19.22610785135088,391.63777400764315,7.426607103285562,1
1.1897114881075281,0.7269086756781463,9.993333674346662,-2.8199394061677516,-1.196053260449627,6.65441337204106,4.574051950719639,7.010816988406734,5.4652791329309816,306.5741688841964,16.46577223193153,378.33965527411925,,1
0.3638114721411305,-4.81984393159975,10.033780680402298,-0.3476754001892327,-3.179288093741492,8.630909157183297,,6.634687228365133,3.0000304383792056,396.6034946062743,17.62094506045921,394.0966477753219,5.750802321431703,1
1.4760907081355366,-2.3126953205306657,9.742749594955837,-1.459154388271293,3.5239857120291065,4.491014058290675,47.430964832995386,3.099911700472317,5.713425278071905,395.93332500802194,18.053434802967274,379.507220489558,7.584981766238727,1
-0.7529752926730685,-0.5875578403042596,14.136489766562454,0.7559419959893969,0.9503174614245233,4.293306384332121,77.7319648483241,4.748606031889637,6.493693621268589,394.4801822560871,19.526959088111443,375.04372804467414,7.848942105751376,0
0.40414938215342844,-2.1442660428537184,12.276599819828574,0.9050768379591838,-2.991971790992243,5.747003159203785,47.3590588415429,3.559419050741527,4.8235090994137995,394.8697432109992,19.62270022397141,390.4595078388926,12.844184519893822,0
1.3076407879346734,1.4287929652613176,11.637822200687667,0.6416992926492143,-0.9906389944374221,7.8863455992424445,54.27458152207273,5.670647924162061,7.020127393729855,396.2071096877515,17.53736303606959,388.6591617084549,11.056735121723968,0
-0.5348230794404768,3.994593061495988,12.847011253446308,0.4772015818568874,1.9807485847396569,3.2122454947730184,38.09762777196496,3.2474455175779418,4.391379661020415,395.6444204645983,19.63773920508377,392.08424834079733,,0
0.9546804751148229,22.646770561141395,6.449864505831256,3.1555364098637724,-0.133353662265786,3.390930800221807,32.16649829958629,3.633849687824728,3.5722887980121714,281.62647305474945,18.635842141302966,393.8702111855781,2.930056636774649,1
-1.2792318821333024,23.325073191829613,5.220727886052797,-2.135187538089772,-0.5981228386382542,8.266441854087585,70.09353807948358,7.504849772047485,2.0455075377362872,278.60119634835195,13.260759950290087,393.9380645164053,6.811281126927434,1
-0.6895176931301435,25.47089673661986,3.5478901267180656,-0.1098697324058355,3.2277637206259335,5.096043374865992,30.55173855732105,5.272958829751015,6.034354695240411,274.7126673959505,18.030595936096915,393.71404909743967,10.246984621119484,1
-0.7279657879966581,28.22223229699924,7.3125859112979,2.2653796410391775,-1.668574292767621,5.382547974159434,44.20251477858458,9.444917901706951,2.4669591060422595,278.91217645082105,21.157977280284758,390.72837983911205,11.697557701645435,1
-2.341089291178079,-2.4447486250798063,7.648371005963265,2.529079618676073,-1.1473067155096677,2.6753791961196685,48.66709802327241,4.87201992958828,3.6995436354301185,246.05628070455717,15.136388486744641,397.686831610361,6.298266248395833,1
1.0312949615711635,0.49807224461388394,5.479113310645706,-2.8435272986891458,0.8717729500965351,5.2720413712960355,56.471026613169485,2.585543919299016,2.8573678657481305,245.78910102425607,18.72538240083108,389.4394934335153,5.821104008047436,1
-0.8869246804054477,3.6425977016262174,6.43732702268818,-0.6247108833117399,1.2299098641077646,5.999865406737698,46.475304969018026,6.881081752871878,0.8944338737766748,250.03904935861837,21.670522428370575,397.54425691855107,10.791284459812601,1
0.09649823745537486,-3.3035182963585346,6.973919993627622,2.716242191734521,1.441686068681463,7.981755715245785,57.89222366178489,5.00920032829204,1.7817937123533585,245.7729148814217,16.978774093979037,396.35220788804,,1
1.0180933178118179,-2.562138413691664,5.6701986328090275,1.0161582103981306,2.311476089137894,5.4645396675307225,86.78528854264772,4.875445727392847,4.7657444780814675,271.7618469263984,17.80429816085537,395.8036817503126,6.073187094587853,1
0.9460823520598881,-0.8472132129216765,4.638198354225247,0.3905260629595455,0.8861572413630336,10.393752240464993,64.21323333135511,5.795701357735837,2.403315085268961,269.96203480063826,15.191967485544158,395.714956028032,4.42686134524033,1
1.3776102179455725,-1.041176825710822,4.606694094149766,-0.4353693868693135,1.4677678778768182,5.047887951640399,66.01463380754504,1.7867074123084108,-0.018300682733683793,269.9153905486548,21.054462283327144,388.28039764869396,8.95514616118204,1
-0.15765096901884723,1.6252025755072892,4.449321146693006,-0.7676018514154909,-0.029418518630166424,5.038816396829651,74.72578279044481,2.8375933820294246,2.6106565746973835,268.32923942230394,17.63333474600677,392.88547568742587,7.245162757184582,1
-0.8045666240883075,,12.845324650905912,0.5764381261806484,0.5893966064734285,9.516715103795605,52.147711194627284,3.3230003370244137,3.70777193681091,269.88243469683846,18.293253685588034,395.02476994826065,11.388492188749794,1
-0.1306864218127981,24.450075880715744,16.44144631371917,-0.5047482499689667,0.6790683601072689,6.633920304727835,29.639411851278258,1.0844069261687634,10.908092804488362,268.46980774620516,20.908600931011243,396.66749519045635,7.303919030032077,1
-3.3317288679160595,29.03082080580162,12.328372057746892,-0.08515724208888836,0.8941962716380722,5.144950541976846,78.63683537057202,3.0878196996835134,4.570247682684545,270.3400486285091,19.522956789290962,397.6577538240403,11.929646841832875,0
-2.7721849448461744,-1.155077774711301,1.3008010897498903,0.15719741223007475,1.9900796151655216,6.3147337376388135,56.46063714385559,6.1679589157536485,1.238750305867271,275.5275007347526,16.24874253500652,358.46848348646114,1.3161650439342054,1
-2.5303592247088047,2.548894433882478,5.497130135616175,-1.3561430569869983,1.5552913638896622,8.869147155084118,69.70366419798569,3.969876207587694,4.8400558355742085,274.1107441336168,16.70544415182537,391.30131260546864,11.206422642342378,1
-1.8736636552029635,-1.2551750728738393,4.570440325388395,1.0642587477628767,0.5334340058003662,11.001405639251365,74.75279498074129,0.8030773443100245,-1.682072334585691,277.9837886794012,18.989862609046597,397.4723898851086,8.37642191811807,1
0.8814184534468732,-1.2732305662044714,5.864796579371726,5.828489296830839,-1.1732519698820796,6.186413641459488,35.84698660696777,0.3835211766701301,2.1886403127621947,276.8536809600428,16.75175788987412,395.5340639866205,6.222258140073368,1
-1.7423581107201216,1.0822632216090629,2.3466512326254154,-3.5539732786521503,0.5803425161254191,7.331132379841784,60.25014128979569,6.824752117496542,5.988856989362145,275.1038745317155,13.765513375758946,396.7090038533807,2.495820828159394,1
-0.6076651080787794,1.5258529646738732,6.2555023174464655,0.6480250483799598,0.46396443020851214,6.907313655335146,82.43154985033311,2.5971619794897403,4.767601431280492,384.2909860940706,20.793518402721844,395.39518978166336,8.793148334632813,1
2.712776595572131,0.8961987278724072,8.079125605859314,-1.5203801772378112,0.9063631596263968,4.808519778966804,73.43137034944009,1.5612795885967654,1.5333979107038425,383.8323549569961,17.93957467775038,395.2076578746717,5.266961068162557,1
-0.4837679421228519,-3.3711946347696164,8.76406259448115,1.1548051550385,4.933050614280804,6.293629894700012,86.47486770845468,2.166716470205994,4.208164071178804,382.2648181254734,24.13256350712745,69.50648216704086,14.052203120725741,0
1.6866411369341732,1.0760688798565021,8.71797743268002,0.09311494665572184,-0.5275455570824708,6.147645720903401,,-0.23991550863466404,7.909036081918074,384.1409924580423,21.253575275526305,395.51575933383526,13.928556564551817,0
-1.727635360019754,-2.068616103348798,10.827360957513404,1.523709548084927,1.364578038250719,8.44741895787347,89.62150860686322,5.267190299023239,5.752139192641542,382.75797649038526,19.08964988651285,391.57954811165956,10.794408880537128,0
-0.2782551157352601,0.470552223176527,7.837459149993109,2.351013153017559,2.6569241344885963,8.265850056622401,102.76352483022127,1.3207941248279407,3.3222877809749645,382.1101323287598,19.50273517067509,394.8222938019844,16.538315887081577,0
-1.7288441098211624,-2.8474688707981204,9.26406894360585,0.38484223553636265,0.7160038281987657,5.177581203281984,91.44494116927356,4.945803055476844,3.629514385641952,380.75446533946695,17.121204824252157,395.7265107430201,13.445268941863032,0
-0.5468961518011249,0.8926442950861273,6.582745701130788,2.2641045768283563,5.19569023834433,5.699093712278376,85.71038670351203,2.2257034288946302,3.8805994577003733,383.2827852929227,18.701076226438992,387.0821306469597,11.920077393086846,0
1.808636274914791,-1.6131978086147452,9.460634556087626,-4.688595787577355,-0.2360785834629534,7.802584604111272,96.30444417211957,5.29196394913688,5.722395768107992,385.13394131916743,22.932646405081396,394.5837143357067,12.342887451652619,0
-3.1910108463846973,-2.5652693005210434,8.566217100371274,3.1809045958320463,1.1681784446400942,5.058623102145977,91.94465112012061,3.0584889980861707,7.676392265877306,382.6106812932423,25.36357229098478,390.21375801516865,17.241350736906647,0
0.9767772870917146,1.427640272964799,7.060373323430966,0.7501243037846802,-1.0776114897859639,7.372280303474806,56.071229855772486,4.484265325738152,7.104846025598341,389.04141738431593,22.352793026397915,390.19839765582196,9.11737175880532,1
0.5763112046645558,0.4832890433535026,9.538341275650295,2.1556867114903637,-0.15604947028658622,6.539187025261571,81.37216721389383,4.115686092176674,6.912024364218257,433.77137130730546,17.61591492275794,396.3557901903234,9.397689384595141,1
-1.065009911393589,-1.2279536027857942,9.641648506969556,-2.4397514896830432,1.044867820793316,3.974202844522759,96.45343969423524,3.599982132503942,3.3367104798850336,434.60866026532096,16.93608124869217,395.4130936505566,18.229371477037645,0
-2.6699957087769093,2.9023576980421284,9.469689741325807,-1.6615397632106714,2.2396081246154593,4.178326574240707,95.87829856926693,3.2438689543654213,3.3441349720131175,433.59048602414754,15.887008372847276,398.599340504897,14.187093351253456,0
0.28656901542773905,-0.8813048431394849,13.552682484535367,0.29187658828954827,1.1851896680471485,9.148117392062204,84.74097077222041,1.7907985677688303,7.0665040424275265,435.70572994987714,21.919531798679483,387.67708619538644,10.908365669568346,0
,0.06421534794186932,9.813107995384241,-0.03407577867492603,3.065229698669472,5.6151570417134025,86.38200461097257,6.29396938314572,3.3090578041342114,430.4259960330549,17.42250259627125,348.70076725095333,15.891949006212007,0
0.5969324227094079,0.5378268953572019,9.522207779645324,0.5661371760199791,0.35706937881465656,9.456708187796622,73.33699814910076,0.9162260298081988,5.548865957862791,426.87852522868275,22.03125966012501,392.54052810430073,,0
0.19468429104688575,-1.2393318682572272,5.8150980847797165,2.1690303218599323,-0.11733705967801067,4.99372747857018,82.33194555838126,2.756015284686319,6.608300892372354,431.10774878329426,20.58703901922012,392.7597807156106,9.839727613776725,0
3.334137782641831,,8.221585296041045,-3.5304406306056983,5.954970214558773,6.454410402262987,71.88352054132542,2.507271750415191,3.7248120092746224,433.11643715109506,14.318407137307453,336.64263016031464,15.026798803249859,0
-0.33395125494604855,-1.066904694329449,9.483853151087294,,1.3354752988840617,10.516353446036483,63.647051183703276,3.564081506687043,3.951475331282273,432.30303394349596,16.46809520848142,388.0321551935407,15.319919506329377,0
-1.97800498524373,-0.8232766444324184,24.278294647646714,0.016563819915854035,-0.8579630919570953,3.7552265106734417,75.04352675951337,1.3987547082109977,1.8117578708643627,188.55094522193556,17.761909751652357,392.2152557847862,11.717302663901311,1
0.4302012699126323,2.725285279606682,28.413415186755593,-0.4075637222490955,-0.8075275244961377,2.2083710002004464,83.57304549964192,2.8268926111791757,3.0073005750481077,190.64182000533975,18.940307271788523,380.41213478153736,13.828233586898282,0
0.5329833679435303,-2.081172105024866,25.32012444920756,-2.9422304687697807,-1.304359829062681,8.534180262574466,89.98602915843747,1.7492148295940677,4.1230375408275135,188.764115148925,18.979371493772494,379.2914903257695,17.01854997831898,0
2.8687551504808733,-4.82556066185898,,1.00609733675373,2.4541387117135756,4.202381789213852,95.60355708053486,-1.2195050348757985,3.2141068695411037,189.59782585518204,25.092478190796285,368.51782238444844,25.1321763745898,0
1.768712491829157,3.2218739900237887,25.773409268100735,-4.828215702062074,-0.1477545857864837,5.837587271787532,95.69686432104757,2.025404572513693,2.147313189984389,186.1208745162945,16.945544251050485,383.0025353631182,19.276812897925673,0
0.8827621182990186,5.098655905214006,25.724455672843153,1.2967880224774253,0.8357249513129712,4.81416357909683,89.49333406523297,-0.2082306660603035,0.5076104928859013,185.80921262156792,19.55793987132878,384.31656167695667,15.918322970164347,1
3.3139557824391237,-0.8105385308986637,25.472407104574998,-2.984211670945984,0.45398265112346253,6.149325561910633,,-1.7115715248978018,-0.1418139916890384,191.22822784604898,20.333015484935608,358.7519483375467,25.762635382942648,0
-2.118376108645702,-3.8736760812403706,21.89759250324292,0.10691582523494807,2.0869848158818693,3.7919275856285153,97.35322910355305,2.06204664137877,2.978245823341705,437.20180307029415,21.196855991061607,394.98451816087214,17.463398406654427,0
-0.9540730654994954,-0.6209679523918875,25.32759000609972,-0.23833767465584085,-1.0694881857680403,6.071119824233388,97.51027938672534,2.788266684039133,4.819871169961134,435.7535416331077,21.420361155562716,398.21782116896173,18.37088322820105,0
-0.9719018828110498,-0.5724458996813384,17.250778546497564,2.3390762945877674,-1.5271445722860308,6.536630653113068,95.38088088700309,3.0332960842091525,4.6732474132546855,435.75721101290577,19.110382211386824,401.3022062775092,16.67726860240539,0
-0.43955960631153596,-0.3798476820445141,17.88690851112264,-0.35731033802778034,1.0725946143631886,4.441382227451476,97.14788107177885,3.2528414140393886,-0.19980397145024487,435.70175375672346,21.41297238920536,395.5374445206381,12.890333560794025,0
-1.5604322951126177,-2.2267760838436965,20.80365833788777,-1.3882771222913313,1.8259185693997941,4.925831940708222,96.46071403397198,-1.594178041881221,2.428645943464994,435.5820819579083,22.22279799234874,396.10593840084255,11.873678646122743,0
1.8603518936288086,1.1591222849529548,21.91905576387514,-1.013205391942406,1.2890646261952816,5.677234332802937,96.06458205099949,-0.39463385581493915,6.409015103212312,434.4337043947927,21.855201168542255,384.5363902330804,10.993989968326446,1
-0.11462539419754675,,,2.545765537509327,-0.9949074581946552,2.9643691315474436,93.02322229080346,6.416942873627342,4.158430095608279,433.999159195559,22.340401807824183,384.99600764561876,11.768684755501198,0
-1.9654425890053158,-2.988811239638613,22.83617439605495,1.0725939383617873,1.9789696841827875,4.911878034402507,100.52841897771603,0.25158247984592785,1.1659821737940281,436.6099912446912,24.025215801272463,262.2028084543876,20.13152570862441,0
-1.473378162415083,1.3983934633897757,21.121508174238862,-0.7712599630463226,-0.8637218541912685,6.572593079805804,99.57722340195778,3.3323820622733784,8.711642363196303,435.81414825935923,23.07393308382868,396.95918667765477,15.411296198223635,0
0.9496676949003906,4.105369963891782,23.928087386483526,-0.47289283992902686,-0.4190772895727667,5.1429021168231435,95.45333073995626,0.593024756668308,3.9421165353704706,439.2143185708866,21.342589226994875,379.44766834531214,18.952143940307064,0
2.0285831357887623,0.3439206648741197,23.950390806305464,-3.134354181170894,-1.2639070494440046,5.911247014136551,98.4786261320486,2.009145478535129,4.768667918626816,437.58615330653384,18.856483296233442,394.1206160131208,13.347246783904978,0
4.243261783383573,-0.6746503241370121,22.258115662543133,0.776948401703082,3.226316697304062,5.8171966581868295,,0.4020915954528119,4.799049512090269,437.53063536015594,19.99998945057776,390.05013111236735,20.06899069620848,0
6.3722449320146595,-0.2840064288150426,23.815315144973685,-3.5196314153909314,1.8908430820546984,4.839513075135372,94.37742119071491,2.7917823092392897,3.2648090676796278,435.5137591848911,20.76073769616517,397.3537460360254,20.886246500930934,0
1.1197188665519928,1.2305135339371225,22.435290526864257,1.5035929316709122,1.8339867513577466,7.556125131733754,95.3261750360907,1.8854482346333983,2.5448526363572115,436.75794316844,21.704691662682894,390.10562741039075,26.14776920695585,0
-0.3504362400637282,-3.4613432110144364,20.767033946434232,0.2572431849825317,3.1184228422849007,7.890956249603551,100.35423966001007,0.5428204527115328,8.24334997013188,437.7220022072629,20.24333447700121,397.76143851293995,34.82733179792796,0
-0.9430425614626183,0.3287814059546045,20.97563367800001,5.773903599147845,6.496298496477447,4.474239215609103,101.25421920029834,-0.7787442393614206,7.006411739235501,404.43239147942535,12.828533601631296,397.2334703392667,28.34230109961264,0
4.632822924687672,-0.7809278989256202,19.801226245157352,-2.2002711074486117,-2.547452207820311,6.4383964629554145,100.76004659809723,1.947348394985022,6.643874402217353,402.8122163469633,12.323602621759324,395.3060846934376,25.842894439487203,0
1.153857809379348,3.695650025912091,19.58267969350897,-0.20532418208126588,-0.6057531617542162,4.423765689130706,95.82588969092622,-1.07953759808518,6.152578383436421,405.15824755864844,11.397644481888937,398.634363628224,29.27326474456222,0
1.5486254796406294,-0.34834546760991575,22.525907144379147,3.5965754018461253,-0.36135016834904765,6.860974690077009,97.0039204492179,2.274062084241677,2.993365219276631,403.0159786178159,14.230098592450862,166.64619036251165,26.476751215072362,0
0.930856401880384,,14.678255742919825,2.3827792805828287,-0.8306392447653856,8.75955906240651,98.57589166763407,6.7695698180737995,7.555060383480548,404.58569423703534,11.76066911585939,170.0356914177303,18.458129898600518,0
2.0870382271672296,-2.2074813955640145,,-1.3924241031597995,-1.2841664952074252,5.9433190860361975,96.82983456254583,4.161140102524024,3.3137346839765014,402.0202955828217,12.698948631685216,396.8506439618892,28.143173337665296,0
4.4629504615752875,1.1745183336055844,,0.4479348567468955,0.27169387188926875,1.6391709223806386,95.18018283035079,2.9662957737883255,5.566573596301291,399.37482326686273,13.912196254311395,353.9732532253363,31.290312689875705,0
3.048067134890689,0.6388005275824576,18.853478704862386,0.003998712830174466,-1.5622074305788098,6.504991262893919,92.16411544523628,1.3544854045177046,1.7212201890708623,403.53671797603704,12.028165381217132,351.3672610905973,20.81833166336035,0
1.3393303259226235,-1.7380944957295648,19.07078366046794,0.5639117347883144,1.5410847350748265,8.587727486618018,,-2.259505254007051,0.9182822987049608,404.45064812629323,15.459504376997394,372.7841780197506,14.141017128032669,1
-0.5749875056516232,0.3547922292738809,16.565348704453903,-1.3973608719696595,0.9743966428572293,4.960807660003795,98.55352862811831,-1.0529727918003686,5.636582405306229,404.1506946636151,16.180446127211376,340.67483437188685,14.797456041308667,0
-2.222785889408714,2.425037673663201,17.609683935378346,,1.8330573295273105,7.003269612235664,87.28538987946636,4.175785712205427,3.3818014656101836,403.8443733228749,13.601145960449202,345.35274848511796,12.167728842379164,0
1.176564181853338,-0.6475834085732014,17.858316642952857,-3.1961047505534275,1.886456903276505,4.328768917696108,95.7758983382947,0.04368783975044033,1.0216648574054537,402.30282606809004,13.825945384779995,262.8949020287106,15.194183371429379,0
1.306284898363359,-3.3839252983395265,24.49484818415178,1.2702469037361641,2.0770137068533527,3.157921680955452,93.15589646771973,0.35089580367190676,6.081219005894151,401.3865074971088,15.774859540278154,321.32460074509464,15.059953104383057,0
7.0708698271597665,-0.03512565295489182,23.18348389549429,1.900041346843664,0.12418212635223536,6.43433803766528,,1.4141990486319571,9.240161542101578,404.1034565380876,13.272009805530642,89.60454512233856,16.80763670711517,0
2.7072290429457717,-1.8048461895850252,18.7565011646307,-0.454838825287768,5.113286805267334,1.759046558507372,94.17250767245001,-0.3876925176931094,7.779120517160123,403.85289483239654,13.13453217680541,88.66350141814348,14.81429555572659,0
3.189059022046115,,18.8528334193864,-3.2301017811695756,1.0738622329641956,6.463457974212816,95.03881132049302,-0.5762374691032726,4.485364229468655,401.87820181831233,17.09299695637258,369.78972897764703,4.33752598545347,1
0.3442488029216959,-0.16317553937024196,17.28159200562341,1.9770637257029249,-3.11996950524959,8.639684525291006,99.76839298005646,1.6563518544371565,5.017690613393891,405.2188483783841,16.468375477425575,354.1926938673135,6.4505734546749505,1
-0.9448675328340492,-3.4113044320310344,15.763739173549464,0.7290500759856046,-1.133751491532435,2.690474188507438,102.11710563228363,-0.017158909344072493,6.775412513567827,401.2342689709048,15.903100004687838,364.7005641969794,9.119170391055313,1
-0.6567735244647437,-3.231316678641356,19.34623962718295,-0.45203019540195366,-2.8760059780556313,3.6910064081722043,89.99644052517297,0.3163628404422103,7.244256039669814,401.83295324241794,16.551289242788187,335.49906390085346,5.300309252257127,1
0.012907870928493548,0.9641336710510505,17.584296033511947,-0.5612008936761279,0.6396692583026147,5.424935509676844,90.38710848317892,0.40851794770598815,4.312928562348603,406.2728504246833,10.745442549265274,373.34309934539317,5.3465981889874445,1
6.090709464870329,-1.0454373923393607,19.41029893667598,-2.0013388055636776,0.3613895518933327,7.675360280578079,100.24951346750154,3.0854204276689376,5.068355431449149,404.73716387546784,17.407671093586213,391.90475536359963,1.6069228445698096,1
-0.12375335844877222,-5.129488683641134,16.379588301913042,-1.0508202555558088,-0.33185139579891565,7.643566428707581,,1.6977486190092854,5.601229613529073,402.28398138821797,15.484124233167483,385.77908629928027,2.84463272318944,1
3.91933840747269,1.5696880732162701,18.056051083379483,-1.075622692714279,4.626852224801029,8.652272763392174,90.65266061828316,2.0648560642122926,6.107752640557663,403.5747614192871,16.72156276801147,390.7948856513961,11.297935756764538,1
1.1181456438259472,0.5447395105484797,19.87725419060566,2.4568416245603024,1.7029657481538216,8.009696658183394,95.32699162861294,3.4772917946177664,4.733847115977466,403.30958448904767,15.474323558232724,240.22463094237514,7.17671714268398,1
3.8733360257484883,-1.427749648072968,20.312419195567873,-1.2790067817749513,2.0571967228926686,8.919545892137196,95.58759584205691,1.7618207835341197,4.759829509862511,397.50877227004526,14.797849649360312,372.04148901494995,1.6265463064826302,1
2.5701819322117263,,20.414943917484027,1.2804273186575175,-1.2571469758842064,6.1682606286877695,81.40899005041113,1.8693924630856542,7.759664659508776,401.1870521010532,14.149381575275891,227.69476245739227,11.078666220521814,1
1.987124204683819,1.6716157926286743,16.939022031685923,-1.0766324057231595,-1.3932897826620245,7.105459553969655,96.9579307822544,3.040900711140342,7.419041404885773,402.89830676578146,15.43428875377241,296.4177507947473,13.37165969770026,1
2.368004947729132,0.6987012451208592,21.28937146027112,0.4958951217037497,0.6786109981939095,4.67803528937325,94.51431069418032,3.598895687115262,5.954821146872177,402.2867770468814,14.076504182190895,326.32302412451804,11.25374788127598,1
-0.10215539085878089,4.765204565368147,17.979576606796297,-0.28279100428760434,0.9510142793044516,7.5894207071132245,95.55938106119505,2.1317530009827914,8.438218140045857,403.4942051296608,16.435752200130224,293.1945082454044,13.460711620768587,0
3.206044402964161,0.8403771974498747,20.845715829214612,1.7461132001854869,-3.107623134228914,3.6559114912815978,97.94089902769207,2.5499155512410434,4.2271084755471655,405.2589646258958,11.527086710895599,349.4525502177661,14.48306949121319,0
-0.77082696068156,0.7754062825240297,4.0287226467636135,-1.0696226764371157,0.14938595430093188,7.242753987804462,90.54176564200495,1.0325195405333438,8.245946897258762,295.35692843069216,15.516848276411446,393.33653500179776,17.79235426578452,1
-2.3594315275344964,-0.33385586021713026,,-3.145056500004882,0.5381441657470096,8.788285004237663,,0.9249339136709491,6.085030887071101,293.88469040775425,20.689646496953294,397.76906489739446,11.55076492181552,1
-2.4714051486392385,1.633551734401582,3.417604590837624,-2.7638980627272653,0.07970166845774213,6.280729204176175,68.78241213356324,4.240195003933616,11.542052244429179,296.6497033170221,15.347839072855216,394.76139105178424,7.933820005529685,1
0.41181583544423894,1.2501704024963074,4.780727484127535,-1.0637549878855148,-1.1167808246933528,6.193573882076048,32.97696864079073,4.022184125089243,2.6150361464350445,295.3467533328644,16.122632553873046,393.22463188509465,4.339502759612689,1
3.2284025128208698,2.50345001713039,5.275930760949198,-2.4981199413561055,-0.56907036384228,6.820619816619346,48.60829628327957,4.465496876833152,3.621309495565317,295.68787299835617,14.834838133299849,394.3970501836667,13.737472140629437,1
0.3742332271468765,-1.0426458372745695,,0.8204240313591026,0.15628161285440795,0.5919632597986544,71.34964161111165,3.8792086974510442,5.837595656401096,295.41645256169386,17.27169134577165,396.90736541762266,6.772279384000044,1
-0.17085665221976512,-0.8708149458879246,7.113557781202106,-0.9315363297161556,0.6916000472200956,7.464516436970923,76.43395409647572,3.007706551629907,5.794468105957984,300.48367560002197,15.127470219715612,392.31144179740346,6.384745870207842,1
0.6294522792050857,-0.9582063418239603,4.475021541973118,4.749213100052863,1.697583165101136,6.753292004320387,59.33265754434083,4.221823781645538,6.9002779683500375,188.5185914780041,17.4287781303859,398.6369446430024,6.4766959226616745,1
2.6778834834136496,1.5816034423579783,1.9466917672004942,-3.475429190274264,2.6497124099017424,7.663743773886018,80.66614985273411,4.611217522045568,1.6632506334009323,192.2233321937347,19.49773307207014,391.92248446175216,9.574598134716224,1
0.5076450027277126,2.996748880593464,3.9602436242738888,0.40726635741960243,-0.10069544705449962,7.557065025795655,64.61652565096101,4.420356010381296,4.809837037387768,192.9926219487032,16.40247316237037,393.89788113275694,8.307100858143471,1
-0.7308244616674744,-0.9176809862986013,6.327586970376373,-2.255906047011338,-0.4243123922307157,7.005462156870545,96.66818616159547,2.4990441681080267,5.324926009363992,191.43771501543443,19.377222238530443,392.64798419962045,5.258879917239863,1
,-0.8495474555861825,6.380969201566054,-0.9868026807653572,1.3633113470686125,4.282586286697684,97.60366793909881,5.6209854598176765,4.409295664441295,194.79965166425657,19.444458631120714,396.6403596566549,7.533120138434117,1
0.940592876923227,0.6281544477395984,0.00400023835500507,0.28283894668108833,1.7096898328217085,5.321194658349244,92.65396953445294,3.444821363464642,1.07800731615136,194.62651535743927,19.90991218943859,391.77627384661633,11.659425708080294,1
3.131981983991984,-0.49152300002580285,0.6069337776856987,-4.650742749748574,-0.38040086651777116,6.288110968161648,68.97074276320518,4.544452385131597,5.815517610508396,192.90449076302292,18.081081989836083,387.7593633064577,13.17469091485228,1
0.4224888744438123,,5.429837573467702,0.47365223357605496,2.0687869539323445,8.060867823162026,50.276990160522985,3.763375781669759,5.4586498626308275,192.4586524893126,24.28251815395357,394.8642116229121,2.2212206938985695,1
-2.3701880634410006,40.49644541876191,1.3234378983247255,3.8058149245483355,2.396170682311946,7.105838734570137,37.411759097664955,4.282613414968348,6.199169039580755,397.7760863315367,17.309067393084163,396.1669905971607,4.712839006146378,1
-2.61052839849133,43.34658990616621,0.794917733416642,-0.9068765967371857,3.020372931317346,8.634738089837107,29.61016408773552,3.095196019499361,5.408695374417908,397.7904266927044,15.849755248813652,381.0952297834124,3.4337998450393914,1
3.385555864462499,43.43516733207711,2.467611738601906,0.519615713611019,3.9936418134396447,5.0129308939317045,37.71604238454004,5.969401676689652,5.452216020088742,397.8432539437485,13.448151171836528,397.3771522201009,6.34423907575894,1
3.538011441566594,40.35928797522771,4.280453418949172,2.0498433862507985,-1.2958322773188777,7.302400912329699,19.6708474433453,12.170388789815277,4.842528415521245,397.6240017969664,15.005881748251717,375.98433690455636,4.455954742723731,1
,43.07272311126239,3.235206586777807,-0.3279070000539931,0.46479641866502236,9.318859397236482,30.67450663206265,5.7302098504198336,6.281570268505284,398.50489862918477,18.052653953800068,389.3335059232928,3.393163750063188,1
,43.16968776830815,2.138872759188816,-1.1619203770629665,0.45955539323732025,3.7087770061256093,27.531170575722577,6.621789430849896,5.062269705889955,399.5064241296557,18.61906923125254,391.133582738097,2.9731091266499186,1
2.944758584484404,59.59779069096234,1.5815750765509822,-4.5514728074435045,0.20485286293498484,7.159293361560107,,5.327189471305475,-0.6970499507052825,262.53947970480283,18.55665820088046,386.55257584705663,2.736074543467141,1
-2.199701364086976,62.225931783320526,1.5053258711745827,1.2819814387899466,-0.8975258392202723,5.433242996053913,17.90224475943923,5.243560196876131,-1.097183289655184,262.8986722015337,17.170384613459237,381.52248807927936,5.2376064356678205,1
-1.7756440379116527,79.50987869761859,-1.2990192573178851,-0.22633681945779446,-2.5491240064621428,7.13357923105379,35.01974136624063,8.737298956237346,2.495927492695416,251.50296394103296,11.888679587408856,395.36281735479497,5.23277352391662,1
,77.93837255945769,6.083265754552123,-2.0253677027763235,0.5893588920580076,5.477384993571156,31.94942323955725,5.9630579645450705,2.4442644850989037,330.7327948007152,13.57432363565134,395.7085934491732,3.921591918023977,1
-0.7425502457191792,79.88609091757294,2.1150221423711097,0.2531934205553871,-1.132711319095825,6.767898568599112,38.33952237432992,6.360839053267277,1.9460883271295855,329.5006465863809,10.117195243894004,358.16473951046044,8.204702013399583,1
0.027436266559857404,82.0983472428827,3.293518108809477,-1.1673607136123627,0.57598696149525,10.95651122885381,37.33053847690201,4.134014352537397,2.4306875865774984,330.0105350318655,9.625057613238482,391.5051376590276,7.366880706431139,1
-0.2953857970490251,93.04808236777019,0.49184506376215253,-1.0568522622310512,-1.1850870833977067,4.446139277645573,16.391587519699907,6.138176550915506,4.001626267092222,399.14100352327307,17.478317369154478,397.1650387716561,0.5030611623369099,1
0.6929290975978671,93.1788502321571,1.0980866456279021,1.2125823122174164,-1.7963166916886828,4.795779995042345,16.094655014405735,4.236600214093305,1.7453581481662421,405.5698962457603,18.0463988945395,383.32576837920476,5.523634913195735,1
2.8494137226274336,83.61709791854845,0.6028920372592899,-2.676764822647689,0.8835967207537954,3.558130859672991,39.88256353397004,7.533609398423858,4.931320336690696,346.78229818370926,16.50675419696161,397.0739836748867,13.633771607489727,1
0.2029398138034911,82.0569277685384,-3.273416669838404,2.094630572147517,0.7168430536129919,11.064836573256201,17.51831920442775,11.869394443674619,1.4645783459050512,348.3364116142225,15.694272480772188,395.1700305873882,2.8646475577705592,1
1.3229775865537157,96.29496938141895,-0.0760185536957323,-2.7953723262368073,1.574663942641866,6.928320588957426,30.89681293318409,4.384642412698956,3.133146030436982,225.70876932135675,15.763171971485496,393.078968201479,3.5717499325673385,1
-4.080254202062045,94.97270641640941,-0.9412373599607893,-1.3254028167105276,4.787827532835251,7.982721879304652,34.127319413482596,1.7844841340195257,4.964772474664905,222.02604048840786,12.730694830015246,392.9575643060509,4.3672140001993665,1
0.038983196139764115,,6.090432444096785,3.8458923881331546,1.0435790624216936,5.08543411778752,20.594613770730362,5.745399328859467,0.3269795952498544,275.9073512829747,18.390046630630668,398.07027891492214,14.160665336395923,1
-1.4567705405857423,-2.0701562280812817,8.199282051403795,,1.4591635341282592,4.437154243193817,53.019083531143075,2.901050082139686,2.418931100554161,277.3583435492017,15.585766428731025,394.7613038697319,12.919935688868271,1
-2.185636120847256,-0.02416930157653488,13.239911358763262,0.19520798499088038,-1.6661226577346508,5.31269870677113,73.21649237399446,6.95359386110708,5.962145597383666,282.7149461509294,14.59326174119961,391.65078194471494,,1
-1.6204347338575016,-0.42138002872631364,10.50112766459129,-0.881060431002433,-2.084814881072749,10.98048721147312,60.07024511773916,3.675141904420111,0.5251561418757786,277.602249485704,20.08128541968615,386.3969664588559,15.786797675325493,1
-0.23253688140162415,-2.4317818482082614,13.171127524642348,-0.05854461339978645,3.6546588935466673,8.12814184194851,100.67391335212038,2.6113686218344387,6.235148393866312,280.21272230126146,17.093751212418084,397.5348208975988,28.23386029048335,0
2.0062650847120262,,11.41196515380175,1.1465506291713927,-1.3579595598666074,4.254124364415455,90.41238004295055,3.521184888508627,7.0222731327182695,279.4113462903839,20.344997004286107,393.4835201757451,18.51488209351893,1
-2.2770054354791283,1.3714980705493236,12.155117651430318,1.0750464646791968,-1.5988881429372843,6.699148206123372,85.90026517540856,5.180553521872374,3.261089324352503,277.73602007298905,20.81669515576008,395.58125416723817,21.670796173456502,0
0.2784529851888349,-0.7019047644359562,8.78820600939085,0.8182581407480742,0.41080215756689403,4.143954454667248,55.54469735992353,3.1977587384886874,4.5836255348526205,275.02160845673865,17.361365350753605,393.56085900166306,16.59365924883723,1
-0.827818866667157,-2.044560563294659,11.637901908385341,-0.06166502816836866,0.30861517324522325,2.8222647223075583,32.671669155037826,2.951950594412589,6.238174169702053,279.11950722163647,19.7806221891106,384.61160452993414,6.818625497317867,1
-0.3657961887239217,-0.1923578738466645,12.047428468148691,-0.4287502194102282,-1.3160130128865832,7.451021835329259,12.098753681915635,3.1898367940422565,3.0664216239129605,274.0037793167039,17.277686542772717,348.3733648805767,32.01560737853772,1
2.2035356506092083,2.2560377146986053,9.436705415532614,-2.8839574712800258,-0.12094643742620004,8.502185693287101,,1.4016896309982299,5.7355510410523625,280.2017502473542,14.908242250746353,390.5551141017467,7.55823482394415,1
1.1218308740078522,-4.561475690743846,15.009080741232333,-0.03302148432166563,3.0087514353002085,7.980104502095799,53.18967127864608,3.90616320458796,3.657702409738657,276.40001061643653,16.646618808884917,390.43226427472007,13.658487269384047,1
2.744926214885487,-2.9932773798066528,15.022375517149666,1.829248107973693,-1.0619872176635952,5.702269501560854,87.0322593620082,-0.1523531876898203,4.044795413333642,270.69955290540366,15.458252240568477,391.744399994604,7.974439996016304,1
-0.19832135849980093,-1.8457728837905352,12.790894757739835,-1.736668595102235,-2.2373449687323435,5.617448531996027,93.05925878067778,2.001057091268969,3.4013270713500523,275.31898780993635,15.519821978825735,396.7881260118791,16.82710388490402,1
-1.2776352233414061,2.922357733440658,,0.620888976921443,2.435187241799585,7.872531107316247,93.08400691484205,4.882070417661486,5.6852943983896065,277.3078956418459,20.35068623569105,397.27816665154023,13.47230129172099,1
-0.08962763376099903,0.565173965838593,3.8317433362034556,-0.6395078575416879,1.4915938238760735,7.733992074696214,87.20508114304096,3.4677965658654335,10.3159381051311,306.5259522539205,14.348286034534656,392.77198560985045,9.916914329787396,1
0.8927035825424432,1.5346344809224537,6.373011083842924,1.2227008587962227,-0.7340372412973232,5.376725057405912,94.58860342046738,4.22864114597278,7.631774135765672,308.43001162198715,18.16574227074294,393.41584297962044,20.34159505254856,1
0.9767067169074221,-2.280321838252461,6.85401973757863,0.2227336378663637,-2.6573340322538357,3.6408563597636703,75.9468703516336,3.1420086545623818,5.457501680175193,305.2999516645754,15.410385525710495,388.93403902927173,7.639544058226554,1
-1.554076144466733,-2.2390717505410525,4.6149483390841715,2.954787329949338,-0.9822467128771263,6.845750388284025,80.12514049178765,5.6115923619710335,5.834586355426369,304.3880352544248,19.216522818534646,399.6494973664613,3.856597027201127,1
0.49630956325574843,0.8956274334454208,6.253170682652198,1.0131663083805076,0.3945911263014574,10.424019278472226,78.51489740539463,4.743798393539584,8.789198842741081,306.85710919390476,17.99686247235013,387.3032206972584,1.6374387329546263,1
0.9833866602778103,0.1165486618708931,7.341074072276971,-2.6236063315544227,2.835344179767638,6.329823421931685,80.81563534582608,3.786682008495349,11.68823282678854,307.06313133457985,18.158688698361225,382.05629982044843,4.853918482888756,1
5.4170880750678405,1.0974776377282531,7.436381429330602,1.3424560232273972,-1.569163949739314,9.317518763351954,87.16103905717519,5.070791554627086,8.787449998628794,306.30323129787536,15.510220764795479,386.49494706892233,,1
4.1660692225633404,-0.37534198185690426,9.303760240244976,-1.549303712524126,0.3349602369770531,7.826083390267385,83.12382095493498,4.716547108807154,7.2262068986974946,309.4545822932844,15.868824173423352,374.32986567140927,5.239297015155598,1
-1.4082967011176402,0.556287452909254,8.753961664396087,-1.1539927427550671,1.854289319789796,9.186296526464668,16.01907567861258,2.4961729733062197,9.532367933700568,305.2995852497219,19.25450101469177,375.5233457465506,,1
,0.31623816981021835,4.197417134486912,0.6276380402142436,-4.258534680243841,8.295950999438015,22.19028563806345,0.6873021766173331,7.521002728826507,307.6263312146647,20.941595443455125,381.12406079611503,2.324999155543546,1
-2.3898840036740063,1.5555347781698508,9.567172419076044,-0.9834948394602695,2.5715723358777995,4.592069516149294,62.60112922792288,4.5122242516852475,7.243429565271587,307.13593994232724,18.360615634448372,382.89531798178666,11.173976554240241,1
-0.7184540279269729,1.6140165638889412,5.13804699088857,1.7857116326459106,-1.8609011444128747,4.178081199670108,76.82214159903033,4.763678461662858,6.083081788609473,303.88656809572785,15.605158558457132,376.5507113645029,3.090846559325496,1
1.206500007180681,-3.2397439887835398,8.289745624908855,-1.5490201230267908,1.170990986913869,7.269960948634241,72.67391542814758,6.019343982277131,10.816897688492713,304.361939632663,18.077877044924136,384.3587810414768,4.4515234691357115,1
2.743177241776467,-4.494537110681711,6.335973252102178,-1.2378931051827264,1.0003662992214881,10.025254635054015,,1.779257449909413,2.9215841650086727,307.02382203249726,22.254944088675217,379.7707374053431,8.145021228089135,1
-1.010257675487217,2.0034907953030143,5.375701243086065,-0.3127417870962177,2.67617278292769,5.641992192948058,68.66290093925707,1.8390378814456734,9.595718400558539,310.96239999737395,17.60484562143782,359.2599825619693,4.526366078127605,1
-0.9778428801355931,2.375450186523873,2.5846062804501346,-1.1312774967100778,1.6088487617870806,4.697913352284717,60.84751263675234,4.571700532615541,7.072510124404927,308.1585396237976,20.3236817187872,373.9617683124932,10.187675862730604,1
,-2.041246039026675,5.8568709795673035,3.198383111095626,-4.2475809834599625,2.9882993161507234,76.14504502581282,4.005666022293826,7.1793185370967745,303.54873034971075,15.919341268322574,389.8520720537442,12.06955969410007,1
0.18649815891018467,-3.7196708130912572,3.0812335293887823,1.2575925872206062,-1.0625584943119826,10.863295109101877,70.84561425042185,0.37647677885774344,11.384630312235625,300.7790238697613,17.315827896727225,392.30566880109944,1.8361089571487978,1
-2.042388823719126,,6.864598471685545,3.419887908024142,0.7044102587065602,8.13242728285062,14.666368256469847,6.940116327508381,4.571737815599898,301.46610718600874,17.839130412251087,378.7881866558549,7.493367813942173,1
-0.9663588547321474,31.861676452701058,7.963585314278496,4.535288407798509,0.03804022776042609,8.145791962549529,39.93602711984608,2.4850541700220905,4.63986169194318,299.8075730341436,17.39465661652573,383.0255286518074,9.812944400415141,1
-1.6404315563351766,33.59518904486863,3.336178021406619,,1.3832214595135408,8.832450773558948,56.22218697224043,4.445586896253248,5.739211522160939,302.2825319390207,15.067222639777679,389.3268692177563,11.536457628713675,1
,31.0325951442029,5.533941485038542,0.14083825465457778,2.0067331113394107,7.2484167230868035,60.88009870624005,9.039462745720215,6.8276947716244765,298.2385641585771,14.980965085738802,394.3201287990649,13.500526141880265,0
-3.4125567827132626,29.25656660682861,3.479216955984049,-2.352400633286866,1.6449034728593581,5.869342289640942,51.36736930076859,10.68525803561423,5.116288435414261,300.70042499571707,18.57656880620532,371.62526323415364,14.741804772255215,1
-2.806520490781981,28.213738756830274,3.6730305397264207,-1.5552118554965342,-0.000549885108930448,6.065471791755597,7.000559887420472,4.604187263056076,2.852282138928229,301.69234692605573,18.983101625300293,372.68793462659346,9.086853108202293,1
4.464574224056596,22.02290258334131,7.408989407730743,-1.2601650205113388,-3.261674022240961,4.73787127081575,79.98724373458313,7.296116925174612,5.268603638236469,329.10507272358706,22.124287116243842,376.27433766079923,12.376065573931035,0
-2.383515162548062,21.401470592229487,,,-0.47996249770963456,10.874481508830002,71.73720753099273,8.040145046157413,9.562667712929038,329.14782885953787,22.707860966505738,390.062985633499,17.395244301401533,0
-1.8537411569092792,19.969864188542367,9.339296083862024,-2.1037745457968273,1.2637362962779104,7.219824062598885,33.7856589458938,11.617953855163137,7.149553578271023,330.0505256621968,19.369238872645195,391.3247902160587,7.320039777852607,1
3.870397056642628,26.097511301726573,4.895535042594158,-0.2885687570405097,-1.7498945051009551,5.298399117297131,81.80902739423111,7.069762104351197,7.902174567407644,331.0853526931207,18.477601511536815,377.9067991378648,12.103928300857426,0
5.974524338480814,25.57033680414426,7.858672664948979,-2.433436836772814,1.6935494602431527,7.36399354833256,47.61896835899776,6.872731953933444,6.4771575856539245,329.9713319909762,21.80198187755694,376.2520724335196,6.776448884418063,1
-2.1524032576506835,24.272097367110856,6.054826825915565,1.6842539182752656,2.2477865945346087,4.696262164287365,19.518199607468013,10.923951116925725,5.681004607653461,331.94799267551895,20.526138563703174,392.9137800944066,6.054851924017595,1
-0.5961979135760611,20.158299204381745,7.451556019488467,-1.8355070748350284,0.6847339525916851,9.496013437178455,10.282245508153968,6.647121694563484,10.355138899750822,329.07612962146595,17.135089482664817,396.8251052459429,6.105379541908932,1
0.8972011018810191,23.71003864859456,4.965684685340107,5.619137940192784,-5.696559732624792,5.11586180838572,11.046515663578315,8.841103417932915,6.623616285897839,327.3432095890738,17.03272866896218,376.53193903147866,2.583994974562491,1
3.5396052888111846,23.279252818995804,5.760882324896835,-0.9027689019287903,-2.1251767254236067,7.959170865244931,5.987732709058029,5.952414069775146,6.113260240945746,333.9539507362264,20.08386040271262,386.9669272495533,4.089640530038247,1
-1.6047741568564748,22.885091248408106,5.629002241402131,0.14403528383410444,4.203378317112163,10.390955259486269,6.342991518117461,8.564234511815348,9.192284732710679,328.7907325269151,18.745450677032004,397.5833817719163,8.669026636585517,1
-0.4423656918842195,82.49933053408755,1.9678857703084258,,-0.701075586056756,6.877537088409985,31.565712773847373,5.901106323347191,-0.4447207177347705,313.8631158325645,16.347140090518604,392.12467947827156,6.3268028193069155,1
1.590155152123488,81.27074228572255,4.964163069163505,3.4121835162552787,-3.576286446257992,6.0649399836392766,19.65468835944043,7.109432438088591,-0.18945468754799344,314.8683933578556,18.545066729420387,392.5214025541564,8.379188745145221,0
0.8849121489332372,91.48002847260867,5.050498011156728,2.2390013616058324,2.864494776620545,7.47560416971203,33.21050313894858,8.014502710304527,3.020493368033796,244.13436221930797,17.418074289970072,386.632474113931,5.140663648763706,1
-0.14077214246019853,21.27381256674442,5.157109389811134,0.5938317414722251,0.6737111830873457,8.591117806225787,88.00790701199065,1.7011892178265746,5.00054020817636,263.2266327150234,15.659746496836863,389.2914610243854,5.599167288291044,1
0.39586407096791776,20.681582816004212,7.043931307835289,-2.6936050975591312,2.856880977915451,6.179603022144995,98.83401223267187,1.2563885188940507,5.5192226958064285,263.965132206102,9.136927787253267,379.5092555045825,10.668671542422754,1
-2.0931416167399637,16.432777740571634,6.868689602472607,0.42133375544924057,1.2009173504387305,5.943033140460591,101.24074478786271,0.5132007520381647,9.183338178790976,263.92047553714366,13.506795834442402,392.9453235377774,7.229375239639437,1
0.06376251205066952,20.167242154821114,3.2201106203017296,-2.24286209203451,1.5641182724243377,10.162180747301871,82.6844441240732,1.6707878535174343,5.672496492704741,264.3496386540416,14.389377044794413,394.73068422448557,9.093153584057934,1
0.0013450199820898012,18.88761608230175,4.716104636868357,2.9247105269467215,1.3730184954290332,7.302926734629686,89.27815389058414,2.7420263342013875,0.24389207449839923,259.28502508202536,9.946828286624632,393.4267129504179,3.692550223810889,1
,17.44031808471996,2.722798621483575,1.6183894637063454,2.0419766238420003,6.826407461234453,90.6172353752681,4.254332412923524,5.652597886863122,267.7617526140157,11.690208717380056,386.0776049933587,2.67053061237652,1
-0.2853944376380321,23.363633238601647,4.0167106322291115,0.19087807697547224,5.201860897112197,6.294404806276983,94.80308159153053,-3.1714933681936044,5.075759988979198,263.7054233729309,11.319029675342161,392.34257620690187,7.578602619145794,1
1.493147045090278,23.457990681771406,2.770501101762271,-4.872751326494645,2.5890126719183764,9.406741361394447,92.7005074860674,0.2665776514743805,5.0869000487029155,265.16124523889397,13.043396342119832,385.6711579391215,8.858678332568479,1
2.7870516356396573,22.718441200591222,7.210140618272103,-1.9668319573180613,-2.51367863569107,6.911213266328956,66.92359830546322,2.304692484378011,5.491894618792341,261.24379731693193,16.255707937388127,392.817283812974,7.72550104026508,1
1.096558655336932,,4.697396300685925,1.3755222631997448,1.5403230305578068,8.134658356464515,86.47884084359636,1.935173768075428,4.942643424650401,263.0579994775015,17.0451788093298,384.4746363611167,17.301154731838764,1
1.281852816798407,22.701250241905313,3.5339417437911558,2.4257673834463116,2.8579615362064352,7.781957602180418,68.95197989963168,3.22835248505345,4.894775813889222,262.65536826735917,11.371424893853435,382.9174073304265,7.5004931297119075,1
0.6468106951557347,20.02410636120365,6.357237143712754,2.218339622984263,2.980401613072292,8.61672494034589,58.777024389720566,3.4070805722531077,6.226088419541572,266.9394475290171,14.053114500987148,389.9501402359923,2.6716261617966626,1
0.09081878618282836,20.40559455379556,2.618769180409177,-2.1840260044829107,-0.3892099661181991,4.632877750098704,62.531916953535685,3.3077642740131856,1.915838405610998,221.82837278632823,19.717595704284633,387.38266866622126,11.962289849591324,0
-1.143956067085695,17.813057259076032,2.9317948102694205,0.6031046136258081,2.7938888903762553,5.336771937308451,43.069287022623406,3.375293608025646,1.1046273287216488,224.51615997388018,19.375251543029496,390.50275349566647,14.244517496540412,0
0.795098523346616,20.79398260899768,8.551677310439548,2.031030432965859,2.3194847991024106,8.179608974783491,17.70803014864331,3.9379970205289982,9.047562905244781,221.69915909465362,19.39795926947847,395.35864148065565,,1
-0.07997319682697894,20.120771856848833,7.080936896234736,-3.3166711311644903,5.609034873939461,8.286555357838129,56.682068044823495,6.214984699645486,1.5682851124375332,222.0947621206921,19.207485004902658,394.890687297174,5.759243991860239,1
4.408216617861189,17.394695766331072,7.460892600521522,0.9841909692535273,-1.036003472497023,5.727180308098394,50.91219672716249,2.9024841341885717,3.200285824920153,222.50889966959863,21.97514024161284,387.9166131574044,8.956699841210698,1
3.2031498049504847,39.89760577636681,3.7572077933629027,1.5476847966169125,-0.5678011528008504,5.0469470941828485,31.88766146661533,3.9519865537120893,1.0086794982492653,256.5676902536586,19.804933028736116,395.7352928010768,4.239242321550045,1
0.8677331051130016,39.84054087228638,6.363532578299267,-0.6015291696934698,-0.16523809691990782,7.071404305626819,44.09522795443912,4.633984427996841,4.232936830102844,250.22029468193978,15.479692204803467,396.34081769296495,2.5101411435034553,1
-1.4214244193895351,43.59512233328928,10.417018820802685,-2.704323710802403,-0.5334443000775506,10.71926474933902,48.6516508755576,7.907901859748916,2.1335488986213296,251.36867288945115,19.1914421617611,389.22741830607833,7.3328659694674325,1
-2.163552943966836,41.78842665702682,8.058399239591726,0.34860377985254265,-1.333041499527206,2.9948696710620113,27.876446850948607,4.262183483527373,3.115054114299978,250.10538966862038,19.384746749022906,394.409465031045,,1
2.46206590617773,40.022890878182935,6.749413090285624,-0.654610860510048,-5.078351011347486,7.038665879141009,34.27490924029693,6.057913312021922,6.090129331542247,251.8249957604771,18.22993457430358,399.7781501669724,7.956026300903368,1
0.735878450294277,20.497574619602165,2.451892179790125,-0.2961448090955084,-0.4264989474462682,4.059913336853704,33.92630147740828,6.564658806530044,5.944019136756148,214.3767998976158,17.162848741005458,398.3654218855387,3.21630419524909,1
0.9960668067832217,20.088424756208397,2.5408542962612124,-1.1269428508501391,1.181616119399809,6.551338012948909,64.17655799391751,4.567191470018703,6.136819049149638,212.77103749181921,15.276148068598074,389.2343290862925,7.9007972178212444,1
-3.4521219739483855,19.594172030408906,-0.9283957784000352,-0.8860243064829346,-0.5435436910118214,6.239143163871518,,4.8232620418464744,1.4575903232162744,214.53170450677067,15.300935442152502,395.1222082198863,3.43076006464755,1
1.9161669631163616,17.835145605223428,3.845280841842321,0.9205874353060441,4.313662367058219,6.803983313126218,51.970549463306384,4.5537926559035675,8.673790339658026,211.97057103813316,15.142481089354087,378.2094157630454,6.122032653899954,1
0.9238506764287259,89.69789624478614,2.900966216963708,1.8849092099394222,0.4277516254317252,6.855408120681583,26.347782361819732,5.373353731514835,-1.3837626218837502,195.96402255246463,9.563511828400662,395.446585608762,2.782262301391047,1
-2.211801368828956,88.50780348669497,-0.1812386543412301,-0.6088535257133344,2.982058110368271,7.102414120752741,17.587486363409237,9.015779721153665,4.05712162858773,287.4008407998204,15.139203212188253,396.7382238125101,9.464194231309925,1
-0.932089614899898,52.49936892215371,0.927166215386368,-0.8192978567360037,0.9118408254599367,5.382488866738844,31.273692122183437,7.769319954511028,3.0430877319629723,300.8071761405622,13.96349885109086,396.86601857192335,9.698446998052273,1
0.5470844087130391,81.02244362909506,-0.5549292644668442,0.18470807650891616,2.037814619786516,3.305085230291695,,9.559779418339739,2.15466548356936,241.37493534434506,15.827104043614884,342.8971316759321,15.22370351030009,0
0.14364359671248725,53.28252931986647,3.3892976103824735,-3.841831851790363,0.9634831078671245,7.768739225045552,32.857659434242066,5.06675297924033,4.290030438183237,290.9944428874418,19.468036569479047,393.99074480592776,5.45875258567171,1
,48.92658497726384,5.426963253643801,0.9540702544529162,3.1425692638071254,7.820744334297761,47.42020298987954,5.382219845249531,6.3031796896390455,289.92783008191054,17.608415037068916,395.21707969381066,9.751270802557723,1
-0.1640065361319217,52.25463072500975,1.1511956900230516,-0.0011261942459176164,0.5168787002648014,8.251348620045338,23.467812002350946,11.60409364955396,5.05815717871028,290.7216878489314,16.540337838110904,371.17029179193906,13.20287970182288,1
-0.46893475641377075,81.99140277179984,6.178540876714128,0.07938705319512365,1.4032414161775715,3.779531007471836,29.07049506271771,4.761048549422621,4.058079143010584,244.91358034620797,18.070393297795146,398.4592420414718,2.812614041516286,1
0.38398502420493713,82.11844747779264,6.457710139867364,1.921468615188928,1.1436658673000875,7.745836305168301,27.828273604756305,3.5671560088432797,3.50025548182888,246.73635355945333,19.79233916925748,396.85730716185884,3.629412134284245,1
2.979133945986314,82.05167368577048,,-3.9056310600964963,-0.16557091625463766,7.9819577116138465,22.052296623638878,7.978898331178595,-0.07722101314481655,246.80473483427065,21.182872186635027,399.1737372669011,3.6531067150396916,1
-5.050666881862595,0.0778264138029196,8.958582980030917,-3.9476677397179274,1.2469646378493535,4.06459586312083,17.877471217917492,6.066317097367104,6.243568301969177,290.26122472496667,14.346068312906118,399.53047325748855,7.8871274956298,1
-0.3917105290193685,-1.6900906559383022,11.92716274799522,,4.905772492395364,6.027346496364259,42.33798237328021,6.659009833729043,3.837785686901278,287.5248862718641,15.99034325544678,399.2983409373544,13.822845597864982,1
0.4823448427448939,-2.167397654716121,16.385803868205393,-0.014233710257031545,-0.10379388419088403,6.445466709379269,31.030641499962822,5.6843058494369325,3.030399200995526,289.04909966480795,17.736132997702345,399.31108112896055,4.261530947739591,1
0.645707979374199,0.689209809500715,8.364011438542855,0.34035388638386443,1.2759297857064966,10.233301317136528,47.22885419111306,5.323053818846391,2.8793455343404646,288.3573149399255,12.12799774183174,390.7760121906826,5.5057623562984555,1
-0.6027991626425797,0.758560068730326,,-0.9242541503448911,2.9525579017388854,9.638992074025147,57.205033330141134,5.980827255005419,4.716919152733537,288.5976204730105,15.884860475189193,397.8652709989115,19.061801872828752,0
-3.448783564957165,72.57466222321013,-0.12000155693451786,1.3287073484798624,2.6805065618885604,3.016287213339598,20.212411306178304,5.062323659402747,3.2124873234110556,362.07425579391963,13.941417258904924,367.02494191808916,6.219096851776724,1
0.7116009674282193,72.19995930068417,3.8491406031696735,1.86527768598224,0.4234328354387305,12.02885401145598,9.437260016188597,7.651945181160205,0.48964888305191323,354.4759995259928,14.532340284489933,368.2818673372816,8.980740498085048,1
3.49887042832837,69.73554268693766,0.8897720957130775,0.9679645879030541,-4.366777405914723,5.040548557693352,46.90635240897683,8.419866154085234,5.814259606416552,357.5306463681555,13.796742887256194,390.28505773588836,5.169122724348294,1
-3.0323528098322754,,6.897908041471223,-0.5216569168091663,1.4664056372969325,8.551346588654852,41.37598274160917,9.192626467687507,8.038205995913643,331.4234978143923,16.375249210414594,398.3994739312545,9.752562274475139,1
,33.361786805978205,7.220920838338186,-4.215378775228806,-4.005948517246106,8.435995961727462,16.24208562590273,5.663698130010431,6.600736350644734,326.06821700993294,19.947254440845438,384.5314840202369,7.348646112456391,1
-0.5570504462457878,,9.762451679460039,1.5384724160742562,3.372874461882462,4.9906195463163865,14.443915572097577,0.8233459155793899,4.704194249619983,327.7125051494675,15.4521550521429,394.4656187432118,5.146602337295392,1
-0.06749869165769459,32.595833509221194,1.7741161126492597,2.4434573324351856,0.8109477423865211,8.222535587678198,40.40366041832665,3.8340291344307573,7.17787108177857,220.94192300486472,18.98342201818821,394.03446029053623,3.381806605431392,1
-2.051007021407898,31.84421178384469,,1.28911682396796,2.4713480397439778,6.400932511467872,59.62822881100358,8.849008266216611,4.070935263372823,221.55342055589202,22.389492836818224,398.2556055071858,10.299909113310015,1
-0.5938823447117533,33.5057696299398,-0.7901109582548718,-1.759284854735013,-1.3322222763621023,8.528660009264781,75.27510607897328,4.83193246997008,4.945538806624681,218.80808568078757,17.299968843254888,397.25504245103406,7.116948166984676,1
2.649409189397917,31.992084517178778,4.560827126587489,1.3475887873355157,-2.6330149466001087,7.3103446047612515,71.86425647818947,1.5609221123828227,5.498604126991678,223.19057212067608,22.029350697857936,396.94496059230744,7.414890675068163,1
1.658290483975414,-1.256132167450748,8.37898230385727,1.721059415922891,1.0655087682823345,9.027678970740494,79.5634724802623,4.499713028861113,5.687878141783112,305.3325745650263,18.410646013254212,394.341219824157,3.7592713508006703,1
3.8140232108198884,0.6229056686068791,8.77849167182451,3.1176324955981713,0.47679312008771607,6.122799086292125,76.23526552124646,1.6184731502205194,3.274778099126166,305.0167506500359,21.96379245172985,398.46112548058557,8.180492025263801,0
4.990303777955387,-0.8039851602584096,9.85550441030158,-1.7522198484559153,-0.4390816523143314,4.637251861147377,38.313268762163055,-0.18821503909371495,3.104267176447079,302.25925265141785,19.900402249892636,349.445749742119,14.095425824065522,0
1.6685833578591525,0.48820877795670425,6.774231309320301,-0.45290916908827694,0.7133225614655276,8.314128466114362,53.155182233847185,1.9435612735318555,7.9093850308224924,304.1730215815746,19.014216725164843,395.6059047211825,3.6378200285931874,1
3.7495590523355844,0.5464080457042454,10.357540057857877,1.4945441022869104,6.0788717840645194,7.183791929717207,91.47860910588575,3.0170528784777226,4.704924994377428,302.2011195208618,18.268738636226825,398.86246112752514,12.743791824098487,0
1.1473663174765976,-2.2788580021831493,11.834932545850021,0.11482014287631558,2.2130510947381152,7.7296267886417755,80.96590210707848,-0.48151100486679166,4.677989020949652,303.33480667845697,17.151917120241578,395.7064453375919,12.048902789618914,1
2.0251763535941176,-0.9624822477308244,10.485867646994583,-2.2346552041025496,2.642997211726638,5.237826655482807,87.42988617510149,1.3039814189227283,3.2605985095824503,308.30693585434176,18.551583099928703,397.9541027344214,12.251042977288595,1
-0.3395819070694167,2.8755538798329248,6.72220487164255,0.829232570053406,2.2318737831067113,3.614474437203052,78.54064565955225,3.9656711263647093,2.8072566647264443,304.1913907551925,20.194722918040046,395.6956177318901,8.489744114658693,0
0.45136163171840965,-2.3241590254685742,9.65238141134068,1.1573232676303333,3.502924287704386,4.778555713494597,,3.1822536480220918,-0.37281288003430113,301.6249468480257,18.37377713800666,390.5980482693895,17.25652387931339,0
-1.1496276466005537,-4.233308897941062,11.384057805958982,0.17592579266200398,0.16385665419851025,4.540357228638823,70.08856366677442,4.821322542292181,5.937481063847116,304.3606706813278,17.766754389876283,396.78029120460826,16.782901481110674,0
2.381187869189706,-3.723690306485023,6.144022468068185,0.4391698543598883,-3.5655226153505875,7.954398537305829,66.5096862655142,1.1031633453828773,4.896619411512758,301.29640814787336,17.898434931644452,396.7750363613448,10.2194361559713,1
-1.881137246229731,0.058219893153338406,7.750467972364572,-0.5174118033714603,0.16682773398798045,8.064968100588104,53.39236463985332,5.430127497106602,3.6416680135731734,301.60197921496996,20.384953227166104,399.3371293369885,9.931188563435159,0
1.7323006848353226,0.06183455606539782,9.13308720816304,2.9565578714321186,2.1164714199930037,6.115739420935199,51.05707606484445,2.17288180587961,4.725546596327488,284.9177537281024,22.050322910199714,397.63629311039676,7.970631902946982,1
-0.1997121150103189,-0.23522171085024188,7.920190868394573,-1.8013843674253531,-1.4466007902301472,9.237838037648705,53.25117021405791,7.82586860387526,6.47228852452211,286.11138109560864,18.265698972463262,400.8497821707147,6.849966209767401,1
2.6936341869346387,2.428379657857003,8.203943164253507,-1.1746415255275577,0.1402680990213393,8.77793878753026,47.86083098366511,1.2895834312433667,1.8905798538402938,288.8739379911784,18.262824285105022,398.6943888360661,11.528650817207563,0
1.7856579774625196,-5.345668866205876,11.098989615246623,0.021971027055051242,-0.8905394860046262,6.194797832801079,74.6312243004653,2.5359914592331747,3.820237336892389,288.15679639603366,20.358717839334226,390.66040121177116,11.233542594765106,0
3.982382315293603,0.7918677488616472,8.317105557012406,1.7579080554017852,3.4970585036862607,4.77121645691392,39.98810913590947,5.555841606063658,2.727394274214939,288.04599065649467,22.65506412951451,398.5574228122579,8.456006770653183,1
1.6534093822772895,3.1228764036071466,8.695776020866358,-2.9947463401890735,1.9919140308131276,9.58175329887108,10.181572244844777,8.744366502995277,8.543018564973492,284.8021508688189,21.891980616625123,397.09188055741754,2.545823193740049,1
-2.8406105113064815,-2.255561529783428,12.801491054436653,-2.6205934995308784,1.7960812412879181,6.189965297943184,29.33101593860351,6.045986072232341,6.751311063706601,285.9173712891287,17.096295575640177,400.8965779666826,4.093981404206984,1
0.10712365420359832,-0.7596130235797902,6.952390883819018,-4.075457015469436,1.7362026262419428,6.335330392861949,41.84335173842195,6.541615840364782,0.5946147177292715,287.54400221376636,19.071848060016276,399.27378268919813,14.233323919618979,1
-2.2778443851896317,-1.5057838344572418,1.64423447276301,0.06539045050654158,0.38550149489574614,5.188789948786863,26.77137791838103,5.249673803346117,0.9724767467200488,428.7433600292232,15.038792890620973,382.491348907316,12.13746156121475,0
-0.9693196847325494,-1.7886920921550575,4.095592796494266,-2.2366116344130877,0.8551125650550071,4.553419347405605,14.636297504542668,3.161803091769613,3.7353086532850273,429.44326711939783,16.364974956169483,374.77661349188816,5.4252145478512155,1
3.0678968665534434,,4.11798205877779,-0.7691002200358334,-1.9103691610646352,3.2067211393694164,32.260013077061885,4.893323303521241,3.0551195758551506,430.8827173850599,20.108819992070707,369.7221390071228,9.138154812967823,0
1.325297621795392,37.85497056736901,5.006569216107583,1.322756379783416,-3.934983957501135,6.971736647114577,27.833673342226987,4.216880560037446,-1.6487644161537767,303.3024546375974,14.054798702433963,397.36794899054206,9.666841652941844,0
-1.3632008571574927,,3.9952059608903046,-1.2830854415656932,0.7380622606900482,4.464197892206759,23.90620376990066,4.083280064446257,4.889524475300979,304.45211917820404,13.662269413439619,363.1175382444289,7.467560347389041,0
-1.9766047328807979,-0.6718784500802955,9.809688844180156,0.46256404548672914,1.162980512544289,12.435062457993647,38.349394555302695,7.261897838639493,5.625079827965158,227.18545691203914,18.542891693132795,390.6190637437376,7.353845571248252,1
0.10294418575252158,3.8101204281289403,5.843686940776046,-0.5986758155034441,2.9335291368507552,4.137852834775042,37.98967164995709,4.212044035824077,5.949632645726183,223.656282402026,20.774621205151984,389.50279570863415,5.88008300172771,0
-2.3935102987622554,0.07115295396924973,3.725429237195849,1.3442286301928736,3.6576716321647353,3.52223505003726,31.42745537191151,6.624408013446723,3.6159701015355723,226.3586756194384,21.441509641281513,396.24421787473756,7.511930588112394,0
-1.3080105547931622,3.507382053402162,7.021860604559198,0.9502561346960176,3.6549969699978937,6.889277431226882,43.34558407307794,2.6274544955578043,6.444548294356005,225.1187401346147,21.074896869723066,396.57573098671213,7.540409203407897,0
0.6544289431024878,-0.18659729930698354,4.9717096968773316,-1.38386739234922,-1.4810471865877557,8.95362695793459,58.43222612181556,6.207766040233509,4.239134478035976,221.06551601302647,22.55137080646203,395.08085197049104,9.26328317275015,0
2.3436840722133923,0.2621156520922886,4.684237107364337,-0.33730350680090526,-0.18953006989953858,6.188179313886444,37.283440232140826,3.8348348620740746,4.433313652585001,221.79572594147294,16.67382881153214,399.57619999247964,12.026221832428677,0
1.2724929444488795,0.7309489452856691,6.314545743828987,2.087486795440989,1.475668591762759,7.129484840374549,44.18350410560176,7.625431067301289,6.22200391965052,222.33280823386022,22.576673076717874,396.42057244293835,9.885849783434265,0
-4.5210690171962,6.3577073587350705,2.6062354635366205,0.786753740508194,5.5788093554843545,2.2809051650825807,59.75042386115893,5.45963779115813,1.7420048698794006,222.29033016613442,19.575809359907417,397.00522415182274,7.285384466698803,0
0.6217434580605196,36.702571149689575,2.2252544078343446,-2.793924115502263,3.402198407427832,5.885976908616466,48.74155816157663,9.509465785988283,4.194055719701965,283.8194205077864,16.962988619609735,393.00924467918696,4.860456100164017,1
0.16904714646515584,-1.4145290599029272,5.715909615463504,1.3112361223427653,2.7567943239967603,4.392768541724866,57.769974550440985,4.755606567149615,1.3647784294477516,423.22928809616366,13.253149146473591,391.3932621329463,5.455144757666876,0
0.8532105707453861,56.93799574055171,4.712355324394621,-2.1692212448724764,-0.29157591109858116,2.9059083001042376,55.84380741402418,5.844386680488334,7.561888417560849,372.51031683340943,17.609913394018143,399.6333583574365,5.151680615719576,1
3.2629093633024144,54.276334925831314,,2.825026139922012,-1.2823992623102491,7.107960468047773,28.551719672633105,4.503225683767443,2.849160486762363,370.61635017745016,18.07254154117803,391.21899569191356,7.330679478092907,1
-4.0953465536094855,-0.9795003658024183,3.3757894391435155,2.04819767968205,2.019815766766479,1.5283447567791333,49.14976943764917,7.1863895145111645,1.1536697519436139,351.10864088789356,21.111502074996835,386.0467290493914,10.245035151226789,0
-1.1205868503822112,1.8172027197842224,3.569320053309781,0.5797709518368016,-1.7593225284687202,3.2536080678251023,56.056758263986254,7.489391554510743,0.6761995568003756,347.83551751274024,15.62949075478447,365.7587085665585,16.45146035220241,0
1.2005126455867092,85.0621711755423,3.6420746439044382,0.3144656868723868,-0.04787270196060528,5.441612411973164,26.362181319993162,7.083583558625721,4.500595345329677,351.14117915083466,17.961505097069807,392.1228993556599,6.169304323007888,1
-3.1481787989078844,80.55715182902361,1.2543869344834557,-0.41806451205484,0.20544410199615473,4.972428328097847,29.5530426768192,5.91299428230861,4.131966603836492,280.05154038739,14.829529417715714,391.99603735938905,5.918042607617008,1
2.9808880961070177,40.02797044373059,3.0826228821491335,1.3570479028000562,3.6148241782456156,7.731817004414135,35.352247893638854,5.965065352694694,0.07117636153763895,335.3658575070779,20.71099208841655,390.47793030499844,,1
0.7988232254013168,,-2.2164182064179663,-0.7415563389241233,-0.2803946059193551,7.10116038380496,44.35315408159837,4.112603768585205,-1.0281383857705588,339.21248059540665,21.254433072912253,397.01652877450294,,1
1.772667971686808,60.8499317948723,3.4140001008242677,0.47113974127978775,-4.467499277145231,8.366597491870913,34.89876370802269,8.597607072993085,1.4668074605383152,413.48119309238615,20.874340485016177,371.05550738455423,5.89987864730715,1
-1.069447323043589,56.126066134589166,0.9306269497148777,1.7438687330389022,1.4198892953249367,7.388767465425357,15.401485647311514,11.96528779334369,3.9030321990586883,412.5701218365,17.229941091383253,393.2338445667873,7.692027023878096,0
1.644617379932421,91.33314533721907,2.7738955713907445,-1.1236130870511793,-0.9880437062078529,9.009625578722762,35.07833088189397,8.929502935973435,4.0688264408228,185.0758457398568,18.85445297137758,383.87169513030886,7.472077787030295,1
2.179953111978077,78.0359611603394,-0.3439758204017276,-1.2323854799813891,0.49826204887549363,5.659163199981892,19.752595174564398,7.849454307493389,2.6287860152834757,332.97401050160653,24.721803174954108,382.3150064158439,9.979358788327236,0
0.5723460402743367,,4.567262133698872,-2.388730961448918,0.2395905983157527,6.542933801633339,,14.16749714246583,7.094178972263219,333.810310786143,18.713506060289067,379.4547240273431,3.302616628906399,0
9.451761785397393,-0.11682248771736488,20.59126992034375,-1.1289454922523445,0.22259200836446347,7.235027403838382,95.80864231665883,0.8492079003034918,23.835348643614534,664.4491857519793,21.4246898401969,383.15109353769276,20.08427723725516,0
4.390386478563451,0.16796200662890853,20.019181051500148,-2.6567906228830047,2.3506811635694076,6.678313394782051,88.9058165584671,3.1472920183296713,26.54008586785385,667.0009290499702,22.11702250756021,388.9312661029319,12.745370948838008,1
3.4750794705212362,-1.3870123291445615,15.070490448412922,2.4596575780310594,-2.2957297567054145,5.332611380165852,84.5675730905859,4.007334293000989,22.933495634634607,666.7138176984314,19.682547227225125,392.91105759124787,9.67109354740791,1
3.9662526395192943,1.6620637153359488,,3.6178290841655416,-0.26402844990872043,5.44711493132046,82.50218367482859,3.8341522595625603,24.489552567597315,663.8233844138906,17.778452844949783,388.8256943443837,13.064206501742404,1
4.236874935095282,-2.684350332741814,18.90971017527142,2.850657886940611,2.1380758262347626,4.762883203340069,86.19224142083824,-0.5264284612161192,23.88904796748733,668.3936334181923,22.085911512219326,374.3534231699229,7.384461288672363,1
4.60362772870699,-0.8138874975451179,14.889457505734866,-3.252168977253033,-0.45816955068873644,7.094233659819659,90.57954273887376,1.8333806402010198,20.604755380963756,666.2046206676177,17.800982344884485,352.4415610220745,17.266930628057047,0
5.677868493820589,-1.1697482698660013,18.05140523245837,1.4497093431124,-2.4476134185399436,5.173969651829689,92.48351467577493,-1.1328545390367841,26.856676612527824,662.5418577065155,19.843297130978193,381.97250588409656,10.87124405698242,0
2.1053178360431812,-0.09317454067867874,18.829068978066527,3.844212699847113,2.1071106865134714,4.47665249872647,88.01132009963462,6.797335717820647,23.729692785935168,665.89731428331,20.11975188439334,353.38406227356097,15.051317841772011,0
3.2242619393608445,0.5577285692944776,19.212150547646303,0.08638003852267195,2.964189260883078,7.4555103613508145,83.6979638014047,-1.2850505280312001,25.492836439265922,666.5624129118459,21.631076103408,355.60787109391583,7.091294165710879,1
7.518781095317946,-2.0157858992470894,18.45452273389771,0.20289486130009893,0.6280095847139873,1.1402025444344228,89.54987577922822,-0.48248043773964033,22.49594255507688,667.9455847228714,18.946736880974935,353.31582768674326,9.305743236185425,1
2.209773542374872,1.4485653549124564,18.68246283369476,-4.015786101609341,-3.203691196939065,6.9206826824744,89.97390583661738,-0.32890170968300936,23.670311236840472,665.3250471937467,18.83083262234429,315.54175445649474,15.567210188594599,1
11.877699965419358,0.12600473666939946,21.047222784506193,,2.0429394933976326,4.020235339063575,102.10370972105504,-1.4827209534457608,22.26629528015329,667.6558765348944,20.39783095752622,131.3798109032484,16.168926945629906,1
5.302832383662388,-3.783892506623821,20.55206781982136,-2.127119458869435,-2.6887757628393762,3.2443999608534595,,4.03768781951309,26.471996965526788,666.3742839735404,22.2127809552395,372.3515673222563,4.477364825827577,1
,-3.917182880794062,12.365890092434515,1.399270035823029,1.2485985536963313,8.300095499204037,94.30474440171241,6.201595802166992,24.62281869490135,663.3698907819248,24.774900001306293,373.0073795905548,4.065302929453404,1
6.561612111121319,-0.02463858585862247,17.465122890324636,-2.1224058443777607,-1.1439276494843196,5.895102380411254,98.91932373127575,0.25090176137476516,24.734107053361775,663.169666453035,17.18503760044245,389.8068678774447,5.438344124176059,1
11.89022118087398,-0.4419346355727082,17.770697944912097,1.0857164489551918,-1.6886785715339305,3.402998745975535,103.34224245712649,-1.4717462936888202,26.716368294209957,668.2451197402987,20.830684035573157,367.6782164473675,9.348207719835722,1
9.980837965133054,-0.206840227149267,14.59580285454606,3.0490253508533796,-0.21582003415938034,7.917444578438266,90.58686397636738,-3.3442509974520425,26.312682593798044,668.3919683567635,18.026929947531414,348.3707098971448,8.946493032689323,1
12.791740133780124,-0.05596491306043596,18.288366116464626,-1.5663597234303352,0.30140488714548036,3.8318060208677736,99.91931522693197,0.685982562955797,25.530685072272572,666.6458184608094,22.237622486413485,398.1221224001479,38.21315383459383,0
19.60643300264819,0.45111967902036143,20.597515544821015,-2.273845162820869,-0.6204165007728965,3.320201819582421,95.60963250695558,0.5042691536771123,21.156545305925075,668.9914134423601,18.322910905381534,393.22069002039507,41.21384825591046,0
24.26440620069217,,15.92686428081882,-4.312046085099962,1.8484065564303014,7.395360040698355,93.85510588791304,0.013707747279710913,22.608641760966634,668.1132196980832,18.850703563635353,393.9328666278968,13.423648386153355,0
14.877676622267911,-2.2222098018351164,18.772801877379745,,-0.2211387569176675,8.93417844558023,93.55881907379174,1.7876505079524567,21.992223727977294,667.3672574589594,19.021458281872007,364.34643088051297,,0
5.816445415866972,-2.3439431858015896,16.268353045407125,-1.1631878685632102,2.6313817433436437,6.834074581732623,98.08387466085765,2.1483462856309727,25.4550673872516,664.1773770225327,20.04760212256039,391.34266071666787,24.166347000416994,0
26.85670872303428,-2.186647715774765,16.756175952640646,-3.1020388246961095,1.2333463312869588,3.9817657477095394,93.98832963569576,2.0322665158758015,24.341303883500103,669.4628575020647,20.846395193717413,399.3492587151996,25.29083671583043,0
16.95130113808635,0.5778333343374138,21.05478726834007,0.9060375126243433,-0.724114413192616,7.31075400822436,100.1310651616601,0.7538502560630257,21.218975132738812,667.0726028644166,21.167402787217025,390.09336571295444,22.411162508394728,0
89.19196088868607,2.489894757292891,17.014884359776353,-0.8999407637292983,-1.0608797676645718,5.998020551476552,92.13026273501562,-0.7867436591485237,23.622511573977544,665.2283224507768,20.188464907634433,398.5866897838499,16.56625457962011,0
18.493501369721052,-0.862678876479021,19.02442497802125,-2.151471917290465,-2.623992598094877,10.320847943058933,100.98883173708055,2.850866195613432,21.011775328562443,664.6634599893894,17.540217955118838,395.12283075048606,21.743393157429185,0
5.98250091788215,-5.003399688319309,14.357563767878027,-1.1091448112808941,1.2814663557336448,5.53376055600422,100.2732045660254,1.605427518843061,23.89368702386048,666.5135675630277,21.655572300620378,398.99780743034313,23.556583080224595,0
5.48918557178772,-3.407985725220751,21.82463512278976,2.1426090778592313,-0.009175094502716252,1.0499290042026672,102.45678873666877,3.3098150496693,20.68925499202563,662.657881830323,20.09408267267394,403.31632182783295,,0
16.882344125762295,-1.6660734455920232,19.305304892612998,1.2058738875104444,-4.044391056127028,5.082729944311348,91.21598805909763,3.019651098944463,25.057654986769226,667.3993465507057,22.523469580029396,281.28364473975773,30.88808465717447,0
15.223527419949153,-1.1154577749904295,17.735000314699477,-0.26005212299697966,-0.37142974553880026,9.166195584520457,97.86933001038533,-1.4174241380942312,24.755925252068145,664.0928583706119,18.784522441040124,398.2907542957213,31.340848091279213,0
25.273073212033985,-0.8167772545094528,19.25109301999979,1.238210036929705,-1.102068058509904,7.80384057709078,102.12862437249436,-1.4012444149152063,27.81589698669376,666.7412162176486,16.99545054529801,393.2836745728125,27.52920986615954,0
23.64547568562554,0.07716224596183413,15.28036114210438,-2.321823912773478,3.8513551843413207,8.661908577513131,87.54311823991713,0.007318562518943139,25.695746578994687,664.9567593252837,20.131947994633848,397.75353784443496,33.79765137721903,0
14.886248358657108,-0.6234926616448943,20.465061483505316,,-2.7055572237866192,2.840479629237073,105.62889490653232,-0.523030816581336,23.154171488354994,665.4711625745506,22.79190537656853,372.5064556728962,33.19766478462198,0
5.326208232215267,2.0986792210868144,17.45203044900714,0.2946446609729411,-2.182701599468108,7.214304791953557,99.65051495633348,3.2386035519522016,25.63614018654897,664.4861802544699,20.5218842732321,397.15956464492365,22.789795387310825,0
2.341943126734712,-1.3520346113627375,17.691860969903132,-0.9396730169974538,2.9199392862113998,4.2690109205265765,97.76165850567534,2.6291193519758354,21.204672238109644,665.6775411376384,19.800660401654287,392.60662744734356,16.55750322957201,0
5.401757170780765,-1.724635918951086,17.116688770069032,0.8709166719148357,3.4135263149279265,6.499578798833849,83.5501919479452,4.366167987570622,22.07505479263783,669.7787590920348,18.459305964685132,379.941082218993,20.271643008376746,1
10.634347932723328,0.9577510770409232,16.938697194508833,-1.5608669092889025,-0.789965877451283,2.4900951425205347,100.75427295066328,2.5629736348218364,24.66628506415022,668.7701192540973,23.715532933361644,394.0032843240592,25.83592279492008,0
,-3.0712841398522386,19.48934122325682,1.0196414155522358,-0.5711716456178219,4.9040884702345675,94.18501482334521,2.2084991637467377,19.683500674504145,666.7089579099909,18.14079481023044,399.38327452579745,12.698508042868097,0
,0.7793834106400044,18.611813700208447,1.1037175430625839,1.9254707931066255,4.534506605272769,91.48988804199216,4.181559560688341,23.925678430132233,665.94941146887,18.74921148474352,396.0814993867796,17.695458756995492,0
8.993232864117363,0.20510636745253372,19.40349628280608,-5.834319761394132,-3.9611995938906204,8.268110560285233,101.606940769535,2.665154679470097,21.95947341576316,667.6884023813858,21.340068392168046,389.17461864519385,17.412263281913898,0
7.392316170751707,-0.2948849798363348,18.08241062102886,2.3806114070202353,-3.029387369011112,8.00643824333931,95.31820684110997,1.8130019268754376,24.202614110306527,668.2599407882151,16.48795862022642,400.0898736466814,24.557096004138614,0
8.130442748230136,3.1765522142985247,19.126399622154363,-6.095265130705508,0.13153319829857624,6.300639458661641,99.11431014567866,4.594306067861371,21.844527283905474,664.340363235585,22.749181330762678,392.96531469438173,22.83454172655712,0
39.411929411202934,-1.2444148905894359,17.262302512149926,-1.2320980511122506,3.792781132258252,2.7521571638892293,97.44149205564946,1.7199617663055802,24.848496274910378,665.8451222647356,21.44838622843471,400.715271940884,32.01230031386905,0
8.507203474260237,4.120596341048157,22.5594636828191,2.05069606851551,-0.17846017633347921,5.22872113210056,78.85240403624779,0.8917187901641567,24.03865484733478,662.3560835408639,21.99846214362222,340.6027122586267,30.46834100257636,0
24.68687717233708,-0.4508628984561986,14.964139167139004,-0.6345734505048813,0.8948735834703092,4.494767034114548,98.6972514198649,-0.08684651755529926,26.80073183376266,668.2462042205218,21.31623402389931,395.3037085904271,27.097444510116034,0
14.629752193313914,-2.5540328899404563,20.62187464712597,,2.960578545128024,8.082351513388982,100.20033927598695,2.9801509180908226,24.013469068203243,670.1300485154018,19.87775296508726,396.7300203981265,18.312621192733786,0
11.236766950834838,0.1398391619896506,20.835814901441942,-2.1874741234333412,4.906769466556292,8.76036970563437,99.43180198927844,4.1131010836849375,22.462714390077068,666.1601652492461,18.073702579689154,376.3520758793272,16.832025545600178,0
24.014217655550855,-2.1524904006375363,16.395682388068813,2.0538114926412394,-0.46069694629662516,7.461771172061766,99.8500256034717,1.6016251971331399,23.506228288345433,661.7499797501939,19.91984911755008,399.95260639997286,18.024881781836868,0
42.57153451146423,-1.5035116956270005,22.558547221111947,-3.8430090610972765,0.6593265525331479,4.020561161165959,89.36452060029119,4.223231247559677,21.311527205966538,667.2177810331541,18.24952737649473,330.33503542673424,27.284565963659137,0
67.38912241616924,0.7940666000309823,20.09098056589064,2.2579822019240345,4.337110442685685,0.20393375542104142,100.09302634042949,-2.5146300639431516,24.81227450941088,664.1918216677018,21.172310620152768,385.32258524219293,18.76892144358203,0
20.48111566534374,1.1111641773002496,,-0.11020419808457868,-2.385398550382857,0.6040762037398912,100.12795542273771,1.0671932503841703,25.179700492630545,664.673301116671,21.813559661096203,369.8202408258034,22.251356415454502,0
13.610138084048145,-1.2443354005085163,18.156044374051756,-2.384790660884867,2.7141621411076438,8.451253956164416,99.25311406730097,1.2050101757911276,28.938392073385636,667.253152779582,23.153617262396416,331.9888859282907,,1
3.417769257891688,1.9748102900928013,17.66554768356265,-1.1662301446053822,-1.4396310647225166,4.814490121360352,100.11201258300558,0.0007112551853061255,22.75632801879119,666.5091082510254,20.943535281105724,317.24918417135666,25.969146893029084,0
,2.315015516042268,17.681182345920785,-2.0344486822032826,0.8019447342063134,5.3505507634697755,99.34216025933324,6.233222075963747,23.464410852649635,665.0237824493228,22.04915071319037,179.36741070159496,18.456552803623712,1
48.171429205114364,2.872603513126582,18.881061192639034,1.7324504017170572,0.11176190519945145,9.042320586872467,99.1573254507086,1.2806147346224777,22.848482951123568,664.7007887347967,19.605710525539713,1.8100054574036508,9.426972371237198,0
9.383467760303391,1.0588268142514443,20.902372550067795,1.4648556195256766,-1.3190232014024585,9.187319890976653,101.95718572732993,0.7120384567911335,24.42422740226245,666.2516721104416,19.24344572398361,33.92098566877262,24.66778765624772,0
17.454471119689646,2.7268574241713974,18.46262843572284,-3.4383222677520933,-1.3692038553165502,4.676897443839573,98.9234018093667,1.6058242268670102,24.763381068959227,665.1810688949753,21.1473437816336,27.682469692327675,35.6942905629812,0
30.15466779945548,-3.7615968559481154,16.277112753725422,-0.8071842370386682,1.1498287285075088,4.568193817872053,99.92448993110294,-2.416227477051659,23.893250311142978,663.781525732794,19.427054254566183,208.16580800791448,18.9593984462037,0
45.17633186723485,-0.6358130972569251,19.74885412476996,-1.7263713246885541,2.6840786563253642,4.254797574373749,96.83737843697801,0.1384641493101697,26.172651833746066,665.3348736370433,20.738371577655315,86.76924938334705,36.843304423276074,0
18.480180163883702,-1.7340105126468526,19.942301492789586,2.5870199369187405,0.41952759362299363,6.888325596774933,101.40838069024633,3.801179938890808,22.766040992490446,666.6791852465103,18.07761562132916,30.246840551300647,28.993373328695466,0
13.012634993421585,0.23845172225478417,19.409319056895573,-2.700198236252842,0.8192263174664328,9.982094562639215,94.68173387836373,0.5616092901344505,25.972348095781424,665.6437930663608,18.436744635047397,21.156801478865006,24.254089132519695,0
28.595972264535384,-1.1428984383934746,19.590997813049967,3.208458209370028,1.8213481325820944,6.148934848474454,90.54245074559958,-0.010250325600543064,25.076995707282165,663.1729828035036,21.47081860203658,128.7688233371122,25.101739564512293,0
73.39582413054772,-0.33231568389946475,17.558143739684386,-0.06658947903387513,-1.2642375460259196,7.409058066078282,102.92359833509461,4.4216512730288,23.975940160202107,667.978129242751,21.97338015081219,11.492486964198331,22.641048040653427,0
14.519471779138795,3.764349760408099,16.242021665738843,-2.323868812760175,2.197385016825846,9.162540218140343,74.80779572764534,4.474508801903658,23.370126718485707,660.5223771261134,18.228687662066637,49.58662261793176,21.900431244966367,0
11.27165331686822,-0.3394395928407566,16.363613138718442,-1.3545483680185557,2.3566861941194936,4.071647997951162,100.4726485640564,2.8928809443222834,28.85333551746274,665.1072696899431,21.54122862101284,318.4272945912618,12.830607225938257,0
5.347793552345076,0.8275846343804278,14.829073503084285,-1.6032376815369012,5.92525259750082,7.5157237849480865,93.41368015126122,0.9643653319226655,22.36598269851584,664.7596030908921,19.13452865392945,319.017119954219,15.613719311861114,0
10.859399295602529,-0.4645386598484704,18.5738972230919,-2.549236804031012,-0.13820838111916456,5.058862490676777,87.14446890883731,1.472257869767353,24.59586635393683,666.2963577557429,20.23301035240062,291.91191991484226,14.336019506258246,0
4.089346974869967,0.15142657591366734,17.933102433546814,0.18965371946075132,-0.30216360333625525,1.0708096084544678,,0.41350007685008183,22.499561859515737,667.1233236156055,23.033888831581294,1.5283494923759444,19.34459155161233,0
7.015852292532696,0.012033360872142919,17.220024590940582,-2.4558311013836867,2.121931743147491,1.3086609160283764,70.8036412262066,0.0739537619427102,27.57124149724261,668.2535296165221,21.814974468045897,-0.597749839776712,17.078507284365614,0
15.144266623851141,0.896648131946319,12.188762351309862,-4.3607324174763775,2.317208337824277,3.8597647769626287,92.57471795479756,-0.17923297661686477,25.773652657598408,664.5751902532957,21.791743976044383,9.524495882343874,26.125959868696523,0
,2.330615071094354,15.605365060611664,-0.7593529416963462,-0.486174306753424,6.899446457185163,57.069941788924496,0.761491186429585,22.64330024231771,667.173164674667,24.017580716913933,25.136035122696384,16.592458771043667,0
41.10343966233197,,20.341681302806336,-3.6057123928357653,-0.1273253538600977,6.429599130680593,75.93767213701845,-0.20654198136948998,25.025189986862458,666.3916367757629,18.792241317900405,18.192115090504295,18.97959023038994,0
4.602746969245921,0.6192401638183337,16.77074799987374,-1.5043217361350407,1.761261676436081,6.561733414351328,79.08290517987918,-1.191810237086298,24.51539144255311,662.5769212496335,18.228250050014907,94.79762925585513,24.022218964624358,0
10.124544936519838,1.1790937720712042,18.821183355313686,-1.8182057772067117,-0.9761684814693228,10.281886965373385,,2.4070053395078115,22.96675047605052,669.8010805108682,18.75575545954282,57.78028496778573,26.977868049501705,0
,-2.301729018371134,15.318629140049488,-1.7424321440516284,-0.23706797603002983,3.8098207702803752,88.82491648800043,2.5218911617868742,25.516328434456348,663.1224497455196,19.69099789318677,83.89778541413612,23.240171871828654,0
11.011694176926405,-0.17575348483124115,20.977410964718462,4.001926203180307,0.7631855347368692,6.778133291632553,90.50802960170788,5.489785516856633,24.77861078220882,666.8389945446195,15.490898771416212,84.55688192045072,21.206312523549197,0
6.181876698624547,1.880578929767178,17.811944679890647,0.11282313433914153,2.575877369644516,7.033871045627631,77.64215187613956,0.8637232632905949,24.431397427771905,666.7799198883955,19.78514352660638,98.35633295348208,12.3561404158654,0
1.9192583483049397,1.7319372768343064,18.680080792967072,0.4907420179906643,-0.49619723235908164,4.963453766923329,89.7728008340293,2.908001179246541,23.916160577515342,666.5512735646581,19.110858536210177,97.42447678781434,18.167480586862663,0
15.769993983136969,0.42321946559010043,22.75155958376337,-3.5527965926845892,-2.971768924061344,6.264653490165882,91.90940010894248,2.8476251585496035,24.862108985199303,665.0108462356768,21.767519534795596,101.0802334540768,14.051527133210012,0
9.950398574382538,1.7727879191359048,21.132880201178807,-1.3079262672738439,-3.093194935036422,3.4291013318313097,93.993596766579,1.6170248777489338,24.45877532298492,667.654505302281,20.90483875802008,109.74331407550653,23.485372638989936,0
13.35299952325289,0.9815334179876377,17.486868757425885,0.43060525988302395,-1.7788261334122668,9.280812434550056,95.49104482299161,3.4912671774993527,24.118186666050036,662.8792650521139,18.998606744461327,29.218087252148457,16.754544713843373,0
13.03769517742062,2.400612516518643,16.913559630259282,-2.049057825826013,-1.8863354363998746,4.788770894939132,101.10086702186958,3.464658373701429,22.717968168024875,665.8683424226522,21.37992169072581,10.533466354823453,27.245969115125764,0
12.369533446624889,0.5787183139142222,17.448909976960937,1.8161256870359708,0.43077848276018194,9.997800329557005,85.28180989522403,2.47542219039508,27.387532481524985,664.872250646895,21.64652611964754,62.97835493178015,32.71618182396036,0
10.246410881389835,-0.7113966311420693,19.11979649695307,-2.4053931718020602,-1.63776030719521,5.562051352165089,95.1214843115924,1.3059205899044088,21.899160113302905,664.645404115866,18.66290842041718,397.9904844088569,21.506143000276563,0
21.672611318127192,0.6716825138660473,17.88955173149826,-0.5727322717303512,-0.6655099196424081,7.874107130798366,88.12499880783884,1.15113978289093,24.85527243775949,666.8574955749071,19.213951489235164,389.4430411809918,,0
10.381504004564963,-5.861188751705551,17.309511709993057,-1.1721032799511173,-0.8081717699640996,6.299394262017691,96.75435564848559,-0.6704077975941183,23.359518515397134,668.1549570854394,15.749273625804033,383.1165425171026,,0
6.390213707857687,0.7657714727700989,21.034362501418087,,-0.14101572169598686,6.15751233547894,102.2759135388001,0.3929644427646166,27.5190945388986,665.3134884763263,18.01868005126143,395.31305317925285,12.734957728566506,0
12.607863311056335,-7.296825650429567,17.87158021644433,-1.280980143710852,3.3850086630462446,5.3169413335559845,100.03678843114264,0.7343849521966241,22.19303492555232,667.5613621798516,18.715060879152844,387.55194221806005,15.938886157375823,0
12.116727698271243,-3.446926814810836,22.69917818607464,-0.5417872541418747,2.063895178861033,6.092247858732556,95.6021249000761,-0.3523435248588682,22.529473476479335,666.0994813308891,20.348332353212044,237.23853077942636,21.495467017077072,0
7.718084366308536,0.9035372018819683,18.281485127504347,-0.4722601835559711,0.7722588305520077,7.094997388828094,96.5786925075447,2.8677479333753286,22.060363873476348,664.2145355815239,18.30923464128037,44.46915283411511,22.21405618777205,0
8.422514833143966,0.9550586745335905,21.670636788449457,-1.468775514782602,-0.18205256116167623,4.77248298216964,98.34950363017317,4.4652557379740205,24.64693010190122,665.4840958135179,19.17309602590178,319.5366776950632,18.618846658957274,0
9.26187365580549,-2.324857560279861,18.814638845421253,0.9701877369942253,-0.12646531324604238,6.000911168280232,99.2200793857339,0.3818751353416998,21.253898680862715,665.4010282184167,17.7493386368348,388.613952392599,16.877877694143272,0
11.558274889154754,-1.4242040837578775,20.0259211464989,0.47677674967485056,1.368492939903899,4.964802267885772,100.44868485689278,2.8284828714892742,23.042943010484468,664.6066801749892,20.54222779706254,395.16475273954586,20.2605587433984,0
8.292764226364941,2.741081977228264,16.650777896964552,-0.1772278905063346,1.8813381467045804,11.016328139229678,100.46274958787428,0.11677772094057959,19.69526835429143,666.8569658573117,21.051429189169813,302.2512439916214,20.81560364588354,0
6.45544493959331,-0.9680602631453523,16.392481554825178,,-1.1022350122012008,6.569538460176763,94.06581711487506,1.7137556581216757,24.48084270825618,666.4692923754095,21.004730696839644,2.3718642631604547,19.583805912365317,0
6.13869178809259,4.48584062480597,19.019411910029977,1.593088061039994,0.7859615112284629,9.745464303393119,,0.9745408416444483,22.999570282487475,662.8187006034611,20.224722263810516,352.2675546270082,18.946792382918247,0
8.9921951202526,-0.003839706352692298,20.07710648493063,-0.4716684876283627,-3.350239137326054,5.905755338384623,91.97901799952763,3.571991297212883,21.023886512136293,662.6969480095213,17.11785400699721,387.2189409216383,17.68935861818298,0
12.402051058107507,0.8160723537625336,,-0.6133945756518744,1.136427568341194,7.911575283069816,98.8254805618052,1.0951236523156436,26.17121880594812,666.8493689064115,18.960092672214298,375.53960168173916,18.93870348457531,0
9.652392270265556,3.233748796997215,15.527213329832607,0.20938005977625201,2.237298483917372,4.085271856709461,91.67526341388054,4.519420827413294,21.384666203230122,664.3694271424109,19.385386655363032,6.488331000714285,20.548825583480202,0
5.07275118663415,0.2620542323868391,15.379483267421348,3.3931733659417014,0.15286274623824914,5.6308548162642715,84.58937698236038,1.944358452675602,25.59388738005643,666.6040823102006,19.39340937415875,47.50382458917335,18.882190735107983,0
6.821310314932771,-2.0046879613816024,15.24572719562752,-2.680712416042408,4.34605399228021,6.397069341578494,87.33597103612959,1.2813925808103384,22.59791835202439,667.5618631562184,20.349962435979673,10.186566739742828,21.552143741720286,0
6.509257934465306,-0.21945490338858023,14.56475577412124,1.5397137861107093,-1.0494768948721007,9.108007661919734,80.78290431920486,0.2725894753096738,27.20314275579085,663.4580943251889,23.051082744742036,4.727171032022752,12.248423514993208,0
8.41837074523651,,,-3.78634232247621,1.1478808306065225,6.744965555352542,86.58162519600853,3.2895090205906996,25.49910107785229,663.1769254908477,21.824192425369198,269.537179824296,15.649073651719101,0
6.749444304092287,-2.729483304403131,20.350087843416052,0.4345463164572479,0.641350506668089,8.848440722385998,84.31640554424898,4.50793680445236,21.983904258251943,669.3488633647906,18.22496444030261,397.89727173450365,14.088419068696536,0
,-0.5116641426816467,18.073168426150385,3.1501656552174615,0.5124046651131833,7.9824582204058405,92.00695258175533,3.1441425130737484,22.165834895579387,666.703141565925,21.556805750593266,255.40802450735802,18.725365754963143,0
2.0263723881011884,-1.4843841879948734,13.579170485324298,0.9773370489346143,0.48435566399050467,9.630802678929372,90.55863131286425,7.044763332828848,25.21105041044862,665.1615186866535,21.48060473533147,390.1424887723354,17.79278999390154,0
3.475785013382062,1.8487155143748681,17.718479079330905,0.3412501570795856,0.9272100600189433,6.198915565389889,82.53710640462242,5.593974904940836,23.475243738579668,664.1321190947075,18.58786505409687,398.6093461729826,11.089641259579475,0
1.6751831280174168,0.06922374837051123,17.77440200673479,-1.1208989376061511,2.4089174869273995,11.293445421303609,91.08938042274038,2.186544470565969,23.66131498595727,664.9791183021855,21.897731845270876,389.4154864620429,13.112334348298551,0
5.604551774020784,-0.5655914982951401,22.29199750045088,0.06209440097710848,3.410472472549489,5.238207594171754,64.91294391655028,2.3273451323858616,26.544477723544198,663.6188553277734,19.87924672810947,397.5933614974874,10.877109627947462,1
,-0.21236386124515252,15.185724174160889,,0.6504995109916852,4.226076331604663,50.84427178815696,4.005893438970706,22.502622253260085,667.7668243481812,17.38009301997111,337.63887031614655,11.847569508878355,0
3.1885968267024762,0.44624403681233227,,-1.5719532158627108,2.2856321443432663,3.5318943006219317,85.97168667653187,1.19546163914863,24.18258754435091,664.4464976927874,21.110405449274282,24.889886278201324,16.68142859534527,0
8.296742324859034,1.2336283993795596,21.51170536108913,-0.5797512309497397,-0.819533892533565,10.665049343116142,92.11903249062328,4.872876613064973,25.909255587304614,668.1870691764325,20.633923647229047,332.0696134410771,20.683587055734833,0
17.787686739814596,-1.9994244573387627,18.999956682693096,0.3967623212528791,2.111910905452466,7.564895145235795,71.32304930430769,3.6316010436871675,25.618234976771202,665.19874216046,19.744644741628345,368.13663844773833,15.013165440566246,0
11.150917767316747,-2.0831752652425437,19.22662614703285,-1.5344341370612806,-0.9439830476539807,5.044758533239383,59.99622432364776,3.3366178217170654,23.680774664958655,663.9132996327654,20.1250938300334,395.62839488690474,16.059755946985135,0
5.044206904901914,2.20935843080506,18.32916887404776,-1.6125636413693683,2.7613198721762644,8.66504539374699,83.6375379309066,4.407307335541633,23.422188238294684,665.1473968239724,18.761829042223077,396.2941484121887,17.648804849453203,0
3.2242535272993496,-0.8246737444094612,18.75988707731453,-2.7204868751843487,4.953281754786479,7.6043843702355645,91.59543006019014,6.544959766738118,20.522369074958135,660.7516664449971,21.420261007594217,396.4176144958358,14.97808319232734,0
2.9999523239198096,-2.833684185193748,19.655219060557073,0.7814500521777922,0.33583222405721636,10.36925494275118,76.09175767547829,3.2384107043750103,21.88751001466961,665.758462846652,20.11309873098215,391.75551238908116,13.49308934044427,1
5.017541298830764,0.8876254187662093,16.48102736221447,1.0906465239341208,-3.7710869816148174,3.8843343345201777,65.5267542016708,2.3068192582572316,24.636718453149467,665.6597616177397,20.532897687896455,376.19484763610075,,1
9.294132233950787,0.9267396120653738,19.8561171578164,0.46332088847303493,-0.512145866489646,4.89627978337149,96.42141589842703,5.447239246645157,23.72423562211553,667.6494854930959,20.914283848857742,356.84632103600666,18.079145670194716,0
5.7146030322319685,-3.061430514513413,15.353993966228924,1.9303409854573317,3.0477502685786066,5.236957232114349,94.61232969593075,4.14110083198227,24.149854157132452,662.2273901440333,17.890828771147348,302.6362335297452,27.47599088293693,0
6.999113065468717,0.4589634309272126,18.756735945663078,0.17573527416145504,1.7201535740504896,2.536634647182797,92.3487517871972,1.6633403192325553,26.078507219268122,668.3237327217271,18.411433956235896,393.52121039343336,13.011510434733562,0
12.739523547715192,1.4711661848567472,18.457481926572655,0.7840218747315134,1.111827197350059,7.4246544095593885,99.45144593498839,2.11107289731804,21.62535378187545,667.6411985899953,15.78011108076758,346.7905105073672,22.996111302021795,0
10.245678124724538,0.7487729034125261,16.867413823615784,0.6076748512751257,2.631336711909678,5.644206888393283,97.41351258061673,2.561261831877597,23.5276393955347,668.5040871273973,21.329484516980813,381.25313110342313,18.041081685583595,0
19.529047453191666,1.2639629675227906,18.05462944934871,,1.582906878496844,7.708262409973124,87.39104438450694,2.674825889209966,24.377421926822436,665.8945572479918,17.775579952506465,383.2005076420791,10.938859530168994,1
6.270169485250551,-2.808538196181498,16.854919694668894,-1.0616436562592946,2.9674503749022727,10.961543868659223,65.59292204249037,0.711000298121772,22.591680124850967,668.0277936682055,20.465139419791303,398.6536617921281,10.223359285457766,1
8.574609013212346,0.6620803099923912,15.956597346276514,4.428305231583822,2.3708473532939713,6.043512616344783,74.77981550448975,0.2467307843968798,26.862954227854836,663.0575119301861,20.941976449879103,392.0027315016813,7.487848927260181,1
5.9142003563464165,-0.6052395189408931,17.392770516772714,,3.5754009054739178,6.21869403468569,77.02515700470367,1.6358199559950926,25.817173603226294,667.4260951304091,21.40470567778504,396.94124709507963,5.694627782415062,1
3.979934190659593,-0.9655803174492896,15.892022729256679,-1.3317554222408727,1.2495921678125086,5.999328339447992,41.61363705344027,2.1688231139773153,24.58026665417751,664.4576744758001,17.791966172327882,392.60340165310055,10.548937852205345,1
2.265003611214617,1.741111218839453,18.7455949281865,0.8680196469002139,2.3935188029879093,7.84549470596682,40.44526451868173,2.436351972054995,27.588463558657175,662.6971963351541,20.06967676371862,369.26499188935213,14.596298555515627,0
3.332854837671591,2.95854902134846,15.799829011695275,0.5037088305900103,-0.03125414617157085,5.1785739493797,51.98067281110938,5.261121284180009,21.002209440779716,663.7517189636712,23.5405608415755,387.8180030423952,10.107467109937996,0
4.13278520654916,3.588740109200718,19.523954045982105,-2.809583095220655,-0.6199216231180118,4.852076805735739,79.1754636107867,3.2080416873505233,23.984547437788635,666.0110622772586,23.62862935996863,390.28589128915354,14.07361053206253,0
5.6962727179151065,2.62961574301181,15.73704186414236,2.245356509127477,3.9965352808379464,8.019378540482732,50.028793250799495,3.5450892100203766,24.73267393786812,664.3514015835648,22.174646188053902,392.19871911716325,11.118470166692255,0
-1.5522143783715359,-0.21946836326036737,26.607410168837987,-0.18838915070166662,1.041409352645376,6.211278647676071,90.85908848750141,-0.6277068200845233,2.170889906412156,711.7521470633916,20.77498627763768,394.897236372883,18.04512730670882,0
1.5145404726268583,0.7054403260526861,26.49079318356964,-2.221862190431441,2.218761131724758,1.3245434739903583,101.43641289412766,0.8321155941581098,4.601429083635456,707.3835248899919,18.089787222309248,345.3390281773644,20.489360869331154,0
2.37803400889182,1.5336457435684874,30.390293457749678,2.377568228707748,0.8564800288227803,2.6422164010617837,98.76944662917047,2.997115323489681,1.7868350124242438,706.7458049127682,21.537243250782108,317.3562617342584,30.603107835922557,0
0.8388028144744599,0.24235589859892392,28.400579891233182,1.251351143192308,-0.5640313018399286,8.98547172765442,96.15282339719722,3.0580049163536036,5.3811146365485065,713.7447748682871,19.783957542506318,388.00614435604035,17.167997541106413,0
-0.46117746711138374,0.26152837582308874,27.31653239491121,-2.5290839838958283,0.6309657851648026,6.786856566157625,80.41929124830318,0.6607523436241842,6.115669536257814,712.8076002588028,21.22105655054569,396.4322389781641,15.873070149622102,0
1.0812411586173922,1.647506263752364,10.687438882139446,3.5543656805154487,3.4569880355354283,4.182608137925502,53.77567219977883,2.7050247727591072,6.544666802256657,388.90140632817236,17.934313090295767,399.10238506675836,13.192106951284948,1
-0.33777611109282524,-0.11856529205186443,5.475615305340623,1.3175947367323855,1.695480148558848,5.585180685530036,45.722373066352965,6.779395706964664,2.2944043698701084,390.99400071305894,18.854133774320143,395.8585364172034,15.93013280843931,1
2.050084250930299,-1.458573872747323,9.603732820718184,-0.020392231250092263,-2.8379463194609182,5.696473345603341,28.426483730391297,2.763404141488724,4.06641295766793,393.03901412040267,19.52829472015285,391.5489360545412,15.577992412570184,1
-3.373212168430247,-0.828946131671717,13.685028355609525,3.180437611243559,0.15451108684769055,6.861466720560327,75.51399910680804,1.4122261077151093,7.129420006426321,391.8384012165812,19.692556182987715,397.21092848873826,20.39722671762515,0
-0.40283473623729243,1.2678207554674847,9.954693012805345,0.31859556765928115,4.149587585409424,3.0774732102824207,71.3038615416373,2.5451752212756795,6.042397287024731,391.29644619236694,20.187445428920494,397.8980452014355,11.61508302508518,0
-3.7425039902479957,0.005986582399911464,9.82582633833867,-0.05616615020806396,0.15740627630008786,4.337101722659084,66.24250091569178,2.593454215053666,0.6119947646150239,393.1903081626252,18.0416100309502,400.18569633770636,11.509617582141347,0
-2.81229166045441,0.6804199537366757,10.786256759284392,-1.320600232043978,-3.0159573834683613,6.114911509726777,70.82855898139086,2.0975632386189016,8.48566076773648,389.53857504959757,16.513431095779595,396.47750095674496,17.604210849017182,0
2.9521044596278188,1.3401584844043797,11.48121048662869,1.1637008786141572,4.371097770845087,5.827330839009099,81.57504584349952,2.4354905986469966,6.273313012507665,391.06235689732927,22.44957007979959,398.1879853570625,17.30498115584499,0
1.8529999639433719,-0.7496829257952192,7.935066614220281,0.9532059346479598,1.9377850196255852,7.73671836527342,68.43013592545277,-0.40829359387367914,-0.63814932800009,272.96430272341524,25.978508338046716,393.42855047384063,,1
-1.3936904665695808,1.5124963272596121,8.565347036417947,0.029360279779422575,0.43297428237439917,3.6609852052808045,78.42618490722182,0.3622390498280976,2.9899111951333284,272.4544759046579,21.894841422404756,394.59396923613474,8.163444663365432,0
-2.944246912081794,0.7576852069167889,12.350582582172294,-1.579972707735206,-0.1698354721641373,7.690257352542642,89.37166003602778,1.868829525857005,-0.35508002581379783,272.2203889771585,18.35201581053978,394.9733358590609,5.487608655952101,1
-5.819467675683303,-2.4696261738229572,10.50024687620498,0.2598597083321477,2.737703859583471,8.977167238754944,89.65409869501983,2.0583640599551267,-0.3769042352084293,273.145736475657,19.453609766314248,391.28220742078867,7.651211283619563,1
-1.0395810158652692,2.8846095823724887,14.554050524439829,-0.13959757152427577,-0.5109668004523851,7.003637094298567,,1.3726214502799987,1.7167053020280725,273.06881499197107,22.01823513810194,394.2357084886167,4.360379472927015,0
