default,account_check_status,duration_in_month,credit_history,purpose,credit_amount,savings,present_emp_since,installment_as_income_perc,personal_status_sex,other_debtors,present_res_since,property,age,other_installment_plans,housing,credits_this_bank,job,people_under_maintenance,telephone,foreign_worker
1.2188683190177254,0 <= ... < 200 DM,5.762869415896271,delay in paying off in the past,car (new),1167.192196080586,... < 100 DM,4 <= ... < 7 years,8.99609078749398,male : single,none,5.012818041181399,"if not A121/A122 : car or other, not in attribute 6",65.96819162703575,none,own,2.9004669081536103,skilled employee / official,-4.842901223887802,"yes, registered under the customers name ",yes
-3.159936424961982,no checking account,45.082852254505354,critical account/ other credits existing (not at this bank),car (new),5948.336489155518,... < 100 DM,.. >= 7 years,4.750768740471128,male : single,none,5.580873608904721,"if not A121/A122 : car or other, not in attribute 6",20.80205643683354,none,rent,0.7866281510130884,skilled employee / official,-2.56243318803034,none,yes
3.001804783225829,no checking account,10.342107736656565,critical account/ other credits existing (not at this bank),car (new),2097.7360392938003,... < 100 DM,... < 1 year ,9.864509885502361,male : single,none,4.0932850261474965,"if not A121/A122 : car or other, not in attribute 6",46.21336034997822,none,own,4.456174504296921,skilled employee / official,-0.8767475838517638,"yes, registered under the customers name ",yes
3.7622588655648554,< 0 DM,44.53564151093497,critical account/ other credits existing (not at this bank),domestic appliances,7883.00741766118,... < 100 DM,.. >= 7 years,-4.191331330959645,female : divorced/separated/married,none,12.955326665657696,"if not A121/A122 : car or other, not in attribute 6",46.713931714623335,none,own,3.426932709646906,skilled employee / official,1.168711245118494,none,yes
-6.804140754615346,no checking account,24.011973164799823,critical account/ other credits existing (not at this bank),car (new),4864.380833809559,unknown/ no savings account,... < 1 year ,1.9385595667429818,male : single,none,9.719149809881673,real estate,53.93858475081904,none,rent,-9.943290136439694,unskilled - resident,-1.0441356145071432,none,yes
-5.208718027449272,no checking account,37.36083990747335,critical account/ other credits existing (not at this bank),radio/television,9059.490713018255,... < 100 DM,1 <= ... < 4 years,0.14991446422869825,female : divorced/separated/married,none,2.7698889411319376,real estate,28.637401206922327,none,own,3.1809688177138273,unskilled - resident,4.828162900387598,"yes, registered under the customers name ",yes
0.5113616126691415,0 <= ... < 200 DM,26.68031696880876,existing credits paid back duly till now,domestic appliances,2834.623221698597,... < 100 DM,.. >= 7 years,-4.894730705634406,female : divorced/separated/married,none,2.727890264771723,if not A121 : building society savings agreement/ life insurance,46.39389601904257,none,own,-3.013917638016335,skilled employee / official,-5.42053280583367,"yes, registered under the customers name ",yes
-1.2649703693743288,0 <= ... < 200 DM,34.50063414840956,no credits taken/ all credits paid back duly,business,6943.5562756191375,500 <= ... < 1000 DM ,.. >= 7 years,6.241308819118776,female : divorced/separated/married,none,3.8787868779414127,unknown / no property,36.69873781282302,none,own,-4.686914965794796,skilled employee / official,-5.318874788777698,none,yes
-0.06720463001715518,no checking account,15.024992654519224,existing credits paid back duly till now,domestic appliances,3063.7551364574156,... < 100 DM,... < 1 year ,0.9184137767865663,male : single,none,0.6479232782972595,if not A121 : building society savings agreement/ life insurance,57.73885428482186,none,own,0.24610635850574514,unemployed/ unskilled - non-resident,-0.3355552460458495,none,yes
-2.41217571029432,0 <= ... < 200 DM,31.515370413833576,critical account/ other credits existing (not at this bank),radio/television,5236.502702286384,... < 100 DM,1 <= ... < 4 years,6.958524819946248,male : married/widowed,none,6.665153226129947,"if not A121/A122 : car or other, not in attribute 6",29.208164620401295,none,own,3.643884436120046,skilled employee / official,0.2973887834405733,"yes, registered under the customers name ",yes
4.517591899451315,0 <= ... < 200 DM,7.0607476523540855,existing credits paid back duly till now,(vacation - does not exist?),1289.9418320322084,... < 100 DM,4 <= ... < 7 years,12.439087737318447,male : married/widowed,none,2.446402087374335,"if not A121/A122 : car or other, not in attribute 6",28.12372631243675,none,rent,-5.562938441147297,management/ self-employed/ highly qualified employee/ officer,-4.818575491432415,none,yes
4.111167741715793,< 0 DM,53.769219164744975,existing credits paid back duly till now,business,4315.108731361031,unknown/ no savings account,.. >= 7 years,1.5870252326895669,male : married/widowed,none,5.025835643434132,"if not A121/A122 : car or other, not in attribute 6",18.916188650377762,bank,own,3.818305668230206,skilled employee / official,-1.4269953705902592,"yes, registered under the customers name ",yes
0.2641227902448642,0 <= ... < 200 DM,9.997021024972335,existing credits paid back duly till now,domestic appliances,1569.6351894734648,unknown/ no savings account,1 <= ... < 4 years,-0.6846119306286207,male : single,none,3.7478146710832654,if not A121 : building society savings agreement/ life insurance,16.35385098169526,none,rent,4.0533553901263994,skilled employee / official,-0.6041752696763572,"yes, registered under the customers name ",yes
5.5089648278721315,0 <= ... < 200 DM,17.379618627259266,existing credits paid back duly till now,domestic appliances,1198.9592155374999,... < 100 DM,unemployed,4.474656678895984,male : single,none,10.891319533476235,"if not A121/A122 : car or other, not in attribute 6",66.69772672958118,none,own,2.187904785197991,unskilled - resident,-0.5731917880885824,"yes, registered under the customers name ",yes
1.8700373690081824,< 0 DM,10.81982516165479,critical account/ other credits existing (not at this bank),car (new),1409.360875222487,100 <= ... < 500 DM,.. >= 7 years,5.948989411933638,female : divorced/separated/married,none,4.6838214087500205,if not A121 : building society savings agreement/ life insurance,29.406283131849836,stores,own,-2.4704945209081943,unskilled - resident,1.6075259331571656,none,yes
-2.437169851532953,0 <= ... < 200 DM,19.91581935728671,existing credits paid back duly till now,business,1282.6371911353185,... < 100 DM,.. >= 7 years,1.7331478987594005,male : single,none,1.5478385165144626,unknown / no property,30.323037373306917,none,own,-2.917512016757168,skilled employee / official,-1.6463155376942478,"yes, registered under the customers name ",yes
1.4750031363299954,< 0 DM,24.208693274630132,existing credits paid back duly till now,(vacation - does not exist?),2423.8876676995837,... < 100 DM,1 <= ... < 4 years,1.4761536114714775,male : single,none,10.034878493290314,unknown / no property,49.26423818941495,none,rent,6.10372852632091,skilled employee / official,6.911345200033094,"yes, registered under the customers name ",no
-3.8355304033159956,no checking account,28.90459797781505,critical account/ other credits existing (not at this bank),car (new),8069.358799535912,500 <= ... < 1000 DM ,1 <= ... < 4 years,6.2287570809654635,male : married/widowed,none,6.870201663964542,unknown / no property,22.95823660437088,none,own,-3.0448907459836194,skilled employee / official,2.952818558934289,none,yes
4.51380120522909,>= 200 DM / salary assignments for at least 1 year,22.65267212943763,critical account/ other credits existing (not at this bank),domestic appliances,12581.327401757228,unknown/ no savings account,1 <= ... < 4 years,5.514557295352143,female : divorced/separated/married,none,0.7160806384651108,if not A121 : building society savings agreement/ life insurance,39.237710655546756,none,own,5.257881843276714,unskilled - resident,-2.2284540825652877,"yes, registered under the customers name ",yes
-0.19970364394501158,0 <= ... < 200 DM,26.478807861929916,critical account/ other credits existing (not at this bank),car (used),3431.906411869296,unknown/ no savings account,.. >= 7 years,-5.178913052019283,male : single,none,2.0207457946360803,real estate,34.53364869636236,none,own,0.3392033634782532,management/ self-employed/ highly qualified employee/ officer,2.378045973470292,"yes, registered under the customers name ",yes
-0.7394494541810422,>= 200 DM / salary assignments for at least 1 year,10.359501444770816,all credits at this bank paid back duly,domestic appliances,2134.058720559559,.. >= 1000 DM ,.. >= 7 years,-0.9015671978764326,male : single,none,4.781523663755195,"if not A121/A122 : car or other, not in attribute 6",44.892995385574714,none,own,2.6166620014285717,skilled employee / official,1.49606127442242,"yes, registered under the customers name ",yes
-2.7237181776157655,no checking account,7.264191482577145,existing credits paid back duly till now,car (new),2643.8400545845298,... < 100 DM,1 <= ... < 4 years,8.00494345530884,male : single,none,4.447251778419932,if not A121 : building society savings agreement/ life insurance,48.37413835286507,none,rent,-5.8323508216533,management/ self-employed/ highly qualified employee/ officer,6.858885897991124,none,yes
4.890165354696121,no checking account,11.639313829314771,existing credits paid back duly till now,domestic appliances,2241.5197194166644,... < 100 DM,4 <= ... < 7 years,2.60771313231525,female : divorced/separated/married,none,-2.426399403756456,"if not A121/A122 : car or other, not in attribute 6",46.39748432091996,none,rent,1.4131334794856536,unskilled - resident,-0.4015297156654043,none,yes
-0.6181179282752086,< 0 DM,14.464538672008953,existing credits paid back duly till now,domestic appliances,1803.7208048569514,... < 100 DM,1 <= ... < 4 years,-0.04878372414899612,male : single,none,-2.1699384312062406,real estate,39.82659926553074,none,own,3.4543420640455036,skilled employee / official,4.069354790882294,none,yes
-1.7133112886524289,no checking account,1.568186632890228,existing credits paid back duly till now,domestic appliances,2063.6661027250634,... < 100 DM,... < 1 year ,1.3183613710600715,female : divorced/separated/married,none,-2.549560088009815,unknown / no property,24.294793647944793,none,own,-3.3456403514079245,skilled employee / official,1.1674179031299103,"yes, registered under the customers name ",yes
-1.4085342019529183,no checking account,4.5422469909421554,critical account/ other credits existing (not at this bank),domestic appliances,1368.1127505947034,500 <= ... < 1000 DM ,.. >= 7 years,1.0529466912066807,male : divorced/separated,none,-1.858953772045369,"if not A121/A122 : car or other, not in attribute 6",25.503332889994333,none,for free,2.994543469007382,skilled employee / official,6.966266065795065,none,yes
2.129236742213395,0 <= ... < 200 DM,-2.720840257957896,critical account/ other credits existing (not at this bank),car (new),428.2606135152391,... < 100 DM,4 <= ... < 7 years,6.942933441120655,female : divorced/separated/married,none,1.4247039441099898,real estate,38.516925693303975,none,own,1.3560490147160906,skilled employee / official,6.163565810557632,"yes, registered under the customers name ",yes
1.4617762574563133,< 0 DM,12.144239707191181,critical account/ other credits existing (not at this bank),domestic appliances,398.5924467397932,unknown/ no savings account,1 <= ... < 4 years,-2.4330535794351578,male : single,guarantor,5.5388425683600175,"if not A121/A122 : car or other, not in attribute 6",41.319523235479366,bank,own,-0.5750224553292274,unemployed/ unskilled - non-resident,1.7879172183704015,none,yes
1.6509304463839536,0 <= ... < 200 DM,6.981468111102619,existing credits paid back duly till now,car (new),2415.821642107845,.. >= 1000 DM ,4 <= ... < 7 years,-0.36379655468183225,male : single,none,1.3242833747010465,real estate,37.29897098619187,bank,rent,4.418692345965217,skilled employee / official,-0.04913048406424214,none,yes
2.723284012031531,no checking account,64.18212909915871,critical account/ other credits existing (not at this bank),radio/television,6834.087667768985,... < 100 DM,.. >= 7 years,4.091823019453555,male : single,co-applicant,4.785578420040753,if not A121 : building society savings agreement/ life insurance,55.45478028806648,none,for free,-6.809027075914225,management/ self-employed/ highly qualified employee/ officer,3.026423638717823,none,no
8.566590403481845,< 0 DM,22.750537570884482,existing credits paid back duly till now,car (used),1918.2329864275196,... < 100 DM,... < 1 year ,2.6006616780181986,female : divorced/separated/married,none,-1.8972136401690465,if not A121 : building society savings agreement/ life insurance,40.647465443454195,bank,own,2.386722994974836,skilled employee / official,0.27819989149133584,none,yes
-1.6256600655384623,no checking account,24.81110019300947,no credits taken/ all credits paid back duly,car (new),4018.0261271633844,unknown/ no savings account,... < 1 year ,4.2874367305468395,male : single,none,0.15343118831621938,real estate,30.282397179990625,none,own,7.477740632293169,skilled employee / official,7.72122842391334,none,yes
-2.0489709162861494,no checking account,15.9985556904124,delay in paying off in the past,(vacation - does not exist?),5868.637936857008,... < 100 DM,1 <= ... < 4 years,-2.918029589438391,male : single,none,4.349030646979362,"if not A121/A122 : car or other, not in attribute 6",35.00817425479465,bank,own,7.7597725564026465,unemployed/ unskilled - non-resident,1.313880312708048,none,yes
-3.255090912991511,0 <= ... < 200 DM,13.940644450182951,existing credits paid back duly till now,car (used),1262.4123446350488,500 <= ... < 1000 DM ,... < 1 year ,5.428514705085284,male : single,none,6.379809832707207,"if not A121/A122 : car or other, not in attribute 6",56.78911449598345,none,own,2.55922688215409,skilled employee / official,-0.6225705300513489,"yes, registered under the customers name ",yes
2.4639176903019826,0 <= ... < 200 DM,9.888329450702745,existing credits paid back duly till now,domestic appliances,1474.4549926139446,... < 100 DM,4 <= ... < 7 years,8.366334477509888,female : divorced/separated/married,none,-1.8982953127516318,real estate,37.05558733641102,none,own,-0.2067231045233835,skilled employee / official,-0.8384603442957026,none,yes
5.5158891708835665,0 <= ... < 200 DM,44.99442939422661,critical account/ other credits existing (not at this bank),car (new),4748.94734612368,unknown/ no savings account,.. >= 7 years,5.947274188597134,male : divorced/separated,none,2.6466495455182146,unknown / no property,19.11502386037238,bank,own,-0.5432102261905234,skilled employee / official,-3.8521423407948294,"yes, registered under the customers name ",yes
-0.4557898306195003,0 <= ... < 200 DM,51.94454526784307,delay in paying off in the past,car (used),6108.149777134701,unknown/ no savings account,4 <= ... < 7 years,1.5564469590463674,male : single,none,11.795391413929329,real estate,33.85219026081813,none,own,-0.21170317562256824,unskilled - resident,3.2262365123732915,"yes, registered under the customers name ",yes
-2.360625907850112,no checking account,15.768914616042306,critical account/ other credits existing (not at this bank),domestic appliances,2103.9862195379937,... < 100 DM,4 <= ... < 7 years,3.6164655897361166,female : divorced/separated/married,none,1.9296082829774475,"if not A121/A122 : car or other, not in attribute 6",33.91534895160022,none,own,3.1752289916716245,skilled employee / official,-2.2800448105580102,none,yes
-3.297924862764958,no checking account,13.222714556970004,existing credits paid back duly till now,furniture/equipment,1221.0252084915742,... < 100 DM,1 <= ... < 4 years,-1.3394046110860072,female : divorced/separated/married,none,-0.7727477845697814,real estate,30.394392670308257,stores,own,-2.228975221837665,unskilled - resident,5.392593008750988,none,yes
2.6023711512988044,0 <= ... < 200 DM,11.709605474769209,existing credits paid back duly till now,radio/television,459.1783713702335,... < 100 DM,1 <= ... < 4 years,3.712005630240846,male : single,none,2.304950442551359,if not A121 : building society savings agreement/ life insurance,19.503437927342556,none,own,4.029695272201524,skilled employee / official,-4.171740216006293,"yes, registered under the customers name ",yes
2.973016684813769,no checking account,26.180832731476713,critical account/ other credits existing (not at this bank),business,2336.6905588911513,... < 100 DM,.. >= 7 years,9.038823411521623,male : single,none,2.3687084301073322,if not A121 : building society savings agreement/ life insurance,30.02212455451708,none,own,9.532642072013296,skilled employee / official,1.5089657958930012,none,yes
2.17261707322078,>= 200 DM / salary assignments for at least 1 year,15.895576512869603,existing credits paid back duly till now,business,1160.6401499671613,... < 100 DM,... < 1 year ,2.523885973599499,male : single,none,0.39532647723780245,"if not A121/A122 : car or other, not in attribute 6",22.702803167129588,none,own,0.7524670594904199,skilled employee / official,5.600895033989814,"yes, registered under the customers name ",yes
-2.662038829154777,no checking account,20.79426538148602,existing credits paid back duly till now,domestic appliances,6211.665779506941,... < 100 DM,.. >= 7 years,-1.5592159573936404,male : divorced/separated,none,3.8745811972939928,unknown / no property,45.5042941267832,none,own,-4.377579213133221,unskilled - resident,-6.608988258494545,none,yes
0.9286452922668791,no checking account,30.40770354949063,existing credits paid back duly till now,car (used),6183.946242730757,... < 100 DM,... < 1 year ,-0.9689883550615452,male : single,none,-1.7737871877473586,"if not A121/A122 : car or other, not in attribute 6",16.76704977998393,none,for free,-3.3789789852656513,skilled employee / official,9.073062175168744,none,yes
1.466743236562913,no checking account,44.95070616788939,existing credits paid back duly till now,business,6137.483402994606,... < 100 DM,.. >= 7 years,4.80340118910372,male : single,none,0.14947809965619507,"if not A121/A122 : car or other, not in attribute 6",49.49160982553656,none,own,5.106262206846302,unskilled - resident,-0.7011407887924377,none,yes
0.8747543869160518,< 0 DM,7.5631759256977205,existing credits paid back duly till now,business,1389.0226595660195,... < 100 DM,4 <= ... < 7 years,2.505944011276612,male : single,none,3.40265905171401,real estate,40.489549736574304,none,own,1.7610152841582256,skilled employee / official,1.5643815286485572,"yes, registered under the customers name ",yes
3.4857151117927594,< 0 DM,33.84934969238791,delay in paying off in the past,radio/television,2301.641770266194,.. >= 1000 DM ,... < 1 year ,5.941213132252563,female : divorced/separated/married,none,3.3389281199102534,real estate,42.615200517605736,none,for free,4.507323584256212,management/ self-employed/ highly qualified employee/ officer,3.2857969020653752,none,yes
0.8943821950987291,>= 200 DM / salary assignments for at least 1 year,8.17037785316784,critical account/ other credits existing (not at this bank),car (new),1353.9916917370774,unknown/ no savings account,.. >= 7 years,3.0913750429961215,male : single,none,-0.26475709944000236,"if not A121/A122 : car or other, not in attribute 6",18.80281265634477,none,for free,-1.1345369966373982,skilled employee / official,3.9045162244622142,"yes, registered under the customers name ",yes
2.7156542522875795,0 <= ... < 200 DM,7.177499330394408,critical account/ other credits existing (not at this bank),retraining,7228.409026638589,... < 100 DM,1 <= ... < 4 years,4.555932721618593,male : single,none,3.2919456556942523,real estate,38.98800142611784,none,own,5.322494190159326,skilled employee / official,2.0955357530387286,none,yes
0.27031627795556584,0 <= ... < 200 DM,13.75004899447948,critical account/ other credits existing (not at this bank),car (used),2068.5081718035713,unknown/ no savings account,unemployed,9.694237889060132,female : divorced/separated/married,none,2.2440594216568215,if not A121 : building society savings agreement/ life insurance,32.078028240805295,bank,for free,0.36680330620109813,unskilled - resident,4.98953833482547,none,yes
1.1564775947599366,< 0 DM,19.032977884486428,existing credits paid back duly till now,car (used),2336.067469173316,100 <= ... < 500 DM,... < 1 year ,7.983434897489444,female : divorced/separated/married,none,5.557653826098101,"if not A121/A122 : car or other, not in attribute 6",30.676802433162422,none,own,-1.9300162212957965,skilled employee / official,3.0762828516872505,none,yes
2.5251529033541615,< 0 DM,26.183725662244605,all credits at this bank paid back duly,car (new),5960.101180889398,unknown/ no savings account,1 <= ... < 4 years,-2.7369562565918395,female : divorced/separated/married,none,1.6031530590957965,real estate,30.592892384733915,none,own,0.39600608479046207,skilled employee / official,8.043524560129214,none,yes
-5.828623279422666,no checking account,12.438591018296034,existing credits paid back duly till now,(vacation - does not exist?),1266.6357983295077,unknown/ no savings account,... < 1 year ,-0.614137786305089,female : divorced/separated/married,none,3.596412821193013,unknown / no property,29.380616325250386,none,own,-3.788217421692946,skilled employee / official,3.089310171418389,none,yes
-1.2786848654292053,< 0 DM,27.780520580235667,critical account/ other credits existing (not at this bank),car (used),3389.4297536925596,500 <= ... < 1000 DM ,1 <= ... < 4 years,1.6969140941607024,male : single,none,-1.166401205735684,real estate,28.07715009919512,none,own,8.957438234326446,management/ self-employed/ highly qualified employee/ officer,8.858542079532349,"yes, registered under the customers name ",yes
-0.881490617171182,no checking account,30.49073737791853,critical account/ other credits existing (not at this bank),domestic appliances,2226.465804586286,... < 100 DM,1 <= ... < 4 years,2.195298571042342,female : divorced/separated/married,none,6.288382894393928,"if not A121/A122 : car or other, not in attribute 6",57.12471379465851,none,own,1.6144727457660517,skilled employee / official,4.604315360950624,none,yes
-2.5555113929733677,0 <= ... < 200 DM,11.888058265960534,existing credits paid back duly till now,domestic appliances,785.332432542631,100 <= ... < 500 DM,.. >= 7 years,-3.553306907843771,male : single,none,3.5029211904494266,"if not A121/A122 : car or other, not in attribute 6",25.928605446830435,none,for free,3.578056354728784,unskilled - resident,-5.223000503073051,none,yes
-0.10056900490673493,no checking account,12.59936965594912,existing credits paid back duly till now,radio/television,6466.028560924417,... < 100 DM,.. >= 7 years,0.23323282330802297,male : married/widowed,none,4.463268012719277,"if not A121/A122 : car or other, not in attribute 6",50.90895180931583,bank,own,-1.1474765314831972,management/ self-employed/ highly qualified employee/ officer,11.444410713551365,"yes, registered under the customers name ",yes
5.9797652449375835,no checking account,37.64468767206385,critical account/ other credits existing (not at this bank),domestic appliances,9558.759146715653,unknown/ no savings account,1 <= ... < 4 years,0.10194826552384395,female : divorced/separated/married,none,4.853841849777951,if not A121 : building society savings agreement/ life insurance,29.440777954316992,none,for free,-2.2077112879192926,unskilled - resident,-1.2973764339088754,none,yes
-3.463324462772973,< 0 DM,18.473391653552817,critical account/ other credits existing (not at this bank),radio/television,1958.589122547879,... < 100 DM,1 <= ... < 4 years,0.3126090409551767,male : single,none,4.354942491524584,"if not A121/A122 : car or other, not in attribute 6",23.291472951313963,none,rent,0.06447795632825926,management/ self-employed/ highly qualified employee/ officer,6.982176060806941,none,yes
4.873113418365923,< 0 DM,37.778907272780934,no credits taken/ all credits paid back duly,radio/television,6224.628419035605,unknown/ no savings account,1 <= ... < 4 years,2.7368420553799773,female : divorced/separated/married,none,3.606330365368879,"if not A121/A122 : car or other, not in attribute 6",23.13762998394211,none,rent,6.404770133516794,unskilled - resident,1.1071737724777537,none,yes
-6.731479086463219,no checking account,8.38525958255193,critical account/ other credits existing (not at this bank),domestic appliances,1385.21198169434,... < 100 DM,.. >= 7 years,6.713803401273324,female : divorced/separated/married,none,1.9797569081778725,"if not A121/A122 : car or other, not in attribute 6",22.8062894298619,none,own,-1.0829271655931345,management/ self-employed/ highly qualified employee/ officer,5.244361030410318,none,yes
-1.3395401199430994,< 0 DM,20.816200725829834,existing credits paid back duly till now,radio/television,1543.8894397679826,... < 100 DM,... < 1 year ,4.796952164996957,male : married/widowed,guarantor,8.254035713806106,real estate,53.20718363960179,none,rent,-1.4821278909176616,management/ self-employed/ highly qualified employee/ officer,-1.7539156434631762,"yes, registered under the customers name ",yes
1.6510122604200224,no checking account,34.174115423101114,existing credits paid back duly till now,car (used),1954.091450072103,100 <= ... < 500 DM,1 <= ... < 4 years,13.887236304221878,male : single,none,1.3917017223888224,"if not A121/A122 : car or other, not in attribute 6",57.09445916893497,bank,own,1.621856977476574,skilled employee / official,3.5029781723583517,none,yes
3.3448893254371126,no checking account,52.528938288716994,existing credits paid back duly till now,domestic appliances,14422.518750322455,... < 100 DM,1 <= ... < 4 years,2.6820327440785974,male : single,none,-0.5136311147874624,"if not A121/A122 : car or other, not in attribute 6",24.127066221811305,none,for free,2.9960904028709763,skilled employee / official,-0.012762181577621767,"yes, registered under the customers name ",no
2.84490631917142,0 <= ... < 200 DM,21.42253151914791,existing credits paid back duly till now,radio/television,3179.763910539215,... < 100 DM,1 <= ... < 4 years,2.839736904250993,female : divorced/separated/married,none,4.725725591801448,if not A121 : building society savings agreement/ life insurance,24.818878109119794,none,own,7.571392675412732,skilled employee / official,7.316012446359554,"yes, registered under the customers name ",yes
3.173388940799701,0 <= ... < 200 DM,26.758992614394852,critical account/ other credits existing (not at this bank),radio/television,5189.308515670226,... < 100 DM,1 <= ... < 4 years,4.016531530619464,male : divorced/separated,none,5.661118761061814,"if not A121/A122 : car or other, not in attribute 6",49.43241445063686,none,for free,5.415001913489979,skilled employee / official,3.7546726696680377,none,yes
-1.3949002889937503,no checking account,7.712149790839123,critical account/ other credits existing (not at this bank),domestic appliances,2174.858202728957,... < 100 DM,1 <= ... < 4 years,3.02596791377416,male : single,none,-1.296425997056018,real estate,20.52358423913067,none,own,3.57597071412494,skilled employee / official,4.743770565206265,none,yes
-1.8494071706582687,no checking account,13.82009488139008,existing credits paid back duly till now,car (used),1006.8706515252192,... < 100 DM,4 <= ... < 7 years,5.7410158286842545,male : single,none,0.7009497463467665,if not A121 : building society savings agreement/ life insurance,25.56363925971783,none,own,3.8771009476812863,skilled employee / official,-7.656307485892281,none,yes
4.431903525028615,no checking account,41.780503827706134,critical account/ other credits existing (not at this bank),car (new),1821.122775752099,unknown/ no savings account,... < 1 year ,12.306845303436095,male : married/widowed,none,3.624004903084861,"if not A121/A122 : car or other, not in attribute 6",34.29203860955134,none,own,-3.6120615277305212,management/ self-employed/ highly qualified employee/ officer,0.657709280845499,none,yes
-0.7652172995264596,< 0 DM,35.69057528071659,existing credits paid back duly till now,education,2393.21598280862,.. >= 1000 DM ,... < 1 year ,0.6187181400897255,male : single,guarantor,-4.861120462413883,"if not A121/A122 : car or other, not in attribute 6",29.879853179108217,none,for free,-2.853328281878177,skilled employee / official,2.6422065402331834,none,yes
-5.1027452933516875,no checking account,35.212457205184364,critical account/ other credits existing (not at this bank),radio/television,8131.631388437072,unknown/ no savings account,4 <= ... < 7 years,4.436184232710943,male : single,none,1.121624042964961,"if not A121/A122 : car or other, not in attribute 6",28.08734030193538,none,own,-3.3355851584226013,skilled employee / official,1.8944596257588286,"yes, registered under the customers name ",yes
-4.533148856013923,no checking account,2.541532147728293,no credits taken/ all credits paid back duly,car (new),724.3723433375925,... < 100 DM,1 <= ... < 4 years,4.831002390456495,female : divorced/separated/married,none,1.3707286686061348,if not A121 : building society savings agreement/ life insurance,45.80462565706396,bank,own,-3.3285830227665825,skilled employee / official,4.844628854871402,"yes, registered under the customers name ",yes
-3.6778091440064453,no checking account,7.082829385790768,existing credits paid back duly till now,radio/television,1156.0890037505314,... < 100 DM,.. >= 7 years,-3.2843909702824705,male : divorced/separated,none,3.3588282287079236,if not A121 : building society savings agreement/ life insurance,58.65514416027369,bank,own,5.181839499481614,skilled employee / official,0.536383019450182,none,yes
1.9886429762150561,0 <= ... < 200 DM,35.62882296111389,existing credits paid back duly till now,business,5952.953752395734,unknown/ no savings account,1 <= ... < 4 years,5.082795128379053,male : single,none,6.663657098309073,real estate,39.890647164825324,none,rent,3.1602003666550216,management/ self-employed/ highly qualified employee/ officer,1.1951484201385223,none,yes
1.569702944282261,no checking account,32.34848805312469,existing credits paid back duly till now,business,1977.225986767973,... < 100 DM,1 <= ... < 4 years,9.07049424321562,male : married/widowed,none,-0.8631931940355013,unknown / no property,44.95539953869383,none,rent,1.317984252365798,skilled employee / official,5.724907057659967,none,yes
2.761941416271073,no checking account,12.907144184436541,no credits taken/ all credits paid back duly,radio/television,1520.8554798531648,unknown/ no savings account,4 <= ... < 7 years,0.571294384890281,female : divorced/separated/married,none,0.7015097151815493,if not A121 : building society savings agreement/ life insurance,66.15618034225824,none,own,-8.370866061609075,skilled employee / official,-8.114756013781427,"yes, registered under the customers name ",yes
-0.709010585346137,no checking account,47.276052790965586,existing credits paid back duly till now,car (used),3964.8621005398613,... < 100 DM,1 <= ... < 4 years,3.964264528432117,female : divorced/separated/married,none,-7.448783193277336,"if not A121/A122 : car or other, not in attribute 6",35.66167532117396,stores,own,9.221907434474474,unskilled - resident,3.357402006553365,"yes, registered under the customers name ",no
0.6341587643068569,< 0 DM,22.236843444918012,existing credits paid back duly till now,car (new),4771.215010251962,... < 100 DM,.. >= 7 years,-4.901417048030814,male : married/widowed,none,2.0763333353034374,"if not A121/A122 : car or other, not in attribute 6",51.2798343576455,none,own,-2.5770880166142227,unskilled - resident,-0.33553930397421317,none,yes
2.502361575869347,no checking account,51.653659659716396,existing credits paid back duly till now,radio/television,9427.375967975762,100 <= ... < 500 DM,... < 1 year ,-3.035225838737346,male : single,none,0.41742578349599624,if not A121 : building society savings agreement/ life insurance,42.39140650520049,none,own,9.20725102375583,management/ self-employed/ highly qualified employee/ officer,-1.6492724982144855,none,yes
-1.2373861588809536,< 0 DM,35.74120062658176,critical account/ other credits existing (not at this bank),car (new),3828.339501362082,... < 100 DM,1 <= ... < 4 years,6.19211831046901,male : single,none,-1.0399087053370248,unknown / no property,19.257873548587796,none,own,-4.796965922605264,management/ self-employed/ highly qualified employee/ officer,2.3461768971039203,none,yes
2.827100950229646,0 <= ... < 200 DM,24.975009921606592,critical account/ other credits existing (not at this bank),(vacation - does not exist?),5944.629055574942,unknown/ no savings account,.. >= 7 years,-0.865666024029738,female : divorced/separated/married,none,5.43070935793504,if not A121 : building society savings agreement/ life insurance,40.06380590792326,none,own,-1.2496046342261478,skilled employee / official,5.909805187234622,"yes, registered under the customers name ",yes
-2.647703764266605,< 0 DM,14.395009413014497,existing credits paid back duly till now,radio/television,1214.548234917583,... < 100 DM,4 <= ... < 7 years,-0.435211899752157,female : divorced/separated/married,none,6.442470089347853,"if not A121/A122 : car or other, not in attribute 6",44.445695238491915,none,own,-7.811397530038519,skilled employee / official,5.156575325936724,none,no
-1.4522153862602871,< 0 DM,19.73037780690461,existing credits paid back duly till now,radio/television,1563.3853003344009,... < 100 DM,4 <= ... < 7 years,3.9178414578337186,female : divorced/separated/married,none,4.311426897069216,"if not A121/A122 : car or other, not in attribute 6",24.398841505296364,bank,for free,2.4484999037707897,unemployed/ unskilled - non-resident,0.4595478763734855,none,yes
-1.5269515759933163,no checking account,24.247665934719837,existing credits paid back duly till now,domestic appliances,1755.6337922019989,100 <= ... < 500 DM,1 <= ... < 4 years,1.910350274275907,female : divorced/separated/married,none,2.5175477858405513,real estate,57.11672485779868,none,own,-3.4050272832449293,unskilled - resident,4.502963855043794,none,yes
-4.783358582356159,no checking account,10.441582902448873,critical account/ other credits existing (not at this bank),domestic appliances,2319.0896289014418,... < 100 DM,.. >= 7 years,1.1167133688978557,male : single,none,8.104758672427455,real estate,54.841099505884706,bank,own,-3.292000616393417,skilled employee / official,4.472271593783377,none,yes
1.9478899231423272,< 0 DM,10.366667348693323,delay in paying off in the past,radio/television,1415.1082918359637,unknown/ no savings account,1 <= ... < 4 years,6.957304102699613,male : single,none,1.9209685606565934,real estate,34.21892679928608,none,own,-3.4900568686975895,management/ self-employed/ highly qualified employee/ officer,0.6505149180273326,"yes, registered under the customers name ",yes
-1.8776093608108955,no checking account,12.407561360804596,existing credits paid back duly till now,domestic appliances,1294.6188568519442,... < 100 DM,.. >= 7 years,-0.6469334357373864,male : single,co-applicant,-2.2730801556738314,if not A121 : building society savings agreement/ life insurance,23.096646651059967,none,rent,5.109420250951452,unskilled - resident,-1.7723222079528318,none,yes
1.0499764749107496,no checking account,29.825499189911675,critical account/ other credits existing (not at this bank),car (new),12610.128094746702,100 <= ... < 500 DM,unemployed,-2.621460850727329,male : single,none,-2.8649947099382063,unknown / no property,44.06420483354427,none,own,3.8458546062701884,unskilled - resident,-0.5409361244893196,none,yes
1.9229866356236358,< 0 DM,20.612979533124907,existing credits paid back duly till now,car (new),2246.482622062662,unknown/ no savings account,1 <= ... < 4 years,4.616319968595475,female : divorced/separated/married,none,1.2347420244172693,real estate,24.255042326748583,none,rent,8.248135564315142,skilled employee / official,5.351413395472548,none,yes
2.7861247041197763,0 <= ... < 200 DM,10.893199639657146,delay in paying off in the past,car (new),1109.8712791316386,... < 100 DM,4 <= ... < 7 years,7.877639162992821,female : divorced/separated/married,none,6.018574468690435,if not A121 : building society savings agreement/ life insurance,36.12149196303642,stores,for free,-0.7428264842918932,skilled employee / official,0.8314127451492372,none,yes
2.661540435891145,< 0 DM,9.615644401375334,existing credits paid back duly till now,car (new),618.7804158925716,unknown/ no savings account,... < 1 year ,8.952641205959399,female : divorced/separated/married,none,13.106154758172359,unknown / no property,57.21867799648731,bank,own,1.8752774841872015,skilled employee / official,-3.1847288789223533,none,yes
-0.39394193803769445,no checking account,12.034022506892613,critical account/ other credits existing (not at this bank),domestic appliances,1411.5176160244089,... < 100 DM,1 <= ... < 4 years,1.3397531185535079,male : single,none,3.2464413847579037,if not A121 : building society savings agreement/ life insurance,55.91920928020631,none,own,-4.157340789607806,skilled employee / official,-5.739451342036499,none,yes
-0.693193248176615,no checking account,15.17972901166251,existing credits paid back duly till now,domestic appliances,797.5274952524846,... < 100 DM,.. >= 7 years,7.749507867678592,female : divorced/separated/married,none,-0.06142206048121723,unknown / no property,27.639166459875806,none,own,-0.3401560909412722,management/ self-employed/ highly qualified employee/ officer,5.327325808385518,"yes, registered under the customers name ",yes
-0.3188728436255962,no checking account,24.721455772105593,existing credits paid back duly till now,(vacation - does not exist?),3620.27505580139,... < 100 DM,1 <= ... < 4 years,0.8634308261183645,male : single,none,-0.7398608331368557,real estate,19.9953200439725,bank,own,-0.07538125312471022,management/ self-employed/ highly qualified employee/ officer,-1.1871136890568952,none,yes
-6.749337735832119,< 0 DM,9.37578025343613,existing credits paid back duly till now,domestic appliances,1318.3783701318307,unknown/ no savings account,4 <= ... < 7 years,11.304837387627199,female : divorced/separated/married,none,6.207819585222396,"if not A121/A122 : car or other, not in attribute 6",56.03699193765234,bank,for free,2.8577998299816834,unemployed/ unskilled - non-resident,2.321551022623927,none,yes
-4.788449889692349,0 <= ... < 200 DM,58.9051718225958,critical account/ other credits existing (not at this bank),car (new),15948.138754864527,... < 100 DM,... < 1 year ,-1.5350841016789136,male : married/widowed,none,-3.0584642095370738,real estate,56.9889692378623,none,rent,5.068087225672764,skilled employee / official,5.958827628276494,"yes, registered under the customers name ",yes
-5.2907984494176095,no checking account,18.31674201192653,critical account/ other credits existing (not at this bank),car (new),2015.4832910814666,100 <= ... < 500 DM,4 <= ... < 7 years,9.313915243166925,male : single,none,4.2013804056195525,unknown / no property,65.30282249930558,none,own,4.964266763326,skilled employee / official,-4.2356979074139405,none,yes
-3.988987310405927,< 0 DM,19.978226621291412,critical account/ other credits existing (not at this bank),domestic appliances,2618.7818934791007,... < 100 DM,unemployed,1.3740555727251045,male : single,none,7.27084642505165,real estate,43.24732450257132,none,rent,-2.371249088870443,skilled employee / official,0.8194504779486202,"yes, registered under the customers name ",yes
1.5990969068937464,>= 200 DM / salary assignments for at least 1 year,39.89465404537636,existing credits paid back duly till now,education,2329.767423812517,... < 100 DM,4 <= ... < 7 years,12.052985819178401,male : married/widowed,none,5.745117812931456,"if not A121/A122 : car or other, not in attribute 6",32.211748691624194,bank,own,4.993871618491998,skilled employee / official,0.31722341512452124,none,yes
-3.621916221440243,< 0 DM,24.967839987255246,existing credits paid back duly till now,domestic appliances,7063.173971424058,... < 100 DM,1 <= ... < 4 years,5.365282915409937,male : single,none,3.12135331224577,real estate,31.911651016093213,none,rent,1.8236594515688118,skilled employee / official,3.5189715025118424,"yes, registered under the customers name ",yes
-1.5126502161575588,no checking account,28.520397265618055,delay in paying off in the past,domestic appliances,1470.026634922849,unknown/ no savings account,... < 1 year ,-0.06406611763288783,female : divorced/separated/married,none,6.259762614187258,real estate,37.488975737885696,bank,own,-0.29838758358805983,skilled employee / official,5.956639993681739,none,yes
5.196913191144262,no checking account,38.4563967084505,existing credits paid back duly till now,domestic appliances,2316.1420564180157,... < 100 DM,4 <= ... < 7 years,1.9110460818299728,male : single,none,4.6837534845132,unknown / no property,30.424796640065964,none,own,-1.8340459472756736,unskilled - resident,-4.317807258649632,"yes, registered under the customers name ",no
-1.4250558842457037,>= 200 DM / salary assignments for at least 1 year,8.393388188299532,existing credits paid back duly till now,car (new),929.1447220111252,500 <= ... < 1000 DM ,4 <= ... < 7 years,6.124724820894967,female : divorced/separated/married,none,-1.1124953674423672,real estate,28.16942126811874,none,for free,-1.2397431774462082,skilled employee / official,3.2791917948230678,none,yes
2.950062273868346,< 0 DM,11.078642293386011,existing credits paid back duly till now,education,1922.0874971694793,... < 100 DM,.. >= 7 years,8.210577670462246,female : divorced/separated/married,none,10.401649289500103,unknown / no property,34.45788872882541,none,own,7.969255384784933,skilled employee / official,5.126095099974806,none,yes
-3.734470720039508,0 <= ... < 200 DM,7.610649301811826,existing credits paid back duly till now,domestic appliances,2443.8812926754686,unknown/ no savings account,1 <= ... < 4 years,1.7171376331021495,male : single,none,2.5932824815579347,"if not A121/A122 : car or other, not in attribute 6",26.146238657603497,none,own,2.229643065976094,unskilled - resident,0.2544917441728691,"yes, registered under the customers name ",yes
0.17824976852947993,0 <= ... < 200 DM,26.802892627438343,critical account/ other credits existing (not at this bank),car (new),11935.951754322723,... < 100 DM,.. >= 7 years,2.1786331238538654,female : divorced/separated/married,none,6.103009201799638,unknown / no property,35.73382549521311,none,own,2.69844739000482,skilled employee / official,1.4502120284275057,none,yes
-2.800088219642325,no checking account,12.576744115493785,existing credits paid back duly till now,retraining,6463.603527441252,... < 100 DM,1 <= ... < 4 years,5.033412130576262,female : divorced/separated/married,none,-5.674457130782859,unknown / no property,42.560108630972735,none,own,0.951012565852213,skilled employee / official,3.673797475939689,none,yes
-1.35613230360225,< 0 DM,8.82160217949978,existing credits paid back duly till now,retraining,6073.810851414465,.. >= 1000 DM ,4 <= ... < 7 years,2.5271937080432796,male : single,co-applicant,7.105883531123716,"if not A121/A122 : car or other, not in attribute 6",30.480392703565784,none,rent,10.783914445752114,skilled employee / official,2.379268311559153,none,no
3.361232549829582,no checking account,29.214260271232348,critical account/ other credits existing (not at this bank),domestic appliances,7717.80738656898,... < 100 DM,4 <= ... < 7 years,-4.174019437353503,male : single,none,7.875054978618327,"if not A121/A122 : car or other, not in attribute 6",28.959693842180002,none,own,6.220041955385699,management/ self-employed/ highly qualified employee/ officer,3.3294104294684903,none,yes
-6.909281692769395,no checking account,17.36088065077679,existing credits paid back duly till now,retraining,1410.845545900193,... < 100 DM,unemployed,-2.2518960985607226,male : single,none,2.119335148506553,"if not A121/A122 : car or other, not in attribute 6",37.435159086117025,none,rent,-1.8842484591951707,skilled employee / official,3.245122105604867,none,yes
1.7376945741834293,no checking account,11.94959315874345,existing credits paid back duly till now,car (new),1450.5618197282156,... < 100 DM,1 <= ... < 4 years,1.9404797726066603,male : single,none,4.235084138951034,real estate,30.248020247667114,bank,own,0.9055397811815031,skilled employee / official,-1.9278892224626047,"yes, registered under the customers name ",yes
0.9509424093291116,no checking account,13.913302465250831,existing credits paid back duly till now,(vacation - does not exist?),393.9853721373629,unknown/ no savings account,.. >= 7 years,8.861929665990775,male : single,none,6.2340607264302506,real estate,22.060136026008614,bank,own,0.14302182651635853,skilled employee / official,4.961065990819774,none,yes
-2.3765998227871776,no checking account,13.39100463489293,existing credits paid back duly till now,domestic appliances,6263.644952178276,100 <= ... < 500 DM,.. >= 7 years,9.46392969664819,female : divorced/separated/married,co-applicant,0.428865721437103,unknown / no property,28.0423008221163,bank,rent,1.5834879131303978,skilled employee / official,5.667132648760953,none,yes
-4.784231417553818,no checking account,35.03825121171863,critical account/ other credits existing (not at this bank),domestic appliances,7855.794314482726,... < 100 DM,4 <= ... < 7 years,7.118117683085801,female : divorced/separated/married,none,4.1884892217573615,real estate,28.181421655172308,none,own,-0.804903970525741,unskilled - resident,1.7443315747611927,none,yes
0.28851803085547806,no checking account,12.408125188962297,existing credits paid back duly till now,business,1681.9575357557537,unknown/ no savings account,1 <= ... < 4 years,4.149163044145455,female : divorced/separated/married,none,-2.2345218794902215,"if not A121/A122 : car or other, not in attribute 6",41.585972301935335,none,own,2.7552660934467865,unskilled - resident,-4.9766212261986675,none,yes
-2.1179708362552097,< 0 DM,48.31595486536004,delay in paying off in the past,(vacation - does not exist?),3576.9631629627397,500 <= ... < 1000 DM ,.. >= 7 years,6.995255543929908,male : single,none,-1.4350276945813043,"if not A121/A122 : car or other, not in attribute 6",49.341944928984326,none,for free,6.808352528157258,management/ self-employed/ highly qualified employee/ officer,0.5410171759996377,none,yes
1.9307048454188158,< 0 DM,46.53472191502681,existing credits paid back duly till now,domestic appliances,7174.2507932129465,500 <= ... < 1000 DM ,... < 1 year ,1.3329965991725774,male : single,none,7.507772572849195,real estate,33.213256894497064,none,rent,-4.254512436016653,skilled employee / official,1.7776235077622733,none,yes
0.08740858209377152,no checking account,8.554918299986218,existing credits paid back duly till now,domestic appliances,2132.4301367202147,... < 100 DM,... < 1 year ,1.3870761589671434,female : divorced/separated/married,none,6.898630762800811,if not A121 : building society savings agreement/ life insurance,26.200583751595502,stores,own,-2.512586948368268,skilled employee / official,-3.5784009511472687,"yes, registered under the customers name ",yes
7.407115565283662,< 0 DM,34.408137887211694,existing credits paid back duly till now,domestic appliances,4281.860392543276,... < 100 DM,.. >= 7 years,-2.2965228853579065,female : divorced/separated/married,none,1.1744979915368297,if not A121 : building society savings agreement/ life insurance,20.16880854732513,none,own,0.06736577881077221,skilled employee / official,-0.4405522543080538,none,yes
-0.9574225098920971,>= 200 DM / salary assignments for at least 1 year,8.045491402261575,existing credits paid back duly till now,radio/television,2369.090159230331,... < 100 DM,... < 1 year ,-1.9949704428308461,male : single,none,0.06569462599583753,if not A121 : building society savings agreement/ life insurance,38.61594492894046,none,for free,-0.7471822404313186,skilled employee / official,-4.637477550234167,none,yes
-3.09398997048746,no checking account,22.80126911217525,existing credits paid back duly till now,car (new),1837.2205827277794,... < 100 DM,1 <= ... < 4 years,4.33419604654482,male : single,guarantor,-0.5823864098306886,real estate,25.684963298402284,none,for free,9.993863498983723,skilled employee / official,3.429168899945776,none,yes
0.7171025398252646,< 0 DM,24.012434200742547,critical account/ other credits existing (not at this bank),car (new),3868.1768680116006,500 <= ... < 1000 DM ,4 <= ... < 7 years,4.7420532263389745,female : divorced/separated/married,none,4.930558265861963,if not A121 : building society savings agreement/ life insurance,35.309485405001006,stores,rent,6.006836880059355,unskilled - resident,1.6638212596082051,none,yes
0.8799867358870607,no checking account,9.00074664686193,existing credits paid back duly till now,car (used),1764.7634960602359,unknown/ no savings account,4 <= ... < 7 years,5.750609938036051,male : single,none,-1.9999391232415884,"if not A121/A122 : car or other, not in attribute 6",22.687721506297606,none,own,4.777289408473056,unskilled - resident,-5.583132659256978,none,yes
5.436750300961746,no checking account,9.05668255130059,critical account/ other credits existing (not at this bank),domestic appliances,781.2706850322509,100 <= ... < 500 DM,1 <= ... < 4 years,6.184447323569788,male : single,none,5.42685055614381,if not A121 : building society savings agreement/ life insurance,62.668411906073786,none,rent,0.942537225946398,skilled employee / official,2.4058594463279226,none,no
4.340444983658314,no checking account,17.263297013939113,delay in paying off in the past,domestic appliances,1923.887928860417,unknown/ no savings account,1 <= ... < 4 years,4.970577085295448,male : single,none,5.987387242537178,real estate,24.958168531886084,none,own,-0.14525362714725643,skilled employee / official,0.773964210438835,none,yes
1.4274842365980374,0 <= ... < 200 DM,10.919379482651616,critical account/ other credits existing (not at this bank),domestic appliances,2121.772726319253,unknown/ no savings account,4 <= ... < 7 years,6.226466662710218,female : divorced/separated/married,none,1.6470181988275996,if not A121 : building society savings agreement/ life insurance,35.92694237816851,none,own,-3.8068216550615945,skilled employee / official,3.0656571310176193,"yes, registered under the customers name ",yes
5.853211564878247,0 <= ... < 200 DM,19.085364969070735,existing credits paid back duly till now,domestic appliances,709.8261012285616,unknown/ no savings account,.. >= 7 years,3.8292676150900933,male : married/widowed,none,6.040254787459711,"if not A121/A122 : car or other, not in attribute 6",41.919356147608866,bank,own,4.126960912191269,skilled employee / official,-0.5661297350217112,none,yes
-3.7550522172914036,< 0 DM,11.606215990768481,all credits at this bank paid back duly,domestic appliances,636.9049088858351,... < 100 DM,.. >= 7 years,5.651565580889603,male : single,none,0.7827593220408302,real estate,35.49269967155459,none,own,2.9642184192351415,unskilled - resident,-2.2059176029720966,"yes, registered under the customers name ",yes
-2.559006130998991,no checking account,11.024415559290649,existing credits paid back duly till now,car (new),1861.6891560765014,... < 100 DM,.. >= 7 years,1.0954223892545616,female : divorced/separated/married,none,1.1445775960243423,"if not A121/A122 : car or other, not in attribute 6",35.05370104660864,bank,rent,7.1439894587131345,skilled employee / official,-2.0833785058312273,"yes, registered under the customers name ",yes
-2.7063037656220996,no checking account,3.6101961695594333,existing credits paid back duly till now,car (new),3503.2738482689774,unknown/ no savings account,.. >= 7 years,4.47882370255652,male : single,none,-1.908984924527426,unknown / no property,29.325551345700312,none,rent,1.1566811465753308,unemployed/ unskilled - non-resident,-1.1526808661936188,none,yes
-1.5592392126230719,0 <= ... < 200 DM,44.42317059208209,existing credits paid back duly till now,business,8487.392007656397,unknown/ no savings account,.. >= 7 years,3.6736707411440377,male : single,none,6.068709390480821,real estate,20.253608729559005,none,own,0.43288341519841245,skilled employee / official,1.0753003863241881,none,yes
-4.506744590225235,< 0 DM,34.94770630217459,existing credits paid back duly till now,radio/television,6896.351380476689,unknown/ no savings account,.. >= 7 years,1.3212742877111876,female : divorced/separated/married,none,-0.06608178791548136,if not A121 : building society savings agreement/ life insurance,29.047718132786265,none,own,1.6801821142425428,skilled employee / official,1.5918338616991683,"yes, registered under the customers name ",yes
2.5406037872576173,no checking account,12.256589295293429,critical account/ other credits existing (not at this bank),radio/television,2706.487842833074,100 <= ... < 500 DM,4 <= ... < 7 years,2.2073283959713867,female : divorced/separated/married,guarantor,4.399087270860237,if not A121 : building society savings agreement/ life insurance,27.052215702701762,none,rent,5.567590302028382,management/ self-employed/ highly qualified employee/ officer,0.23712048876758862,"yes, registered under the customers name ",yes
-0.8888907883950935,0 <= ... < 200 DM,23.52683037351119,critical account/ other credits existing (not at this bank),car (used),1985.29635688928,100 <= ... < 500 DM,... < 1 year ,1.5055899614825616,male : single,none,3.714735731496261,if not A121 : building society savings agreement/ life insurance,41.53154446386307,none,own,-3.8808624883899157,unskilled - resident,-0.6932781959860765,none,yes
-5.8832251780106315,no checking account,59.340248898415126,existing credits paid back duly till now,repairs,10140.804777020428,... < 100 DM,... < 1 year ,-0.1060267860644597,male : single,none,-0.21113225244665035,real estate,18.84189012091842,none,own,3.9442245349534986,management/ self-employed/ highly qualified employee/ officer,-0.4056130720219271,"yes, registered under the customers name ",yes
-4.062316324830166,< 0 DM,17.15377699727301,all credits at this bank paid back duly,domestic appliances,1238.5939010594268,.. >= 1000 DM ,4 <= ... < 7 years,-0.49971742040861855,female : divorced/separated/married,none,-0.43641257529328303,"if not A121/A122 : car or other, not in attribute 6",36.70686960593455,none,own,1.9180177513086778,skilled employee / official,11.030899142027732,none,yes
1.2540553898007811,< 0 DM,27.246818536201474,all credits at this bank paid back duly,car (new),8613.995735641587,500 <= ... < 1000 DM ,1 <= ... < 4 years,7.063099700666222,female : divorced/separated/married,none,7.531488956162936,unknown / no property,28.653918176222884,none,own,-2.2345490718147856,skilled employee / official,-2.082900605992835,none,yes
4.352506271577525,no checking account,12.148911345686306,critical account/ other credits existing (not at this bank),business,769.3852162492309,unknown/ no savings account,4 <= ... < 7 years,8.26274069888019,female : divorced/separated/married,co-applicant,3.806630170537922,real estate,67.84540044794282,none,rent,-7.338423010616266,skilled employee / official,-1.2318880341847702,none,yes
7.986923566767146,no checking account,14.644814209149995,existing credits paid back duly till now,car (new),2729.276379336094,unknown/ no savings account,.. >= 7 years,6.1497354169093486,male : single,none,-2.0366013654673676,if not A121 : building society savings agreement/ life insurance,32.67472607213918,bank,own,2.4541051524865862,skilled employee / official,14.175416433472593,"yes, registered under the customers name ",yes
11.655449864029318,>= 200 DM / salary assignments for at least 1 year,12.015185006485837,no credits taken/ all credits paid back duly,radio/television,1886.0364593973388,... < 100 DM,... < 1 year ,9.888783807775255,male : single,none,3.221313149394767,unknown / no property,45.87547841016754,none,own,6.79085193309628,skilled employee / official,2.68405320984221,"yes, registered under the customers name ",yes
1.6576377331039855,no checking account,12.875180012199436,no credits taken/ all credits paid back duly,car (used),708.6201387576293,.. >= 1000 DM ,1 <= ... < 4 years,1.2430172137264333,female : divorced/separated/married,none,1.4155438736218195,real estate,26.271684282605932,none,own,7.69873866696558,unemployed/ unskilled - non-resident,-4.519922663614783,"yes, registered under the customers name ",yes
-3.9581524801274566,no checking account,26.721557092995127,critical account/ other credits existing (not at this bank),domestic appliances,4793.671325880644,... < 100 DM,... < 1 year ,16.127049660442538,female : divorced/separated/married,co-applicant,14.816185608976726,unknown / no property,18.521519900580174,none,rent,2.4215048426803856,skilled employee / official,4.370748815909053,"yes, registered under the customers name ",yes
-8.528185122925237,< 0 DM,18.993817022245285,existing credits paid back duly till now,(vacation - does not exist?),3426.8159404291177,500 <= ... < 1000 DM ,.. >= 7 years,2.0898823385471186,female : divorced/separated/married,none,3.1404953653690897,real estate,25.06119187219383,none,rent,8.84802265536899,skilled employee / official,-2.6401555568045905,"yes, registered under the customers name ",yes
2.070845849375343,no checking account,15.827316675775545,existing credits paid back duly till now,domestic appliances,2463.5769505977682,500 <= ... < 1000 DM ,... < 1 year ,3.0207734070240657,female : divorced/separated/married,none,0.47750061173454195,"if not A121/A122 : car or other, not in attribute 6",26.315954560569516,bank,own,0.8282356681730205,skilled employee / official,4.636246031220388,"yes, registered under the customers name ",yes
-3.251764381241304,< 0 DM,21.058111527750274,delay in paying off in the past,radio/television,2285.122073816086,100 <= ... < 500 DM,1 <= ... < 4 years,2.408888344239167,male : single,none,9.680111671148417,unknown / no property,16.272776973489282,none,own,4.813214206571125,skilled employee / official,0.15615088251727427,none,yes
-1.6614290407187413,0 <= ... < 200 DM,50.76041769905605,critical account/ other credits existing (not at this bank),radio/television,3563.222944951008,... < 100 DM,1 <= ... < 4 years,5.48930224024122,male : single,none,-5.364144669171382,real estate,30.45076480166216,none,own,-0.804923555625709,unskilled - resident,-0.7591833979576295,"yes, registered under the customers name ",yes
-2.4483871962392323,0 <= ... < 200 DM,7.8923487921099005,delay in paying off in the past,domestic appliances,856.2292803418746,100 <= ... < 500 DM,... < 1 year ,4.3424597115449775,male : single,none,4.3772806255243895,real estate,45.34104485674115,none,own,-0.058395357136594495,unskilled - resident,7.4366598753103315,none,yes
-0.563163545665541,0 <= ... < 200 DM,10.46301634847772,existing credits paid back duly till now,car (new),685.7462774234272,100 <= ... < 500 DM,1 <= ... < 4 years,3.544334427787664,male : single,none,10.97771397872429,"if not A121/A122 : car or other, not in attribute 6",47.957548187958075,none,rent,-0.7100364675225452,unskilled - resident,3.2656054106369794,"yes, registered under the customers name ",yes
4.263920923150574,< 0 DM,40.07617477296705,existing credits paid back duly till now,business,5369.542490828427,unknown/ no savings account,4 <= ... < 7 years,10.106879388470482,male : single,none,1.5352028625609837,if not A121 : building society savings agreement/ life insurance,28.008596321710744,none,own,-6.24211578849725,skilled employee / official,4.89195774979683,none,yes
0.6281942697813785,0 <= ... < 200 DM,22.120781612610923,existing credits paid back duly till now,domestic appliances,1582.5094499026259,unknown/ no savings account,1 <= ... < 4 years,4.9565971385338425,female : divorced/separated/married,none,-2.933204178592315,unknown / no property,40.783934971088314,none,own,7.148369039787647,skilled employee / official,2.7396787180797855,none,yes
-0.6345393481547532,0 <= ... < 200 DM,6.736231325086262,existing credits paid back duly till now,car (new),1345.745965302247,... < 100 DM,.. >= 7 years,3.0819415444407965,female : divorced/separated/married,none,2.4163281423576093,if not A121 : building society savings agreement/ life insurance,48.50892456665429,none,own,-1.566529756552065,skilled employee / official,0.22222190482760595,none,yes
-4.1426150113032465,0 <= ... < 200 DM,13.850630289947365,no credits taken/ all credits paid back duly,business,1926.9259696317638,unknown/ no savings account,.. >= 7 years,-2.63599077805487,male : single,none,9.818072163836147,unknown / no property,37.66666949201354,stores,own,-2.2057551190207856,skilled employee / official,3.4454176810328323,none,yes
-6.698731778817428,no checking account,37.09058105372851,critical account/ other credits existing (not at this bank),furniture/equipment,5844.613023628464,... < 100 DM,.. >= 7 years,5.673996298201538,female : divorced/separated/married,none,2.5042783852830848,unknown / no property,24.186507371176074,none,own,-3.719886726450702,unskilled - resident,5.836861570737843,none,yes
-1.9452316362933235,0 <= ... < 200 DM,21.754067892868466,existing credits paid back duly till now,domestic appliances,7753.697710855428,... < 100 DM,1 <= ... < 4 years,1.4638911167625377,male : single,co-applicant,0.6445755619499289,real estate,34.41720186202249,none,own,0.1825622538548679,unskilled - resident,1.5389521740702135,"yes, registered under the customers name ",yes
-0.21513020327328197,< 0 DM,26.79126735600002,critical account/ other credits existing (not at this bank),domestic appliances,6967.897189228726,unknown/ no savings account,... < 1 year ,1.5670410826508525,male : single,none,1.2590287712839041,real estate,38.645913578581926,bank,own,8.05396924223897,unskilled - resident,8.206570417386025,none,yes
8.071719654319532,no checking account,12.442452490314711,existing credits paid back duly till now,domestic appliances,1284.4038371387996,100 <= ... < 500 DM,unemployed,-1.1058976325934555,male : single,none,1.7611989154007466,if not A121 : building society savings agreement/ life insurance,16.49748507001304,none,own,9.37511540329087,unskilled - resident,4.4019488128076345,"yes, registered under the customers name ",yes
0.5210980858915434,< 0 DM,9.005359387017947,critical account/ other credits existing (not at this bank),car (new),1289.3301292523906,100 <= ... < 500 DM,.. >= 7 years,13.68705351902674,male : single,none,5.444791536215985,"if not A121/A122 : car or other, not in attribute 6",45.41088830365074,bank,for free,-4.643467503208333,unskilled - resident,2.8479301990864476,none,yes
3.9309580440922303,< 0 DM,17.891814288758297,critical account/ other credits existing (not at this bank),business,335.7621850836107,... < 100 DM,.. >= 7 years,2.946090999283858,female : divorced/separated/married,none,6.3527845317546126,if not A121 : building society savings agreement/ life insurance,46.97972521809319,none,own,-0.4177919839051294,unskilled - resident,2.0059461240712713,"yes, registered under the customers name ",yes
-1.9971823941566083,< 0 DM,14.196511485839654,existing credits paid back duly till now,car (used),3514.7099393683657,... < 100 DM,... < 1 year ,-3.827941683125071,female : divorced/separated/married,none,7.209692051196684,"if not A121/A122 : car or other, not in attribute 6",35.50351577974824,none,own,-2.1374310803747942,skilled employee / official,1.548948515870499,none,yes
-4.739775065668098,0 <= ... < 200 DM,0.32926331936172115,critical account/ other credits existing (not at this bank),car (new),1895.0245562916175,100 <= ... < 500 DM,.. >= 7 years,-1.7928858389302902,male : single,none,3.824048728436514,"if not A121/A122 : car or other, not in attribute 6",25.531026751517892,none,rent,5.953350964846079,skilled employee / official,-3.0049551423799663,none,yes
-3.8604670489294874,>= 200 DM / salary assignments for at least 1 year,19.25171829450252,critical account/ other credits existing (not at this bank),car (new),2869.9138454208546,100 <= ... < 500 DM,... < 1 year ,2.7937286420951457,female : divorced/separated/married,none,-1.326579040229933,real estate,35.78703680544369,none,own,2.146374189175707,skilled employee / official,1.6397112167655796,none,yes
-2.900904258143013,< 0 DM,16.546957409724776,existing credits paid back duly till now,radio/television,1051.224185901112,... < 100 DM,1 <= ... < 4 years,6.186668130465939,male : single,none,-4.311730055973765,"if not A121/A122 : car or other, not in attribute 6",24.07914935550076,none,own,-0.5462773095193398,unskilled - resident,1.8847459413646686,"yes, registered under the customers name ",yes
8.513878929740658,no checking account,13.981567320935879,critical account/ other credits existing (not at this bank),radio/television,1267.2046333946082,... < 100 DM,1 <= ... < 4 years,6.219186086901254,male : single,none,5.133008084855053,unknown / no property,42.465127014254904,none,own,2.290292322364076,skilled employee / official,-0.664340485066115,none,yes
-3.2855467168975445,no checking account,3.97069740890781,existing credits paid back duly till now,radio/television,7310.533686164109,... < 100 DM,.. >= 7 years,4.706458207106102,male : single,none,-1.3818843917315773,real estate,70.7071505510526,bank,own,-0.9096744856308341,unskilled - resident,2.3507080748187796,"yes, registered under the customers name ",yes
3.35395681494538,< 0 DM,32.059367870756695,critical account/ other credits existing (not at this bank),radio/television,911.4199735027155,100 <= ... < 500 DM,.. >= 7 years,1.4205587734506815,male : single,guarantor,3.097731915725583,real estate,32.3792997730257,none,own,7.4569843774995865,skilled employee / official,1.0852299614204444,"yes, registered under the customers name ",yes
-3.6117087123481055,no checking account,2.5566332859057193,existing credits paid back duly till now,domestic appliances,2982.9888456845697,... < 100 DM,.. >= 7 years,2.361761774006182,female : divorced/separated/married,none,3.216601784744708,"if not A121/A122 : car or other, not in attribute 6",29.205470341350185,none,rent,3.1878380600641534,skilled employee / official,4.094767564395074,"yes, registered under the customers name ",yes
4.726292051496976,no checking account,27.829696368303566,critical account/ other credits existing (not at this bank),radio/television,1142.2505969929548,... < 100 DM,.. >= 7 years,0.4957621435576862,male : single,none,-2.550375981450755,"if not A121/A122 : car or other, not in attribute 6",25.442409648504317,bank,own,3.679293683665752,skilled employee / official,3.6524495242629245,none,yes
1.5398038644234526,< 0 DM,18.206967790988585,existing credits paid back duly till now,radio/television,1570.1630955843593,... < 100 DM,4 <= ... < 7 years,1.5214280679439534,male : single,none,-3.097049337435454,unknown / no property,15.602152452877984,stores,own,-9.66766991213159,skilled employee / official,1.668613150339365,none,yes
-0.6265515906323617,no checking account,22.353002329261404,existing credits paid back duly till now,car (used),3969.0464936764915,... < 100 DM,.. >= 7 years,-1.6708358980010378,female : divorced/separated/married,none,3.6235157417287254,if not A121 : building society savings agreement/ life insurance,29.065292810162795,none,rent,0.7328452846847566,unskilled - resident,-4.468851565207993,"yes, registered under the customers name ",yes
0.8369498954582639,< 0 DM,22.545666838772803,existing credits paid back duly till now,domestic appliances,1932.5352996633019,.. >= 1000 DM ,1 <= ... < 4 years,-0.7535554183930779,female : divorced/separated/married,none,6.014601150096215,real estate,39.927144581969564,none,for free,10.332843836236137,skilled employee / official,8.162890954724682,"yes, registered under the customers name ",yes
-1.6191507817175617,>= 200 DM / salary assignments for at least 1 year,10.403184011246823,existing credits paid back duly till now,domestic appliances,946.5967215104693,... < 100 DM,.. >= 7 years,8.256837955432035,male : divorced/separated,none,7.246075081655027,if not A121 : building society savings agreement/ life insurance,35.90558605279583,bank,own,7.304516280146737,skilled employee / official,1.432436005715427,"yes, registered under the customers name ",yes
1.7842888059283222,0 <= ... < 200 DM,4.367478347098933,existing credits paid back duly till now,domestic appliances,758.6896670095852,unknown/ no savings account,... < 1 year ,6.754446803915551,male : single,none,3.4282137390822074,if not A121 : building society savings agreement/ life insurance,25.631829845515885,none,own,-6.388358343681213,unskilled - resident,0.676454185219473,none,yes
-0.81993392136312,no checking account,23.532479254365903,existing credits paid back duly till now,car (used),2062.8013877437784,... < 100 DM,1 <= ... < 4 years,6.90666147991252,male : married/widowed,none,2.2946263799687783,"if not A121/A122 : car or other, not in attribute 6",32.272162497384336,bank,own,-0.25370333073437634,skilled employee / official,-0.3700833947975508,none,yes
-4.902423055068993,< 0 DM,4.008592067023898,existing credits paid back duly till now,car (new),1409.1335851388424,unknown/ no savings account,.. >= 7 years,4.157252264097186,male : married/widowed,none,-0.9847790142281974,if not A121 : building society savings agreement/ life insurance,29.17401674569455,bank,own,-3.8060778636748855,skilled employee / official,-0.953646624262146,none,yes
-4.111750297278477,no checking account,20.66059787335196,existing credits paid back duly till now,car (new),3415.3401694701497,unknown/ no savings account,1 <= ... < 4 years,5.107230795460586,male : single,none,-3.283627983378077,unknown / no property,34.239063597358964,none,own,8.84440624145148,skilled employee / official,7.176232192002096,none,yes
1.6903516708884778,no checking account,23.59917660382609,critical account/ other credits existing (not at this bank),business,7485.206793285714,... < 100 DM,... < 1 year ,-3.0451576185701796,male : married/widowed,none,-1.0435083533165903,"if not A121/A122 : car or other, not in attribute 6",52.2450051925425,bank,own,1.9771131291036341,skilled employee / official,6.544177281544319,"yes, registered under the customers name ",yes
6.31636502564174,0 <= ... < 200 DM,8.95210216675897,existing credits paid back duly till now,car (new),2578.924114659055,100 <= ... < 500 DM,... < 1 year ,5.452350072181421,female : divorced/separated/married,none,2.6397423399222686,real estate,50.46251932025002,none,for free,-2.071182238925744,unskilled - resident,2.7775736143106835,none,yes
0.639966454293753,0 <= ... < 200 DM,6.594508381211323,delay in paying off in the past,domestic appliances,340.03091380655303,... < 100 DM,... < 1 year ,4.708479320020121,male : single,none,5.346494826509371,unknown / no property,57.57407803844024,stores,own,2.136631774163156,unskilled - resident,0.5699993822770983,none,yes
-0.47455330443953025,no checking account,13.46483839113575,existing credits paid back duly till now,car (new),1965.4120274137067,... < 100 DM,... < 1 year ,6.5084384005966625,male : single,none,-6.39960794290049,if not A121 : building society savings agreement/ life insurance,24.036814274614905,bank,own,-8.429462116273935,skilled employee / official,4.476471940055013,none,yes
1.1433045584101715,< 0 DM,22.66988783496806,existing credits paid back duly till now,car (used),569.5063642527044,... < 100 DM,1 <= ... < 4 years,5.520093196194453,male : single,none,0.8572918869299881,"if not A121/A122 : car or other, not in attribute 6",62.336190416962836,none,own,-2.3398452138263064,unskilled - resident,1.2951879270774909,"yes, registered under the customers name ",yes
6.224006966827299,no checking account,30.71804406337185,critical account/ other credits existing (not at this bank),domestic appliances,9580.484573610534,... < 100 DM,1 <= ... < 4 years,-2.9482206181475465,male : single,none,5.818030206424623,"if not A121/A122 : car or other, not in attribute 6",25.323819503304712,none,own,2.1457749033052385,skilled employee / official,0.2391083267076045,"yes, registered under the customers name ",yes
1.8775300054554254,no checking account,39.41874292054224,existing credits paid back duly till now,repairs,4455.937724465928,unknown/ no savings account,1 <= ... < 4 years,-3.9921591015641864,male : single,none,2.316860191216558,real estate,29.680614543577043,none,rent,5.38270147381329,skilled employee / official,2.352423686025321,none,yes
-0.6437089233349487,< 0 DM,17.7991532135926,existing credits paid back duly till now,domestic appliances,1639.5500609895007,... < 100 DM,1 <= ... < 4 years,1.151783335268147,male : divorced/separated,none,-3.6680356524119437,real estate,39.758742987544984,bank,own,-5.765256482389363,skilled employee / official,0.2353690122182206,none,yes
4.425154840239555,no checking account,26.531431658429227,existing credits paid back duly till now,domestic appliances,3772.990497016935,... < 100 DM,.. >= 7 years,6.259669125091649,male : single,none,13.423284726392605,unknown / no property,61.98495638159257,bank,rent,-0.5246212308097173,unskilled - resident,2.00905705601373,"yes, registered under the customers name ",yes
2.715025753846454,0 <= ... < 200 DM,17.95744529352723,existing credits paid back duly till now,car (new),877.0379880438887,unknown/ no savings account,4 <= ... < 7 years,6.760365660701582,male : single,none,3.8842330707409416,if not A121 : building society savings agreement/ life insurance,31.691088502100964,none,own,5.038742954075287,skilled employee / official,2.816883702486542,none,yes
6.143023967983968,no checking account,9.494450003688208,all credits at this bank paid back duly,car (used),1360.0693385166053,... < 100 DM,4 <= ... < 7 years,-1.4717691095274512,male : single,none,3.537335837253632,real estate,31.91587974265756,none,own,-3.8058132974930885,unskilled - resident,3.411744085031698,"yes, registered under the customers name ",yes
1.7329377488876245,no checking account,7.735209181675248,existing credits paid back duly till now,domestic appliances,5128.512779103787,... < 100 DM,.. >= 7 years,-1.9243974698728583,male : single,guarantor,5.598099024180538,real estate,76.46603096987121,none,own,1.9167313391366925,skilled employee / official,-0.47654782990243527,none,no
-4.897876126882001,no checking account,17.46145496825507,existing credits paid back duly till now,radio/television,1173.126297208402,... < 100 DM,4 <= ... < 7 years,-0.8929427437633572,male : married/widowed,none,1.5296181353592557,if not A121 : building society savings agreement/ life insurance,67.99371198212322,none,own,3.263898012424014,unskilled - resident,3.840545411506163,none,yes
-4.47263679698266,0 <= ... < 200 DM,14.451861521898396,existing credits paid back duly till now,business,682.043704449602,... < 100 DM,1 <= ... < 4 years,2.570779758932737,male : single,none,-1.910294727285577,"if not A121/A122 : car or other, not in attribute 6",20.44072231112543,none,own,7.8575212814264095,unskilled - resident,-2.6252459718020207,"yes, registered under the customers name ",yes
6.603711728924998,< 0 DM,17.436048410222327,existing credits paid back duly till now,domestic appliances,3246.195931496308,500 <= ... < 1000 DM ,1 <= ... < 4 years,-4.448203323410609,female : divorced/separated/married,none,12.486699940263762,real estate,28.82076442277365,bank,rent,1.0794552275534492,skilled employee / official,-1.2902666064849546,"yes, registered under the customers name ",yes
7.894662883133188,no checking account,30.12711556240421,no credits taken/ all credits paid back duly,business,4593.904393445785,100 <= ... < 500 DM,... < 1 year ,-3.6882070645605305,male : single,none,7.012823478471002,if not A121 : building society savings agreement/ life insurance,54.425944778410724,none,own,2.313597606499719,skilled employee / official,-1.1157002365829762,"yes, registered under the customers name ",yes
0.2819231468695974,no checking account,52.03004308394624,existing credits paid back duly till now,radio/television,3840.2757060482318,.. >= 1000 DM ,4 <= ... < 7 years,0.7126588143697843,male : divorced/separated,none,7.287748804434706,if not A121 : building society savings agreement/ life insurance,36.045595984697485,none,own,4.419839012658754,unskilled - resident,-2.288207089494713,none,yes
-0.532749284543951,< 0 DM,25.973383534400988,existing credits paid back duly till now,car (new),3911.003420434676,100 <= ... < 500 DM,1 <= ... < 4 years,4.345015344900022,male : divorced/separated,none,4.305156766872843,if not A121 : building society savings agreement/ life insurance,37.31040233708451,bank,own,-4.305394672197378,skilled employee / official,6.062649133542651,none,yes
5.845777168968809,no checking account,9.000487248547778,existing credits paid back duly till now,domestic appliances,2108.147221996388,500 <= ... < 1000 DM ,1 <= ... < 4 years,-2.7223773590139624,female : divorced/separated/married,none,-2.013269561446738,"if not A121/A122 : car or other, not in attribute 6",31.280803615648367,none,own,0.11646717379656546,skilled employee / official,-2.876209904759189,"yes, registered under the customers name ",yes
-3.428182728173952,< 0 DM,52.735173940752745,delay in paying off in the past,radio/television,3031.692028558609,unknown/ no savings account,1 <= ... < 4 years,3.5367859601129354,male : single,none,9.110120766961096,"if not A121/A122 : car or other, not in attribute 6",26.650431602544927,none,own,-0.8229000433620421,skilled employee / official,-1.7956653496266872,none,yes
-2.5789080758233056,0 <= ... < 200 DM,16.841938403132108,delay in paying off in the past,car (new),1493.5747537315422,... < 100 DM,.. >= 7 years,6.234211264567262,male : single,none,-0.3725306320469972,real estate,37.747866167657364,none,own,1.444352749179599,unskilled - resident,6.0216308419465685,none,yes
2.5733071787561776,no checking account,1.0880004767100102,delay in paying off in the past,domestic appliances,1381.2787719086018,100 <= ... < 500 DM,1 <= ... < 4 years,-4.20711894965404,male : single,none,2.133147192602583,real estate,28.285178453989747,none,own,5.393625795851352,skilled employee / official,-1.2823308074146018,"yes, registered under the customers name ",yes
-0.5784204914383584,>= 200 DM / salary assignments for at least 1 year,8.293867555371397,existing credits paid back duly till now,car (new),951.056288331494,... < 100 DM,1 <= ... < 4 years,3.174216966357842,female : divorced/separated/married,none,-2.5575596218582755,real estate,22.31296659246689,none,own,6.216645940328693,skilled employee / official,0.2474292594476134,none,yes
-0.020487466880285184,0 <= ... < 200 DM,29.939675146935404,existing credits paid back duly till now,car (new),2759.1394033369156,... < 100 DM,1 <= ... < 4 years,8.09902693500309,female : divorced/separated/married,none,-4.163435402590078,real estate,33.599978901155524,none,own,-1.994729234114705,unskilled - resident,-3.048116003666143,"yes, registered under the customers name ",yes
0.3462284059019497,no checking account,13.766875796649451,existing credits paid back duly till now,domestic appliances,4293.746438350613,... < 100 DM,.. >= 7 years,2.3269264385447626,male : single,none,4.2731648106124585,if not A121 : building society savings agreement/ life insurance,39.12147539233034,bank,own,1.5467968133088497,skilled employee / official,4.331804830490738,none,yes
1.3502981951957342,< 0 DM,3.709835466833284,existing credits paid back duly till now,radio/television,933.8418592723154,unknown/ no savings account,1 <= ... < 4 years,1.7053212365663244,male : single,none,-1.2363970687796324,unknown / no property,53.00938332536579,none,own,7.9617664564020965,skilled employee / official,4.38694497676426,"yes, registered under the customers name ",yes
5.629927445254867,0 <= ... < 200 DM,10.055223477203812,critical account/ other credits existing (not at this bank),radio/television,1167.2925632257088,unknown/ no savings account,.. >= 7 years,8.653983257225896,female : divorced/separated/married,none,-4.956670285189093,unknown / no property,25.08666895400242,none,rent,-2.325462795189221,skilled employee / official,3.955783616493787,"yes, registered under the customers name ",yes
0.3623396276069822,>= 200 DM / salary assignments for at least 1 year,28.68090683789834,existing credits paid back duly till now,radio/television,5117.36320009444,500 <= ... < 1000 DM ,1 <= ... < 4 years,1.7751916841138087,male : single,none,6.162438011788302,unknown / no property,22.257067203262594,none,rent,2.5806671215880503,skilled employee / official,3.1501193127757747,none,yes
3.5757551731074315,no checking account,11.590413173555614,critical account/ other credits existing (not at this bank),car (used),904.4191663302023,... < 100 DM,1 <= ... < 4 years,8.417980100822271,male : single,none,12.480323084203157,unknown / no property,16.24720524351865,none,own,0.22735729224548573,skilled employee / official,1.2943564440779067,none,yes
-8.20068840412409,< 0 DM,9.397745518377631,existing credits paid back duly till now,car (used),1499.3234248198034,100 <= ... < 500 DM,1 <= ... < 4 years,5.715861564508796,male : single,none,6.558241034320247,unknown / no property,31.395288963777876,stores,own,1.747979936652892,skilled employee / official,-0.09750666775193784,none,yes
-0.1948736077204718,< 0 DM,27.303150153101964,existing credits paid back duly till now,car (new),10621.822609105891,... < 100 DM,... < 1 year ,1.628621388360653,male : married/widowed,none,2.9707284589373097,"if not A121/A122 : car or other, not in attribute 6",37.060197184901725,none,own,-3.522630488997603,unskilled - resident,-1.2598772266640839,none,yes
-3.3729210811714845,no checking account,9.150651742349165,critical account/ other credits existing (not at this bank),domestic appliances,1933.1753752155387,unknown/ no savings account,4 <= ... < 7 years,5.918762122390121,male : married/widowed,none,4.035381226787782,if not A121 : building society savings agreement/ life insurance,37.12133823171878,none,own,8.643051417248817,unskilled - resident,6.1596221070466814,none,yes
-4.875252241694512,0 <= ... < 200 DM,8.48196148536423,existing credits paid back duly till now,radio/television,1425.7506226941373,... < 100 DM,... < 1 year ,5.281798055384151,male : single,none,6.550825027135653,real estate,21.997897263370433,none,for free,-2.097407603552733,skilled employee / official,4.05921708690636,none,yes
-3.512609467715003,< 0 DM,33.12653150910425,existing credits paid back duly till now,car (used),6570.443379665643,... < 100 DM,1 <= ... < 4 years,6.083531284009896,male : single,none,6.488512079339627,real estate,19.42439250862279,stores,for free,5.104287880614131,skilled employee / official,-1.7732169088016971,"yes, registered under the customers name ",yes
-1.3364937628032483,< 0 DM,13.19004428474222,existing credits paid back duly till now,car (new),1411.2631982669645,unknown/ no savings account,... < 1 year ,0.806617848539926,male : single,none,0.6258571246972051,if not A121 : building society savings agreement/ life insurance,49.656330762434266,none,own,-1.4855064321900446,skilled employee / official,1.1593270728925378,none,yes
3.6636101694240524,>= 200 DM / salary assignments for at least 1 year,12.547036217618954,existing credits paid back duly till now,radio/television,3077.1615739078647,500 <= ... < 1000 DM ,unemployed,1.1648242671264788,female : divorced/separated/married,co-applicant,2.136710862898297,unknown / no property,34.51900875399479,none,for free,-0.5020186075830408,skilled employee / official,0.7995396280599469,none,yes
-5.305570870958256,0 <= ... < 200 DM,34.04369012752431,existing credits paid back duly till now,domestic appliances,3838.9183413646238,... < 100 DM,... < 1 year ,1.7539372815814505,male : single,none,5.202459227058146,real estate,47.960892254422745,bank,own,5.852493001861867,skilled employee / official,-3.512842822823001,"yes, registered under the customers name ",yes
1.1225259703776698,>= 200 DM / salary assignments for at least 1 year,26.256173291255806,no credits taken/ all credits paid back duly,radio/television,5298.166745862634,unknown/ no savings account,4 <= ... < 7 years,4.816592566559139,male : single,none,6.215505281115327,real estate,47.802291920898405,none,own,5.975538413911697,skilled employee / official,1.7106055064852095,"yes, registered under the customers name ",yes
-0.9366777333343139,no checking account,27.14578407451858,existing credits paid back duly till now,domestic appliances,1915.1132836268794,... < 100 DM,1 <= ... < 4 years,-0.10071677777670285,female : divorced/separated/married,none,3.4676942319549324,"if not A121/A122 : car or other, not in attribute 6",64.25189076955999,stores,for free,1.8346635958559316,unskilled - resident,-0.6619706569567831,none,yes
-1.3106923774478434,< 0 DM,25.393166660323192,all credits at this bank paid back duly,business,3338.534335445362,... < 100 DM,1 <= ... < 4 years,8.067908192951425,male : single,none,1.5196590197250228,real estate,53.14971908055631,none,own,4.044602199225279,skilled employee / official,-2.8101466651827423,none,yes
4.0110313012184164,no checking account,0.4879628926085351,existing credits paid back duly till now,radio/television,932.0555928373301,... < 100 DM,1 <= ... < 4 years,2.8653150886816663,male : single,none,8.519329319017553,if not A121 : building society savings agreement/ life insurance,36.14401961106128,bank,rent,0.8457888789744001,skilled employee / official,-4.916530216567048,none,yes
2.1524617480157042,no checking account,10.757525280078422,existing credits paid back duly till now,car (new),3104.0451107864747,... < 100 DM,4 <= ... < 7 years,-2.2677002945317852,male : single,co-applicant,5.838082809771545,unknown / no property,27.86906435361082,bank,for free,0.9665294891244404,management/ self-employed/ highly qualified employee/ officer,-5.255214000822685,none,yes
5.349592429770975,no checking account,27.00086488819357,existing credits paid back duly till now,car (new),3912.60770572587,500 <= ... < 1000 DM ,1 <= ... < 4 years,6.833051301922001,male : single,none,3.909642293744353,"if not A121/A122 : car or other, not in attribute 6",27.785993912745163,stores,own,-1.6464975698552764,management/ self-employed/ highly qualified employee/ officer,-0.48570451077855803,none,yes
-0.6180227169996019,>= 200 DM / salary assignments for at least 1 year,19.21856410280759,existing credits paid back duly till now,(vacation - does not exist?),3018.4029483215595,... < 100 DM,.. >= 7 years,10.936372323190925,female : divorced/separated/married,co-applicant,8.876436280091713,"if not A121/A122 : car or other, not in attribute 6",27.536750954851147,stores,own,4.616259797201039,skilled employee / official,0.6596201183003374,"yes, registered under the customers name ",yes
-2.783770446682812,< 0 DM,15.299822717526524,critical account/ other credits existing (not at this bank),domestic appliances,1358.0577519870758,... < 100 DM,.. >= 7 years,6.007335878197631,male : single,none,2.454216951094332,if not A121 : building society savings agreement/ life insurance,66.40620000937568,bank,for free,-1.7736533246694095,unskilled - resident,-2.5012032406492644,none,yes
-0.8954352675219981,no checking account,11.822255329182582,critical account/ other credits existing (not at this bank),domestic appliances,625.370717784116,... < 100 DM,4 <= ... < 7 years,9.707939068905876,female : divorced/separated/married,none,7.491893794517522,if not A121 : building society savings agreement/ life insurance,29.70257848557637,none,own,6.9406253797514115,skilled employee / official,3.602957710628911,none,yes
0.9699871650848864,0 <= ... < 200 DM,17.162255049284695,delay in paying off in the past,retraining,1196.9265773618083,... < 100 DM,1 <= ... < 4 years,4.341485526410352,male : single,none,6.1700617741422015,"if not A121/A122 : car or other, not in attribute 6",15.09088509853055,none,own,-0.26333667327929744,skilled employee / official,0.7378138328681507,"yes, registered under the customers name ",yes
0.7062934338148441,0 <= ... < 200 DM,13.643930307603501,delay in paying off in the past,car (new),707.3439739229905,... < 100 DM,.. >= 7 years,-2.6460196789540404,male : single,none,15.084104488858358,real estate,35.41534218717243,none,rent,2.0820342560653375,skilled employee / official,3.3075412423946005,"yes, registered under the customers name ",yes
-4.337552288933466,no checking account,27.130235302860637,critical account/ other credits existing (not at this bank),car (used),2974.8238258332044,... < 100 DM,.. >= 7 years,-3.3764818046700995,male : single,guarantor,-0.7699277071299111,real estate,33.56824846633497,none,own,5.034912082617337,unskilled - resident,1.2683568392491689,"yes, registered under the customers name ",yes
0.36195912651149686,no checking account,11.3964120187817,existing credits paid back duly till now,business,4652.601366616623,... < 100 DM,1 <= ... < 4 years,4.020328175471034,female : divorced/separated/married,none,-0.7573810088693662,"if not A121/A122 : car or other, not in attribute 6",34.04312553602294,none,own,1.095457684758328,skilled employee / official,-2.1484705408284235,"yes, registered under the customers name ",yes
0.9129133205556206,< 0 DM,38.09580381677068,critical account/ other credits existing (not at this bank),domestic appliances,2613.9371934415076,... < 100 DM,.. >= 7 years,1.63208476908008,female : divorced/separated/married,co-applicant,3.6751913128021907,if not A121 : building society savings agreement/ life insurance,28.54864711646545,bank,own,0.8083667428587591,skilled employee / official,1.4564702845544557,"yes, registered under the customers name ",yes
11.069896150135682,no checking account,50.91485693629738,critical account/ other credits existing (not at this bank),radio/television,10961.603686107226,unknown/ no savings account,... < 1 year ,-2.6583051133094053,female : divorced/separated/married,none,3.588936211915968,real estate,27.195699298720626,none,own,1.879906208766114,skilled employee / official,-4.05069804807329,none,yes
8.50737844512668,0 <= ... < 200 DM,9.69341083106523,existing credits paid back duly till now,car (used),7867.317127885283,unknown/ no savings account,1 <= ... < 4 years,3.7490132641252987,male : single,none,11.800555936700075,if not A121 : building society savings agreement/ life insurance,51.89876315055178,bank,for free,4.5752734142303355,unskilled - resident,3.1577540825465915,none,yes
-2.4129734022352802,no checking account,11.238161482464665,existing credits paid back duly till now,(vacation - does not exist?),1486.7434550656706,... < 100 DM,.. >= 7 years,6.462341151445153,male : single,none,-0.6734987331981355,real estate,23.468577507544822,none,rent,-1.6514088885468219,skilled employee / official,-2.748596826052535,none,yes
-1.1495334461967044,0 <= ... < 200 DM,26.26475103429933,existing credits paid back duly till now,car (new),3150.1091581248434,100 <= ... < 500 DM,1 <= ... < 4 years,-1.8110301870485888,male : single,none,4.619674074775537,if not A121 : building society savings agreement/ life insurance,20.75300836438179,none,own,0.49505197090694086,management/ self-employed/ highly qualified employee/ officer,4.672930106133796,none,yes
-4.8537680073480125,no checking account,33.80178951547967,existing credits paid back duly till now,car (new),4211.940327068257,.. >= 1000 DM ,... < 1 year ,2.204489518878461,male : divorced/separated,none,6.649852018727983,real estate,29.47150440026045,none,rent,1.0411469093499015,unskilled - resident,-0.35382298496765885,"yes, registered under the customers name ",yes
-2.362828055853946,no checking account,4.50892627091602,existing credits paid back duly till now,car (new),2502.6897546845307,... < 100 DM,4 <= ... < 7 years,8.039482732481261,female : divorced/separated/married,none,6.81859132888259,unknown / no property,44.6541734217912,none,own,4.458340782110625,unemployed/ unskilled - non-resident,5.250134065239668,"yes, registered under the customers name ",yes
1.262420014361362,0 <= ... < 200 DM,7.263486672406911,existing credits paid back duly till now,domestic appliances,2135.8523702378543,.. >= 1000 DM ,... < 1 year ,-1.3011535208854985,male : single,none,-2.84398536769728,unknown / no property,32.833696552822886,none,own,0.6006185045142538,unskilled - resident,-3.4904927543532613,"yes, registered under the customers name ",yes
4.823414483552934,< 0 DM,18.34602216768585,critical account/ other credits existing (not at this bank),(vacation - does not exist?),872.3313177870933,... < 100 DM,1 <= ... < 4 years,7.479044748659826,male : divorced/separated,none,7.631035221016792,"if not A121/A122 : car or other, not in attribute 6",33.179292993906586,none,rent,8.233196377974888,unskilled - resident,-1.7110788029152815,none,yes
-2.916335350974434,< 0 DM,5.308039475157259,critical account/ other credits existing (not at this bank),domestic appliances,1540.3060808802668,... < 100 DM,1 <= ... < 4 years,0.061076953804024336,male : single,none,5.917299725261655,"if not A121/A122 : car or other, not in attribute 6",39.49567814571043,none,own,2.3738456891396194,skilled employee / official,3.523739787394282,none,yes
-1.6165857602711862,0 <= ... < 200 DM,20.829896678168343,existing credits paid back duly till now,repairs,1818.8242237141255,unknown/ no savings account,1 <= ... < 4 years,6.183175039399811,male : single,none,4.39833807916151,unknown / no property,29.045265107746086,none,own,0.04926544637888031,skilled employee / official,6.6819883737070205,"yes, registered under the customers name ",yes
-7.5891561189546195,0 <= ... < 200 DM,6.106341365304394,existing credits paid back duly till now,car (new),14554.843604315134,... < 100 DM,4 <= ... < 7 years,5.389310028811469,male : single,none,2.8173907488358165,if not A121 : building society savings agreement/ life insurance,19.469676266599695,bank,own,0.31587151352907306,unskilled - resident,7.666435633259689,none,yes
0.34933631782036934,no checking account,23.282148144553943,critical account/ other credits existing (not at this bank),car (used),2766.6392303464904,... < 100 DM,4 <= ... < 7 years,6.965127067940086,male : single,none,2.9044320401774852,if not A121 : building society savings agreement/ life insurance,62.3433826915433,bank,rent,-3.2665657146320406,skilled employee / official,1.165464654723491,none,yes
-4.249657647438252,no checking account,14.472762858661204,existing credits paid back duly till now,business,1287.389973974227,100 <= ... < 500 DM,1 <= ... < 4 years,7.6366384088555055,male : single,none,1.6850568310424892,"if not A121/A122 : car or other, not in attribute 6",32.05494043943122,bank,own,-2.14690738703474,skilled employee / official,8.350982523147024,none,yes
-2.117757709464295,0 <= ... < 200 DM,36.207520480489954,no credits taken/ all credits paid back duly,car (new),2520.7801071251474,... < 100 DM,.. >= 7 years,-3.6063741336318245,male : single,none,5.563140537010567,if not A121 : building society savings agreement/ life insurance,38.2575562607718,none,own,-1.122667558956373,unskilled - resident,0.8413418006982778,none,yes
-2.507443112670353,no checking account,29.107923328792175,existing credits paid back duly till now,domestic appliances,919.9175028706004,... < 100 DM,.. >= 7 years,8.454638826965194,male : single,none,2.12453941177991,unknown / no property,32.39546614414028,none,own,5.543319395400519,skilled employee / official,5.39507048945189,none,yes
-0.37705021701022795,< 0 DM,1.9948342689738237,critical account/ other credits existing (not at this bank),car (new),1591.7760255646729,... < 100 DM,1 <= ... < 4 years,-0.4107724585392796,female : divorced/separated/married,none,-1.394099901410565,real estate,48.20494632474074,none,own,0.8674957625519595,skilled employee / official,-1.768723987837221,none,yes
-6.030913565426525,< 0 DM,54.73434483815209,existing credits paid back duly till now,domestic appliances,4599.425310062536,... < 100 DM,1 <= ... < 4 years,4.038167062286154,female : divorced/separated/married,none,-0.19436657931036816,if not A121 : building society savings agreement/ life insurance,27.154444477060885,none,own,0.06142324153717382,management/ self-employed/ highly qualified employee/ officer,3.6808020274530167,none,yes
-5.868180981563962,< 0 DM,9.87609398177714,no credits taken/ all credits paid back duly,domestic appliances,1188.7703744835992,... < 100 DM,1 <= ... < 4 years,4.032984747988907,male : single,none,-1.0081450146091684,"if not A121/A122 : car or other, not in attribute 6",30.288917262241426,none,rent,6.9061389824263815,unskilled - resident,-8.366772163425782,none,yes
8.516988448113192,0 <= ... < 200 DM,16.17949124981771,critical account/ other credits existing (not at this bank),car (new),3448.9691876477523,unknown/ no savings account,.. >= 7 years,5.9404902354783236,male : single,none,3.888528970197807,real estate,39.21982437887718,none,for free,7.204708531569043,management/ self-employed/ highly qualified employee/ officer,-2.486364046612495,none,yes
-5.149690325096124,no checking account,24.271946504204355,critical account/ other credits existing (not at this bank),domestic appliances,1255.5179255174053,... < 100 DM,.. >= 7 years,5.347826704240762,female : divorced/separated/married,none,0.8921766542591707,unknown / no property,25.56216397967216,none,own,6.021529843631042,management/ self-employed/ highly qualified employee/ officer,2.8667071923230596,none,yes
-4.387142313818559,0 <= ... < 200 DM,10.35140248617213,existing credits paid back duly till now,domestic appliances,710.6713319354923,... < 100 DM,1 <= ... < 4 years,0.6247600859011073,female : divorced/separated/married,none,4.861375173154997,if not A121 : building society savings agreement/ life insurance,64.96503630790714,none,rent,-0.41235998894063064,unemployed/ unskilled - non-resident,-4.249755408802094,none,yes
7.347654113285256,no checking account,-1.230787439099731,critical account/ other credits existing (not at this bank),car (used),1201.0215065742457,.. >= 1000 DM ,1 <= ... < 4 years,-1.3994696491828647,male : single,none,3.003252534184444,real estate,39.21813478616833,none,own,-0.9809944807746229,unskilled - resident,2.7077984431567383,"yes, registered under the customers name ",yes
11.620268676961627,0 <= ... < 200 DM,23.313741959134607,existing credits paid back duly till now,car (new),1924.781182252603,... < 100 DM,.. >= 7 years,5.489394719847074,female : divorced/separated/married,guarantor,-0.5092837036675157,if not A121 : building society savings agreement/ life insurance,27.299510497627306,none,for free,8.254944281258876,skilled employee / official,4.625832483249454,none,yes
-3.6862665153013667,< 0 DM,11.762467058777563,critical account/ other credits existing (not at this bank),(vacation - does not exist?),437.66268835953525,... < 100 DM,... < 1 year ,3.743338310075662,male : single,none,9.862640673381392,real estate,18.496302343673058,none,own,1.9645587680000882,management/ self-employed/ highly qualified employee/ officer,-1.0052807708731124,"yes, registered under the customers name ",yes
-1.4729958271521222,no checking account,9.86919694337109,existing credits paid back duly till now,car (used),661.8536721005214,unknown/ no savings account,1 <= ... < 4 years,7.597507363831271,female : divorced/separated/married,none,2.9291566918101024,real estate,38.611763496503436,none,own,0.9294917404156857,skilled employee / official,-2.875811822696792,none,yes
1.3662222037620382,0 <= ... < 200 DM,18.067170628556994,existing credits paid back duly till now,business,2250.661920473954,100 <= ... < 500 DM,.. >= 7 years,0.8210682632485281,male : single,none,0.26629206087396406,real estate,51.70530790760014,none,own,3.873391845323349,skilled employee / official,-0.8967464634189553,none,yes
7.9147905776223695,>= 200 DM / salary assignments for at least 1 year,26.81235604281324,existing credits paid back duly till now,retraining,2152.70057863958,... < 100 DM,.. >= 7 years,-1.6206574427078415,male : single,none,3.9295449493298094,real estate,30.838138462505075,none,for free,5.0291962694324495,unskilled - resident,-2.863249276736742,none,yes
-3.9474283137129498,0 <= ... < 200 DM,25.207882970077083,delay in paying off in the past,(vacation - does not exist?),4141.474930639512,... < 100 DM,1 <= ... < 4 years,5.864518724016424,female : divorced/separated/married,none,-4.346040809500291,if not A121 : building society savings agreement/ life insurance,40.913316401760916,bank,own,-0.2857982837130577,unskilled - resident,0.5951457679363292,none,yes
-0.981111383768439,< 0 DM,6.098433911968098,existing credits paid back duly till now,car (new),2034.1351446717556,... < 100 DM,1 <= ... < 4 years,0.5185175613555719,male : single,none,-2.1621377988916772,real estate,27.14076922691848,none,own,1.877759834479726,skilled employee / official,1.408362499552327,"yes, registered under the customers name ",yes
3.109350304246976,< 0 DM,57.48606107945284,critical account/ other credits existing (not at this bank),car (new),7413.270197711175,... < 100 DM,.. >= 7 years,2.3680138296840845,male : married/widowed,guarantor,4.924291194767331,"if not A121/A122 : car or other, not in attribute 6",21.977359174817714,bank,own,4.706240276868234,unskilled - resident,-0.224040492387235,none,yes
1.7390642978664745,no checking account,27.097978815461484,existing credits paid back duly till now,business,2685.3279819738277,... < 100 DM,unemployed,1.4101622860819232,male : single,none,-4.949687716248443,real estate,36.94864727130268,none,for free,-2.6411485838394126,management/ self-employed/ highly qualified employee/ officer,7.697436960747287,"yes, registered under the customers name ",yes
-0.504624284920397,< 0 DM,11.84584695262635,critical account/ other credits existing (not at this bank),car (used),2149.986732598443,... < 100 DM,1 <= ... < 4 years,10.577206840934762,male : single,none,5.470296787732623,"if not A121/A122 : car or other, not in attribute 6",24.03439048778801,none,own,1.0493818297045592,skilled employee / official,-1.8776152787479012,none,yes
-0.5352918580641646,0 <= ... < 200 DM,21.958592167724046,no credits taken/ all credits paid back duly,car (new),3816.3383455658554,... < 100 DM,.. >= 7 years,-2.5062592967327877,male : single,none,10.044546265436539,unknown / no property,17.050115226476965,bank,own,-3.4575586122028614,management/ self-employed/ highly qualified employee/ officer,6.565732717021249,none,yes
-5.499583233479927,no checking account,9.071070085188316,existing credits paid back duly till now,radio/television,1156.2036975235742,... < 100 DM,.. >= 7 years,2.6502809835753016,male : married/widowed,none,2.5221786487050064,if not A121 : building society savings agreement/ life insurance,57.956634738308956,none,own,-0.9343219877072437,skilled employee / official,-3.1649569452484547,"yes, registered under the customers name ",yes
-0.9526949758986609,0 <= ... < 200 DM,15.997345329897957,existing credits paid back duly till now,car (used),1647.49083803308,100 <= ... < 500 DM,4 <= ... < 7 years,2.4297948107892653,female : divorced/separated/married,none,3.16725106970524,"if not A121/A122 : car or other, not in attribute 6",29.092797789079,none,own,-1.2524003099212164,skilled employee / official,1.2911102797661957,"yes, registered under the customers name ",yes
-1.0655499600358205,no checking account,24.38965365183113,delay in paying off in the past,(vacation - does not exist?),1599.860883011376,500 <= ... < 1000 DM ,.. >= 7 years,-0.3687293083478327,male : married/widowed,none,8.476348339404106,unknown / no property,58.61350839392322,none,own,2.9084781515178815,management/ self-employed/ highly qualified employee/ officer,5.732421634192278,none,no
0.9286795585050238,< 0 DM,21.183112038976933,critical account/ other credits existing (not at this bank),domestic appliances,5302.552820517413,.. >= 1000 DM ,4 <= ... < 7 years,3.3220781143503806,male : single,none,2.132843247825921,real estate,37.98854496154438,none,own,1.7119094854474615,skilled employee / official,5.525428609013272,none,yes
-2.221308875276064,no checking account,10.211369370680213,existing credits paid back duly till now,domestic appliances,2747.220080455521,... < 100 DM,4 <= ... < 7 years,8.447641909869962,male : single,none,7.471102082104726,real estate,59.12634394297099,none,own,0.40632750012637553,skilled employee / official,-0.6810315908009403,none,yes
1.886154090180556,0 <= ... < 200 DM,9.80176464979367,existing credits paid back duly till now,business,1232.910442919027,... < 100 DM,1 <= ... < 4 years,1.0381513572251582,female : divorced/separated/married,none,1.3154048194773136,unknown / no property,28.061389660030493,none,own,2.206218253299837,skilled employee / official,4.22027888028538,"yes, registered under the customers name ",yes
5.050863271279314,< 0 DM,14.538004482804261,critical account/ other credits existing (not at this bank),business,805.1574662226789,500 <= ... < 1000 DM ,1 <= ... < 4 years,5.580571276126902,male : single,none,1.0895908266672827,"if not A121/A122 : car or other, not in attribute 6",36.58009326126133,none,own,-3.5878509130657186,skilled employee / official,3.6847163346569043,none,yes
0.6217173106738642,< 0 DM,32.655771540616854,existing credits paid back duly till now,car (new),6306.433806945719,100 <= ... < 500 DM,.. >= 7 years,-6.997741544154222,male : single,none,0.802654142700105,unknown / no property,29.971532857462048,none,own,3.7152128713356403,skilled employee / official,-1.1597567143709595,"yes, registered under the customers name ",yes
1.4070256335968139,0 <= ... < 200 DM,26.64832613832701,critical account/ other credits existing (not at this bank),car (new),1532.142900229782,... < 100 DM,1 <= ... < 4 years,3.8442831980606376,male : single,none,4.370588796779214,"if not A121/A122 : car or other, not in attribute 6",29.986523482399217,none,own,5.52554704783324,skilled employee / official,3.463799748592297,"yes, registered under the customers name ",yes
1.2126213903114695,0 <= ... < 200 DM,16.600996022313456,existing credits paid back duly till now,(vacation - does not exist?),8970.614651955519,500 <= ... < 1000 DM ,.. >= 7 years,-0.25216914370482146,female : divorced/separated/married,none,8.631876210262199,"if not A121/A122 : car or other, not in attribute 6",47.9625708393723,none,rent,0.6831838360479537,skilled employee / official,8.449968688209491,none,yes
0.0003375723656567217,0 <= ... < 200 DM,26.374218779622268,existing credits paid back duly till now,domestic appliances,997.1780750045807,100 <= ... < 500 DM,4 <= ... < 7 years,0.7260095903584602,male : married/widowed,none,1.2635482715313429,real estate,21.987502424836165,stores,own,1.1894040267991668,skilled employee / official,2.8868026602505226,"yes, registered under the customers name ",yes
-2.8862321341713897,< 0 DM,24.14786261567058,critical account/ other credits existing (not at this bank),domestic appliances,2663.665472592556,500 <= ... < 1000 DM ,unemployed,8.325801878514127,male : married/widowed,none,-2.0849966396496127,if not A121 : building society savings agreement/ life insurance,35.48999400857221,none,rent,2.493761412862278,skilled employee / official,3.2654255162826833,none,yes
1.265977046693232,no checking account,17.797379204945216,existing credits paid back duly till now,radio/television,1397.6382109897982,100 <= ... < 500 DM,... < 1 year ,1.6950252735046873,male : married/widowed,none,-0.3308272891472628,"if not A121/A122 : car or other, not in attribute 6",41.43339031152016,none,own,-7.113877675326179,skilled employee / official,3.68861991280283,"yes, registered under the customers name ",yes
-0.38914639365395787,no checking account,46.50022124060346,critical account/ other credits existing (not at this bank),domestic appliances,12171.525098920487,... < 100 DM,4 <= ... < 7 years,3.29009005162565,female : divorced/separated/married,none,5.5783976854821615,real estate,33.52273070150721,none,own,3.1472698263914696,management/ self-employed/ highly qualified employee/ officer,-4.843906429420562,"yes, registered under the customers name ",yes
9.37267323572238,< 0 DM,49.49220927373671,critical account/ other credits existing (not at this bank),car (new),3063.633573189069,... < 100 DM,.. >= 7 years,2.4912285008437154,male : single,none,11.376465653577078,"if not A121/A122 : car or other, not in attribute 6",30.361244378221198,none,rent,14.407543214979453,skilled employee / official,2.8408986928251556,none,yes
7.29341960990097,no checking account,27.50559724296715,existing credits paid back duly till now,domestic appliances,11998.507467905183,unknown/ no savings account,4 <= ... < 7 years,-6.667263487060306,male : single,guarantor,2.57489999725759,"if not A121/A122 : car or other, not in attribute 6",31.355373085545434,none,own,0.5092951155411185,skilled employee / official,-3.0670382993541097,none,yes
1.5433862102260032,no checking account,9.093421264458222,critical account/ other credits existing (not at this bank),car (used),2684.7448805347503,... < 100 DM,4 <= ... < 7 years,-3.527945760307844,male : single,none,0.4524137973949893,"if not A121/A122 : car or other, not in attribute 6",24.616484501492703,none,own,0.5234998651346772,skilled employee / official,-0.35954776279119915,none,yes
-3.05222883877907,no checking account,15.60100220352454,existing credits paid back duly till now,domestic appliances,2398.8876465491526,... < 100 DM,1 <= ... < 4 years,5.844373944480865,female : divorced/separated/married,guarantor,5.0647358674011365,"if not A121/A122 : car or other, not in attribute 6",26.493237617769832,none,own,4.974428000398733,unskilled - resident,9.647767124754012,none,yes
-4.449645887933672,>= 200 DM / salary assignments for at least 1 year,18.480281236544204,critical account/ other credits existing (not at this bank),domestic appliances,1269.5447566342243,... < 100 DM,... < 1 year ,-6.439802587519887,male : single,none,3.0420054576530147,real estate,47.11650448113696,none,own,7.581330672791848,management/ self-employed/ highly qualified employee/ officer,-0.01304643863524002,none,yes
5.76457181235546,no checking account,7.454792601371851,existing credits paid back duly till now,radio/television,4608.813848827886,unknown/ no savings account,4 <= ... < 7 years,-2.0652613984628223,female : divorced/separated/married,co-applicant,2.4868591305431744,"if not A121/A122 : car or other, not in attribute 6",30.239643957651474,none,own,4.89987137773654,skilled employee / official,-1.960696417176909,none,yes
1.050996900588554,0 <= ... < 200 DM,23.127883487582313,critical account/ other credits existing (not at this bank),radio/television,1893.063427107484,unknown/ no savings account,1 <= ... < 4 years,2.4011197748409447,male : single,none,0.1661635772189456,unknown / no property,36.9013724713821,none,own,-7.622427514334202,skilled employee / official,5.610330315605569,"yes, registered under the customers name ",yes
1.9205736135664433,no checking account,19.77447428742551,no credits taken/ all credits paid back duly,car (used),3372.9409895532413,... < 100 DM,4 <= ... < 7 years,9.974487469166261,male : single,none,9.633795376985423,real estate,16.896572069069315,stores,own,4.253595350650988,skilled employee / official,-2.7907080113695075,none,yes
-6.978343947896771,no checking account,3.3175383608183537,existing credits paid back duly till now,radio/television,1574.0534223661748,unknown/ no savings account,.. >= 7 years,7.074415061985476,female : divorced/separated/married,none,-8.156831669982655,"if not A121/A122 : car or other, not in attribute 6",51.53148454148588,none,own,11.287720580966699,skilled employee / official,-0.7896765767587086,"yes, registered under the customers name ",yes
3.709753926232723,no checking account,9.943589620538841,critical account/ other credits existing (not at this bank),radio/television,1449.4197619558308,... < 100 DM,... < 1 year ,1.7713178917876018,male : single,none,7.191436801117077,"if not A121/A122 : car or other, not in attribute 6",45.020771051420994,none,own,3.4897641870378604,skilled employee / official,5.996208671944667,none,yes
1.8176813528574518,< 0 DM,18.183354620879097,delay in paying off in the past,business,1521.1078347008774,... < 100 DM,1 <= ... < 4 years,9.218054788462204,male : married/widowed,guarantor,2.1450202488098524,real estate,66.6330456370693,none,own,-3.618407653086998,skilled employee / official,1.1710702612318376,"yes, registered under the customers name ",yes
-4.441722737657912,0 <= ... < 200 DM,24.241873792469473,critical account/ other credits existing (not at this bank),radio/television,3879.834236544849,... < 100 DM,4 <= ... < 7 years,1.0379367179955215,male : single,none,0.3586370741935492,unknown / no property,38.193724944700264,none,own,2.127318497674456,skilled employee / official,-5.246388180506117,none,yes
-1.8860992297997958,no checking account,48.00178520104304,existing credits paid back duly till now,car (new),10723.452036990859,... < 100 DM,unemployed,5.036399214936022,female : divorced/separated/married,none,7.76926062447125,real estate,36.51737739672245,none,own,-4.122749005364268,skilled employee / official,3.175958457290476,none,yes
1.0548688174260783,0 <= ... < 200 DM,42.6944155867258,existing credits paid back duly till now,radio/television,4790.789953247684,100 <= ... < 500 DM,1 <= ... < 4 years,-1.4355089836920625,male : married/widowed,none,0.14347563119979467,"if not A121/A122 : car or other, not in attribute 6",22.22044152959096,none,own,5.9312147570754385,skilled employee / official,0.41413647181396485,none,yes
0.2098671934249745,no checking account,47.907065156598534,delay in paying off in the past,domestic appliances,7591.109721794224,... < 100 DM,.. >= 7 years,6.293031327156629,male : single,none,1.2797233838863593,"if not A121/A122 : car or other, not in attribute 6",27.937648346846707,bank,for free,-2.823530352111702,management/ self-employed/ highly qualified employee/ officer,7.15940594612098,none,yes
-1.16868474321422,< 0 DM,20.01403764160537,critical account/ other credits existing (not at this bank),car (new),1095.8840253438368,... < 100 DM,1 <= ... < 4 years,2.3754654181160575,male : single,none,3.4784230443218784,real estate,52.70900202938354,none,own,2.296974538768092,unskilled - resident,-1.4247477905365344,none,yes
0.5860469277361566,< 0 DM,27.29679847918345,existing credits paid back duly till now,car (used),1017.6786427286179,100 <= ... < 500 DM,1 <= ... < 4 years,-0.11401696376507875,male : single,none,5.655389543248953,if not A121 : building society savings agreement/ life insurance,55.08319088691025,none,for free,-2.4311200079673907,skilled employee / official,5.204903894903705,none,no
-1.0079095128275415,no checking account,12.678826180571248,critical account/ other credits existing (not at this bank),domestic appliances,1077.7866460611156,... < 100 DM,1 <= ... < 4 years,1.131425547694744,female : divorced/separated/married,none,0.2325768708285223,"if not A121/A122 : car or other, not in attribute 6",27.921231268896747,none,own,-1.185792230191964,skilled employee / official,8.102792129462856,"yes, registered under the customers name ",yes
1.6102500484098743,0 <= ... < 200 DM,34.243784359580246,existing credits paid back duly till now,domestic appliances,9402.565923072412,... < 100 DM,1 <= ... < 4 years,2.1093767188808594,male : single,none,-2.2954357221435417,"if not A121/A122 : car or other, not in attribute 6",24.410317116914268,none,own,6.94460258344198,skilled employee / official,-2.4037728952462825,none,yes
5.885967891972628,no checking account,22.421708592522425,no credits taken/ all credits paid back duly,car (new),6423.810803226144,... < 100 DM,1 <= ... < 4 years,0.02100627789715137,male : single,none,0.5372072764729383,"if not A121/A122 : car or other, not in attribute 6",45.355754089848276,none,own,2.413828659574789,skilled employee / official,1.2271479169672288,"yes, registered under the customers name ",yes
-10.26663376372519,no checking account,33.48320844319993,existing credits paid back duly till now,car (new),4794.293580067763,... < 100 DM,4 <= ... < 7 years,6.215814023981295,male : single,none,9.125335425858077,"if not A121/A122 : car or other, not in attribute 6",65.70988817735044,none,rent,-1.2368098949028803,skilled employee / official,2.554501096577802,"yes, registered under the customers name ",yes
-0.947401058038737,0 <= ... < 200 DM,49.030561683684645,all credits at this bank paid back duly,radio/television,7633.659777780753,... < 100 DM,... < 1 year ,1.6680244653437302,male : single,none,2.299107156542046,if not A121 : building society savings agreement/ life insurance,46.409691242875645,none,own,-2.580911883546891,skilled employee / official,-1.4293830102166978,"yes, registered under the customers name ",yes
1.7060496854897877,>= 200 DM / salary assignments for at least 1 year,51.38193243392742,existing credits paid back duly till now,domestic appliances,9963.710969598205,... < 100 DM,1 <= ... < 4 years,3.4814895757254316,male : single,none,3.804349134815288,"if not A121/A122 : car or other, not in attribute 6",31.847363437574398,none,own,-6.486805945597745,skilled employee / official,2.0811797868313224,"yes, registered under the customers name ",yes
1.183975958748398,0 <= ... < 200 DM,5.697522691317539,existing credits paid back duly till now,car (new),4685.290069747879,... < 100 DM,unemployed,2.768888248146398,male : single,none,2.95431517130785,unknown / no property,17.03868253664515,none,own,-4.005122534090747,skilled employee / official,0.1003188499760308,"yes, registered under the customers name ",yes
-1.4876583252851594,< 0 DM,7.354332430772736,delay in paying off in the past,domestic appliances,1283.999993055006,unknown/ no savings account,.. >= 7 years,3.75630778116826,male : single,none,-0.6379907846930783,unknown / no property,44.83165579345445,stores,own,1.4478369657775116,unskilled - resident,0.01972971362653919,"yes, registered under the customers name ",yes
-7.02688712991433,< 0 DM,13.370141471066312,delay in paying off in the past,radio/television,2512.9703976943983,500 <= ... < 1000 DM ,1 <= ... < 4 years,1.2344707505362007,male : single,guarantor,10.710277799501643,if not A121 : building society savings agreement/ life insurance,45.47826082450217,none,own,4.920935074890655,unemployed/ unskilled - non-resident,1.1957535708324465,"yes, registered under the customers name ",yes
1.3119819348564385,< 0 DM,17.138595220764945,existing credits paid back duly till now,car (new),2743.77552380616,... < 100 DM,1 <= ... < 4 years,3.6061631830610645,female : divorced/separated/married,none,1.2472325717956774,"if not A121/A122 : car or other, not in attribute 6",33.589313233051456,none,own,-0.24140596968880423,unskilled - resident,1.285058862314257,none,yes
6.90940085665674,no checking account,6.213926507287601,existing credits paid back duly till now,radio/television,670.039111399845,... < 100 DM,4 <= ... < 7 years,3.201014972134797,male : single,none,2.2265204818914928,"if not A121/A122 : car or other, not in attribute 6",50.934445279555355,stores,own,7.282174402876058,skilled employee / official,1.655523076304161,none,yes
-5.135445619664551,no checking account,27.662391380046103,critical account/ other credits existing (not at this bank),domestic appliances,3800.4399170009456,100 <= ... < 500 DM,4 <= ... < 7 years,12.247196610926434,male : single,none,5.384569465421358,if not A121 : building society savings agreement/ life insurance,38.7619301714776,bank,own,-1.8700016889129074,skilled employee / official,-1.395305381827137,"yes, registered under the customers name ",yes
4.455312054792753,< 0 DM,26.457081753428255,critical account/ other credits existing (not at this bank),car (used),1332.949297977305,500 <= ... < 1000 DM ,unemployed,7.757681687192724,male : single,co-applicant,-0.889441435469541,"if not A121/A122 : car or other, not in attribute 6",40.953137612410636,none,own,1.047953108480483,management/ self-employed/ highly qualified employee/ officer,-0.22068689739901348,none,yes
-1.3141008924915756,< 0 DM,13.015420279734728,existing credits paid back duly till now,car (new),1036.2612021051075,unknown/ no savings account,1 <= ... < 4 years,7.903959799263365,male : single,none,0.6210906249040131,if not A121 : building society savings agreement/ life insurance,53.76620325060058,none,own,-2.3183068813490078,skilled employee / official,0.5256496447006782,"yes, registered under the customers name ",yes
0.7547026166846108,no checking account,46.99558964785235,existing credits paid back duly till now,furniture/equipment,10128.4774322388,... < 100 DM,1 <= ... < 4 years,14.354048779441134,male : single,none,2.040986736067592,"if not A121/A122 : car or other, not in attribute 6",50.04857423248768,none,own,4.9630469382714235,skilled employee / official,0.8209694350568193,none,yes
-4.211594042815796,no checking account,-3.9228340399381665,existing credits paid back duly till now,domestic appliances,1541.0271126179764,... < 100 DM,.. >= 7 years,6.063833907071377,male : single,none,2.001080416352719,"if not A121/A122 : car or other, not in attribute 6",40.21572193301147,none,own,9.390042456178271,unskilled - resident,-0.7553973597864669,none,yes
-1.3378246894235066,no checking account,26.01432549599044,existing credits paid back duly till now,domestic appliances,4818.741524734117,... < 100 DM,unemployed,3.938574045246809,male : single,none,5.038445391612857,real estate,24.538477745290386,none,own,-6.047267843744791,skilled employee / official,2.2957585683440733,none,yes
6.200178378795834,0 <= ... < 200 DM,16.931607736410786,existing credits paid back duly till now,car (new),727.0535032508634,... < 100 DM,1 <= ... < 4 years,6.816060297286617,female : divorced/separated/married,none,11.366676357581952,"if not A121/A122 : car or other, not in attribute 6",31.755203023073626,none,rent,-0.38464827453879313,management/ self-employed/ highly qualified employee/ officer,-6.259046994700787,none,yes
3.330620967950828,0 <= ... < 200 DM,-3.11197712291429,existing credits paid back duly till now,car (used),1242.1641162207366,... < 100 DM,... < 1 year ,-1.0358639103530125,male : single,none,5.3449929854094815,unknown / no property,29.403963755113875,none,for free,6.05911938820014,unskilled - resident,-1.9218650356358067,none,yes
6.929246421639776,0 <= ... < 200 DM,7.6099063512259235,existing credits paid back duly till now,car (used),277.04568165091985,... < 100 DM,1 <= ... < 4 years,2.224393454324975,male : single,none,-5.5122158510032015,if not A121 : building society savings agreement/ life insurance,24.852277127406346,none,own,-4.787782085702405,skilled employee / official,-0.11971130481141823,"yes, registered under the customers name ",yes
4.709647555910775,>= 200 DM / salary assignments for at least 1 year,43.27999688613097,existing credits paid back duly till now,business,5384.305629239573,... < 100 DM,1 <= ... < 4 years,0.9753229332306641,female : divorced/separated/married,none,5.305195773726243,"if not A121/A122 : car or other, not in attribute 6",36.07017896532963,none,own,3.2667356278843456,skilled employee / official,-2.42446074812242,"yes, registered under the customers name ",yes
1.7563467157183048,no checking account,27.218281206339345,existing credits paid back duly till now,radio/television,5512.1169662157345,... < 100 DM,1 <= ... < 4 years,6.590455908878247,male : single,none,1.1515199779583953,unknown / no property,20.865457337924354,none,own,5.8858888008302825,management/ self-employed/ highly qualified employee/ officer,7.516792059235565,none,yes
6.975738104671168,0 <= ... < 200 DM,21.299544191426154,delay in paying off in the past,business,3754.475138527614,unknown/ no savings account,... < 1 year ,1.3033017511152054,female : divorced/separated/married,none,4.173800097405831,real estate,27.967720805425238,none,for free,1.3129152574273486,skilled employee / official,1.075447386899807,none,yes
2.7559726349531948,>= 200 DM / salary assignments for at least 1 year,13.615816082942446,critical account/ other credits existing (not at this bank),radio/television,685.2237574005296,500 <= ... < 1000 DM ,.. >= 7 years,2.552893701897211,male : married/widowed,none,3.983789237584683,if not A121 : building society savings agreement/ life insurance,24.290901354064,none,for free,3.2010522837605304,skilled employee / official,1.7070787129036131,none,yes
3.3119527071882358,no checking account,6.261841676676372,existing credits paid back duly till now,domestic appliances,1495.984482832355,100 <= ... < 500 DM,.. >= 7 years,5.349818480593858,male : single,none,1.8852868493008026,real estate,28.89428018103721,bank,own,8.04360954451043,unskilled - resident,0.067077168138157,"yes, registered under the customers name ",yes
-0.18628381413883344,no checking account,43.34490335892008,existing credits paid back duly till now,repairs,2747.4653317346,... < 100 DM,1 <= ... < 4 years,7.452602954816555,male : married/widowed,none,3.789551627778444,"if not A121/A122 : car or other, not in attribute 6",35.29013345884078,none,own,8.793706216404587,skilled employee / official,0.9368843185081562,"yes, registered under the customers name ",yes
0.2661832634368193,>= 200 DM / salary assignments for at least 1 year,11.188232225298519,critical account/ other credits existing (not at this bank),domestic appliances,706.8468581674907,100 <= ... < 500 DM,.. >= 7 years,1.3531159878350119,male : single,none,5.452176839083144,real estate,41.036148579940146,none,rent,0.752131147862068,unskilled - resident,-2.861013857210936,"yes, registered under the customers name ",no
-2.7896952932011074,no checking account,25.504177478490444,existing credits paid back duly till now,car (new),4352.619929275698,... < 100 DM,.. >= 7 years,-1.6799803875128898,female : divorced/separated/married,none,1.831676811221996,real estate,53.31949299367373,bank,own,-1.1295113971969326,skilled employee / official,0.3207318556197062,"yes, registered under the customers name ",yes
3.958335738379412,no checking account,6.059778083490256,existing credits paid back duly till now,domestic appliances,709.9375449847907,... < 100 DM,... < 1 year ,8.541098926612754,male : single,none,-1.7907453425567024,real estate,24.273855574506534,none,own,-1.679920444294786,skilled employee / official,-2.7480337143830234,"yes, registered under the customers name ",yes
-4.713214492459462,0 <= ... < 200 DM,19.761654253174974,existing credits paid back duly till now,repairs,3641.9184122316183,... < 100 DM,1 <= ... < 4 years,4.095564723639463,male : single,none,16.095125810489563,"if not A121/A122 : car or other, not in attribute 6",28.013591668884803,none,for free,5.90785660171485,skilled employee / official,-0.10961433902465001,"yes, registered under the customers name ",yes
4.129401369670646,0 <= ... < 200 DM,26.95796460771454,existing credits paid back duly till now,car (new),4250.677859571413,100 <= ... < 500 DM,1 <= ... < 4 years,-2.425027273181529,male : divorced/separated,none,-0.8634297751249336,if not A121 : building society savings agreement/ life insurance,30.778754089588826,none,own,-3.487102231163873,unskilled - resident,-9.239666265209989,none,yes
0.23739576997936218,0 <= ... < 200 DM,21.75698334364902,critical account/ other credits existing (not at this bank),business,1943.0311158034779,... < 100 DM,1 <= ... < 4 years,2.747384244366877,female : divorced/separated/married,none,3.400571649840306,real estate,25.893656573249263,none,own,-0.010296151964809486,skilled employee / official,-3.5120128337741026,"yes, registered under the customers name ",yes
4.6849883738692775,< 0 DM,23.911008820603158,critical account/ other credits existing (not at this bank),car (new),2914.5610131237772,unknown/ no savings account,4 <= ... < 7 years,2.6620618480670495,male : single,none,-4.982641003501469,"if not A121/A122 : car or other, not in attribute 6",31.380417434760112,none,own,1.4107590838178639,skilled employee / official,6.855705618057334,none,yes
3.0034759549250394,no checking account,11.748462618640602,existing credits paid back duly till now,car (new),2659.0468656708777,100 <= ... < 500 DM,1 <= ... < 4 years,7.115318868484126,male : single,none,2.4658736602056877,unknown / no property,24.638059350684323,none,own,-1.012010050875018,skilled employee / official,4.321590996430169,"yes, registered under the customers name ",yes
7.282584630587206,< 0 DM,18.915080115715753,existing credits paid back duly till now,domestic appliances,1018.4664451881706,... < 100 DM,.. >= 7 years,7.640405979759085,male : single,none,-0.7329022027573404,"if not A121/A122 : car or other, not in attribute 6",36.08679268423966,none,rent,3.1192810600764957,management/ self-employed/ highly qualified employee/ officer,6.276157343660925,none,yes
2.923098764554579,no checking account,11.869865091700042,delay in paying off in the past,car (new),3400.066811274594,... < 100 DM,.. >= 7 years,2.135624004701894,male : single,none,2.2301082285999563,if not A121 : building society savings agreement/ life insurance,45.511415874776254,none,own,12.258053273171033,skilled employee / official,6.550885078683695,none,yes
-6.288161022612963,0 <= ... < 200 DM,13.171735293989165,all credits at this bank paid back duly,domestic appliances,5792.122102965508,... < 100 DM,... < 1 year ,4.3409901254354235,male : single,none,8.180258663084494,unknown / no property,57.0903576186596,none,own,0.5136056386138304,skilled employee / official,3.6919496966579093,"yes, registered under the customers name ",yes
-0.26781269159280335,no checking account,17.6444097432851,critical account/ other credits existing (not at this bank),radio/television,1530.879748923765,100 <= ... < 500 DM,... < 1 year ,4.256547209512615,female : divorced/separated/married,none,4.888038273512295,if not A121 : building society savings agreement/ life insurance,30.74284978770687,bank,own,-0.7416225097095586,unskilled - resident,0.18852525848346002,none,yes
-4.688028770379264,< 0 DM,35.504762822681364,critical account/ other credits existing (not at this bank),car (new),4473.677895484773,... < 100 DM,4 <= ... < 7 years,1.3045932472777575,male : single,none,4.273638098299276,unknown / no property,33.1062290019743,none,own,5.061327297527411,unskilled - resident,-3.149003785062491,"yes, registered under the customers name ",yes
-2.0731193694650987,0 <= ... < 200 DM,8.968115611917963,existing credits paid back duly till now,radio/television,1071.998696079488,... < 100 DM,4 <= ... < 7 years,2.954942435834984,female : divorced/separated/married,none,-3.0848193535674513,"if not A121/A122 : car or other, not in attribute 6",30.23519140856926,stores,own,1.9583345765820876,skilled employee / official,6.586978421798787,none,yes
6.0449137331068865,< 0 DM,16.48804493613637,existing credits paid back duly till now,business,6611.391555447276,100 <= ... < 500 DM,.. >= 7 years,2.075964746560433,male : divorced/separated,none,11.347580679316051,"if not A121/A122 : car or other, not in attribute 6",76.550503086059,none,own,7.757343084845505,management/ self-employed/ highly qualified employee/ officer,1.258271897549562,"yes, registered under the customers name ",yes
3.550135243590784,>= 200 DM / salary assignments for at least 1 year,13.700935944729144,existing credits paid back duly till now,car (new),1857.7899701067997,... < 100 DM,1 <= ... < 4 years,3.8612829999256406,male : single,none,-2.7675252437675004,if not A121 : building society savings agreement/ life insurance,31.595918538956937,none,own,2.658750479278874,skilled employee / official,10.976091265527627,"yes, registered under the customers name ",yes
-1.7957217143149853,no checking account,63.50617441632608,existing credits paid back duly till now,car (new),7409.043017536565,500 <= ... < 1000 DM ,4 <= ... < 7 years,-3.5422916177738824,female : divorced/separated/married,none,8.11424325717546,"if not A121/A122 : car or other, not in attribute 6",25.214970009805313,none,rent,0.006307168115866846,unskilled - resident,-0.46039190404301666,none,yes
-3.0548694657615956,0 <= ... < 200 DM,49.08038173678915,existing credits paid back duly till now,radio/television,11589.865586240176,... < 100 DM,.. >= 7 years,0.4100666602822751,male : single,none,8.086175463925944,"if not A121/A122 : car or other, not in attribute 6",30.75028048322568,none,own,-5.134899552378221,management/ self-employed/ highly qualified employee/ officer,8.89158341912192,none,yes
1.131128371505043,no checking account,25.647886328507017,delay in paying off in the past,radio/television,4108.033836695371,... < 100 DM,4 <= ... < 7 years,3.2248226123566073,male : single,none,6.30933096713872,unknown / no property,27.40986605747223,stores,for free,-4.47893877524696,skilled employee / official,1.3728328372169791,none,yes
-3.866240597524511,< 0 DM,13.437979230493246,all credits at this bank paid back duly,domestic appliances,3384.338645122931,... < 100 DM,.. >= 7 years,-0.125479967622804,female : divorced/separated/married,none,0.5800608763664741,unknown / no property,39.75938440960693,none,own,-6.342794761708411,skilled employee / official,6.344194389034802,"yes, registered under the customers name ",yes
-2.6845611095863244,no checking account,14.87421111402481,existing credits paid back duly till now,domestic appliances,2112.069743568129,... < 100 DM,.. >= 7 years,1.012704817953657,male : single,none,4.606359379278092,real estate,26.182884323522195,stores,own,2.5173566651369583,management/ self-employed/ highly qualified employee/ officer,7.786766948929819,none,yes
2.2480378862049752,no checking account,17.631552041732718,existing credits paid back duly till now,business,1278.3381021894763,.. >= 1000 DM ,.. >= 7 years,5.951965483218349,female : divorced/separated/married,co-applicant,0.11631435742056073,if not A121 : building society savings agreement/ life insurance,27.56949349804581,none,own,-4.448997919469838,management/ self-employed/ highly qualified employee/ officer,-3.0917997127228496,none,yes
4.621248144426785,0 <= ... < 200 DM,34.8429821088733,existing credits paid back duly till now,car (new),4173.197994423454,.. >= 1000 DM ,unemployed,-0.31582874819453544,male : married/widowed,none,4.116158286021167,"if not A121/A122 : car or other, not in attribute 6",29.259869148607155,none,own,6.022309463677532,unskilled - resident,-0.9399923131634742,none,no
2.435045888897759,< 0 DM,9.144781767638037,critical account/ other credits existing (not at this bank),car (new),1524.3757475662135,500 <= ... < 1000 DM ,.. >= 7 years,-2.5121688558048447,male : single,none,1.0005109636577605,"if not A121/A122 : car or other, not in attribute 6",35.52569748201092,none,own,1.120986259423815,skilled employee / official,-3.1319169027941234,none,yes
-9.1651580343924,no checking account,20.80846894552602,existing credits paid back duly till now,car (used),5748.917848575409,500 <= ... < 1000 DM ,.. >= 7 years,0.6073208366533007,male : single,none,-4.154442026289633,unknown / no property,24.752296137196147,bank,own,1.0232523235933246,unskilled - resident,-3.9197779530328942,none,yes
1.2174669161210392,0 <= ... < 200 DM,22.71118559298853,critical account/ other credits existing (not at this bank),business,3598.239713308397,... < 100 DM,1 <= ... < 4 years,4.056457622007159,female : divorced/separated/married,guarantor,8.487136603938353,real estate,26.801870884305004,none,for free,-2.3754203008173524,skilled employee / official,3.6682674020998,none,yes
0.2881342929303117,0 <= ... < 200 DM,19.75596411755558,critical account/ other credits existing (not at this bank),domestic appliances,3204.7809547692987,... < 100 DM,1 <= ... < 4 years,7.750212157946554,male : single,none,2.6755713738025553,"if not A121/A122 : car or other, not in attribute 6",25.484962178708173,none,for free,3.489034993080825,skilled employee / official,0.2134865190039138,none,yes
1.6555611414907723,0 <= ... < 200 DM,15.893138432215167,critical account/ other credits existing (not at this bank),radio/television,4438.245655467976,... < 100 DM,... < 1 year ,4.128512956378961,female : divorced/separated/married,none,-0.9392015980089481,"if not A121/A122 : car or other, not in attribute 6",24.927023656801325,none,own,-2.2179912781696456,skilled employee / official,1.209465292760545,none,yes
6.464838726604829,no checking account,5.87041192178061,existing credits paid back duly till now,car (used),3952.246942839986,... < 100 DM,1 <= ... < 4 years,-4.873055039475389,male : single,none,-1.2413089313190708,if not A121 : building society savings agreement/ life insurance,36.678406424376504,none,own,-2.941512016279523,skilled employee / official,4.22495653989312,"yes, registered under the customers name ",yes
-8.252953107218971,no checking account,24.239377688360314,critical account/ other credits existing (not at this bank),domestic appliances,1455.1207984195396,100 <= ... < 500 DM,4 <= ... < 7 years,3.0705310424929153,male : single,none,3.4338383054670727,"if not A121/A122 : car or other, not in attribute 6",40.326997702181714,none,rent,5.753399682421395,skilled employee / official,-6.429547334859659,none,yes
-2.3644137007644224,no checking account,14.307373881552092,existing credits paid back duly till now,radio/television,881.2945361980427,... < 100 DM,4 <= ... < 7 years,5.026537524326118,female : divorced/separated/married,none,0.42497464682211117,"if not A121/A122 : car or other, not in attribute 6",18.25420808722977,none,own,3.4184846431000904,management/ self-employed/ highly qualified employee/ officer,6.147064015828219,none,yes
2.3636252911734186,no checking account,21.0708584743917,delay in paying off in the past,domestic appliances,3755.232921027991,... < 100 DM,1 <= ... < 4 years,1.7103644676943688,male : single,none,-5.0207022338961735,if not A121 : building society savings agreement/ life insurance,28.73607313895809,bank,own,0.06028228700691107,skilled employee / official,-0.3963766533596702,none,yes
-6.326377597815769,no checking account,9.663721209118394,delay in paying off in the past,car (new),1749.0081170073724,... < 100 DM,1 <= ... < 4 years,3.157218211771496,male : single,none,3.6285192128331047,real estate,36.01683007413783,none,own,4.565731938934866,skilled employee / official,3.1296052249514297,none,yes
6.903796192214036,no checking account,8.563419393754662,all credits at this bank paid back duly,car (new),1138.9978280616263,... < 100 DM,1 <= ... < 4 years,0.33180421415695704,male : single,none,5.076411991827287,real estate,31.88067567622181,none,own,2.0357274924427946,skilled employee / official,4.482851356914188,"yes, registered under the customers name ",yes
1.4734264508026336,no checking account,7.988474214728675,critical account/ other credits existing (not at this bank),car (new),1238.6061624825759,unknown/ no savings account,1 <= ... < 4 years,1.2597723502029705,male : single,none,3.201472701289468,unknown / no property,20.740786595590293,none,own,2.5320526018067344,skilled employee / official,6.483186243055362,"yes, registered under the customers name ",yes
4.386335943373616,>= 200 DM / salary assignments for at least 1 year,11.249091487657973,all credits at this bank paid back duly,domestic appliances,961.4864052524839,... < 100 DM,.. >= 7 years,2.681291319104516,female : divorced/separated/married,guarantor,-2.5916115007600355,unknown / no property,30.18467833851496,none,own,-2.26739160950182,management/ self-employed/ highly qualified employee/ officer,0.5805704488678658,"yes, registered under the customers name ",yes
-2.283774646087178,no checking account,12.83247092707324,existing credits paid back duly till now,domestic appliances,3228.8510029897916,... < 100 DM,unemployed,5.302683813214638,male : single,none,4.355742163557141,"if not A121/A122 : car or other, not in attribute 6",41.965744373270056,stores,own,9.28159443564249,management/ self-employed/ highly qualified employee/ officer,-7.494549836171723,"yes, registered under the customers name ",yes
4.2550547598648425,no checking account,13.41050881566869,existing credits paid back duly till now,car (new),6199.79022513011,... < 100 DM,.. >= 7 years,0.7771273335488318,male : single,none,-3.8581294732543547,"if not A121/A122 : car or other, not in attribute 6",24.692136625812235,none,own,-0.31847987070490014,skilled employee / official,1.2285104538142435,none,yes
4.273886223956153,no checking account,17.65181923092701,existing credits paid back duly till now,car (new),722.2592616778708,500 <= ... < 1000 DM ,1 <= ... < 4 years,2.619372531028408,male : single,none,-0.10892238675063748,real estate,45.98068651089356,none,rent,7.224065307799909,management/ self-employed/ highly qualified employee/ officer,1.8028274326464047,none,yes
1.9315120805486734,0 <= ... < 200 DM,25.86471064878924,existing credits paid back duly till now,car (used),1237.2542320849977,... < 100 DM,.. >= 7 years,-6.815270720293361,male : single,none,-1.0027917460166447,if not A121 : building society savings agreement/ life insurance,26.47226599540469,stores,own,0.2445246027820941,skilled employee / official,-3.137043436560469,none,no
0.9376035707947837,no checking account,10.495151584866143,delay in paying off in the past,(vacation - does not exist?),2331.60032452138,... < 100 DM,... < 1 year ,-1.4858478703110967,female : divorced/separated/married,none,7.375756283566224,unknown / no property,41.25599548366348,none,own,4.228388462619849,unskilled - resident,1.5899626177317545,"yes, registered under the customers name ",yes
2.0813729571269035,0 <= ... < 200 DM,33.97157887828703,critical account/ other credits existing (not at this bank),domestic appliances,4464.295961025088,.. >= 1000 DM ,1 <= ... < 4 years,1.9023404281158278,female : divorced/separated/married,none,0.5495561982523316,if not A121 : building society savings agreement/ life insurance,25.769720950378385,none,own,4.936893996104546,skilled employee / official,-0.4440737389051672,none,yes
-3.4533810589575267,0 <= ... < 200 DM,10.358640106619562,existing credits paid back duly till now,domestic appliances,780.8370582737015,unknown/ no savings account,.. >= 7 years,-0.07833803266977224,male : single,none,0.20853435289415767,if not A121 : building society savings agreement/ life insurance,26.282834517809846,stores,own,5.587407020600183,management/ self-employed/ highly qualified employee/ officer,-4.371015797130042,none,yes
0.4098852790385883,0 <= ... < 200 DM,28.984149287808876,critical account/ other credits existing (not at this bank),domestic appliances,2412.2853432643296,.. >= 1000 DM ,unemployed,4.662448600930607,male : single,none,11.818770061644985,unknown / no property,22.464680568979865,none,own,-2.3624948286565792,skilled employee / official,3.6859395800371355,none,yes
-0.6100901298094352,>= 200 DM / salary assignments for at least 1 year,16.488773868966913,existing credits paid back duly till now,domestic appliances,1245.2799939399958,... < 100 DM,1 <= ... < 4 years,3.776218271818927,female : divorced/separated/married,none,5.409849988754855,real estate,58.993485774512386,none,own,5.302541605115448,skilled employee / official,-1.2549006035911843,none,yes
1.5335754574139804,no checking account,15.665245764298266,delay in paying off in the past,car (new),3395.0079056268246,... < 100 DM,4 <= ... < 7 years,-7.0368555103104455,male : single,none,4.355978041899304,if not A121 : building society savings agreement/ life insurance,37.550498420829186,none,own,8.38575940364576,skilled employee / official,-0.6255168589482765,none,yes
3.9992969876411784,0 <= ... < 200 DM,5.0671635871640675,existing credits paid back duly till now,domestic appliances,2245.5909398602007,100 <= ... < 500 DM,1 <= ... < 4 years,2.862031877207026,male : single,none,0.5211970191649005,real estate,43.69450888169087,none,own,0.9652280830325717,unskilled - resident,-0.8503153891483382,none,yes
-4.234144327913637,no checking account,9.448000201648536,existing credits paid back duly till now,car (new),1767.9213371835256,100 <= ... < 500 DM,... < 1 year ,-2.7132965231561097,male : single,none,-0.38548667054711094,if not A121 : building society savings agreement/ life insurance,19.704310104285796,none,rent,1.1388242685684897,skilled employee / official,5.941914389856587,"yes, registered under the customers name ",yes
0.49996387872168946,no checking account,16.481253899429756,critical account/ other credits existing (not at this bank),domestic appliances,2483.127618710969,... < 100 DM,1 <= ... < 4 years,5.9427558367620605,female : divorced/separated/married,guarantor,-7.745625760068602,"if not A121/A122 : car or other, not in attribute 6",26.166844036376425,none,own,-1.0937865699206166,management/ self-employed/ highly qualified employee/ officer,0.8363353529064308,none,yes
5.925822190635893,no checking account,13.507791142781489,existing credits paid back duly till now,(vacation - does not exist?),1547.9203968148556,... < 100 DM,4 <= ... < 7 years,-3.1274049909146617,male : single,none,7.874962127694233,"if not A121/A122 : car or other, not in attribute 6",43.97898567363645,none,own,-0.38574500874039974,management/ self-employed/ highly qualified employee/ officer,1.316399282183286,"yes, registered under the customers name ",yes
-2.9743529152502566,< 0 DM,13.492048359196545,existing credits paid back duly till now,education,3854.4775886479933,unknown/ no savings account,.. >= 7 years,3.1200261541237606,female : divorced/separated/married,none,2.7932388230255167,if not A121 : building society savings agreement/ life insurance,24.79993768650978,none,own,8.845691195729962,skilled employee / official,-0.7625446175455881,none,yes
-3.2890000691612813,no checking account,23.314524267397744,delay in paying off in the past,domestic appliances,3648.448848177803,... < 100 DM,... < 1 year ,-0.13265331554602366,male : single,none,3.2833360271463468,if not A121 : building society savings agreement/ life insurance,29.258701395715875,none,own,-3.0169381045208166,unskilled - resident,2.851467289019621,none,yes
1.8092247673247743,no checking account,40.982539840687494,no credits taken/ all credits paid back duly,domestic appliances,3442.4672014753796,100 <= ... < 500 DM,... < 1 year ,5.212407539801322,male : married/widowed,none,1.451093192654977,if not A121 : building society savings agreement/ life insurance,42.021292026508426,none,own,-2.768475287403088,skilled employee / official,7.397272193802687,none,yes
3.3775407619412805,no checking account,21.838362103000293,existing credits paid back duly till now,radio/television,3004.155631533533,500 <= ... < 1000 DM ,1 <= ... < 4 years,2.4987891106053874,male : single,none,6.94457704904422,if not A121 : building society savings agreement/ life insurance,47.127584903459706,none,own,7.443603745657508,skilled employee / official,3.5914432699460255,none,yes
0.04570422224263732,0 <= ... < 200 DM,29.94098089682584,delay in paying off in the past,car (new),3074.597354943063,... < 100 DM,.. >= 7 years,2.9793432999141825,male : single,none,-2.2188402923194124,if not A121 : building society savings agreement/ life insurance,39.000804499785275,none,own,3.4981937035534494,skilled employee / official,3.7474678453394246,"yes, registered under the customers name ",yes
5.315842361747957,< 0 DM,21.316484284264213,existing credits paid back duly till now,domestic appliances,6069.046254596079,... < 100 DM,1 <= ... < 4 years,-3.1450892561769788,male : single,none,1.640474673784778,unknown / no property,34.22843345032969,none,own,10.481480996170097,skilled employee / official,3.424920823537382,none,yes
3.4271759302661073,0 <= ... < 200 DM,11.619420350542836,critical account/ other credits existing (not at this bank),(vacation - does not exist?),2145.5408882039924,unknown/ no savings account,1 <= ... < 4 years,-4.908831853844126,male : single,none,-1.5452114515701219,real estate,22.737477272453653,bank,rent,0.198245448696587,skilled employee / official,-4.520970573244653,"yes, registered under the customers name ",yes
3.3672802675602473,0 <= ... < 200 DM,53.57891501146973,existing credits paid back duly till now,domestic appliances,13762.371648356491,unknown/ no savings account,.. >= 7 years,-0.335547756368876,female : divorced/separated/married,none,11.086037129946984,real estate,60.50383424048316,none,own,1.5051245489502776,management/ self-employed/ highly qualified employee/ officer,-2.5044753267965536,"yes, registered under the customers name ",yes
3.216466005296373,< 0 DM,59.90281046491674,existing credits paid back duly till now,domestic appliances,14780.581210788161,100 <= ... < 500 DM,1 <= ... < 4 years,2.966880464281652,female : divorced/separated/married,none,7.502622127413202,"if not A121/A122 : car or other, not in attribute 6",60.30316619985741,stores,own,-0.6427077750872177,management/ self-employed/ highly qualified employee/ officer,0.18005042560349493,none,yes
10.31061240138434,< 0 DM,49.45813795613305,existing credits paid back duly till now,domestic appliances,7675.2430014457095,.. >= 1000 DM ,unemployed,-0.43299178879646805,female : divorced/separated/married,none,-4.810770564541457,if not A121 : building society savings agreement/ life insurance,40.589445836080095,none,own,1.5732046745907837,skilled employee / official,-1.9034561699729022,"yes, registered under the customers name ",yes
-0.8206467554641768,no checking account,20.224301095292603,existing credits paid back duly till now,car (new),2322.01777859065,unknown/ no savings account,1 <= ... < 4 years,4.500847722317863,male : single,none,-3.0550465065599024,if not A121 : building society savings agreement/ life insurance,33.94755427601332,none,own,-5.096386789137215,management/ self-employed/ highly qualified employee/ officer,-3.258148099023992,"yes, registered under the customers name ",yes
-8.014089168266056,no checking account,7.7090454677954225,critical account/ other credits existing (not at this bank),domestic appliances,843.2039125875843,... < 100 DM,.. >= 7 years,1.8831163231532653,male : single,none,3.470617306570055,unknown / no property,34.73350877975257,none,rent,3.7398182266200326,skilled employee / official,-6.488702963482296,"yes, registered under the customers name ",yes
7.417017446068564,no checking account,37.16492566738952,existing credits paid back duly till now,domestic appliances,14318.170524097752,... < 100 DM,1 <= ... < 4 years,0.1399491008819589,female : divorced/separated/married,none,0.11023915171030119,"if not A121/A122 : car or other, not in attribute 6",55.99686986328891,bank,own,2.2938963339693523,skilled employee / official,-4.386116852536564,none,yes
-1.8307977238273025,< 0 DM,11.894445569012383,existing credits paid back duly till now,domestic appliances,361.6531811966315,... < 100 DM,... < 1 year ,2.8876148280483624,male : single,none,-1.2975288323075533,"if not A121/A122 : car or other, not in attribute 6",55.96990645433221,none,own,1.7697813501363244,skilled employee / official,-0.02610222937040141,"yes, registered under the customers name ",yes
0.43152177737213215,< 0 DM,24.904135639642718,no credits taken/ all credits paid back duly,business,2210.905184016729,.. >= 1000 DM ,... < 1 year ,4.903439345266209,female : divorced/separated/married,none,11.779048950601958,"if not A121/A122 : car or other, not in attribute 6",43.900645820399426,none,rent,-0.561457298398659,skilled employee / official,0.7222945327244621,"yes, registered under the customers name ",yes
6.238202739442108,< 0 DM,6.531780184869026,existing credits paid back duly till now,business,12979.161362327139,... < 100 DM,.. >= 7 years,4.299538875298338,male : single,none,5.250159655930316,"if not A121/A122 : car or other, not in attribute 6",35.33139794492652,none,own,-2.579015949472398,skilled employee / official,-2.172215104522302,"yes, registered under the customers name ",yes
-6.409038164235701,0 <= ... < 200 DM,20.730245780649273,existing credits paid back duly till now,domestic appliances,1276.8685404865892,unknown/ no savings account,4 <= ... < 7 years,11.513516527972516,female : divorced/separated/married,none,5.899265291452366,if not A121 : building society savings agreement/ life insurance,22.325648570210042,none,own,3.9108516481310445,unskilled - resident,1.315700850732904,none,yes
-5.006588856424558,< 0 DM,11.341395889824195,all credits at this bank paid back duly,business,1327.9319431001825,500 <= ... < 1000 DM ,.. >= 7 years,1.3243626399863224,male : single,none,-1.7680597969288554,real estate,27.51743567866845,none,rent,-3.684359942813626,skilled employee / official,-0.7353345636335051,none,yes
-6.405111748475415,< 0 DM,22.991605709092116,critical account/ other credits existing (not at this bank),car (used),4274.73615165247,... < 100 DM,4 <= ... < 7 years,1.7060853536383984,male : single,none,4.889096588712009,if not A121 : building society savings agreement/ life insurance,32.11012825902902,none,own,4.047583648196973,skilled employee / official,5.362294349495393,none,no
-3.1765451601016954,no checking account,18.37673223292925,critical account/ other credits existing (not at this bank),education,2235.5436608986224,... < 100 DM,... < 1 year ,3.704495787277706,male : married/widowed,none,-0.5217310439280471,unknown / no property,29.58396123325024,none,rent,10.29780557923783,unskilled - resident,0.3534969439006507,none,yes
1.7585464240679742,< 0 DM,22.995031089642026,all credits at this bank paid back duly,domestic appliances,1119.5647731629201,unknown/ no savings account,.. >= 7 years,3.906308163196739,female : divorced/separated/married,none,0.8666273051700024,if not A121 : building society savings agreement/ life insurance,15.992591151280354,none,rent,6.942085954577193,skilled employee / official,3.785323525606861,"yes, registered under the customers name ",yes
2.096751371251084,no checking account,13.653728561637639,existing credits paid back duly till now,radio/television,7376.674221373027,... < 100 DM,.. >= 7 years,1.9975274160453873,male : single,none,6.444007839301039,"if not A121/A122 : car or other, not in attribute 6",38.94369612003255,none,for free,-4.020511770682613,skilled employee / official,1.8128550491787703,none,yes
1.105096717314215,0 <= ... < 200 DM,16.345603754759487,existing credits paid back duly till now,domestic appliances,2330.492378521766,... < 100 DM,unemployed,-4.197028705376974,male : single,none,-2.5159902602411988,"if not A121/A122 : car or other, not in attribute 6",23.27758578124195,none,own,-1.1469522413732114,unskilled - resident,-4.60828415697622,none,yes
-5.651063535569466,0 <= ... < 200 DM,5.336706090814249,critical account/ other credits existing (not at this bank),domestic appliances,1448.820019169428,... < 100 DM,1 <= ... < 4 years,0.9566617637879378,male : single,none,8.38811143940393,"if not A121/A122 : car or other, not in attribute 6",25.929949912338966,none,own,3.685802962221351,unskilled - resident,0.6373672970512982,"yes, registered under the customers name ",yes
-9.240413746530576,no checking account,15.312351905281293,no credits taken/ all credits paid back duly,business,1812.156617606122,... < 100 DM,unemployed,-2.294809650871204,female : divorced/separated/married,none,2.7295568588955033,unknown / no property,36.41763998414142,none,for free,0.7188723119425993,skilled employee / official,-3.9424963973147342,"yes, registered under the customers name ",yes
0.21741434156152906,0 <= ... < 200 DM,17.90957453668014,critical account/ other credits existing (not at this bank),car (new),985.8238789867953,... < 100 DM,.. >= 7 years,-5.906426724495113,male : single,none,9.123776835121697,if not A121 : building society savings agreement/ life insurance,13.309597404867931,none,rent,-4.597622873129684,management/ self-employed/ highly qualified employee/ officer,0.5675166471323151,"yes, registered under the customers name ",no
-1.887104134553343,no checking account,33.8297687195527,critical account/ other credits existing (not at this bank),domestic appliances,3242.3604484743214,... < 100 DM,... < 1 year ,-1.1827153666823458,male : single,none,-0.30167902647527356,if not A121 : building society savings agreement/ life insurance,32.52453882687924,none,own,2.5412638058939647,management/ self-employed/ highly qualified employee/ officer,-0.9805232689227568,none,yes
1.837543086866447,< 0 DM,7.848849956042499,critical account/ other credits existing (not at this bank),domestic appliances,1958.2351971073927,... < 100 DM,1 <= ... < 4 years,-3.188366883065818,female : divorced/separated/married,none,0.30733950388722775,"if not A121/A122 : car or other, not in attribute 6",27.68578338626559,none,own,0.9599324195348026,skilled employee / official,2.5278521339392332,none,yes
2.8078145048850804,0 <= ... < 200 DM,1.5151275357560516,critical account/ other credits existing (not at this bank),radio/television,2402.450144701031,... < 100 DM,1 <= ... < 4 years,4.335146181171792,female : divorced/separated/married,none,-1.6476008863992488,real estate,32.14924241030397,none,rent,8.657301634415127,skilled employee / official,-4.369417349864805,none,yes
0.5529657282347277,no checking account,46.44927024557952,existing credits paid back duly till now,radio/television,11755.360642856933,unknown/ no savings account,.. >= 7 years,4.404367349657175,male : single,none,4.001190690659356,if not A121 : building society savings agreement/ life insurance,34.48301928256303,none,own,-0.012914810469786708,skilled employee / official,1.0588073011177488,none,yes
3.040532341503415,< 0 DM,14.410609785225995,critical account/ other credits existing (not at this bank),domestic appliances,2576.2323599316815,100 <= ... < 500 DM,1 <= ... < 4 years,-0.6155171583234993,male : single,none,4.263933207672984,if not A121 : building society savings agreement/ life insurance,56.74979373944613,none,rent,5.672013541306364,skilled employee / official,3.2896623302527757,"yes, registered under the customers name ",yes
0.9168454964602737,>= 200 DM / salary assignments for at least 1 year,35.27000062939895,existing credits paid back duly till now,domestic appliances,2347.266809774291,unknown/ no savings account,1 <= ... < 4 years,1.9590854777475155,female : divorced/separated/married,none,0.1423527230752779,if not A121 : building society savings agreement/ life insurance,50.702741612924065,none,for free,-3.0683536125199025,skilled employee / official,4.630382277235981,none,yes
3.1202588224058667,0 <= ... < 200 DM,14.30218603999958,existing credits paid back duly till now,radio/television,1220.4231669984542,100 <= ... < 500 DM,.. >= 7 years,-6.432970648450142,male : married/widowed,none,-3.0562767715411177,unknown / no property,38.94765762306428,none,own,-2.112037191586033,management/ self-employed/ highly qualified employee/ officer,-2.0566710315368915,"yes, registered under the customers name ",no
-2.8186930514795296,0 <= ... < 200 DM,18.36072228420876,critical account/ other credits existing (not at this bank),car (used),1518.3548131128607,... < 100 DM,.. >= 7 years,2.0226401992692233,female : divorced/separated/married,none,-4.0663850789233695,unknown / no property,47.75334615343575,none,own,4.88664783923796,skilled employee / official,1.0710038888287006,none,yes
-0.7184456553258342,no checking account,22.73012296701063,existing credits paid back duly till now,domestic appliances,1471.2157224861646,... < 100 DM,4 <= ... < 7 years,4.5959276028093825,female : divorced/separated/married,none,3.806064398117376,if not A121 : building society savings agreement/ life insurance,37.751618719814836,none,rent,5.334923122429498,unskilled - resident,1.7365878916462942,none,yes
0.787104386627829,no checking account,16.70406089801428,existing credits paid back duly till now,car (new),1890.9207634866873,... < 100 DM,unemployed,7.2997515584564105,male : single,none,2.1376528816455993,if not A121 : building society savings agreement/ life insurance,30.92597723921947,none,own,-1.8295709042975692,skilled employee / official,7.188505118171072,none,yes
4.282113901669675,no checking account,23.18372193980626,critical account/ other credits existing (not at this bank),car (used),8649.124692662574,... < 100 DM,... < 1 year ,-0.8521883267652552,female : divorced/separated/married,none,-0.7424279694330491,"if not A121/A122 : car or other, not in attribute 6",21.70629829294718,bank,own,2.096309625935647,skilled employee / official,-4.925320243000548,"yes, registered under the customers name ",yes
-1.5749646888982884,< 0 DM,12.033377540138062,critical account/ other credits existing (not at this bank),domestic appliances,799.2097711736147,unknown/ no savings account,.. >= 7 years,8.20741944211008,male : single,none,8.188357944526437,real estate,27.01982678803628,none,own,-3.5263166941163115,management/ self-employed/ highly qualified employee/ officer,-2.6444101802841957,"yes, registered under the customers name ",yes
2.0846690229284506,0 <= ... < 200 DM,15.67739438901766,critical account/ other credits existing (not at this bank),car (new),2895.5362404646708,500 <= ... < 1000 DM ,1 <= ... < 4 years,-2.0627676860538866,male : single,none,3.670697287229064,real estate,43.94508308235606,none,own,0.27512069477808243,management/ self-employed/ highly qualified employee/ officer,13.21784997094432,"yes, registered under the customers name ",yes
-0.06335516766151605,< 0 DM,26.778682446513635,existing credits paid back duly till now,car (new),2032.4100148038103,... < 100 DM,4 <= ... < 7 years,-3.99051119657517,female : divorced/separated/married,none,6.080171735707701,if not A121 : building society savings agreement/ life insurance,26.623004149993672,none,own,4.347691142496504,skilled employee / official,-0.09238913582389907,none,yes
-0.47016866931252144,no checking account,25.023627400416892,existing credits paid back duly till now,radio/television,2198.1629327114674,... < 100 DM,4 <= ... < 7 years,6.838647462551505,female : divorced/separated/married,none,1.8669912692692137,unknown / no property,36.65898150956894,none,for free,0.26016600345542074,skilled employee / official,-5.563975239613098,none,yes
3.318076168096292,no checking account,17.60699256561216,existing credits paid back duly till now,domestic appliances,1051.5816498109946,unknown/ no savings account,.. >= 7 years,10.68448491425299,male : single,none,2.9791051351946276,"if not A121/A122 : car or other, not in attribute 6",27.123010194139617,none,own,0.003861176224788765,skilled employee / official,-1.330200573392664,"yes, registered under the customers name ",yes
-7.972241484216624,< 0 DM,23.964821242057713,critical account/ other credits existing (not at this bank),radio/television,3225.511217887746,100 <= ... < 500 DM,1 <= ... < 4 years,4.973727952734782,male : married/widowed,none,1.7780959349746603,if not A121 : building society savings agreement/ life insurance,21.659058835431427,none,own,-3.519181593184207,skilled employee / official,-10.075492885857448,"yes, registered under the customers name ",yes
-4.185889312299044,< 0 DM,14.052799244308725,critical account/ other credits existing (not at this bank),domestic appliances,936.8571405089224,... < 100 DM,.. >= 7 years,3.83863045386395,female : divorced/separated/married,none,-4.790489238072491,unknown / no property,30.0219841768331,none,own,0.406566345500297,skilled employee / official,1.9636828498246124,none,yes
-5.928741589771283,< 0 DM,22.324605024299846,existing credits paid back duly till now,car (used),1963.3958638829802,unknown/ no savings account,... < 1 year ,-4.780734986088834,male : married/widowed,none,9.713353225055652,if not A121 : building society savings agreement/ life insurance,23.108866145824503,none,own,8.032443664857354,skilled employee / official,4.239139041112875,none,yes
-9.334464479393219,< 0 DM,41.9189273656382,critical account/ other credits existing (not at this bank),car (used),7259.302710368683,... < 100 DM,unemployed,-5.089788224173917,male : single,none,1.4593855718703366,if not A121 : building society savings agreement/ life insurance,40.14868097003235,none,own,2.2916995668685316,management/ self-employed/ highly qualified employee/ officer,-2.646649504675013,"yes, registered under the customers name ",yes
-1.713057760620707,0 <= ... < 200 DM,5.728278334278006,delay in paying off in the past,business,2285.1888855524267,unknown/ no savings account,unemployed,4.517638147583476,female : divorced/separated/married,none,4.985672878531842,real estate,39.859882182766505,bank,rent,-2.0092310666023927,skilled employee / official,-0.8828956890060273,none,yes
2.9977355989109618,< 0 DM,15.043749294251938,critical account/ other credits existing (not at this bank),radio/television,1591.2345968010638,... < 100 DM,... < 1 year ,1.5677493217153018,male : married/widowed,none,-1.0081148898462375,real estate,43.70890594275516,bank,rent,-0.2590877996719665,management/ self-employed/ highly qualified employee/ officer,5.6946166214756495,none,yes
-0.13953626553029896,no checking account,29.471629802883882,critical account/ other credits existing (not at this bank),car (used),1385.439878572423,unknown/ no savings account,unemployed,-0.42334072860847183,male : divorced/separated,none,1.3406224736809413,real estate,40.443606349908215,none,own,-5.3897104846662485,unskilled - resident,-6.0008618593842815,none,yes
0.7911603277674085,>= 200 DM / salary assignments for at least 1 year,32.591364776137624,existing credits paid back duly till now,car (new),5847.427052629856,... < 100 DM,... < 1 year ,2.262130323320203,male : married/widowed,none,-1.467409439693419,unknown / no property,28.427012120578134,none,rent,-2.056638768560849,skilled employee / official,-3.286284848798182,"yes, registered under the customers name ",yes
5.35686998684317,no checking account,20.917094442223892,existing credits paid back duly till now,education,2576.0200682450973,100 <= ... < 500 DM,... < 1 year ,4.4605254700312384,male : divorced/separated,none,5.943993931053574,"if not A121/A122 : car or other, not in attribute 6",35.449379680393804,none,own,6.441358956185813,unskilled - resident,1.0875392731374411,none,yes
5.310744529070766,0 <= ... < 200 DM,21.981961131781272,existing credits paid back duly till now,radio/television,8468.471656708763,... < 100 DM,1 <= ... < 4 years,4.77766347416109,male : single,none,3.245637389802703,unknown / no property,26.834045015120424,none,own,1.4300703024535797,skilled employee / official,-2.0093393498672736,none,yes
-0.2765517389045582,< 0 DM,24.884556027291644,critical account/ other credits existing (not at this bank),domestic appliances,2784.464941586213,500 <= ... < 1000 DM ,.. >= 7 years,1.546409132050803,male : single,none,3.4682141067235523,if not A121 : building society savings agreement/ life insurance,29.965094454450252,none,own,8.562920704404824,skilled employee / official,-0.17546758989435118,"yes, registered under the customers name ",yes
6.414343558277589,< 0 DM,18.112088748103506,critical account/ other credits existing (not at this bank),domestic appliances,1032.6916008122187,unknown/ no savings account,4 <= ... < 7 years,8.913577473337538,female : divorced/separated/married,none,7.432736588419916,if not A121 : building society savings agreement/ life insurance,28.156905689899567,none,own,0.6186086460157764,unskilled - resident,-4.055001277626087,none,yes
0.36850663373643683,no checking account,14.131095367125294,delay in paying off in the past,radio/television,3178.5552252619777,... < 100 DM,.. >= 7 years,2.0319761181952534,male : single,none,7.625365187596092,if not A121 : building society savings agreement/ life insurance,23.771823024438653,none,own,0.8560852152340163,skilled employee / official,1.8572539436860307,"yes, registered under the customers name ",yes
-3.3495928953098484,< 0 DM,11.162364691841567,critical account/ other credits existing (not at this bank),domestic appliances,2026.8770663965972,... < 100 DM,unemployed,3.5386600207706556,male : single,guarantor,5.061370144545141,if not A121 : building society savings agreement/ life insurance,25.20196468976897,none,own,3.5635766341684936,management/ self-employed/ highly qualified employee/ officer,0.4030676592800452,"yes, registered under the customers name ",yes
-2.377601408794941,no checking account,13.56212238527807,existing credits paid back duly till now,car (used),964.1995622645165,... < 100 DM,... < 1 year ,6.257248744988729,female : divorced/separated/married,none,-2.686909388149851,if not A121 : building society savings agreement/ life insurance,46.28659426195639,none,own,-8.690350328877605,skilled employee / official,4.196761976932131,"yes, registered under the customers name ",yes
-5.922146050260065,no checking account,26.604745100135585,all credits at this bank paid back duly,car (new),1589.257079647333,.. >= 1000 DM ,unemployed,0.08623647983426208,male : single,none,0.2172835219332656,unknown / no property,33.839503768786685,none,own,2.8197572946142992,management/ self-employed/ highly qualified employee/ officer,1.8015980019211697,none,yes
-2.5525354149346096,no checking account,12.725256871445678,existing credits paid back duly till now,car (new),2762.403747166941,... < 100 DM,1 <= ... < 4 years,12.257789813064646,male : single,none,-2.015552544045411,if not A121 : building society savings agreement/ life insurance,27.862152206816,none,own,0.8040540477561933,skilled employee / official,1.826760289984094,"yes, registered under the customers name ",yes
-1.4320667522977166,< 0 DM,14.354225507450838,existing credits paid back duly till now,domestic appliances,2783.5351570902562,100 <= ... < 500 DM,4 <= ... < 7 years,2.5010299126669433,female : divorced/separated/married,none,5.910134774503197,real estate,18.49347376194987,none,own,6.94415557406059,unskilled - resident,-4.785229418120455,none,yes
3.2143400775144064,>= 200 DM / salary assignments for at least 1 year,31.29770824953992,existing credits paid back duly till now,domestic appliances,2751.4275389331124,... < 100 DM,unemployed,5.523317011350692,male : divorced/separated,none,2.6826077670002055,"if not A121/A122 : car or other, not in attribute 6",26.26166524468858,stores,for free,5.858717576654469,unskilled - resident,2.970366206579489,"yes, registered under the customers name ",yes
6.883079324663935,no checking account,21.68460298557917,existing credits paid back duly till now,radio/television,1146.6926061074068,... < 100 DM,4 <= ... < 7 years,6.10038389589039,male : divorced/separated,none,-2.562049734522379,unknown / no property,46.39566191505244,none,rent,-2.5347667421872027,management/ self-employed/ highly qualified employee/ officer,-0.3234656072177684,"yes, registered under the customers name ",yes
-5.52872606150816,no checking account,11.618638113791144,existing credits paid back duly till now,car (new),1312.9326531050663,... < 100 DM,1 <= ... < 4 years,8.50854590132657,female : divorced/separated/married,none,3.2450231479550897,"if not A121/A122 : car or other, not in attribute 6",24.025561910479,none,rent,5.968554474510322,skilled employee / official,0.3336067694015288,"yes, registered under the customers name ",yes
2.5713098730396755,0 <= ... < 200 DM,20.98199562609993,existing credits paid back duly till now,education,1197.2882208853714,.. >= 1000 DM ,4 <= ... < 7 years,5.170029646690427,male : single,none,-1.9764493428751138,"if not A121/A122 : car or other, not in attribute 6",64.1498000026126,none,own,1.9507418976760194,management/ self-employed/ highly qualified employee/ officer,6.193057505563239,"yes, registered under the customers name ",yes
-4.162175756630138,< 0 DM,3.9162874793687674,existing credits paid back duly till now,car (new),3441.9112028992345,... < 100 DM,4 <= ... < 7 years,-5.420223916015694,male : divorced/separated,guarantor,3.7873740477209603,"if not A121/A122 : car or other, not in attribute 6",67.9700752008849,none,own,-2.6178129051841803,management/ self-employed/ highly qualified employee/ officer,-1.8777422260675807,none,yes
2.898788353852808,no checking account,20.284043331477683,delay in paying off in the past,domestic appliances,11332.110324282216,... < 100 DM,.. >= 7 years,7.613881539070017,female : divorced/separated/married,none,-3.621490015948739,"if not A121/A122 : car or other, not in attribute 6",30.26136807114631,none,own,2.788413003484809,skilled employee / official,6.404737313836002,none,yes
-0.5243466027509064,< 0 DM,2.5272262774368808,existing credits paid back duly till now,radio/television,1867.926737870555,... < 100 DM,.. >= 7 years,2.636413682219931,female : divorced/separated/married,none,6.1153099735384515,unknown / no property,31.653859895062833,none,own,2.1889225773447274,skilled employee / official,6.777901197492373,none,yes
-7.3236233033901215,< 0 DM,17.458147006168566,existing credits paid back duly till now,education,2058.4098894684125,100 <= ... < 500 DM,.. >= 7 years,4.428620291357294,female : divorced/separated/married,co-applicant,3.5118505041362944,"if not A121/A122 : car or other, not in attribute 6",37.07524497282697,none,own,8.153861256114094,skilled employee / official,4.011137749457488,none,yes
3.7131879662739373,< 0 DM,9.9477944461838,existing credits paid back duly till now,radio/television,2135.029523810399,unknown/ no savings account,1 <= ... < 4 years,-2.117015888701066,male : divorced/separated,guarantor,9.631793973387527,"if not A121/A122 : car or other, not in attribute 6",21.24582181076307,none,own,2.3624881139648397,skilled employee / official,-2.9224832430696877,none,yes
-1.420002851234924,no checking account,11.666204867093626,existing credits paid back duly till now,radio/television,1480.167953597195,... < 100 DM,.. >= 7 years,4.104808072495583,female : divorced/separated/married,none,4.39149315798937,"if not A121/A122 : car or other, not in attribute 6",22.301407127270704,none,own,1.8226356835440232,skilled employee / official,-7.745172982507727,none,yes
-2.1356009534942184,no checking account,4.240049181881165,existing credits paid back duly till now,domestic appliances,656.0675922893669,... < 100 DM,1 <= ... < 4 years,-0.6054971602702088,male : single,none,2.308342976709989,real estate,20.642916563744016,none,own,4.602588331421759,unemployed/ unskilled - non-resident,5.315339657039764,none,yes
-4.27900964515876,no checking account,12.17752470261972,critical account/ other credits existing (not at this bank),car (new),1288.105657457015,500 <= ... < 1000 DM ,.. >= 7 years,4.400678551973895,male : single,none,7.272280373097944,"if not A121/A122 : car or other, not in attribute 6",36.695204245120784,none,own,6.371486472370848,skilled employee / official,1.4455402453243187,"yes, registered under the customers name ",yes
-2.617133106750222,>= 200 DM / salary assignments for at least 1 year,37.010730121223325,existing credits paid back duly till now,business,3397.9821573126505,... < 100 DM,1 <= ... < 4 years,2.863603978556868,male : single,none,-1.5906555237807138,if not A121 : building society savings agreement/ life insurance,66.29279038743483,none,own,5.134420377189197,skilled employee / official,-1.9807898832858495,"yes, registered under the customers name ",yes
2.711561762779669,no checking account,16.48336260561267,critical account/ other credits existing (not at this bank),domestic appliances,608.4810551872459,... < 100 DM,1 <= ... < 4 years,11.700051206943407,female : divorced/separated/married,none,-2.849890414724342,if not A121 : building society savings agreement/ life insurance,27.934805574434055,none,own,6.677853891259814,skilled employee / official,5.694249375022411,none,yes
-0.7569773637456221,0 <= ... < 200 DM,9.341495999747476,critical account/ other credits existing (not at this bank),car (used),1884.2804526349328,unknown/ no savings account,1 <= ... < 4 years,11.929041200582358,male : single,none,5.33257012830044,real estate,38.97692981526887,none,rent,3.4347296516551538,skilled employee / official,-2.4462355235112376,none,yes
1.3146480091299242,0 <= ... < 200 DM,13.442366710627365,existing credits paid back duly till now,radio/television,1622.2846962651643,100 <= ... < 500 DM,1 <= ... < 4 years,2.1860526808589658,female : divorced/separated/married,none,-5.632998650991709,unknown / no property,24.680435910237676,none,rent,1.6706058589068071,unskilled - resident,-0.6966210329237708,none,yes
1.4476874157153747,0 <= ... < 200 DM,14.437258280098975,critical account/ other credits existing (not at this bank),domestic appliances,2625.113524907948,... < 100 DM,4 <= ... < 7 years,2.255910845475419,male : single,none,2.8513568602644677,real estate,31.911144601240757,bank,own,6.956688248352117,skilled employee / official,3.0995614572679764,"yes, registered under the customers name ",yes
6.282646622112668,0 <= ... < 200 DM,17.754821929436925,existing credits paid back duly till now,radio/television,721.9587700336517,... < 100 DM,4 <= ... < 7 years,2.5062281346019395,male : single,none,-0.08105316847368282,real estate,40.78816534534789,none,own,0.6364154396714451,skilled employee / official,-2.4544113264595095,"yes, registered under the customers name ",yes
-0.3711446034575172,< 0 DM,47.42388935978129,existing credits paid back duly till now,radio/television,5099.277372388239,... < 100 DM,unemployed,6.424025166011145,male : married/widowed,none,3.405228220613054,"if not A121/A122 : car or other, not in attribute 6",34.64693916005879,none,own,1.1329860653786463,management/ self-employed/ highly qualified employee/ officer,0.5620763615717305,none,yes
-5.907431267382927,no checking account,10.16016158593414,no credits taken/ all credits paid back duly,car (used),1254.4145051950015,500 <= ... < 1000 DM ,.. >= 7 years,2.6843205186664916,male : single,none,-0.3109454321890537,if not A121 : building society savings agreement/ life insurance,38.16904488208025,bank,own,8.886307669187659,management/ self-employed/ highly qualified employee/ officer,5.356548735653446,none,yes
5.268889666287932,>= 200 DM / salary assignments for at least 1 year,45.30311916752674,existing credits paid back duly till now,domestic appliances,1840.4955832377616,100 <= ... < 500 DM,.. >= 7 years,2.3146509014172025,male : married/widowed,none,5.696992549820755,"if not A121/A122 : car or other, not in attribute 6",27.59090109059602,none,own,7.487696511820925,skilled employee / official,1.8444429744845199,"yes, registered under the customers name ",yes
-1.3259526883890187,< 0 DM,13.065760402357615,existing credits paid back duly till now,car (new),2574.1676727933277,... < 100 DM,... < 1 year ,5.914371454659857,male : single,none,2.0773096946695584,"if not A121/A122 : car or other, not in attribute 6",34.8638959892677,bank,for free,0.9672967723067087,management/ self-employed/ highly qualified employee/ officer,5.989705347294723,"yes, registered under the customers name ",yes
4.458369778309508,0 <= ... < 200 DM,10.773737514851769,existing credits paid back duly till now,domestic appliances,1427.075863486295,... < 100 DM,1 <= ... < 4 years,0.8468036187334023,female : divorced/separated/married,co-applicant,9.601463667525323,unknown / no property,60.18381075313706,bank,own,-0.814206309222467,skilled employee / official,5.534409432023992,"yes, registered under the customers name ",yes
2.5335084527298815,>= 200 DM / salary assignments for at least 1 year,12.627119260518564,existing credits paid back duly till now,domestic appliances,1515.2764166756485,... < 100 DM,1 <= ... < 4 years,2.8489798622058777,female : divorced/separated/married,none,3.0269381364064887,"if not A121/A122 : car or other, not in attribute 6",61.6437685464642,bank,own,7.852694000833994,skilled employee / official,1.0309533376864775,none,yes
-0.5245501208133797,< 0 DM,34.69781995392187,critical account/ other credits existing (not at this bank),car (new),11051.859651386492,100 <= ... < 500 DM,1 <= ... < 4 years,-2.325243126043971,male : single,none,-1.0745712198458652,real estate,29.201320803308572,none,own,4.201673431660856,skilled employee / official,-8.346965505429553,none,yes
1.3951035761851804,0 <= ... < 200 DM,8.039592993906142,existing credits paid back duly till now,car (used),516.3873492922799,unknown/ no savings account,.. >= 7 years,5.816761380492668,male : married/widowed,none,0.012456576690868415,"if not A121/A122 : car or other, not in attribute 6",25.518611929370266,none,own,2.262325016789452,skilled employee / official,-3.4230891808612265,none,yes
7.804050240505198,0 <= ... < 200 DM,11.579103462996516,existing credits paid back duly till now,car (new),2761.164523352872,unknown/ no savings account,1 <= ... < 4 years,9.763467756727476,male : single,none,-1.376945588066926,if not A121 : building society savings agreement/ life insurance,41.03106586672329,none,rent,0.7125091592402217,skilled employee / official,4.053336449537958,none,yes
8.307922116215012,< 0 DM,22.419023419986114,existing credits paid back duly till now,car (used),2666.6896630370616,... < 100 DM,1 <= ... < 4 years,6.884901491199168,male : single,none,5.62454901882176,"if not A121/A122 : car or other, not in attribute 6",30.881589620460883,none,own,2.3267863148583756,skilled employee / official,-5.201005681141148,none,yes
1.2775245405311149,< 0 DM,29.868725002836168,existing credits paid back duly till now,car (new),4815.35786404794,... < 100 DM,.. >= 7 years,7.84719667018922,male : married/widowed,none,5.3594009852610895,real estate,28.09842296948704,none,own,0.9131661604491895,management/ self-employed/ highly qualified employee/ officer,-0.3067703543478,none,yes
0.6407623732683012,0 <= ... < 200 DM,23.54316043288865,existing credits paid back duly till now,domestic appliances,2679.358371069474,... < 100 DM,1 <= ... < 4 years,0.6155914552906765,male : single,none,10.876784146771271,if not A121 : building society savings agreement/ life insurance,31.28013678433609,bank,rent,-1.6573527182919832,unskilled - resident,2.3539224547561295,"yes, registered under the customers name ",yes
4.304960629865542,0 <= ... < 200 DM,20.198356372149277,critical account/ other credits existing (not at this bank),car (used),3908.983754739289,... < 100 DM,... < 1 year ,2.9452971281128026,male : single,none,-0.487343962417619,"if not A121/A122 : car or other, not in attribute 6",28.575917240452842,none,own,2.5161693143489408,skilled employee / official,7.878282783046041,none,yes
-2.3826441310693887,< 0 DM,12.362970255008692,existing credits paid back duly till now,radio/television,3383.581605535282,... < 100 DM,.. >= 7 years,-0.7726396974775582,male : married/widowed,none,2.928821705299269,real estate,40.09836266152536,none,rent,2.06169618255843,unskilled - resident,-1.3000787858176563,none,yes
1.3322814904730205,no checking account,13.14127357689891,critical account/ other credits existing (not at this bank),(vacation - does not exist?),335.63046215187734,... < 100 DM,.. >= 7 years,3.0889378176746285,female : divorced/separated/married,none,-1.3030340977528625,"if not A121/A122 : car or other, not in attribute 6",29.496772456869422,none,own,-0.501580267680924,skilled employee / official,-1.5739508363325174,none,yes
-0.1034513918154256,0 <= ... < 200 DM,19.429277690842508,critical account/ other credits existing (not at this bank),business,4586.333610129927,.. >= 1000 DM ,unemployed,6.088845909410019,male : single,none,2.8484548045248963,if not A121 : building society savings agreement/ life insurance,35.59692428724444,none,own,4.615302754438071,skilled employee / official,0.7902169340179981,"yes, registered under the customers name ",yes
1.2556328458302144,< 0 DM,39.851842292997794,existing credits paid back duly till now,radio/television,3614.9623477331756,... < 100 DM,4 <= ... < 7 years,1.4072824524131944,female : divorced/separated/married,none,3.5267621379184546,"if not A121/A122 : car or other, not in attribute 6",39.23246804779862,none,own,6.155329569243956,unskilled - resident,3.4036518792404094,"yes, registered under the customers name ",yes
-3.333475223797623,no checking account,12.101555793929101,existing credits paid back duly till now,business,1715.7473291272001,... < 100 DM,4 <= ... < 7 years,-3.6505640904048864,female : divorced/separated/married,none,2.7865006222859567,"if not A121/A122 : car or other, not in attribute 6",35.35550593017452,none,own,4.879590774621651,management/ self-employed/ highly qualified employee/ officer,0.3830126904156238,"yes, registered under the customers name ",no
-6.358269973235876,no checking account,8.584963109650353,critical account/ other credits existing (not at this bank),car (new),3016.3815569655203,... < 100 DM,.. >= 7 years,-2.2601164221510137,female : divorced/separated/married,none,5.345303667492129,"if not A121/A122 : car or other, not in attribute 6",29.74740515937831,none,own,-0.104993540855979,skilled employee / official,5.197073395543242,"yes, registered under the customers name ",yes
-8.291933743965167,no checking account,13.83882382005995,critical account/ other credits existing (not at this bank),car (new),749.2444793856096,... < 100 DM,.. >= 7 years,-1.524655725963095,female : divorced/separated/married,none,1.53208198498089,if not A121 : building society savings agreement/ life insurance,37.43969823510016,none,own,5.023286016753488,unskilled - resident,-2.1965753321138877,"yes, registered under the customers name ",yes
-4.469536451958431,no checking account,21.95421296986126,existing credits paid back duly till now,domestic appliances,1947.1889801607151,100 <= ... < 500 DM,.. >= 7 years,5.965810359758361,male : divorced/separated,none,4.944696191562848,unknown / no property,30.09905475298946,none,own,2.3118455898401606,management/ self-employed/ highly qualified employee/ officer,1.4806437335161742,"yes, registered under the customers name ",yes
-1.834701139757332,< 0 DM,24.16102600800185,all credits at this bank paid back duly,radio/television,2920.903656460072,... < 100 DM,.. >= 7 years,11.255578142626673,male : single,none,6.15399141456433,"if not A121/A122 : car or other, not in attribute 6",64.94462124030554,none,own,-3.942983914263807,skilled employee / official,3.780850840988076,none,yes
-0.1727663465950473,0 <= ... < 200 DM,18.85442665966521,critical account/ other credits existing (not at this bank),domestic appliances,1657.237968556608,100 <= ... < 500 DM,1 <= ... < 4 years,9.449832976000852,male : single,none,1.9518803204042139,real estate,32.22711932219241,none,own,3.690917513990983,skilled employee / official,-0.6009312396234265,none,yes
7.7489246497180675,no checking account,42.55896653484269,critical account/ other credits existing (not at this bank),domestic appliances,7243.290017326092,... < 100 DM,... < 1 year ,-4.583940796584257,male : single,none,1.7402534369714182,"if not A121/A122 : car or other, not in attribute 6",37.90723452479283,none,own,2.5845265638277928,skilled employee / official,5.358839746239867,none,yes
4.4239734796291925,< 0 DM,27.291454391255037,delay in paying off in the past,car (new),2766.647790357722,... < 100 DM,... < 1 year ,7.684303752279136,male : divorced/separated,none,11.706671034925478,real estate,27.487070562211454,none,own,12.37419200827723,skilled employee / official,1.5958341649693981,"yes, registered under the customers name ",yes
-3.848364465366509,< 0 DM,16.929511548242477,critical account/ other credits existing (not at this bank),business,4679.064517661104,... < 100 DM,4 <= ... < 7 years,6.745601668058589,male : married/widowed,none,-0.2680346029683176,"if not A121/A122 : car or other, not in attribute 6",38.698301426380745,bank,rent,7.82908345311424,unskilled - resident,4.155382852609096,none,yes
2.3908338098038278,0 <= ... < 200 DM,24.43794143778835,existing credits paid back duly till now,domestic appliances,3090.1558948776765,... < 100 DM,1 <= ... < 4 years,-3.181199782115031,male : single,none,3.1917327078736584,if not A121 : building society savings agreement/ life insurance,20.81142105107943,bank,own,3.8446006277380964,skilled employee / official,1.7764164321953277,none,yes
-0.6283129454013003,0 <= ... < 200 DM,10.500175686832101,delay in paying off in the past,(vacation - does not exist?),446.2670693735079,... < 100 DM,.. >= 7 years,2.78719353315801,male : single,none,0.9991237190314699,"if not A121/A122 : car or other, not in attribute 6",21.086891447967222,bank,own,1.9966820051527185,unskilled - resident,2.505618285948912,none,yes
-0.13745535216038052,0 <= ... < 200 DM,8.946336852300766,critical account/ other credits existing (not at this bank),business,655.3109858798078,... < 100 DM,... < 1 year ,8.382089645983239,male : single,none,10.142482994485224,unknown / no property,29.894687563267205,stores,for free,1.6548890202320727,unskilled - resident,-1.5295670273974213,none,yes
0.7413025976615281,no checking account,-3.0416590293514094,existing credits paid back duly till now,business,1240.3366762934093,... < 100 DM,... < 1 year ,6.201734043739141,female : divorced/separated/married,none,7.547305315196814,real estate,34.45410850913237,none,own,-3.0147576145324306,skilled employee / official,-0.5230868207648935,none,yes
3.476684467901573,0 <= ... < 200 DM,17.236958158661807,existing credits paid back duly till now,radio/television,1241.3695299755975,... < 100 DM,4 <= ... < 7 years,-1.2363802095519425,male : single,co-applicant,-0.7133995153645762,if not A121 : building society savings agreement/ life insurance,34.07674315531063,none,own,-5.955948908799643,skilled employee / official,5.897585919715107,none,yes
-0.35703393553606144,< 0 DM,17.34880401346957,existing credits paid back duly till now,car (new),3114.145923022457,... < 100 DM,1 <= ... < 4 years,3.4429686231847767,male : single,none,6.0503799737249135,"if not A121/A122 : car or other, not in attribute 6",21.755231242658315,none,own,-2.4902364363262603,skilled employee / official,3.5420417780813294,"yes, registered under the customers name ",yes
4.255406130937434,< 0 DM,47.383995000901756,existing credits paid back duly till now,domestic appliances,2560.873521725348,unknown/ no savings account,.. >= 7 years,-4.550002384322351,male : single,none,5.0307828851062215,real estate,20.473489270094795,bank,for free,0.8091319273182784,skilled employee / official,-3.091860664889607,"yes, registered under the customers name ",yes
-4.567752904569616,< 0 DM,18.171448348321775,critical account/ other credits existing (not at this bank),(vacation - does not exist?),5152.846855136682,... < 100 DM,1 <= ... < 4 years,3.108711296971155,female : divorced/separated/married,co-applicant,-0.06649904789895489,"if not A121/A122 : car or other, not in attribute 6",27.54163720407316,none,own,-7.4221571128359365,skilled employee / official,1.7234536986193258,none,yes
0.02535624944907377,no checking account,10.437289589603218,existing credits paid back duly till now,domestic appliances,1040.0485969678348,... < 100 DM,1 <= ... < 4 years,7.551827077600195,male : single,none,7.032656868912693,unknown / no property,42.54676030162438,bank,own,-1.1772871690909965,skilled employee / official,-8.495104214141703,none,yes
10.39069490638333,>= 200 DM / salary assignments for at least 1 year,21.823410722178256,no credits taken/ all credits paid back duly,radio/television,1476.8797254924766,100 <= ... < 500 DM,.. >= 7 years,4.07357686228528,male : single,none,5.557221564417641,"if not A121/A122 : car or other, not in attribute 6",40.057375324133275,none,own,1.0095478675022962,management/ self-employed/ highly qualified employee/ officer,-0.29576065479766633,"yes, registered under the customers name ",yes
0.8923189705011004,0 <= ... < 200 DM,13.799913365386193,existing credits paid back duly till now,business,3580.26610798456,... < 100 DM,.. >= 7 years,-0.9957501998477836,male : single,none,1.8627948555438092,"if not A121/A122 : car or other, not in attribute 6",25.682457242025684,none,own,0.1382937860581681,unskilled - resident,4.844110706479624,"yes, registered under the customers name ",yes
5.732858026424691,no checking account,26.2532522940657,delay in paying off in the past,car (new),1197.4750462102559,500 <= ... < 1000 DM ,... < 1 year ,7.557385015089396,male : single,none,0.8323211550306849,real estate,23.869057307858903,none,own,-1.646894392752579,unskilled - resident,0.4994176451553619,none,yes
0.3660807126928327,0 <= ... < 200 DM,30.458337748095513,existing credits paid back duly till now,radio/television,3622.869761661213,unknown/ no savings account,4 <= ... < 7 years,7.899007260346326,male : single,none,5.724217970398605,"if not A121/A122 : car or other, not in attribute 6",57.06602070480124,bank,rent,0.6339447424743985,unskilled - resident,1.4716506786641248,none,yes
2.323108381319187,no checking account,16.31977415462906,all credits at this bank paid back duly,car (used),959.8567010133362,... < 100 DM,1 <= ... < 4 years,8.2401587714678,male : married/widowed,none,2.917550645969838,real estate,35.66777766316259,none,for free,8.895575312495447,unskilled - resident,-11.065524986080845,none,yes
-0.22713277757076614,no checking account,15.110438121114143,existing credits paid back duly till now,retraining,1162.5988093302265,unknown/ no savings account,4 <= ... < 7 years,7.497369713785549,female : divorced/separated/married,none,4.23637333210007,real estate,47.229948936091795,none,rent,3.648581125962412,skilled employee / official,-0.5690144725446069,"yes, registered under the customers name ",yes
0.3183696753431823,< 0 DM,2.7620547244289346,existing credits paid back duly till now,business,1208.542711327981,... < 100 DM,... < 1 year ,8.325499175748586,male : single,none,1.4359363360497461,"if not A121/A122 : car or other, not in attribute 6",50.18348795208877,none,for free,-1.2412031075925989,management/ self-employed/ highly qualified employee/ officer,2.35308889530885,none,no
-3.1179295869016785,0 <= ... < 200 DM,15.5122343156328,existing credits paid back duly till now,domestic appliances,3077.428420120038,... < 100 DM,1 <= ... < 4 years,4.931634229750138,male : divorced/separated,none,10.77506496304997,if not A121 : building society savings agreement/ life insurance,59.63516143382787,none,own,0.7266088465521467,skilled employee / official,2.8611595015933586,none,yes
1.721205435830213,0 <= ... < 200 DM,18.507987932457844,existing credits paid back duly till now,domestic appliances,3760.3918349738547,... < 100 DM,1 <= ... < 4 years,5.062114596465888,male : married/widowed,none,-0.2016797733941882,real estate,59.18448263580081,none,own,0.8867466573909324,skilled employee / official,4.8494228453374575,"yes, registered under the customers name ",yes
-3.4061487567430717,no checking account,11.313471891326152,existing credits paid back duly till now,car (new),1423.510944945099,... < 100 DM,... < 1 year ,3.3580359990552564,female : divorced/separated/married,guarantor,3.71054487551898,unknown / no property,31.056500100029815,none,own,-2.0718217349606043,skilled employee / official,0.15896899290628708,"yes, registered under the customers name ",yes
2.6623409452537166,< 0 DM,6.714963853145308,delay in paying off in the past,car (used),3517.9909990219835,... < 100 DM,.. >= 7 years,1.050961123610392,male : single,none,1.7190370307942684,"if not A121/A122 : car or other, not in attribute 6",23.11151091908564,none,rent,-2.0765208709754184,unskilled - resident,0.33737674950340335,none,yes
4.34114801778364,0 <= ... < 200 DM,9.534827647231568,critical account/ other credits existing (not at this bank),furniture/equipment,1937.2612642886866,unknown/ no savings account,4 <= ... < 7 years,-2.849473172238903,male : single,none,9.038189077797199,"if not A121/A122 : car or other, not in attribute 6",24.98199578637354,none,own,6.042096081306852,management/ self-employed/ highly qualified employee/ officer,-4.328469717639449,none,yes
2.4661256289489195,no checking account,26.909258898697413,existing credits paid back duly till now,domestic appliances,8315.192932214934,... < 100 DM,... < 1 year ,-1.821246035279235,male : single,none,0.38606985110463743,unknown / no property,32.581797542832426,stores,own,0.3208624899327359,skilled employee / official,0.18191384330720783,none,yes
-1.1449949342227674,no checking account,3.5098393893377877,delay in paying off in the past,radio/television,1240.063821810905,... < 100 DM,.. >= 7 years,-0.12805792774083868,male : single,none,-1.9410530470413283,real estate,26.170287053212757,none,for free,-2.378785548123486,unskilled - resident,-4.046300249591194,"yes, registered under the customers name ",yes
1.8158623172347843,< 0 DM,1.7131946925530226,existing credits paid back duly till now,radio/television,364.95203390469203,... < 100 DM,1 <= ... < 4 years,4.965808638409717,female : divorced/separated/married,co-applicant,0.12072774695269883,real estate,35.821717072420356,none,own,0.8274386237222292,skilled employee / official,-6.391480479221667,"yes, registered under the customers name ",yes
-1.2346922221856504,no checking account,10.585541033545422,existing credits paid back duly till now,domestic appliances,2126.3626397443527,... < 100 DM,4 <= ... < 7 years,8.763250392017053,male : single,none,3.293860203802441,"if not A121/A122 : car or other, not in attribute 6",42.135039069591194,none,rent,2.472039012516494,skilled employee / official,-2.340717480442313,none,yes
4.742188501860597,>= 200 DM / salary assignments for at least 1 year,19.584045458513355,existing credits paid back duly till now,domestic appliances,3004.8425635095728,... < 100 DM,.. >= 7 years,1.8328110884979498,male : single,guarantor,-1.4922026382745672,"if not A121/A122 : car or other, not in attribute 6",21.409677516040162,none,own,-6.890816896775341,unskilled - resident,7.034739631215886,none,yes
-6.3256243368604945,no checking account,37.291189856372995,existing credits paid back duly till now,car (new),9033.511664448115,unknown/ no savings account,... < 1 year ,8.013905163510657,male : single,none,-0.9141139790310651,unknown / no property,26.59721348892265,none,rent,0.8370145687312279,skilled employee / official,-0.08224480605310625,"yes, registered under the customers name ",no
-1.3424294724745849,no checking account,19.399658023390547,existing credits paid back duly till now,(vacation - does not exist?),1576.2298260367704,... < 100 DM,... < 1 year ,8.317262625728482,male : divorced/separated,none,-5.609463291417139,if not A121 : building society savings agreement/ life insurance,42.35984338145162,none,own,5.4719197373930415,skilled employee / official,1.8795094520934632,none,yes
-7.963247980495991,no checking account,20.847908091964207,all credits at this bank paid back duly,domestic appliances,1298.8077082670206,500 <= ... < 1000 DM ,... < 1 year ,3.0742128092448358,male : single,guarantor,2.961685416512362,real estate,34.89305223929508,none,own,2.804917542087332,unskilled - resident,-1.0539850047922243,"yes, registered under the customers name ",yes
-5.98024332090882,no checking account,1.2740837282847197,critical account/ other credits existing (not at this bank),domestic appliances,1327.9275005371571,... < 100 DM,1 <= ... < 4 years,4.378760845480736,female : divorced/separated/married,none,1.9991405649749496,real estate,24.925816840834358,none,own,10.919180460779884,skilled employee / official,-5.16220407780759,none,yes
6.4554489192556375,no checking account,21.734820337675973,no credits taken/ all credits paid back duly,domestic appliances,3125.212307148101,... < 100 DM,4 <= ... < 7 years,3.025887833100554,male : single,none,-4.952226975727412,if not A121 : building society savings agreement/ life insurance,25.027902978470326,bank,own,6.004437929248716,unemployed/ unskilled - non-resident,4.744452499718829,none,yes
3.580739927886744,0 <= ... < 200 DM,33.50158636713928,critical account/ other credits existing (not at this bank),domestic appliances,5493.9956543947,500 <= ... < 1000 DM ,1 <= ... < 4 years,7.2885435763139075,female : divorced/separated/married,none,8.342437611896234,if not A121 : building society savings agreement/ life insurance,33.09854725160807,none,for free,6.795736099003414,skilled employee / official,-6.688792559422355,none,yes
-2.8779209331391615,no checking account,14.300586915499355,existing credits paid back duly till now,furniture/equipment,1130.0346734238194,... < 100 DM,.. >= 7 years,4.543373353063728,male : single,none,-1.2306675935397573,"if not A121/A122 : car or other, not in attribute 6",44.63736010252286,none,rent,12.200343743657307,unskilled - resident,-1.2191707071666338,"yes, registered under the customers name ",yes
-5.010013824163588,< 0 DM,25.321159782466367,all credits at this bank paid back duly,car (new),1217.9378137569936,... < 100 DM,1 <= ... < 4 years,-0.7619350187534213,female : divorced/separated/married,none,7.187774760112861,real estate,35.03012175830569,none,own,5.032625047098391,skilled employee / official,1.7815404765997556,"yes, registered under the customers name ",yes
-10.858115351366605,no checking account,23.153064789822423,critical account/ other credits existing (not at this bank),car (new),1211.8709007498046,... < 100 DM,1 <= ... < 4 years,4.646098608615387,female : divorced/separated/married,none,1.1958367040487823,"if not A121/A122 : car or other, not in attribute 6",24.29666470642409,none,own,1.6522808317308042,skilled employee / official,1.9219585737194207,"yes, registered under the customers name ",no
-1.1739820317305383,< 0 DM,11.994877764278893,existing credits paid back duly till now,car (new),1312.677694706588,... < 100 DM,4 <= ... < 7 years,10.59244864729552,male : single,none,10.406285511581704,if not A121 : building society savings agreement/ life insurance,23.21846928256074,bank,own,4.894961173725328,skilled employee / official,-1.9058784181154795,"yes, registered under the customers name ",yes
9.68166004898961,0 <= ... < 200 DM,6.571230610681248,all credits at this bank paid back duly,education,2366.0868018109477,... < 100 DM,... < 1 year ,1.2750758618131952,male : single,none,4.998202155704584,"if not A121/A122 : car or other, not in attribute 6",33.946192051803564,bank,own,-1.236945733579975,skilled employee / official,-6.351845932219898,"yes, registered under the customers name ",yes
2.7395370858545895,no checking account,14.82746564143637,critical account/ other credits existing (not at this bank),business,6851.435184335625,unknown/ no savings account,4 <= ... < 7 years,2.7908601203802723,male : married/widowed,none,-2.0321914834961126,if not A121 : building society savings agreement/ life insurance,29.098677273669605,none,own,1.4307452779798773,unskilled - resident,-1.204373169341753,"yes, registered under the customers name ",yes
-2.238289144197958,0 <= ... < 200 DM,31.99005671121905,critical account/ other credits existing (not at this bank),car (new),1416.6210376059757,unknown/ no savings account,.. >= 7 years,6.183515350956581,male : single,none,-1.6683302088412253,"if not A121/A122 : car or other, not in attribute 6",28.684455594125083,none,own,-1.5909105723132546,skilled employee / official,-1.9950319504786496,none,yes
1.860320838001225,no checking account,39.52938602561069,delay in paying off in the past,domestic appliances,8586.771491707657,... < 100 DM,.. >= 7 years,-0.14649159665840195,male : single,none,4.42210082089724,real estate,46.70285837833963,none,own,2.5919382302515266,skilled employee / official,-2.092373980620321,none,yes
-5.243833411977771,< 0 DM,12.271652676677341,existing credits paid back duly till now,domestic appliances,756.594156753764,... < 100 DM,unemployed,6.042831796854056,female : divorced/separated/married,guarantor,0.9504874771593328,unknown / no property,27.60946139367929,none,own,-1.6076363520792807,skilled employee / official,4.880234360830414,"yes, registered under the customers name ",yes
-1.1892934507905417,no checking account,38.19251351856879,no credits taken/ all credits paid back duly,domestic appliances,4692.827070561676,... < 100 DM,... < 1 year ,-3.575340608138503,male : single,none,1.3226299719145378,if not A121 : building society savings agreement/ life insurance,32.049444527621034,none,own,-1.7477139994468707,skilled employee / official,-3.854411112556569,"yes, registered under the customers name ",yes
0.39790989206295396,< 0 DM,18.58242097325738,existing credits paid back duly till now,car (new),2687.864818705291,... < 100 DM,1 <= ... < 4 years,-0.5024964256055844,female : divorced/separated/married,none,9.088955447088392,real estate,19.835708013994424,none,own,2.6538931724220176,skilled employee / official,2.2039170977526354,"yes, registered under the customers name ",yes
-0.34440260728419403,0 <= ... < 200 DM,4.010133228440561,existing credits paid back duly till now,car (new),588.2195222634496,... < 100 DM,1 <= ... < 4 years,8.302891869976769,male : single,none,1.005244506520174,if not A121 : building society savings agreement/ life insurance,17.520185344428597,none,for free,1.4491542368777313,skilled employee / official,1.633188148871663,none,yes
3.1632244867603223,0 <= ... < 200 DM,17.270694072835894,existing credits paid back duly till now,business,2255.4949600576456,... < 100 DM,1 <= ... < 4 years,5.427025161233432,male : divorced/separated,none,1.365175088701818,if not A121 : building society savings agreement/ life insurance,52.370773310726065,bank,own,-6.710084542866988,skilled employee / official,4.84182030988668,"yes, registered under the customers name ",yes
1.3785809049442095,0 <= ... < 200 DM,6.841165164344586,delay in paying off in the past,domestic appliances,606.6539373963201,unknown/ no savings account,... < 1 year ,2.782088769013892,female : divorced/separated/married,none,6.818511174609224,real estate,35.3868187483175,none,rent,-3.8222276852483583,skilled employee / official,0.4674725130522751,none,yes
2.673304072431988,>= 200 DM / salary assignments for at least 1 year,3.140493752409961,delay in paying off in the past,(vacation - does not exist?),1361.0439315703295,... < 100 DM,4 <= ... < 7 years,3.7858440849807495,male : married/widowed,none,7.236469953542401,real estate,40.29992487195935,none,for free,-3.5890659658458537,skilled employee / official,5.164523868790234,"yes, registered under the customers name ",yes
-1.7534891289230377,>= 200 DM / salary assignments for at least 1 year,41.248101048879654,existing credits paid back duly till now,domestic appliances,7132.743976071071,... < 100 DM,... < 1 year ,1.7596310089794742,male : single,none,3.36154932991731,real estate,28.702165489484074,none,own,-1.5318876244558974,skilled employee / official,0.3111194476236079,none,yes
3.5912616336421923,0 <= ... < 200 DM,4.739302440459104,existing credits paid back duly till now,domestic appliances,1205.2209602971177,unknown/ no savings account,4 <= ... < 7 years,3.050314009407333,male : single,none,0.8443764765893671,real estate,46.2483848507384,none,rent,2.6576933179145525,unskilled - resident,2.7375701063392013,none,yes
6.515747790495966,< 0 DM,-1.7381229428524714,all credits at this bank paid back duly,car (used),693.1541073610782,... < 100 DM,unemployed,6.6272741068805505,male : single,none,-2.955261850083726,real estate,32.04992888060522,none,own,2.8757553882865436,skilled employee / official,-5.0117643489889625,"yes, registered under the customers name ",yes
-3.8805980786056504,< 0 DM,18.927944332624012,critical account/ other credits existing (not at this bank),car (used),5506.139022173696,unknown/ no savings account,.. >= 7 years,0.0905290373634724,male : single,none,-0.22497997066078312,real estate,46.713611501186534,none,own,6.261117486796796,skilled employee / official,-9.553112305164435,"yes, registered under the customers name ",yes
-2.550782622858239,< 0 DM,7.001295921477698,existing credits paid back duly till now,car (new),3197.129175170819,... < 100 DM,.. >= 7 years,2.1613456222187626,male : single,none,3.2734369062989344,real estate,26.561209470662945,none,for free,4.011207291767084,skilled employee / official,2.5101874142634135,none,yes
6.343137345280931,0 <= ... < 200 DM,47.06349785086835,critical account/ other credits existing (not at this bank),business,7118.1448125526,100 <= ... < 500 DM,1 <= ... < 4 years,1.7509272215733884,female : divorced/separated/married,none,3.4484712442310554,"if not A121/A122 : car or other, not in attribute 6",49.77573010819374,none,own,6.287611824730631,skilled employee / official,3.7247325041569184,"yes, registered under the customers name ",yes
-0.7653759467802411,>= 200 DM / salary assignments for at least 1 year,23.246463490942467,existing credits paid back duly till now,radio/television,3480.7980852330634,100 <= ... < 500 DM,1 <= ... < 4 years,-3.3424134984010223,male : single,none,4.2997083142649055,real estate,26.395463690541757,none,own,3.4335847658364917,skilled employee / official,2.90200933260753,none,yes
5.615285568266228,no checking account,16.30214916087241,critical account/ other credits existing (not at this bank),business,1120.5721955416902,.. >= 1000 DM ,.. >= 7 years,0.31817697500280095,male : married/widowed,none,8.157014438536242,if not A121 : building society savings agreement/ life insurance,25.358493456218948,none,own,1.8387172363659587,skilled employee / official,-0.09973005901871668,"yes, registered under the customers name ",yes
-1.7701428475687355,< 0 DM,30.315516156118953,delay in paying off in the past,business,7968.7295700392515,100 <= ... < 500 DM,1 <= ... < 4 years,8.272825788255329,male : single,none,-1.7492924362490978,real estate,24.36018603994222,none,own,6.397406969150622,skilled employee / official,6.95888900884149,none,yes
5.820182305082845,0 <= ... < 200 DM,19.794079346066773,critical account/ other credits existing (not at this bank),domestic appliances,1531.7199485647488,... < 100 DM,... < 1 year ,5.538893258340936,male : divorced/separated,none,2.0552787910694,real estate,32.820810898548565,bank,own,4.677651166960398,management/ self-employed/ highly qualified employee/ officer,-0.8395112629480879,"yes, registered under the customers name ",yes
0.5259432672218087,0 <= ... < 200 DM,3.318446306575555,existing credits paid back duly till now,radio/television,1501.5143290556716,... < 100 DM,1 <= ... < 4 years,-3.2943532056055567,male : single,none,1.754843853644871,real estate,42.867847294458095,none,own,3.504381470215965,unskilled - resident,3.683516078689478,none,yes
2.032915293290781,0 <= ... < 200 DM,27.461225330092574,existing credits paid back duly till now,radio/television,2306.3294077191667,500 <= ... < 1000 DM ,1 <= ... < 4 years,-2.1614175033936425,female : divorced/separated/married,co-applicant,1.183360249701936,unknown / no property,30.08928948325669,bank,own,6.084287483440569,skilled employee / official,3.378544900016314,none,yes
6.2588720866796175,0 <= ... < 200 DM,8.469126321969034,existing credits paid back duly till now,car (new),659.8320663990952,... < 100 DM,1 <= ... < 4 years,2.551344399557664,male : single,none,9.725908455709668,"if not A121/A122 : car or other, not in attribute 6",40.8501876600668,none,own,-8.383152970013587,skilled employee / official,8.874960638996441,"yes, registered under the customers name ",yes
-1.447081909776685,no checking account,38.221440914034304,existing credits paid back duly till now,car (used),2277.593025698064,... < 100 DM,1 <= ... < 4 years,9.244746132705929,male : single,none,4.63434720645259,if not A121 : building society savings agreement/ life insurance,29.123658084446152,none,own,0.8381473034382005,skilled employee / official,0.7318815208406657,"yes, registered under the customers name ",yes
-2.7644883836998333,>= 200 DM / salary assignments for at least 1 year,16.23756628062778,existing credits paid back duly till now,car (new),2633.168781142897,... < 100 DM,1 <= ... < 4 years,1.2529674607825894,female : divorced/separated/married,none,5.160533308355022,"if not A121/A122 : car or other, not in attribute 6",30.44052201518844,none,own,0.776838137393076,skilled employee / official,-1.6127716249166113,none,yes
-1.7942568321134174,0 <= ... < 200 DM,15.925918997232463,existing credits paid back duly till now,radio/television,1503.9787277019493,... < 100 DM,.. >= 7 years,9.227998213616065,male : divorced/separated,none,11.176927117314346,if not A121 : building society savings agreement/ life insurance,40.8261974619643,none,own,5.610731509926281,skilled employee / official,-4.992581537661293,"yes, registered under the customers name ",yes
1.8093358025725548,0 <= ... < 200 DM,19.34068761415584,existing credits paid back duly till now,car (new),1311.5820592213424,... < 100 DM,1 <= ... < 4 years,5.40772308327463,male : single,none,-2.995581118440569,"if not A121/A122 : car or other, not in attribute 6",26.66579537579291,none,own,7.285579987803078,skilled employee / official,7.209468026649892,none,yes
-6.263036288722057,< 0 DM,32.03502154474056,existing credits paid back duly till now,radio/television,3104.3001278531433,100 <= ... < 500 DM,4 <= ... < 7 years,5.885001831383574,male : divorced/separated,none,1.9690948755772728,unknown / no property,26.42856769771549,none,rent,-3.80071748084105,skilled employee / official,2.6856436281941605,"yes, registered under the customers name ",yes
3.549883610604486,no checking account,17.16228898743253,existing credits paid back duly till now,domestic appliances,2323.182560480837,unknown/ no savings account,.. >= 7 years,-3.3428820372182777,male : single,none,2.465347875736244,unknown / no property,28.3816575422947,bank,own,6.644668696597104,management/ self-employed/ highly qualified employee/ officer,2.8122444235772086,none,yes
-2.155085270470973,no checking account,8.996891708803417,existing credits paid back duly till now,domestic appliances,1370.5386286715927,... < 100 DM,1 <= ... < 4 years,7.75009168699903,female : divorced/separated/married,co-applicant,-0.6582201871756883,real estate,71.42286791247179,none,own,-3.6857807441050756,skilled employee / official,13.46681696529568,none,yes
4.591250642934254,0 <= ... < 200 DM,11.250609222346593,all credits at this bank paid back duly,car (new),3605.512299492679,unknown/ no savings account,1 <= ... < 4 years,1.6602718509055712,male : single,none,5.2028581672709135,unknown / no property,28.160222161535163,none,own,-3.5648609822432906,management/ self-employed/ highly qualified employee/ officer,2.3001789647451973,none,yes
-8.577041219601886,no checking account,44.2789412509198,critical account/ other credits existing (not at this bank),domestic appliances,7765.45776049157,... < 100 DM,unemployed,7.4523698144436334,male : single,none,-0.4263299751515124,real estate,44.25896903396163,none,own,0.06285719069054119,skilled employee / official,-4.209285620400129,none,yes
-3.146263100416675,>= 200 DM / salary assignments for at least 1 year,24.065474586901345,existing credits paid back duly till now,car (new),3051.5249533122687,... < 100 DM,.. >= 7 years,-2.256679927944452,male : single,none,3.7622292730970126,real estate,40.15115990501293,none,own,-0.2728258885303383,skilled employee / official,0.21638570002809554,none,no
-5.745872604936408,no checking account,10.9564007079966,critical account/ other credits existing (not at this bank),car (used),1535.9209646100471,... < 100 DM,1 <= ... < 4 years,1.70819739003965,male : single,guarantor,5.231339072515627,real estate,23.53027883958261,none,rent,-5.233669118867506,skilled employee / official,-2.8991296353946128,none,yes
-3.3049178654558102,< 0 DM,27.35969042053119,existing credits paid back duly till now,radio/television,2033.6309134784722,.. >= 1000 DM ,unemployed,5.408011815750526,female : divorced/separated/married,none,5.089333604513313,"if not A121/A122 : car or other, not in attribute 6",61.48395289975821,stores,own,4.599511893970268,skilled employee / official,-0.5834735783310896,"yes, registered under the customers name ",yes
1.9906636044357726,< 0 DM,30.947821554876985,no credits taken/ all credits paid back duly,radio/television,6348.71783848665,.. >= 1000 DM ,1 <= ... < 4 years,3.383866733696534,male : single,none,-3.411191260259783,"if not A121/A122 : car or other, not in attribute 6",33.40941135557008,none,own,3.7176096989064082,skilled employee / official,-0.610358411018429,none,yes
0.2830934982009804,no checking account,17.58016737599931,existing credits paid back duly till now,car (used),2867.149930817542,... < 100 DM,1 <= ... < 4 years,3.618180772344627,male : single,none,-2.8671740846641383,if not A121 : building society savings agreement/ life insurance,29.183932344655762,none,rent,5.216166384654683,skilled employee / official,-0.34809756426819805,"yes, registered under the customers name ",yes
-1.0135102757920598,no checking account,17.45540129973076,existing credits paid back duly till now,business,1254.8177674929818,... < 100 DM,unemployed,2.934411699229965,male : single,none,6.258840012852643,"if not A121/A122 : car or other, not in attribute 6",60.73935352743724,none,own,0.26617868088853935,skilled employee / official,-4.573130021421588,none,no
0.3632605144797568,< 0 DM,23.0533647013924,critical account/ other credits existing (not at this bank),car (used),1331.0515457567392,... < 100 DM,... < 1 year ,1.4037609878348825,male : single,none,2.084794574049463,real estate,49.681121683151,none,rent,1.8416691401102052,skilled employee / official,8.370006534689185,"yes, registered under the customers name ",yes
0.8135529624797737,0 <= ... < 200 DM,16.877047569746118,critical account/ other credits existing (not at this bank),business,2020.7524347509784,... < 100 DM,4 <= ... < 7 years,10.421933531175858,male : married/widowed,none,-6.776010470769952,"if not A121/A122 : car or other, not in attribute 6",43.85725871993726,none,for free,0.8782913403894292,skilled employee / official,2.1953921777535754,"yes, registered under the customers name ",yes
-4.034144167772431,0 <= ... < 200 DM,20.787039632193178,no credits taken/ all credits paid back duly,radio/television,1560.0825587951033,unknown/ no savings account,.. >= 7 years,7.195811465445769,male : single,none,5.971321535472962,real estate,35.949292376107806,bank,own,7.7519817658738575,skilled employee / official,1.098111861199047,none,yes
3.827398563596203,< 0 DM,14.204766914806777,delay in paying off in the past,business,619.0600956718183,... < 100 DM,1 <= ... < 4 years,0.9565410198072928,female : divorced/separated/married,co-applicant,4.546626025015329,if not A121 : building society savings agreement/ life insurance,25.349972555275357,none,own,-10.336979130532873,unskilled - resident,4.030551318062972,none,no
2.6506638815419357,0 <= ... < 200 DM,49.582036425450035,delay in paying off in the past,car (used),8859.999152417184,... < 100 DM,4 <= ... < 7 years,4.273777222378452,male : divorced/separated,none,-2.27629865600018,real estate,30.97957444461849,none,rent,-1.8277773959564136,skilled employee / official,2.8842690993975637,none,yes
1.540151750624404,no checking account,5.731766999058247,existing credits paid back duly till now,repairs,989.2835582895051,unknown/ no savings account,1 <= ... < 4 years,1.029284581195388,male : single,none,7.979822390266657,"if not A121/A122 : car or other, not in attribute 6",25.874486501564213,none,own,2.0221633711671907,unskilled - resident,2.10276293096819,"yes, registered under the customers name ",yes
2.2261337710050526,0 <= ... < 200 DM,3.102629922367196,no credits taken/ all credits paid back duly,domestic appliances,1749.567066646708,... < 100 DM,4 <= ... < 7 years,-2.7387385746492967,male : single,none,1.2898399483724043,"if not A121/A122 : car or other, not in attribute 6",44.36791508501263,none,own,-3.342280939662012,skilled employee / official,4.739992291067307,none,yes
2.1856720032346377,>= 200 DM / salary assignments for at least 1 year,45.67311460319101,critical account/ other credits existing (not at this bank),business,6997.265490059383,100 <= ... < 500 DM,.. >= 7 years,5.135237765595905,male : single,none,-1.7538084704168586,real estate,36.24211310109138,none,for free,0.9667185709155304,unskilled - resident,1.5357389750346266,none,yes
8.14029321092427,no checking account,10.5381216235431,existing credits paid back duly till now,car (used),1986.6598868132805,... < 100 DM,4 <= ... < 7 years,-2.8163985025896228,female : divorced/separated/married,none,2.433410604056145,"if not A121/A122 : car or other, not in attribute 6",24.468626180591535,none,for free,0.4956978545203625,skilled employee / official,3.6808858279663657,none,yes
-0.3483766842100396,no checking account,3.4963456455937942,existing credits paid back duly till now,repairs,1200.556150361735,.. >= 1000 DM ,... < 1 year ,7.707423654306165,male : single,none,11.124153836969178,real estate,66.30826754864029,bank,rent,-0.6307444351698752,skilled employee / official,4.012449203511101,"yes, registered under the customers name ",yes
-0.22833287333830699,0 <= ... < 200 DM,9.486515567522085,existing credits paid back duly till now,(vacation - does not exist?),1329.4798477512313,... < 100 DM,1 <= ... < 4 years,0.989110749707766,male : married/widowed,none,7.494348711891545,"if not A121/A122 : car or other, not in attribute 6",22.656589440305698,none,for free,1.2578757044106899,skilled employee / official,1.6508749401312124,none,yes
-2.0141103214295115,0 <= ... < 200 DM,15.08555805896189,all credits at this bank paid back duly,car (used),2269.603174629755,... < 100 DM,.. >= 7 years,2.1538135876778854,female : divorced/separated/married,none,4.438845995616426,unknown / no property,28.985112365975432,none,for free,4.512597111031253,skilled employee / official,0.11842202601553742,none,yes
-3.1290506823113473,0 <= ... < 200 DM,24.086133039047677,critical account/ other credits existing (not at this bank),radio/television,5006.358272363097,... < 100 DM,.. >= 7 years,2.639004878493159,male : married/widowed,none,5.849542635401279,real estate,30.974890857840993,none,own,1.0549342198759921,skilled employee / official,7.121591205815635,none,yes
-3.9778871504043014,>= 200 DM / salary assignments for at least 1 year,27.236485243960974,existing credits paid back duly till now,radio/television,3557.740024711956,unknown/ no savings account,.. >= 7 years,5.3247952479770095,female : divorced/separated/married,none,7.1659957283393005,unknown / no property,24.683220061900403,bank,for free,-0.8127789358749427,skilled employee / official,-0.9116061590937343,"yes, registered under the customers name ",yes
-2.555189252923674,< 0 DM,17.416758167644737,critical account/ other credits existing (not at this bank),radio/television,1933.9604973691862,... < 100 DM,... < 1 year ,-1.305372707315633,male : single,co-applicant,-3.0279347014773963,if not A121 : building society savings agreement/ life insurance,25.62686219155919,none,for free,1.3369403333845113,skilled employee / official,2.5652544017093835,"yes, registered under the customers name ",yes
-0.28272152660828526,no checking account,22.431840816517074,existing credits paid back duly till now,business,2965.435825762606,unknown/ no savings account,1 <= ... < 4 years,6.870902435000254,male : single,co-applicant,6.57659334860793,real estate,55.49914015959918,none,own,0.9702546134176424,management/ self-employed/ highly qualified employee/ officer,3.655633642956266,none,yes
2.337180513990858,< 0 DM,24.559697248156453,existing credits paid back duly till now,business,1546.1842325543084,unknown/ no savings account,.. >= 7 years,4.453482152100894,male : single,co-applicant,1.0637061274258874,if not A121 : building society savings agreement/ life insurance,33.95701667609343,none,rent,-5.961278261337688,skilled employee / official,-1.4382314090545423,"yes, registered under the customers name ",yes
0.20456823420864714,< 0 DM,2.7336995701777003,existing credits paid back duly till now,radio/television,688.3126264835832,... < 100 DM,1 <= ... < 4 years,-3.0242191714721525,male : single,none,2.273912267186323,"if not A121/A122 : car or other, not in attribute 6",30.789682844809516,none,for free,2.8462156718451146,skilled employee / official,-2.2312895412459732,none,yes
-2.062141109718852,< 0 DM,31.412671671330237,critical account/ other credits existing (not at this bank),business,12395.72953434136,100 <= ... < 500 DM,... < 1 year ,0.3205020656810432,male : single,none,3.090129489570651,"if not A121/A122 : car or other, not in attribute 6",31.704031621079558,none,own,-0.8040049177871775,skilled employee / official,-0.41540808347940406,none,yes
3.600738256079853,no checking account,20.239115164297132,existing credits paid back duly till now,radio/television,4716.534274811503,100 <= ... < 500 DM,.. >= 7 years,9.525116062235703,male : married/widowed,co-applicant,4.004833308456858,if not A121 : building society savings agreement/ life insurance,33.907219532628496,none,own,7.046140299244205,unskilled - resident,-0.9688674127024313,"yes, registered under the customers name ",yes
2.95765068920379,< 0 DM,21.460747344114175,critical account/ other credits existing (not at this bank),business,1549.2338495910808,... < 100 DM,4 <= ... < 7 years,9.706379192982787,male : married/widowed,guarantor,2.4724138600258403,real estate,25.036470276203875,none,own,4.364213902569899,skilled employee / official,-4.832522246555461,"yes, registered under the customers name ",yes
0.361406770311932,no checking account,7.346104800830916,existing credits paid back duly till now,radio/television,1372.8053794128598,unknown/ no savings account,... < 1 year ,4.869393830434709,male : single,none,-9.292121083285199,"if not A121/A122 : car or other, not in attribute 6",41.36446244672514,none,rent,5.6802656168786205,skilled employee / official,-1.6059803300771023,none,yes
-2.611664578658848,0 <= ... < 200 DM,24.648238236251498,existing credits paid back duly till now,car (new),2579.758064577166,... < 100 DM,.. >= 7 years,-2.7613739526734804,female : divorced/separated/married,none,2.7155668468207224,"if not A121/A122 : car or other, not in attribute 6",29.148437461832575,bank,rent,-3.0440151748596334,skilled employee / official,2.064891938538249,none,yes
2.193711683319198,no checking account,50.918862695134834,existing credits paid back duly till now,radio/television,3971.761532124331,... < 100 DM,4 <= ... < 7 years,5.962427609823553,female : divorced/separated/married,none,3.568611809197051,if not A121 : building society savings agreement/ life insurance,40.5026687166044,none,own,0.5144534352502939,skilled employee / official,7.063774336594395,"yes, registered under the customers name ",yes
1.751894349944418,0 <= ... < 200 DM,41.65160679680703,critical account/ other credits existing (not at this bank),car (new),6759.877442638483,... < 100 DM,... < 1 year ,6.403443615436771,female : divorced/separated/married,none,3.783713393353815,"if not A121/A122 : car or other, not in attribute 6",31.783728257775877,none,own,-3.9698339498296367,unskilled - resident,3.217565340694533,none,yes
-4.79250903766019,>= 200 DM / salary assignments for at least 1 year,24.100514844864133,existing credits paid back duly till now,(vacation - does not exist?),3243.0919673039175,... < 100 DM,1 <= ... < 4 years,6.902831933274888,female : divorced/separated/married,none,3.5896562151656815,if not A121 : building society savings agreement/ life insurance,26.458313805143497,none,own,-1.8207648357173043,skilled employee / official,-9.398137993480953,"yes, registered under the customers name ",yes
-0.2719210239376196,no checking account,29.120256818934656,existing credits paid back duly till now,car (used),5956.559744663203,... < 100 DM,.. >= 7 years,6.139817154751673,male : single,none,8.568646767721624,real estate,36.625595622398485,none,rent,6.0084216980343665,skilled employee / official,3.5652148590293105,"yes, registered under the customers name ",no
1.0481432482975241,no checking account,25.36603474214721,existing credits paid back duly till now,radio/television,5438.893652325767,... < 100 DM,4 <= ... < 7 years,3.4530523169901235,male : single,none,5.245492516486644,real estate,19.7447412347123,none,own,6.949962311689981,skilled employee / official,-1.2326071435828712,none,yes
-3.5987791459510152,no checking account,14.948244927585648,critical account/ other credits existing (not at this bank),domestic appliances,806.7316589205149,... < 100 DM,... < 1 year ,3.7103506446778254,male : single,none,5.750693200772425,"if not A121/A122 : car or other, not in attribute 6",24.48479023781161,none,rent,-3.592533179217839,unskilled - resident,2.812320298751052,none,yes
0.759373571349772,0 <= ... < 200 DM,3.1856028802734766,critical account/ other credits existing (not at this bank),domestic appliances,1081.7071267040646,unknown/ no savings account,... < 1 year ,1.5665300163839264,male : single,none,8.177967576202274,if not A121 : building society savings agreement/ life insurance,31.49918386068495,none,own,0.16688932673086576,skilled employee / official,0.9434589631574877,none,yes
-5.8192899410311565,< 0 DM,9.950442804571338,existing credits paid back duly till now,domestic appliances,2789.525085560324,... < 100 DM,1 <= ... < 4 years,-5.591742074005985,male : single,none,4.4503719987863954,"if not A121/A122 : car or other, not in attribute 6",23.669634153019356,none,own,1.6952173119042033,unskilled - resident,0.22924949565268893,"yes, registered under the customers name ",yes
5.3447444000486835,no checking account,12.11769430233989,critical account/ other credits existing (not at this bank),domestic appliances,2926.7366934080624,unknown/ no savings account,.. >= 7 years,3.3585670668534036,male : single,guarantor,-2.592071013656814,unknown / no property,28.620960365225724,none,own,3.342422567239125,skilled employee / official,0.5910570881514349,none,yes
4.991799940237727,< 0 DM,28.115123678982037,existing credits paid back duly till now,car (new),1923.1448992510625,... < 100 DM,unemployed,3.744211374608754,male : married/widowed,none,-7.753349655118489,real estate,31.102035082291717,none,own,-5.03924105414597,skilled employee / official,0.9103027669208799,none,yes
-0.010069337211858986,0 <= ... < 200 DM,27.143250515827987,existing credits paid back duly till now,car (new),2825.0652182286776,... < 100 DM,.. >= 7 years,6.230303371299264,female : divorced/separated/married,none,2.0915163919276742,real estate,23.616908821096423,bank,own,-4.412000326113754,skilled employee / official,6.377619888360975,"yes, registered under the customers name ",yes
1.4538173513562926,no checking account,25.38290631920632,existing credits paid back duly till now,car (new),942.4893693714661,unknown/ no savings account,unemployed,-1.3501747731715765,female : divorced/separated/married,none,6.043782103524466,"if not A121/A122 : car or other, not in attribute 6",31.105702722188873,none,own,3.9585045754896093,skilled employee / official,0.9213592516596503,"yes, registered under the customers name ",yes
-8.6396878631995,no checking account,22.758488021150573,no credits taken/ all credits paid back duly,repairs,1052.0355747376507,unknown/ no savings account,1 <= ... < 4 years,5.580066757260241,male : married/widowed,none,1.5876146743287767,real estate,31.549983391257843,none,rent,-5.7961542756716975,management/ self-employed/ highly qualified employee/ officer,5.342144532724801,"yes, registered under the customers name ",yes
-4.6253906410613315,no checking account,11.387896495175148,critical account/ other credits existing (not at this bank),(vacation - does not exist?),3127.8719952182155,100 <= ... < 500 DM,1 <= ... < 4 years,9.218180378483108,male : divorced/separated,none,6.2047134891269184,real estate,50.96147439760753,none,own,0.21281037544451897,unskilled - resident,5.759623463382629,"yes, registered under the customers name ",yes
-1.1751156806085192,< 0 DM,11.200809984105764,no credits taken/ all credits paid back duly,car (new),1387.652160097576,unknown/ no savings account,1 <= ... < 4 years,4.313800523111645,female : divorced/separated/married,none,2.594912703681092,unknown / no property,32.008460591978455,none,for free,1.648367234235363,unskilled - resident,3.668182190334612,none,yes
-3.2885320857074367,no checking account,33.187723676408794,existing credits paid back duly till now,car (new),2385.359234297962,500 <= ... < 1000 DM ,1 <= ... < 4 years,3.7533387231738367,male : married/widowed,none,6.152264281048739,real estate,28.780630662725706,none,rent,2.6626638797324693,skilled employee / official,-6.14647528051871,none,yes
2.857585930522635,>= 200 DM / salary assignments for at least 1 year,11.522535202892493,delay in paying off in the past,domestic appliances,2134.8408745577403,... < 100 DM,... < 1 year ,5.236009424342804,male : single,none,2.8191331715173558,"if not A121/A122 : car or other, not in attribute 6",49.791894927362314,none,own,0.4331276178246719,unskilled - resident,5.466530624646427,"yes, registered under the customers name ",yes
8.989186122991976,>= 200 DM / salary assignments for at least 1 year,11.516345926767393,critical account/ other credits existing (not at this bank),(vacation - does not exist?),2042.9774018724972,... < 100 DM,1 <= ... < 4 years,9.129348098841351,male : single,none,5.870459306270752,real estate,20.63173339533878,none,own,-0.4630268761901224,skilled employee / official,-0.8316051765423522,none,yes
-4.706458877717208,no checking account,-0.37737323367549536,delay in paying off in the past,car (new),2799.3308728074526,100 <= ... < 500 DM,1 <= ... < 4 years,-2.0945910467995636,female : divorced/separated/married,none,4.023540258141437,"if not A121/A122 : car or other, not in attribute 6",33.74274704895503,none,own,5.3782834388659175,skilled employee / official,4.862909124299089,none,yes
-3.349853616340771,no checking account,15.7710632049011,all credits at this bank paid back duly,business,1294.6406479812078,... < 100 DM,4 <= ... < 7 years,4.81282773357562,female : divorced/separated/married,none,7.006407490524772,if not A121 : building society savings agreement/ life insurance,24.1325461410898,none,own,2.1408237054630304,skilled employee / official,-2.890131332961654,none,yes
1.9417934732397213,< 0 DM,14.060020289102233,existing credits paid back duly till now,business,1218.2376513590398,... < 100 DM,4 <= ... < 7 years,0.8013703108094234,male : single,none,-3.8265492253371116,unknown / no property,46.250403116384064,bank,for free,-1.5880664878058397,management/ self-employed/ highly qualified employee/ officer,-3.7402961732130233,none,yes
7.444464593998483,no checking account,10.177888619986279,critical account/ other credits existing (not at this bank),domestic appliances,2248.496737089878,unknown/ no savings account,... < 1 year ,0.8119811166200201,male : married/widowed,none,1.1663669017873697,"if not A121/A122 : car or other, not in attribute 6",56.02986877001124,stores,own,2.1508915867289535,unskilled - resident,8.905554947324797,"yes, registered under the customers name ",yes
-4.889497250159613,< 0 DM,6.454230986919227,existing credits paid back duly till now,domestic appliances,381.666949633851,... < 100 DM,1 <= ... < 4 years,3.801638768472243,male : single,none,6.394064421554015,"if not A121/A122 : car or other, not in attribute 6",58.26308670075065,none,own,5.532676090624771,skilled employee / official,-2.827932267352457,none,yes
0.9961444892277679,no checking account,18.360121187664497,critical account/ other credits existing (not at this bank),domestic appliances,1973.6346360428192,unknown/ no savings account,.. >= 7 years,9.389292966454235,male : single,none,10.183585919114591,unknown / no property,42.68135508322715,none,own,8.872948965805525,management/ self-employed/ highly qualified employee/ officer,5.5844265562069895,"yes, registered under the customers name ",yes
7.285195403252435,no checking account,20.304649199621533,existing credits paid back duly till now,car (new),1573.8792996928198,... < 100 DM,... < 1 year ,11.203962402754946,male : single,none,4.960286050568321,real estate,39.73872825158532,bank,own,4.145294673166317,skilled employee / official,1.4736812857460841,"yes, registered under the customers name ",yes
-5.607036592717069,0 <= ... < 200 DM,21.081691223457415,existing credits paid back duly till now,business,2720.8519897013803,unknown/ no savings account,1 <= ... < 4 years,4.792568578506826,male : married/widowed,none,2.829183342314052,"if not A121/A122 : car or other, not in attribute 6",21.572563612589697,none,own,5.858227423815775,management/ self-employed/ highly qualified employee/ officer,-0.6804802334406861,none,yes
-4.124276827383328,< 0 DM,25.511883991978795,existing credits paid back duly till now,domestic appliances,1351.5672567551537,... < 100 DM,1 <= ... < 4 years,2.493621107906059,male : single,none,6.028473474697779,"if not A121/A122 : car or other, not in attribute 6",41.844585565439345,none,rent,-1.44242958519852,management/ self-employed/ highly qualified employee/ officer,0.8206844626791738,"yes, registered under the customers name ",yes
-0.694426425843353,no checking account,7.810153675918368,existing credits paid back duly till now,education,927.7091919076836,.. >= 1000 DM ,... < 1 year ,10.970955466554074,female : divorced/separated/married,none,4.4748107009267315,"if not A121/A122 : car or other, not in attribute 6",33.2811667360289,none,rent,-1.0967316250200105,skilled employee / official,-4.204377986125245,none,yes
-1.082353651421644,0 <= ... < 200 DM,25.28339858529843,existing credits paid back duly till now,domestic appliances,1446.951534751675,... < 100 DM,1 <= ... < 4 years,2.289782074681919,male : married/widowed,none,2.561353285330771,"if not A121/A122 : car or other, not in attribute 6",22.24710991483228,none,own,1.0584800287480396,unskilled - resident,0.9449824815630778,none,yes
4.250405151014578,no checking account,24.954403163713774,existing credits paid back duly till now,car (new),4242.147564473171,... < 100 DM,.. >= 7 years,-1.2845436574389493,male : single,guarantor,5.321229248710185,"if not A121/A122 : car or other, not in attribute 6",33.13512353955494,none,own,2.4257094134473443,management/ self-employed/ highly qualified employee/ officer,-3.330961255583838,"yes, registered under the customers name ",yes
1.9666388792833522,0 <= ... < 200 DM,24.311072819727546,existing credits paid back duly till now,car (new),2767.344881060684,... < 100 DM,4 <= ... < 7 years,-5.0997721783149075,male : single,none,6.7221090496478775,real estate,32.1553534066375,none,own,-2.0320998312115615,skilled employee / official,-0.5817751772559425,"yes, registered under the customers name ",yes
-7.099848238568513,no checking account,19.729624923820456,existing credits paid back duly till now,car (new),3867.153159715935,... < 100 DM,4 <= ... < 7 years,6.584366276978974,female : divorced/separated/married,none,9.561835973097807,"if not A121/A122 : car or other, not in attribute 6",30.667500936465437,none,own,6.063734506227273,unskilled - resident,4.701198255878304,"yes, registered under the customers name ",yes
2.0616416116032434,< 0 DM,6.780260535188329,all credits at this bank paid back duly,furniture/equipment,2326.824868782589,500 <= ... < 1000 DM ,.. >= 7 years,4.872982369485176,male : single,co-applicant,3.9704198369411676,"if not A121/A122 : car or other, not in attribute 6",51.75929048176406,none,rent,4.533406551035168,skilled employee / official,2.0167627062306295,none,yes
-1.310155549422602,0 <= ... < 200 DM,13.530759282078355,critical account/ other credits existing (not at this bank),(vacation - does not exist?),923.6452679435068,... < 100 DM,1 <= ... < 4 years,13.671222144465784,male : single,none,1.1765555866623725,unknown / no property,35.368729179092874,none,own,-0.2227114452060288,skilled employee / official,-4.928681995522086,none,yes
6.097788867764956,>= 200 DM / salary assignments for at least 1 year,29.058159237352147,existing credits paid back duly till now,domestic appliances,1836.6486572855852,unknown/ no savings account,... < 1 year ,-1.5580934088725034,male : single,none,3.783699295848367,"if not A121/A122 : car or other, not in attribute 6",36.53135652940643,none,own,3.566842596055414,skilled employee / official,4.4059525076554795,none,yes
-1.5103501457476787,0 <= ... < 200 DM,30.312945402621708,existing credits paid back duly till now,radio/television,3349.8188267440823,... < 100 DM,... < 1 year ,9.832683229916437,female : divorced/separated/married,none,4.229586228774492,if not A121 : building society savings agreement/ life insurance,29.513867757171944,bank,own,1.8915966520153518,unskilled - resident,0.9716009523634297,"yes, registered under the customers name ",yes
-2.546461132408943,< 0 DM,8.75057823337652,critical account/ other credits existing (not at this bank),car (new),1279.7158183143665,... < 100 DM,4 <= ... < 7 years,4.28054207346451,female : divorced/separated/married,none,1.5373086300821992,if not A121 : building society savings agreement/ life insurance,22.64816379607529,none,for free,3.8793119237254987,skilled employee / official,-1.1687410736373547,none,yes
2.1645264432181257,0 <= ... < 200 DM,29.432484383469042,existing credits paid back duly till now,radio/television,2824.4100281165815,... < 100 DM,... < 1 year ,7.224400867200545,female : divorced/separated/married,none,4.758561996089553,real estate,16.95550507461146,none,own,-4.37722849410252,skilled employee / official,3.986705215635724,none,yes
3.0517059293477464,0 <= ... < 200 DM,26.03231642079626,critical account/ other credits existing (not at this bank),radio/television,4522.028612768664,... < 100 DM,.. >= 7 years,-3.591108564417884,female : divorced/separated/married,none,-2.231505058123499,"if not A121/A122 : car or other, not in attribute 6",73.13531110671214,none,rent,0.4173557072102606,management/ self-employed/ highly qualified employee/ officer,0.33117265209199054,none,yes
2.7923974557448146,no checking account,36.78105212591909,critical account/ other credits existing (not at this bank),car (new),2670.2140063184074,... < 100 DM,1 <= ... < 4 years,9.87232729066119,male : single,none,9.188228785964636,unknown / no property,50.40560013362103,none,own,0.7678458883768187,skilled employee / official,-3.662645359622851,"yes, registered under the customers name ",yes
-6.742389269539233,< 0 DM,17.129261226261374,existing credits paid back duly till now,radio/television,2054.3086911984847,unknown/ no savings account,1 <= ... < 4 years,7.146067005327321,male : single,none,-3.560738908594714,real estate,33.91782589777865,bank,own,3.494568398446605,skilled employee / official,8.391238845798418,"yes, registered under the customers name ",yes
2.1521377597130043,>= 200 DM / salary assignments for at least 1 year,13.464796297169018,existing credits paid back duly till now,radio/television,1294.676490989546,... < 100 DM,.. >= 7 years,3.8443598608551297,female : divorced/separated/married,none,2.2715529581879497,"if not A121/A122 : car or other, not in attribute 6",46.8781454680633,none,own,-1.5137504047285333,skilled employee / official,1.9308502284360491,"yes, registered under the customers name ",yes
-3.137232206697596,< 0 DM,13.152876252361297,all credits at this bank paid back duly,car (used),734.3278616004436,unknown/ no savings account,1 <= ... < 4 years,6.580450750644486,male : single,none,3.3903730434072554,"if not A121/A122 : car or other, not in attribute 6",25.68532079151074,stores,for free,-8.999722896329585,skilled employee / official,0.6744591820711314,"yes, registered under the customers name ",yes
1.941104446353054,no checking account,8.990503500062067,no credits taken/ all credits paid back duly,domestic appliances,1243.2948837081751,... < 100 DM,.. >= 7 years,-2.0619812041689967,female : divorced/separated/married,none,11.963947519554555,if not A121 : building society savings agreement/ life insurance,45.23138371322853,none,own,-3.3267988707316825,skilled employee / official,0.37957931307764015,none,no
-5.694937741596241,0 <= ... < 200 DM,20.829685515822224,existing credits paid back duly till now,car (new),3354.588086749732,... < 100 DM,.. >= 7 years,1.6822396576732026,male : single,guarantor,0.30926806059069056,if not A121 : building society savings agreement/ life insurance,26.267697571163954,none,own,0.7558080571563706,skilled employee / official,5.719862957830357,none,yes
1.7852885901722546,0 <= ... < 200 DM,24.314394824460148,existing credits paid back duly till now,car (used),3630.4310959483187,unknown/ no savings account,1 <= ... < 4 years,-0.853778454501585,male : single,co-applicant,1.3359367441584147,real estate,27.803426718972634,bank,own,1.2555369020133265,skilled employee / official,-1.0995140325681607,none,yes
-2.2263956172294903,no checking account,15.287713886026003,existing credits paid back duly till now,business,1800.5727583922394,... < 100 DM,1 <= ... < 4 years,-3.410911446761112,male : single,none,-1.2032676693351751,real estate,25.083926356772594,none,own,7.734992490499938,management/ self-employed/ highly qualified employee/ officer,-5.179919435246418,"yes, registered under the customers name ",yes
-5.130538601042087,< 0 DM,50.128517495525756,delay in paying off in the past,car (new),12201.284082742592,... < 100 DM,1 <= ... < 4 years,5.447033976813469,female : divorced/separated/married,none,8.63558867044525,unknown / no property,46.43691623146672,bank,own,3.330985762632396,skilled employee / official,-1.7147106475839142,none,yes
2.855280545929598,no checking account,71.65697859366168,critical account/ other credits existing (not at this bank),car (used),9156.969730813475,.. >= 1000 DM ,1 <= ... < 4 years,6.766374456730265,female : divorced/separated/married,none,-9.249387974024085,if not A121 : building society savings agreement/ life insurance,26.571155324191054,none,own,1.3261211169259575,management/ self-employed/ highly qualified employee/ officer,6.30709840181917,none,yes
0.9665780867070052,no checking account,-1.1079465573043006,existing credits paid back duly till now,education,3679.721511430492,500 <= ... < 1000 DM ,1 <= ... < 4 years,-1.8053765990553665,male : single,none,-1.0109520485943477,"if not A121/A122 : car or other, not in attribute 6",36.58914421330041,bank,own,2.870434892874249,unskilled - resident,5.328528645828469,"yes, registered under the customers name ",yes
-1.4559072055715885,0 <= ... < 200 DM,31.29605009675992,existing credits paid back duly till now,car (new),3437.9150793350614,... < 100 DM,1 <= ... < 4 years,3.3928120637792754,male : single,none,14.925154836638207,real estate,21.126296489125533,none,own,5.416733528678772,management/ self-employed/ highly qualified employee/ officer,-0.02006261063944459,"yes, registered under the customers name ",yes
5.804715396084257,no checking account,8.959239645524377,existing credits paid back duly till now,car (used),646.62950448093,.. >= 1000 DM ,1 <= ... < 4 years,2.937838101483055,male : single,none,4.363528293966548,real estate,50.89073236895445,none,own,-1.3604418086297527,management/ self-employed/ highly qualified employee/ officer,6.4930205665618965,"yes, registered under the customers name ",yes
-1.7626096862789697,0 <= ... < 200 DM,23.309610310076998,critical account/ other credits existing (not at this bank),domestic appliances,3649.261775903281,.. >= 1000 DM ,.. >= 7 years,3.3130958483241217,male : single,none,-1.42393979735688,unknown / no property,37.139970984399326,none,own,1.4388648490376048,skilled employee / official,3.99176891528753,none,yes
1.1284306958837387,< 0 DM,18.186229893311445,existing credits paid back duly till now,domestic appliances,1527.2676327936592,... < 100 DM,1 <= ... < 4 years,0.4896910351558832,male : single,none,1.8323280713009138,if not A121 : building society savings agreement/ life insurance,32.75902624465061,none,rent,-2.3570324805532064,skilled employee / official,-0.0663574545384269,none,yes
2.0756537907144037,no checking account,51.047419096169854,existing credits paid back duly till now,domestic appliances,3920.149430207591,... < 100 DM,1 <= ... < 4 years,0.46629937564945667,male : single,none,2.269818264271447,"if not A121/A122 : car or other, not in attribute 6",40.650392601701,none,rent,6.675624194781216,skilled employee / official,0.3363605795956811,"yes, registered under the customers name ",yes
-2.4786637365144544,no checking account,16.70202630603512,critical account/ other credits existing (not at this bank),domestic appliances,1858.8458406094558,unknown/ no savings account,1 <= ... < 4 years,8.20829954409497,male : divorced/separated,none,4.384500983622424,"if not A121/A122 : car or other, not in attribute 6",15.25409317523943,none,for free,2.5699957480064546,management/ self-employed/ highly qualified employee/ officer,2.3172709277817365,none,yes
2.8845451735997174,no checking account,18.769684471072726,delay in paying off in the past,radio/television,2597.7919010839537,... < 100 DM,... < 1 year ,3.7445176595020295,male : married/widowed,none,11.358008011290254,"if not A121/A122 : car or other, not in attribute 6",63.06040002888466,none,own,-0.8300931840157837,unskilled - resident,-2.3275477986552633,none,yes
-2.133809388658898,>= 200 DM / salary assignments for at least 1 year,19.52820915365671,existing credits paid back duly till now,domestic appliances,1978.3794674752776,... < 100 DM,4 <= ... < 7 years,12.088435803413903,female : divorced/separated/married,co-applicant,3.554206725116862,unknown / no property,39.91526001086642,none,for free,0.5421799587267682,unskilled - resident,1.0180202620374037,none,yes
-1.6465532888648369,no checking account,-3.3771915751547095,existing credits paid back duly till now,domestic appliances,2121.4122943101684,... < 100 DM,1 <= ... < 4 years,2.18523985917656,female : divorced/separated/married,none,-0.15915321205184307,real estate,42.609261565426465,bank,rent,3.038603052825121,unemployed/ unskilled - non-resident,2.234053458453161,none,yes
6.450570559213364,< 0 DM,15.361809191664094,existing credits paid back duly till now,car (new),1442.8648112785027,... < 100 DM,.. >= 7 years,-1.704312161401969,male : divorced/separated,none,6.1483377683928175,real estate,11.443541660540653,none,own,-0.0028756508891016885,skilled employee / official,-5.747864954434159,"yes, registered under the customers name ",yes
-4.162344210049732,no checking account,43.50024860756936,existing credits paid back duly till now,domestic appliances,4038.732827282919,... < 100 DM,... < 1 year ,8.907763505743755,male : single,none,1.2069892125485557,if not A121 : building society savings agreement/ life insurance,38.69609280926478,none,for free,-0.13788248685040339,skilled employee / official,0.2427187097284086,"yes, registered under the customers name ",yes
-9.65112132371796,>= 200 DM / salary assignments for at least 1 year,13.311373422980727,delay in paying off in the past,domestic appliances,3831.8302647596834,... < 100 DM,1 <= ... < 4 years,3.523200656584079,female : divorced/separated/married,none,-0.1333499839561174,real estate,71.67265757851507,none,own,-1.6170947439373258,management/ self-employed/ highly qualified employee/ officer,-0.21222474146275316,none,yes
6.443747980047577,>= 200 DM / salary assignments for at least 1 year,19.120497020633913,delay in paying off in the past,domestic appliances,3660.36062731067,... < 100 DM,... < 1 year ,4.907491454785694,male : single,none,-3.0396354878257803,if not A121 : building society savings agreement/ life insurance,20.016369655520826,none,own,2.355847596964459,skilled employee / official,5.11227207984129,"yes, registered under the customers name ",yes
11.197311810428012,< 0 DM,14.676920473578658,critical account/ other credits existing (not at this bank),radio/television,1549.0550395579337,... < 100 DM,... < 1 year ,8.762402715471675,female : divorced/separated/married,none,-3.2605135780016035,real estate,50.07755070258205,none,rent,-0.43221711684274045,management/ self-employed/ highly qualified employee/ officer,-6.377987975244136,"yes, registered under the customers name ",yes
-1.6210770617973274,no checking account,15.583753176579096,existing credits paid back duly till now,domestic appliances,1443.7772597894,... < 100 DM,4 <= ... < 7 years,1.388814824616822,female : divorced/separated/married,none,-2.5857806244970876,if not A121 : building society savings agreement/ life insurance,11.912177477496288,none,own,-0.8150309390509847,skilled employee / official,-0.5260240788148434,none,yes
-6.747352162480741,0 <= ... < 200 DM,8.931848442650148,existing credits paid back duly till now,domestic appliances,1980.0212914418069,.. >= 1000 DM ,1 <= ... < 4 years,1.49098676405885,male : single,none,-2.7111590708034843,real estate,22.751995780213655,bank,own,-3.344247020221623,skilled employee / official,-0.9270185894583476,"yes, registered under the customers name ",yes
-0.24193590478377502,< 0 DM,25.132274352039957,critical account/ other credits existing (not at this bank),domestic appliances,1359.560837915747,... < 100 DM,4 <= ... < 7 years,2.314200674048827,male : single,none,5.252946109498869,real estate,24.96540549595104,none,rent,1.3105623061086784,unemployed/ unskilled - non-resident,4.840283855686403,none,yes
-1.1448917993626768,0 <= ... < 200 DM,16.338060643719864,delay in paying off in the past,business,1397.8297001132448,.. >= 1000 DM ,... < 1 year ,-1.1629861476624734,male : single,guarantor,-0.7976073032961413,real estate,37.60011513902153,none,own,2.2751062448323673,skilled employee / official,1.8258137225404294,"yes, registered under the customers name ",yes
-0.7596953640890282,no checking account,16.939118738788604,all credits at this bank paid back duly,car (used),1374.683162406564,unknown/ no savings account,1 <= ... < 4 years,2.945639399367026,male : married/widowed,none,-11.574665208098976,"if not A121/A122 : car or other, not in attribute 6",29.784551308959145,none,own,-0.2865933945678587,skilled employee / official,8.184378582609478,none,yes
-4.453552167687393,no checking account,63.89527628686923,existing credits paid back duly till now,car (used),15652.144187424557,.. >= 1000 DM ,.. >= 7 years,7.345517831507297,male : single,none,-0.17564709835786285,unknown / no property,25.603358996608236,none,for free,2.795082709954874,skilled employee / official,3.648853527625546,"yes, registered under the customers name ",yes
2.3182445699059095,no checking account,12.033127639831708,critical account/ other credits existing (not at this bank),car (used),1495.6571692082225,... < 100 DM,1 <= ... < 4 years,4.9493524151753885,male : single,none,1.1125614091143226,unknown / no property,35.45554801528629,none,own,3.9920090509435915,unskilled - resident,0.3591080232419239,none,yes
3.0980295011443446,< 0 DM,41.18487255550181,existing credits paid back duly till now,domestic appliances,4367.659246204292,... < 100 DM,4 <= ... < 7 years,-2.384245311379951,female : divorced/separated/married,none,-0.4217979514878616,real estate,28.33931054823845,none,for free,4.806261887761874,skilled employee / official,2.9586347862358355,none,yes
-4.977622479277226,no checking account,12.115539062460439,existing credits paid back duly till now,domestic appliances,752.3545606069496,... < 100 DM,1 <= ... < 4 years,-2.22335764665974,male : single,none,7.078098717236737,real estate,25.353295550643754,none,for free,3.2109140035990507,skilled employee / official,-0.41627523747783246,none,yes
2.7967869267795513,< 0 DM,17.01219467350746,existing credits paid back duly till now,radio/television,1307.6483740505232,... < 100 DM,.. >= 7 years,10.659104234993086,male : single,none,1.5458297628433995,if not A121 : building society savings agreement/ life insurance,30.554440979115913,none,own,1.037318885457115,skilled employee / official,4.43758436196168,none,yes
9.210739927783564,no checking account,5.343568595875851,existing credits paid back duly till now,car (new),4619.122405689045,unknown/ no savings account,... < 1 year ,2.63872395897948,male : single,none,5.523693852796791,unknown / no property,42.76745608934826,none,for free,-1.2679933437649678,unskilled - resident,-4.328790853164048,none,yes
0.6878413297482394,< 0 DM,26.59357604495485,critical account/ other credits existing (not at this bank),education,1847.1726531484815,... < 100 DM,.. >= 7 years,1.4103591771935307,male : single,none,1.9240696012765532,"if not A121/A122 : car or other, not in attribute 6",39.99901567778518,none,own,-2.175662565289749,management/ self-employed/ highly qualified employee/ officer,-2.2947839062853337,"yes, registered under the customers name ",yes
-1.3493006482740242,0 <= ... < 200 DM,12.031576658108033,existing credits paid back duly till now,car (used),1885.7882347841244,100 <= ... < 500 DM,... < 1 year ,2.9040329404119873,male : single,none,0.830781097309605,unknown / no property,36.51832341690984,none,own,-0.372626029352328,unskilled - resident,2.822759674219685,none,yes
0.43198714236991476,no checking account,36.2138316504699,existing credits paid back duly till now,domestic appliances,7979.374314083427,... < 100 DM,unemployed,-1.9092310172693283,female : divorced/separated/married,none,0.6584788446078522,"if not A121/A122 : car or other, not in attribute 6",19.048496681594614,none,own,2.0786003805462783,unskilled - resident,5.903025794894484,none,yes
2.461027067874245,no checking account,29.52332465068832,critical account/ other credits existing (not at this bank),domestic appliances,4589.561416375594,100 <= ... < 500 DM,1 <= ... < 4 years,7.692380598046479,male : single,none,1.7648693936769313,real estate,25.940422371156266,none,own,-1.1451444866099307,management/ self-employed/ highly qualified employee/ officer,-7.807874384556795,none,yes
-5.922686422028873,0 <= ... < 200 DM,16.678152589175536,existing credits paid back duly till now,domestic appliances,1383.9454549571403,.. >= 1000 DM ,1 <= ... < 4 years,0.4277882496558816,male : single,guarantor,-1.0603845075896676,real estate,22.616129032810637,none,own,1.3842285564697716,skilled employee / official,6.497884863961663,"yes, registered under the customers name ",yes
1.657562811909209,< 0 DM,23.28537932394444,existing credits paid back duly till now,car (new),948.164820804526,unknown/ no savings account,unemployed,9.469606110953688,male : single,none,3.680097257018282,"if not A121/A122 : car or other, not in attribute 6",31.628098194879428,bank,own,-2.861826711647457,skilled employee / official,1.4394594862879755,"yes, registered under the customers name ",yes
-0.5618557978512404,no checking account,9.223445755417337,existing credits paid back duly till now,domestic appliances,693.570706892073,... < 100 DM,4 <= ... < 7 years,4.206606857789261,male : single,none,3.055001469505247,unknown / no property,40.17675967822416,none,own,-5.643967556028088,management/ self-employed/ highly qualified employee/ officer,-5.535499847748652,none,yes
7.391300051824182,no checking account,45.97358921611519,no credits taken/ all credits paid back duly,car (new),7471.770453021347,... < 100 DM,1 <= ... < 4 years,9.71812789827376,male : divorced/separated,none,-2.778511732766401,if not A121 : building society savings agreement/ life insurance,51.57366322072209,none,own,4.27762448345918,unskilled - resident,-11.006911367557354,"yes, registered under the customers name ",yes
0.3033090647801685,no checking account,17.091531075018654,existing credits paid back duly till now,radio/television,1914.408742000401,... < 100 DM,4 <= ... < 7 years,5.026777996172342,male : married/widowed,none,5.967577358802381,if not A121 : building society savings agreement/ life insurance,31.27898686703053,none,own,-0.8976583814633783,management/ self-employed/ highly qualified employee/ officer,-5.1175442632331185,none,yes
7.671550444478079,0 <= ... < 200 DM,26.145187876723575,existing credits paid back duly till now,business,2308.146360525149,500 <= ... < 1000 DM ,1 <= ... < 4 years,7.412930651476303,male : single,none,2.7073619200857015,if not A121 : building society savings agreement/ life insurance,48.108513837102116,none,own,-2.3481346128955645,unskilled - resident,0.921180576618393,"yes, registered under the customers name ",yes
-3.414962791128029,no checking account,34.457480073907355,critical account/ other credits existing (not at this bank),radio/television,8082.692763578428,... < 100 DM,1 <= ... < 4 years,4.876372184353347,female : divorced/separated/married,none,2.207749063431007,if not A121 : building society savings agreement/ life insurance,44.40441577608006,none,rent,-0.3753885651897537,skilled employee / official,0.7364078487644615,none,yes
2.349036667211169,no checking account,23.054214320141945,all credits at this bank paid back duly,furniture/equipment,2345.917174543575,... < 100 DM,1 <= ... < 4 years,6.4931642650078825,male : divorced/separated,none,3.58197218814124,"if not A121/A122 : car or other, not in attribute 6",32.807363500625186,bank,own,3.6921438989216018,skilled employee / official,3.5328017388372395,none,yes
1.2776010551649153,0 <= ... < 200 DM,7.731291637658212,existing credits paid back duly till now,business,3970.6563271581936,... < 100 DM,1 <= ... < 4 years,2.3917379087308426,male : single,none,3.6647099139921453,"if not A121/A122 : car or other, not in attribute 6",21.309912056064064,none,own,6.499630845871869,unskilled - resident,-1.1979487102438542,none,yes
-2.4761889914591295,< 0 DM,13.553896803406165,existing credits paid back duly till now,radio/television,889.0726511238213,500 <= ... < 1000 DM ,1 <= ... < 4 years,3.0685971355376607,female : divorced/separated/married,none,0.5296362509469046,if not A121 : building society savings agreement/ life insurance,33.20079529738787,bank,for free,-0.6122954440245776,unemployed/ unskilled - non-resident,-2.4321621857846836,none,yes
0.7095844585477618,no checking account,40.960737169218135,all credits at this bank paid back duly,car (new),10218.197855171256,500 <= ... < 1000 DM ,.. >= 7 years,11.66173876629144,female : divorced/separated/married,none,3.2819849160846553,if not A121 : building society savings agreement/ life insurance,35.670951374851704,none,rent,0.13774650134967303,skilled employee / official,-0.652345550643572,"yes, registered under the customers name ",yes
4.850075347326402,no checking account,33.007185863341824,existing credits paid back duly till now,radio/television,4220.280239648467,unknown/ no savings account,1 <= ... < 4 years,-1.6277479403836028,male : single,none,-1.4840470192294979,if not A121 : building society savings agreement/ life insurance,28.029539896521303,none,own,6.286527359556289,skilled employee / official,1.1344411476463092,none,yes
-1.2951668171464028,< 0 DM,18.514486369965063,existing credits paid back duly till now,business,6362.799261306226,... < 100 DM,4 <= ... < 7 years,2.017230569372639,male : single,none,-2.779735342480397,real estate,41.67499038091276,none,own,-6.241782817433249,unskilled - resident,1.9230911798211094,"yes, registered under the customers name ",yes
-6.767850596679053,< 0 DM,21.54780719829569,critical account/ other credits existing (not at this bank),domestic appliances,1292.966764454903,... < 100 DM,4 <= ... < 7 years,3.0595435008303817,male : single,none,-2.4910693210660995,real estate,24.515507648080696,none,for free,8.867474571650668,skilled employee / official,-2.1566587970896234,none,yes
0.9297486940902163,no checking account,7.599457785102777,critical account/ other credits existing (not at this bank),domestic appliances,897.1996638814164,... < 100 DM,1 <= ... < 4 years,5.609763013374086,female : divorced/separated/married,none,0.5655705858454771,"if not A121/A122 : car or other, not in attribute 6",23.976966972922288,none,for free,10.776401209305478,skilled employee / official,4.605786801341438,none,yes
-3.6096923791700504,< 0 DM,20.589351635837467,critical account/ other credits existing (not at this bank),car (new),2239.610468665606,unknown/ no savings account,1 <= ... < 4 years,2.2821094164219957,female : divorced/separated/married,none,4.267882638334894,real estate,48.942625210937315,none,rent,-8.825350117680332,skilled employee / official,-1.485587086896134,none,yes
-1.3693637546555295,no checking account,13.193150803692252,delay in paying off in the past,domestic appliances,1044.2847382630948,... < 100 DM,.. >= 7 years,5.258985222358351,female : divorced/separated/married,none,-1.7786374135154386,real estate,36.14477977021727,none,own,1.609987084332972,skilled employee / official,-2.4788694492996153,none,yes
-0.3263510787404839,0 <= ... < 200 DM,10.765558561165658,critical account/ other credits existing (not at this bank),car (new),1045.309756068805,... < 100 DM,1 <= ... < 4 years,1.3246296591881355,male : single,none,14.082834768631878,real estate,54.00812797324099,none,own,-1.8757881274782542,management/ self-employed/ highly qualified employee/ officer,-1.1695660378731594,none,yes
-6.822608864062069,>= 200 DM / salary assignments for at least 1 year,21.215151793680402,existing credits paid back duly till now,domestic appliances,6314.475186159611,... < 100 DM,.. >= 7 years,-2.327810069751597,female : divorced/separated/married,none,5.54274261461093,"if not A121/A122 : car or other, not in attribute 6",26.61800770676142,none,own,0.9409129163810646,skilled employee / official,5.299360702810429,none,yes
-6.462633357282712,0 <= ... < 200 DM,30.89586971349379,critical account/ other credits existing (not at this bank),radio/television,3494.401804233646,... < 100 DM,... < 1 year ,4.038209145027386,male : single,none,7.217320530641913,"if not A121/A122 : car or other, not in attribute 6",35.270379563326706,none,own,-0.6735402784636937,skilled employee / official,1.4688141882373627,none,yes
1.928267342102101,no checking account,48.00799742566035,existing credits paid back duly till now,radio/television,3607.914494028273,... < 100 DM,.. >= 7 years,-3.4022613321206068,male : single,none,4.180972048295034,if not A121 : building society savings agreement/ life insurance,26.255315749343527,none,own,4.247036393917433,skilled employee / official,-1.7780540122790875,none,yes
-1.0908747846787215,no checking account,13.12782346957663,critical account/ other credits existing (not at this bank),(vacation - does not exist?),4842.9203933163735,... < 100 DM,4 <= ... < 7 years,-3.937543049795604,female : divorced/separated/married,none,11.411459899754291,real estate,40.412964334081714,none,own,1.5497203721280368,skilled employee / official,4.704431001794175,none,yes
-10.258977367282268,0 <= ... < 200 DM,27.20527825606068,delay in paying off in the past,business,3014.377026150271,... < 100 DM,.. >= 7 years,4.547493282757539,male : single,none,0.8519920661098315,real estate,49.091518667670414,none,rent,-2.6436288567998263,skilled employee / official,9.570994159794985,none,yes
3.1393761464325403,no checking account,23.64271838919706,all credits at this bank paid back duly,car (new),4141.764250263467,... < 100 DM,... < 1 year ,4.951533368078266,female : divorced/separated/married,none,-7.242949542634486,if not A121 : building society savings agreement/ life insurance,24.77909622331918,none,for free,1.311259354819503,management/ self-employed/ highly qualified employee/ officer,1.838730537235791,none,yes
1.0894790210969594,no checking account,29.607790498893145,all credits at this bank paid back duly,domestic appliances,5747.743912499207,... < 100 DM,.. >= 7 years,4.1067921684183055,female : divorced/separated/married,none,0.21549756658846775,"if not A121/A122 : car or other, not in attribute 6",32.544587603968765,none,own,4.059136947849639,unskilled - resident,5.935369843461734,none,yes
-2.855499296145936,no checking account,60.54049380747233,critical account/ other credits existing (not at this bank),car (new),10364.142478431218,.. >= 1000 DM ,4 <= ... < 7 years,4.268682828078777,male : single,none,6.232874302190151,real estate,42.11302148604018,none,rent,-3.7348853110611273,skilled employee / official,5.144311802299158,none,yes
-5.267320844232966,0 <= ... < 200 DM,7.800082693687328,critical account/ other credits existing (not at this bank),domestic appliances,2081.940792925911,... < 100 DM,... < 1 year ,-6.730356083762442,male : married/widowed,none,2.606067886991914,real estate,22.78426129391943,none,own,-5.584934755879922,skilled employee / official,-1.4225590066333318,none,yes
4.343231585257349,no checking account,20.090322349424465,no credits taken/ all credits paid back duly,car (used),2579.0415313782614,... < 100 DM,unemployed,-1.4440677116298781,male : single,none,3.1018904438711346,"if not A121/A122 : car or other, not in attribute 6",39.68742867141336,none,own,8.97097120334128,skilled employee / official,2.1065367219049302,"yes, registered under the customers name ",yes
1.3974024902417184,no checking account,23.539796437660847,critical account/ other credits existing (not at this bank),(vacation - does not exist?),4531.461949380154,... < 100 DM,.. >= 7 years,11.894085747254683,male : single,none,9.28364001067949,unknown / no property,23.96751603033725,none,own,-1.569706718833745,management/ self-employed/ highly qualified employee/ officer,-4.130178518815949,none,no
9.530409130736293,< 0 DM,27.95412745140585,existing credits paid back duly till now,domestic appliances,5156.263118124813,.. >= 1000 DM ,.. >= 7 years,-0.18883504030814446,male : single,none,5.528230297849999,real estate,26.416795311643945,none,own,0.4505880523219089,skilled employee / official,0.18023093455345973,none,no
2.6807543948997496,< 0 DM,73.45810015197121,critical account/ other credits existing (not at this bank),domestic appliances,5597.034638172073,... < 100 DM,.. >= 7 years,4.443364124546756,male : single,none,5.195651710364086,"if not A121/A122 : car or other, not in attribute 6",25.53158038064677,none,own,-0.5911816233022906,management/ self-employed/ highly qualified employee/ officer,-1.504761476502896,none,yes
1.5508125650480593,0 <= ... < 200 DM,21.095939609196094,existing credits paid back duly till now,domestic appliances,2376.9063418447613,unknown/ no savings account,1 <= ... < 4 years,1.2522495133366158,male : single,none,0.2417490325889644,"if not A121/A122 : car or other, not in attribute 6",64.92618730111329,none,own,3.192350816328568,skilled employee / official,-0.6115438287025399,"yes, registered under the customers name ",yes
-0.6677117204342605,0 <= ... < 200 DM,16.877598212647744,existing credits paid back duly till now,radio/television,1454.8159825257878,... < 100 DM,.. >= 7 years,3.318690957070258,male : single,none,-3.381574756864147,real estate,29.398681009793975,bank,own,8.091159692364176,management/ self-employed/ highly qualified employee/ officer,-1.9995801255213466,none,yes
3.267103468803164,no checking account,-0.002677611127355206,existing credits paid back duly till now,business,1542.931454973236,... < 100 DM,unemployed,-1.5330168090943763,female : divorced/separated/married,none,8.45645569209795,unknown / no property,53.87417239077282,none,own,3.319735366917137,skilled employee / official,-0.14838723278226906,none,yes
2.500340804992615,0 <= ... < 200 DM,7.898359488888382,existing credits paid back duly till now,car (used),2278.1136153200077,unknown/ no savings account,1 <= ... < 4 years,6.246164618478579,male : divorced/separated,none,4.403606140588272,"if not A121/A122 : car or other, not in attribute 6",44.58153450190667,stores,own,-5.073460590159964,unskilled - resident,3.1289307450596575,none,yes
5.00690003426078,>= 200 DM / salary assignments for at least 1 year,12.848754614571442,delay in paying off in the past,domestic appliances,1481.9825392244713,.. >= 1000 DM ,... < 1 year ,4.547096469266796,female : divorced/separated/married,none,0.5070832662154605,if not A121 : building society savings agreement/ life insurance,31.48105620860147,none,own,-3.5364937080341194,unskilled - resident,0.5220323582400173,"yes, registered under the customers name ",yes
-2.085291674549139,no checking account,28.913683249120606,critical account/ other credits existing (not at this bank),(vacation - does not exist?),5100.239537835392,100 <= ... < 500 DM,.. >= 7 years,1.2068409054230655,male : single,none,0.5144220258115273,if not A121 : building society savings agreement/ life insurance,43.49956143122122,none,own,1.404140898692334,unskilled - resident,-6.457492791021543,"yes, registered under the customers name ",yes
-1.7416298917758493,0 <= ... < 200 DM,33.441986436450094,existing credits paid back duly till now,car (new),9851.05784336191,... < 100 DM,1 <= ... < 4 years,-3.2006884787228413,female : divorced/separated/married,none,0.40350751344696967,if not A121 : building society savings agreement/ life insurance,27.02526032062934,stores,own,0.9270672018669337,skilled employee / official,-0.9844822595939444,"yes, registered under the customers name ",yes
-1.9164126836479205,< 0 DM,62.56085463731503,existing credits paid back duly till now,business,6527.564676075331,500 <= ... < 1000 DM ,1 <= ... < 4 years,5.071096789970044,male : divorced/separated,none,1.164163915816633,real estate,27.06431038708135,none,own,-5.887805078186402,skilled employee / official,-4.077597410233009,none,yes
3.1632068847159567,0 <= ... < 200 DM,7.846735188553681,existing credits paid back duly till now,car (used),1339.9740931170147,unknown/ no savings account,.. >= 7 years,-0.8508751961703602,male : single,none,-3.132591210414639,unknown / no property,33.13051156957251,none,own,5.277363680697762,skilled employee / official,1.976240903927071,"yes, registered under the customers name ",yes
5.993497761186928,0 <= ... < 200 DM,36.9917902434075,existing credits paid back duly till now,domestic appliances,2861.0409159484257,500 <= ... < 1000 DM ,unemployed,5.709924168483354,male : single,none,-3.001681608882034,if not A121 : building society savings agreement/ life insurance,35.48426956307465,none,own,-3.345282231525914,skilled employee / official,3.01326945621675,none,yes
-1.8353619725972026,no checking account,8.434417991424791,existing credits paid back duly till now,car (new),2758.147369050582,... < 100 DM,1 <= ... < 4 years,13.5059396361476,male : single,none,3.2199824893823235,"if not A121/A122 : car or other, not in attribute 6",37.40298065153903,none,own,6.973206248503022,management/ self-employed/ highly qualified employee/ officer,2.02619288741666,"yes, registered under the customers name ",no
-1.699094911172365,no checking account,15.492226400370974,all credits at this bank paid back duly,car (new),3643.3609483770147,... < 100 DM,.. >= 7 years,6.400680205048048,female : divorced/separated/married,none,0.6282965187184022,real estate,27.415644768896883,none,own,8.282530388822883,skilled employee / official,-1.1496175731975495,none,yes
1.2563088954791968,no checking account,12.860754647125768,critical account/ other credits existing (not at this bank),car (new),969.8820128163444,... < 100 DM,1 <= ... < 4 years,4.873391547576651,male : married/widowed,none,7.428637141773181,"if not A121/A122 : car or other, not in attribute 6",32.24507072623648,none,own,1.0069858694712908,management/ self-employed/ highly qualified employee/ officer,1.9874157165248647,none,yes
-0.9830460000516057,< 0 DM,8.709886999990236,existing credits paid back duly till now,radio/television,2626.871871019354,... < 100 DM,4 <= ... < 7 years,2.657570809035409,male : married/widowed,none,3.1723066130676663,"if not A121/A122 : car or other, not in attribute 6",23.593123353913377,none,own,2.7558905616727394,skilled employee / official,-0.8804570230755002,"yes, registered under the customers name ",yes
3.80821461255956,< 0 DM,18.47220387454547,existing credits paid back duly till now,car (used),2895.746720561156,... < 100 DM,... < 1 year ,-5.755010508014101,male : single,none,2.0612707203119323,"if not A121/A122 : car or other, not in attribute 6",27.923896675093392,none,rent,-3.9277888883368064,skilled employee / official,-3.5529017990010097,"yes, registered under the customers name ",yes
-9.007109162476187,no checking account,3.8724900242289704,existing credits paid back duly till now,domestic appliances,4714.537132857416,... < 100 DM,1 <= ... < 4 years,-4.289145583600737,male : single,guarantor,0.02751836978219746,real estate,49.749036321744306,none,own,4.494705305916458,skilled employee / official,4.967719678835721,"yes, registered under the customers name ",yes
-3.3068201876675785,< 0 DM,19.00376011728779,existing credits paid back duly till now,(vacation - does not exist?),2289.596545526784,100 <= ... < 500 DM,4 <= ... < 7 years,9.131171424410855,male : single,none,1.5158863368800972,"if not A121/A122 : car or other, not in attribute 6",30.63564233792349,none,own,-0.9927696937374801,management/ self-employed/ highly qualified employee/ officer,4.272111014895088,"yes, registered under the customers name ",yes
-3.1296653358457833,no checking account,7.640848062718205,existing credits paid back duly till now,car (new),1239.8173933163669,... < 100 DM,4 <= ... < 7 years,-1.1590243204991193,male : married/widowed,none,5.444004414525761,real estate,58.804412555018374,bank,own,-3.348941286353414,unskilled - resident,4.795581924334024,"yes, registered under the customers name ",yes
-9.28142404954458,no checking account,10.136927340567688,critical account/ other credits existing (not at this bank),car (used),1104.9810917842744,... < 100 DM,1 <= ... < 4 years,1.2029916073438134,male : single,none,5.864782958850702,real estate,29.99488904127608,none,rent,0.8426600469880632,unskilled - resident,-1.4333944001298247,none,yes
-3.8545537774752163,no checking account,21.498426200105726,existing credits paid back duly till now,car (used),926.5825212573756,... < 100 DM,... < 1 year ,0.33739809726391423,female : divorced/separated/married,none,1.6244326939265379,real estate,36.4118768016851,none,own,-0.8629920336214518,skilled employee / official,5.717449250772315,none,yes
-3.6606244633837046,no checking account,11.049141619451472,existing credits paid back duly till now,car (used),1801.5729191079392,... < 100 DM,1 <= ... < 4 years,-0.24818503538621872,male : single,none,6.316495117296836,"if not A121/A122 : car or other, not in attribute 6",21.55278046616082,bank,own,0.6993623879849826,skilled employee / official,-0.9743290053122704,none,yes
-0.8044186180753213,no checking account,15.814532714839205,existing credits paid back duly till now,(vacation - does not exist?),1901.5520705787465,... < 100 DM,1 <= ... < 4 years,-0.9070749382065451,male : single,none,4.031957235631771,real estate,32.61201529123749,none,own,4.798719611265436,skilled employee / official,3.614005286154052,"yes, registered under the customers name ",yes
5.451863566641054,< 0 DM,7.488187905977324,delay in paying off in the past,radio/television,1126.4288414142266,100 <= ... < 500 DM,1 <= ... < 4 years,3.798103708874313,male : single,none,7.171388474070719,"if not A121/A122 : car or other, not in attribute 6",27.885616908775184,none,rent,-2.1412303705429307,skilled employee / official,-1.043650647066701,none,yes
0.019757395237190556,< 0 DM,46.026394638469284,critical account/ other credits existing (not at this bank),car (used),6326.551822982563,unknown/ no savings account,unemployed,0.43388218131185496,male : single,none,2.0405911656433986,"if not A121/A122 : car or other, not in attribute 6",50.57837335530952,none,own,8.940091999095504,unskilled - resident,0.10407134501691662,none,yes
-4.123254881084615,no checking account,24.565677893362178,critical account/ other credits existing (not at this bank),domestic appliances,1380.341507975609,... < 100 DM,... < 1 year ,1.0359256808844206,male : single,guarantor,-5.250353466274567,"if not A121/A122 : car or other, not in attribute 6",49.395336690624276,bank,for free,-4.300238531301415,management/ self-employed/ highly qualified employee/ officer,-8.684711429556758,"yes, registered under the customers name ",yes
-0.22781816485411593,< 0 DM,20.698514500502853,existing credits paid back duly till now,car (new),2507.7445700084754,... < 100 DM,4 <= ... < 7 years,0.8752358954119761,male : single,none,3.0734359520740906,"if not A121/A122 : car or other, not in attribute 6",41.08123202624162,none,own,8.46172109271438,skilled employee / official,-0.20765285766766262,"yes, registered under the customers name ",yes
4.196694485765398,no checking account,27.94730446715211,existing credits paid back duly till now,car (new),2528.8434584083525,.. >= 1000 DM ,... < 1 year ,6.089440855337875,female : divorced/separated/married,none,3.9012962525865023,real estate,28.020262224734683,none,own,-3.066042487626775,management/ self-employed/ highly qualified employee/ officer,2.36435986714011,"yes, registered under the customers name ",yes
-3.9038352644596195,no checking account,22.611629849096673,existing credits paid back duly till now,domestic appliances,5323.295147764152,.. >= 1000 DM ,4 <= ... < 7 years,0.07149723801857089,female : divorced/separated/married,none,6.301389327230278,"if not A121/A122 : car or other, not in attribute 6",35.90749207205095,none,own,0.9959470698535373,skilled employee / official,-0.6401984694553551,none,yes
-2.6422995356857943,< 0 DM,46.18624680652563,existing credits paid back duly till now,furniture/equipment,6561.601239633239,unknown/ no savings account,1 <= ... < 4 years,2.2857121284245854,male : single,none,3.68874664574976,if not A121 : building society savings agreement/ life insurance,28.051254820781494,none,own,-0.9607844539120791,skilled employee / official,8.024752272340557,"yes, registered under the customers name ",yes
3.2341958370968937,0 <= ... < 200 DM,13.039231427222038,all credits at this bank paid back duly,car (new),2957.553926519597,unknown/ no savings account,1 <= ... < 4 years,6.387783589235533,male : divorced/separated,none,1.6056521361800509,if not A121 : building society savings agreement/ life insurance,26.72287702587994,none,own,0.6250853138485815,management/ self-employed/ highly qualified employee/ officer,-3.6498643413011056,none,yes
-0.8861444629232021,0 <= ... < 200 DM,13.099686772501597,existing credits paid back duly till now,car (used),1207.2090328739419,... < 100 DM,1 <= ... < 4 years,3.4318415670682394,female : divorced/separated/married,none,0.7730149942176308,real estate,25.666940678533436,none,own,4.205428945422195,unskilled - resident,-1.2543249484157033,none,yes
2.5899387628378974,no checking account,8.344185999892014,critical account/ other credits existing (not at this bank),domestic appliances,2117.546584008641,... < 100 DM,1 <= ... < 4 years,0.8869849261713085,female : divorced/separated/married,none,4.2069130761751214,real estate,33.812169386875176,none,for free,6.9993071889152425,skilled employee / official,-1.6194904399434131,none,yes
-0.054587167181187043,no checking account,15.676159245874068,critical account/ other credits existing (not at this bank),business,628.797487547772,... < 100 DM,1 <= ... < 4 years,5.881801422280684,female : divorced/separated/married,none,4.7057896647931,real estate,35.46872725644805,none,own,6.762098819822568,skilled employee / official,-1.2551079159818848,"yes, registered under the customers name ",yes
3.806654592358268,0 <= ... < 200 DM,-3.102945614887009,critical account/ other credits existing (not at this bank),car (used),1200.8261300515912,... < 100 DM,.. >= 7 years,6.672791374230524,male : single,none,1.756403636624695,"if not A121/A122 : car or other, not in attribute 6",22.472380725023278,none,rent,-0.619425329367391,skilled employee / official,5.12565225176282,"yes, registered under the customers name ",yes
-4.1403124561625635,no checking account,23.563962877579893,critical account/ other credits existing (not at this bank),radio/television,2475.700924313741,100 <= ... < 500 DM,4 <= ... < 7 years,3.4117060019655834,male : single,none,8.437696756768228,real estate,47.53138283546058,bank,own,1.7370208896182135,unskilled - resident,6.9121271773078545,"yes, registered under the customers name ",yes
-0.04833860315306976,no checking account,8.54732636108441,critical account/ other credits existing (not at this bank),car (new),1133.4391725733954,... < 100 DM,unemployed,4.322431102482087,male : single,none,0.46853794180959785,real estate,35.28128792377839,none,own,-1.1283114946734485,skilled employee / official,-1.803170443675767,"yes, registered under the customers name ",yes
0.15723994254737272,no checking account,55.94926459444736,existing credits paid back duly till now,(vacation - does not exist?),14026.434389316699,... < 100 DM,.. >= 7 years,0.872839081066688,male : single,none,-0.33409351516416175,"if not A121/A122 : car or other, not in attribute 6",20.96650645067261,none,own,-2.9662012502987793,skilled employee / official,-1.8920301708928133,"yes, registered under the customers name ",yes
-4.863563696416523,< 0 DM,30.506386841110775,delay in paying off in the past,domestic appliances,7596.270221936324,... < 100 DM,1 <= ... < 4 years,-2.442732172658102,female : divorced/separated/married,none,10.54570084936666,real estate,62.03452218119454,none,own,-2.5852036229146753,skilled employee / official,-3.62851459437566,"yes, registered under the customers name ",yes
-6.253911791474754,no checking account,27.665278572775275,existing credits paid back duly till now,education,3077.459735646324,100 <= ... < 500 DM,1 <= ... < 4 years,6.076590007867231,male : single,none,5.47432775093565,if not A121 : building society savings agreement/ life insurance,39.968356039501096,none,own,0.2497067720634829,management/ self-employed/ highly qualified employee/ officer,7.2251415460772135,none,yes
2.742996141098647,< 0 DM,15.886295475537898,existing credits paid back duly till now,car (used),1505.6476774691403,.. >= 1000 DM ,.. >= 7 years,5.779768250178487,male : single,none,0.5679627764359096,"if not A121/A122 : car or other, not in attribute 6",30.14966874377369,bank,own,1.9984225240597682,unemployed/ unskilled - non-resident,5.48401762766521,none,yes
-1.4038095288719123,0 <= ... < 200 DM,26.42516462443483,all credits at this bank paid back duly,car (used),3152.157476179674,... < 100 DM,... < 1 year ,4.8211937536663045,male : single,none,3.1495228385742022,if not A121 : building society savings agreement/ life insurance,35.14549697023592,bank,own,-5.647260639006019,skilled employee / official,0.5760728000448528,"yes, registered under the customers name ",yes
-4.089121126589318,no checking account,14.646470354704622,existing credits paid back duly till now,domestic appliances,6143.655861787864,unknown/ no savings account,.. >= 7 years,4.123417394902089,male : single,co-applicant,4.619168978095353,real estate,32.8898040574212,none,own,1.814585189676937,management/ self-employed/ highly qualified employee/ officer,-4.58439678522752,none,yes
0.615284252306671,no checking account,13.189261144295035,existing credits paid back duly till now,car (new),1337.7028018246594,... < 100 DM,1 <= ... < 4 years,4.184813103259814,male : married/widowed,co-applicant,-8.982455459909513,"if not A121/A122 : car or other, not in attribute 6",34.60920149018928,none,own,8.064100498198098,skilled employee / official,-4.226650261825008,none,yes
5.5120754293972105,no checking account,0.40925534752638537,critical account/ other credits existing (not at this bank),domestic appliances,438.15971879447295,... < 100 DM,.. >= 7 years,6.785647563291077,male : single,none,-1.6258957978935267,"if not A121/A122 : car or other, not in attribute 6",27.18909024467712,none,rent,5.487644276296501,skilled employee / official,2.682517801538373,"yes, registered under the customers name ",yes
-8.122951381487692,>= 200 DM / salary assignments for at least 1 year,9.349194366578946,delay in paying off in the past,business,1221.0615540122512,unknown/ no savings account,1 <= ... < 4 years,7.740435044091136,male : single,none,1.796613531562874,"if not A121/A122 : car or other, not in attribute 6",24.067002836286967,none,own,-1.3407363061066633,unskilled - resident,3.1973516737859953,none,yes
-5.9865547596133055,0 <= ... < 200 DM,16.69178477626631,delay in paying off in the past,car (new),790.7185867231202,... < 100 DM,... < 1 year ,7.6449120207625905,male : married/widowed,guarantor,1.5735540937627752,"if not A121/A122 : car or other, not in attribute 6",78.71945795529406,bank,rent,-4.587491637131144,skilled employee / official,-7.264579220084594,"yes, registered under the customers name ",yes
-2.6915457675810703,>= 200 DM / salary assignments for at least 1 year,31.50941904656969,critical account/ other credits existing (not at this bank),retraining,2567.6584859921077,500 <= ... < 1000 DM ,... < 1 year ,2.5968883362160526,female : divorced/separated/married,none,3.9884102593216824,if not A121 : building society savings agreement/ life insurance,21.605387734626966,none,own,2.8393212258593064,skilled employee / official,-0.28523964215153086,none,yes
5.844715466881316,< 0 DM,6.390415969981761,critical account/ other credits existing (not at this bank),repairs,248.51715846210757,... < 100 DM,1 <= ... < 4 years,7.547970919635352,female : divorced/separated/married,none,6.51792925179168,real estate,41.78112839395882,none,own,-7.26971300083,skilled employee / official,7.473183558229535,none,yes
1.130347931677186,< 0 DM,11.237879137995133,critical account/ other credits existing (not at this bank),radio/television,1312.3807699871422,... < 100 DM,4 <= ... < 7 years,2.9138427269292846,male : single,none,0.7138568613842902,real estate,40.1581278017069,none,for free,6.440616463530709,unskilled - resident,0.1299631734788581,none,no
4.069268961844907,no checking account,15.882910773200427,critical account/ other credits existing (not at this bank),radio/television,1881.3217971371982,.. >= 1000 DM ,.. >= 7 years,6.529504770263194,male : single,none,-0.23061918449145935,"if not A121/A122 : car or other, not in attribute 6",22.826198690786306,none,own,1.145650168467038,skilled employee / official,6.958552363162496,none,yes
-3.560643676504922,< 0 DM,48.29310125834279,existing credits paid back duly till now,radio/television,6423.365022457708,500 <= ... < 1000 DM ,1 <= ... < 4 years,5.128351563339519,male : single,none,4.299406634044181,real estate,63.58951072719924,none,rent,8.325201282309603,skilled employee / official,3.596184515822735,"yes, registered under the customers name ",no
-4.478143501082105,no checking account,24.150092929358394,critical account/ other credits existing (not at this bank),education,1269.942278555291,... < 100 DM,4 <= ... < 7 years,2.9880268299366963,female : divorced/separated/married,none,2.693506665728786,real estate,30.658172598560512,none,own,-4.907861942305863,skilled employee / official,-3.3371184033414307,"yes, registered under the customers name ",yes
1.7912548668908417,no checking account,23.63651628149615,delay in paying off in the past,domestic appliances,6398.321559990085,... < 100 DM,.. >= 7 years,-1.9430079610012787,male : single,none,1.3757459967123893,if not A121 : building society savings agreement/ life insurance,24.36977130279218,bank,own,4.672584900831334,skilled employee / official,-0.17068517340742395,none,yes
1.2330973237417862,< 0 DM,23.876669943663263,existing credits paid back duly till now,radio/television,1981.792261719346,100 <= ... < 500 DM,... < 1 year ,4.805403353379305,male : single,none,2.832905123387685,real estate,21.1292618847503,stores,rent,0.5979646527432061,skilled employee / official,1.4852230458211884,"yes, registered under the customers name ",yes
2.1949552754565063,< 0 DM,7.142499561179544,existing credits paid back duly till now,domestic appliances,766.9096731465124,.. >= 1000 DM ,1 <= ... < 4 years,15.381177579630556,male : single,none,10.967351200043943,"if not A121/A122 : car or other, not in attribute 6",49.48297802989991,none,own,-0.32420212588832187,unskilled - resident,-2.8100462723740263,none,yes
-0.7506839637138085,< 0 DM,18.23208505743995,critical account/ other credits existing (not at this bank),business,2601.150641177915,... < 100 DM,.. >= 7 years,0.5008197008396669,male : single,none,-4.96281704399178,real estate,28.169524914784503,none,own,-4.479373860848578,unskilled - resident,-2.879472091243765,none,yes
1.112574905818508,no checking account,1.9339570313566687,critical account/ other credits existing (not at this bank),radio/television,3379.8974437586094,.. >= 1000 DM ,4 <= ... < 7 years,1.2839788616997927,female : divorced/separated/married,none,-0.5533356125305846,unknown / no property,35.65550158949463,none,own,3.3829916268468656,skilled employee / official,8.027074368474242,none,yes
0.6324763396204367,no checking account,39.65849621594739,critical account/ other credits existing (not at this bank),radio/television,3988.388868235575,100 <= ... < 500 DM,.. >= 7 years,1.2151789426109505,male : single,none,1.9852438974064317,"if not A121/A122 : car or other, not in attribute 6",21.56604824903608,none,rent,3.7045495391074312,skilled employee / official,-2.9094424787718065,none,yes
4.111069556339702,0 <= ... < 200 DM,18.526662809795532,delay in paying off in the past,car (new),11556.222308486387,unknown/ no savings account,4 <= ... < 7 years,-0.9520796062477381,female : divorced/separated/married,none,0.8754300308688849,"if not A121/A122 : car or other, not in attribute 6",24.809016490808773,none,own,9.140511207863558,skilled employee / official,5.313744305634721,none,yes
3.2280331277778824,0 <= ... < 200 DM,17.241777953842885,existing credits paid back duly till now,domestic appliances,4379.059397413543,... < 100 DM,.. >= 7 years,9.177797912474691,male : married/widowed,none,7.599303328513132,unknown / no property,37.64510043553218,none,rent,5.032201051442369,skilled employee / official,0.25406208653993434,"yes, registered under the customers name ",yes
-6.4794879775670795,0 <= ... < 200 DM,2.720984284916624,existing credits paid back duly till now,domestic appliances,6770.832974422946,... < 100 DM,1 <= ... < 4 years,-1.6918840709098588,male : single,none,6.253030714878557,real estate,37.8730700035956,none,own,-0.3755813158229402,skilled employee / official,1.8974426804673103,"yes, registered under the customers name ",yes
-7.989074221363422,no checking account,30.445401717592446,existing credits paid back duly till now,radio/television,4285.568283683897,... < 100 DM,unemployed,2.103678106534555,female : divorced/separated/married,none,3.8089815260458377,"if not A121/A122 : car or other, not in attribute 6",30.538129794788876,bank,for free,-2.015450334470059,unskilled - resident,3.2473776729542903,none,yes
4.006981590606029,no checking account,22.445467275732728,existing credits paid back duly till now,business,2321.588248728831,100 <= ... < 500 DM,.. >= 7 years,-4.349971294925205,male : single,none,1.9173049786252234,if not A121 : building society savings agreement/ life insurance,35.06278210356844,bank,own,-4.473965734089545,unskilled - resident,-1.3942346916187147,none,yes
4.750900373047746,no checking account,15.909574659898677,delay in paying off in the past,car (used),1050.5902964122467,... < 100 DM,1 <= ... < 4 years,0.9695531018310106,female : divorced/separated/married,none,3.552172663073412,real estate,27.52926377018938,none,rent,6.892897382557881,skilled employee / official,3.271617253978133,"yes, registered under the customers name ",yes
-4.08249207805335,>= 200 DM / salary assignments for at least 1 year,23.026332616761014,critical account/ other credits existing (not at this bank),domestic appliances,3156.6739089093344,... < 100 DM,1 <= ... < 4 years,-2.833599571813391,male : single,none,2.580853385408757,unknown / no property,43.33410036733337,none,own,-2.112697137111464,skilled employee / official,-7.185718798193529,none,yes
-7.4393416261825145,>= 200 DM / salary assignments for at least 1 year,18.752787336891153,delay in paying off in the past,education,2475.8945294446153,... < 100 DM,unemployed,6.527218796847715,male : single,none,3.6865078874969495,"if not A121/A122 : car or other, not in attribute 6",24.614730835245275,none,own,6.920919475885229,skilled employee / official,2.7588295536585474,none,yes
0.39613928402880366,0 <= ... < 200 DM,41.6849120464548,critical account/ other credits existing (not at this bank),car (new),14183.07804367066,unknown/ no savings account,4 <= ... < 7 years,15.198788887349238,male : single,none,3.2480035939328022,"if not A121/A122 : car or other, not in attribute 6",32.08288359480696,bank,own,4.100288163448266,unskilled - resident,-8.874120498286544,"yes, registered under the customers name ",yes
3.7233529054021175,0 <= ... < 200 DM,9.901392574951748,existing credits paid back duly till now,business,1801.6403713865743,unknown/ no savings account,.. >= 7 years,1.5332848253979114,male : married/widowed,none,2.009797258369571,real estate,31.473889286004784,none,own,3.3196115263758417,management/ self-employed/ highly qualified employee/ officer,0.09261309320616995,"yes, registered under the customers name ",yes
7.1903780897372584,< 0 DM,12.692014514489866,critical account/ other credits existing (not at this bank),car (used),2515.1842090041914,... < 100 DM,... < 1 year ,-5.667031731960949,male : single,none,7.01284825931146,"if not A121/A122 : car or other, not in attribute 6",15.724968923504326,none,rent,-0.22747325024119314,skilled employee / official,4.416971941273966,none,yes
3.065190288405804,no checking account,13.255276080428487,existing credits paid back duly till now,business,1272.1205390031216,... < 100 DM,1 <= ... < 4 years,6.599998657718933,male : married/widowed,none,-3.9210405903943073,if not A121 : building society savings agreement/ life insurance,30.995762265513942,none,own,3.6426916520090034,unemployed/ unskilled - non-resident,3.4891812242335036,"yes, registered under the customers name ",no
-1.4868667863427798,0 <= ... < 200 DM,19.033010321079463,critical account/ other credits existing (not at this bank),domestic appliances,5247.332897063992,... < 100 DM,... < 1 year ,-1.9076998357206274,male : single,none,-1.2026555969325958,if not A121 : building society savings agreement/ life insurance,23.055968399240914,none,own,0.9381169486527915,skilled employee / official,-4.193641915847764,none,yes
-3.5725224863394507,< 0 DM,18.57142326529182,existing credits paid back duly till now,domestic appliances,3031.9990622146324,unknown/ no savings account,4 <= ... < 7 years,7.197387722214161,female : divorced/separated/married,none,-4.994072117934095,if not A121 : building society savings agreement/ life insurance,32.480719313309784,none,own,-0.47685316587524174,management/ self-employed/ highly qualified employee/ officer,-3.6786575843740676,none,yes
0.045805166682617665,no checking account,2.9019597539464184,existing credits paid back duly till now,car (new),429.5659841493924,... < 100 DM,1 <= ... < 4 years,0.8718838088402212,male : single,guarantor,4.465589601430398,if not A121 : building society savings agreement/ life insurance,50.55254769323272,bank,rent,3.784019146592801,skilled employee / official,-1.7546881612905394,"yes, registered under the customers name ",yes
-0.19705881554102556,no checking account,15.524213789634548,critical account/ other credits existing (not at this bank),radio/television,974.4254501148118,... < 100 DM,.. >= 7 years,-1.527262756331123,male : single,none,3.0012931727618524,unknown / no property,24.2987266129154,none,own,0.4241115631154778,unskilled - resident,1.7448634494325388,none,yes
-4.0602716229152644,< 0 DM,9.374516425807565,critical account/ other credits existing (not at this bank),domestic appliances,834.5237127195273,... < 100 DM,.. >= 7 years,1.288169777017254,female : divorced/separated/married,none,6.0210700637310826,"if not A121/A122 : car or other, not in attribute 6",27.468423245824127,none,for free,-2.1933391149553074,unskilled - resident,-7.127732760174814,none,yes
8.195022603453147,no checking account,27.737445006579843,critical account/ other credits existing (not at this bank),(vacation - does not exist?),5771.455500776568,unknown/ no savings account,4 <= ... < 7 years,7.031107043744749,male : single,none,-3.717992953453874,if not A121 : building society savings agreement/ life insurance,29.593981194321405,none,own,4.399307101842605,management/ self-employed/ highly qualified employee/ officer,0.9471056966057673,none,yes
8.140673608288523,< 0 DM,16.396766222191253,existing credits paid back duly till now,domestic appliances,1559.3160385569445,... < 100 DM,1 <= ... < 4 years,3.0903174769773742,male : single,none,11.139792491520552,if not A121 : building society savings agreement/ life insurance,51.51045956682483,none,for free,1.744057377485739,unskilled - resident,3.2457174952002577,none,yes
5.544194734221714,0 <= ... < 200 DM,26.515185174441214,delay in paying off in the past,car (new),1280.2096468438633,... < 100 DM,4 <= ... < 7 years,2.0131011888251784,female : divorced/separated/married,none,1.5645963674185692,unknown / no property,32.95430444020189,none,own,2.955640047031218,skilled employee / official,-0.1321487234839347,"yes, registered under the customers name ",yes
-3.6834015912365103,< 0 DM,12.839775816048284,existing credits paid back duly till now,radio/television,1301.555037526704,unknown/ no savings account,4 <= ... < 7 years,0.20467358808451275,female : divorced/separated/married,none,1.6728232284450235,"if not A121/A122 : car or other, not in attribute 6",70.60867380911264,stores,own,1.1845605665832541,skilled employee / official,4.101283872212207,none,yes
4.420077297189115,0 <= ... < 200 DM,24.07057681559702,critical account/ other credits existing (not at this bank),radio/television,1272.3261667805348,unknown/ no savings account,.. >= 7 years,-2.08742073800354,male : married/widowed,guarantor,7.417538642713488,"if not A121/A122 : car or other, not in attribute 6",38.247011846585735,none,rent,-2.8364852187238236,skilled employee / official,1.894896633304816,"yes, registered under the customers name ",yes
2.5585056379916074,< 0 DM,19.877131872270642,all credits at this bank paid back duly,(vacation - does not exist?),1396.0005930529294,... < 100 DM,4 <= ... < 7 years,3.5881264091759206,male : single,none,-1.9479190231842876,real estate,32.28716547619398,none,own,7.940295850057102,skilled employee / official,-1.1666170375955813,none,yes
2.770182496816212,no checking account,12.281676509309156,critical account/ other credits existing (not at this bank),domestic appliances,694.487901998876,... < 100 DM,.. >= 7 years,-3.1469063753796407,male : single,none,0.8147025659493328,if not A121 : building society savings agreement/ life insurance,21.365151694113237,none,own,8.186445643054297,skilled employee / official,-6.744757441037961,none,yes
4.9986610681751085,< 0 DM,10.295198733426268,all credits at this bank paid back duly,domestic appliances,5042.222139032298,... < 100 DM,.. >= 7 years,-0.7764858174620615,male : single,none,4.716687098403497,real estate,68.64497615855873,none,own,4.535139845047844,skilled employee / official,1.5336523262832915,none,yes
3.5414845714451095,no checking account,14.889576289006932,critical account/ other credits existing (not at this bank),domestic appliances,2117.53216239934,... < 100 DM,.. >= 7 years,7.037540835322973,male : single,none,15.429892301858825,"if not A121/A122 : car or other, not in attribute 6",26.2656347095899,none,own,0.44875725850290715,management/ self-employed/ highly qualified employee/ officer,-2.8123014609199113,none,yes
2.960056945217342,< 0 DM,9.479669958977322,existing credits paid back duly till now,domestic appliances,2211.8659218972684,unknown/ no savings account,1 <= ... < 4 years,5.212193131730867,female : divorced/separated/married,none,4.204498971408097,unknown / no property,21.617186898346375,none,own,-0.20127189264429002,management/ self-employed/ highly qualified employee/ officer,-1.3133704994461808,"yes, registered under the customers name ",yes
3.5476251334888405,< 0 DM,16.771380503446903,existing credits paid back duly till now,car (used),12683.556509270107,unknown/ no savings account,1 <= ... < 4 years,6.361282291945561,male : single,none,10.425444602522873,real estate,37.70947902092091,none,own,6.529309783585859,unskilled - resident,2.9164968718523436,none,yes
1.3631656320084236,0 <= ... < 200 DM,19.792450908406344,no credits taken/ all credits paid back duly,car (new),2460.8319843858962,... < 100 DM,.. >= 7 years,3.7398173091247635,female : divorced/separated/married,none,7.822692580767822,if not A121 : building society savings agreement/ life insurance,25.610275318055223,bank,rent,0.5846798497303471,skilled employee / official,6.6693335337374045,"yes, registered under the customers name ",yes
-7.134444518856734,< 0 DM,11.42286248591898,critical account/ other credits existing (not at this bank),domestic appliances,1152.2238267045693,100 <= ... < 500 DM,... < 1 year ,7.678984723942067,male : married/widowed,none,4.472040145978075,real estate,40.53007754331223,none,rent,-0.53022414538919,unskilled - resident,0.847759506231964,none,yes
1.334484309642229,no checking account,25.133126326454374,critical account/ other credits existing (not at this bank),car (new),3100.7145986323017,... < 100 DM,... < 1 year ,5.698796787079168,female : divorced/separated/married,none,0.04321691347728507,real estate,29.05153675840949,bank,rent,8.488938702545813,skilled employee / official,3.2162593457834823,none,yes
-2.224767835396501,no checking account,13.368507836550531,critical account/ other credits existing (not at this bank),car (new),2908.0105902182036,.. >= 1000 DM ,unemployed,2.784564016990698,male : divorced/separated,none,8.23901444327294,if not A121 : building society savings agreement/ life insurance,37.60796734977336,none,own,0.8092892735445107,skilled employee / official,-4.777917364611563,none,yes
-5.119363830560082,no checking account,8.328985850329943,critical account/ other credits existing (not at this bank),car (new),3620.302854565701,... < 100 DM,... < 1 year ,4.710183109254173,female : divorced/separated/married,none,-1.992441366592188,if not A121 : building society savings agreement/ life insurance,27.58006117477648,none,own,10.073701314055382,unskilled - resident,1.9820943239801379,none,yes
6.727266477203296,no checking account,23.23827588038557,existing credits paid back duly till now,car (new),1658.079583925099,... < 100 DM,... < 1 year ,5.0016942176143075,male : single,none,10.403500494708368,real estate,63.597936402958034,none,own,-3.593567642760008,skilled employee / official,0.7603762492913502,none,yes
6.915981363542814,>= 200 DM / salary assignments for at least 1 year,22.194462196142418,existing credits paid back duly till now,car (new),2815.8709015471177,... < 100 DM,... < 1 year ,0.24214594661243893,female : divorced/separated/married,guarantor,4.800021232873021,if not A121 : building society savings agreement/ life insurance,30.815128612101784,none,own,3.0727395311380072,skilled employee / official,5.9169103225047275,"yes, registered under the customers name ",yes
6.436882401182448,0 <= ... < 200 DM,36.28807056766821,delay in paying off in the past,domestic appliances,8067.306833446173,... < 100 DM,... < 1 year ,-2.3755956467653343,female : divorced/separated/married,none,-8.600894189192704,"if not A121/A122 : car or other, not in attribute 6",27.340557829844307,none,own,10.28433039686646,unskilled - resident,-1.1618339041150265,none,yes
1.0208536674234985,< 0 DM,15.81863526213586,delay in paying off in the past,domestic appliances,3274.0226845792818,unknown/ no savings account,1 <= ... < 4 years,2.681448503370495,male : single,none,2.6379756198726443,"if not A121/A122 : car or other, not in attribute 6",35.782607739463714,none,own,1.1190029786354476,skilled employee / official,0.03344953135051687,none,yes
5.402500483810627,>= 200 DM / salary assignments for at least 1 year,30.82436703251056,existing credits paid back duly till now,(vacation - does not exist?),2222.3449435835114,... < 100 DM,... < 1 year ,6.184356923325715,male : single,none,6.615791283691761,"if not A121/A122 : car or other, not in attribute 6",56.44156388942985,none,own,0.9439820309288152,management/ self-employed/ highly qualified employee/ officer,5.235257868531179,"yes, registered under the customers name ",yes
0.04821272240730217,0 <= ... < 200 DM,16.478002723211667,all credits at this bank paid back duly,domestic appliances,1478.2897425416315,... < 100 DM,4 <= ... < 7 years,6.361887964554262,male : single,none,3.0519045078409333,"if not A121/A122 : car or other, not in attribute 6",76.15393291771181,none,own,-1.6710076703936787,skilled employee / official,0.6318648304214021,none,yes
1.8111891075911175,0 <= ... < 200 DM,25.18766348294445,critical account/ other credits existing (not at this bank),domestic appliances,1381.53896301766,100 <= ... < 500 DM,.. >= 7 years,0.254714899818826,male : single,none,6.860023243974293,real estate,26.269641795197685,none,for free,5.329372217740989,unskilled - resident,-3.4353655251490745,none,yes
-4.373885481847932,< 0 DM,30.612789804881736,existing credits paid back duly till now,car (used),3537.223648125198,100 <= ... < 500 DM,.. >= 7 years,0.3742757628913469,male : single,guarantor,0.599903329150818,"if not A121/A122 : car or other, not in attribute 6",37.46704035149027,none,rent,-1.0805123305627498,unskilled - resident,11.206533093160491,"yes, registered under the customers name ",yes
1.58796521799536,< 0 DM,18.84266751089848,existing credits paid back duly till now,domestic appliances,3507.1447982345944,unknown/ no savings account,4 <= ... < 7 years,5.839601065231081,male : single,none,-4.22392949115043,real estate,25.682508334476328,none,for free,0.6207657624400458,management/ self-employed/ highly qualified employee/ officer,-3.3143710533469335,"yes, registered under the customers name ",yes
0.2415437136976684,no checking account,31.51427581593098,all credits at this bank paid back duly,car (new),5712.861987096665,... < 100 DM,1 <= ... < 4 years,3.7153320445876536,male : single,none,1.7142183878095785,"if not A121/A122 : car or other, not in attribute 6",43.24171800332607,none,own,-2.938009119170446,skilled employee / official,0.7411996738019051,"yes, registered under the customers name ",yes
-5.210608467337858,no checking account,23.849421053893444,delay in paying off in the past,car (new),3867.9565243285747,.. >= 1000 DM ,... < 1 year ,-5.5430464422845125,male : single,none,4.126262669159659,real estate,64.6032090598683,none,own,7.2275784003897305,unskilled - resident,2.386752624102453,none,yes
0.7952115527336123,< 0 DM,42.23677892741269,critical account/ other credits existing (not at this bank),radio/television,4939.018026874357,... < 100 DM,... < 1 year ,3.500432655016763,female : divorced/separated/married,none,0.6064625957507144,if not A121 : building society savings agreement/ life insurance,23.886729761153354,bank,for free,6.619541242902731,skilled employee / official,2.0704700361244583,none,yes
-0.3189182554272339,< 0 DM,24.381756153950946,existing credits paid back duly till now,car (used),1937.3557236167715,... < 100 DM,4 <= ... < 7 years,-3.4096916599558185,female : divorced/separated/married,none,8.909164586568771,unknown / no property,53.85022820349344,stores,own,0.8736610031474763,skilled employee / official,0.24102518397440487,none,yes
7.19024466657856,no checking account,2.2544973470107106,critical account/ other credits existing (not at this bank),radio/television,1412.0043417304898,... < 100 DM,4 <= ... < 7 years,-1.7810262074935048,female : divorced/separated/married,none,-1.4008295005562306,if not A121 : building society savings agreement/ life insurance,26.264528549440104,none,rent,-3.6165957423477124,skilled employee / official,0.26095851789476787,none,yes
4.576853314053638,>= 200 DM / salary assignments for at least 1 year,8.066336085363877,existing credits paid back duly till now,domestic appliances,840.2639105189726,... < 100 DM,.. >= 7 years,9.40672549144043,male : single,none,3.2526624293293978,real estate,20.92879998920812,none,for free,7.143628196970528,management/ self-employed/ highly qualified employee/ officer,0.060272534848178516,"yes, registered under the customers name ",yes
0.04578175636586406,0 <= ... < 200 DM,22.75104452639949,critical account/ other credits existing (not at this bank),car (new),6469.53907417682,500 <= ... < 1000 DM ,unemployed,8.29951607122846,male : single,co-applicant,4.271879884654501,if not A121 : building society savings agreement/ life insurance,59.77625202375831,none,own,-0.46372690818858864,skilled employee / official,-3.4637354343654883,"yes, registered under the customers name ",yes
0.995149239204332,0 <= ... < 200 DM,22.851534766892623,critical account/ other credits existing (not at this bank),radio/television,1941.3778799672787,... < 100 DM,4 <= ... < 7 years,-0.8626254738878467,male : married/widowed,none,-4.2268638085443335,if not A121 : building society savings agreement/ life insurance,42.076333303080474,none,own,-3.4208193632700743,skilled employee / official,9.600876857690915,"yes, registered under the customers name ",yes
0.17684951241679223,0 <= ... < 200 DM,26.436679245968527,delay in paying off in the past,(vacation - does not exist?),2675.043208339424,... < 100 DM,1 <= ... < 4 years,1.6824338503492229,male : single,none,-1.2761207346740493,unknown / no property,42.143971219700894,none,rent,-6.048472049890176,skilled employee / official,0.12003632914649198,none,yes
-0.8116559391821909,no checking account,41.63194799103418,existing credits paid back duly till now,radio/television,2750.774235612452,unknown/ no savings account,.. >= 7 years,4.170490092314824,female : divorced/separated/married,none,3.047644064994526,unknown / no property,34.351685959240825,none,own,-0.5838605275750997,skilled employee / official,4.387723971292383,"yes, registered under the customers name ",yes
-3.3297087895531474,0 <= ... < 200 DM,49.20620922725162,delay in paying off in the past,car (new),6221.69320604429,... < 100 DM,... < 1 year ,11.124907710326273,male : single,none,11.924799994747856,real estate,47.08807805854354,none,rent,-4.8185524901197585,skilled employee / official,-0.33861143072642164,"yes, registered under the customers name ",yes
0.39579248957228297,< 0 DM,44.06206086593172,existing credits paid back duly till now,furniture/equipment,5996.202066280921,500 <= ... < 1000 DM ,1 <= ... < 4 years,2.028524208702394,male : married/widowed,none,5.3170792475952435,unknown / no property,32.49899473292262,none,own,-1.4912833460912984,skilled employee / official,-0.419054689421934,"yes, registered under the customers name ",yes
-1.9843930266100536,no checking account,14.36665773767102,critical account/ other credits existing (not at this bank),car (new),1193.9183614946037,100 <= ... < 500 DM,1 <= ... < 4 years,0.09246390786688763,male : single,none,-2.902539300578531,"if not A121/A122 : car or other, not in attribute 6",43.50644139451677,none,own,3.977634934790861,skilled employee / official,0.17822534932139877,none,yes
-5.001262155692586,no checking account,23.968381938507054,critical account/ other credits existing (not at this bank),radio/television,6312.565853469259,unknown/ no savings account,.. >= 7 years,9.194902233851447,male : single,none,-8.44195226047735,unknown / no property,41.11259964089681,bank,own,-0.5016006559009332,unskilled - resident,-4.199383151957003,"yes, registered under the customers name ",yes
2.0448872581901387,no checking account,7.0953695932338245,critical account/ other credits existing (not at this bank),radio/television,1217.8568149224689,... < 100 DM,.. >= 7 years,-0.4991566108730321,male : single,guarantor,4.932214372017519,real estate,25.22989413784467,none,own,3.4227735284548437,skilled employee / official,0.35751543951692255,none,yes
1.5650586397329398,0 <= ... < 200 DM,22.79694166061306,critical account/ other credits existing (not at this bank),domestic appliances,2889.934809612554,unknown/ no savings account,unemployed,5.8888068358658305,male : single,none,3.615146068287204,unknown / no property,55.49973134281857,none,own,-1.8933386381289274,unskilled - resident,-0.6280306172777208,"yes, registered under the customers name ",yes
-7.146830045472312,no checking account,16.591352578395195,existing credits paid back duly till now,car (new),3066.401482722789,... < 100 DM,... < 1 year ,-1.90857186044971,male : single,none,7.565063878041478,real estate,28.026691493101254,none,for free,1.2606762654569255,management/ self-employed/ highly qualified employee/ officer,5.686098036739108,"yes, registered under the customers name ",yes
-0.49073854998050886,0 <= ... < 200 DM,7.6972075597050855,existing credits paid back duly till now,radio/television,2303.702426532658,unknown/ no savings account,1 <= ... < 4 years,1.315069023630695,male : single,none,0.477128317154234,"if not A121/A122 : car or other, not in attribute 6",23.568121592230092,none,rent,8.683603288344084,unskilled - resident,-3.7868004703380613,none,yes
4.982805543599694,< 0 DM,16.690778278979906,delay in paying off in the past,car (new),7513.241316712929,... < 100 DM,.. >= 7 years,-5.638387353305618,male : single,none,5.400849991434105,real estate,60.09063596357333,bank,own,-0.39394431210758607,management/ self-employed/ highly qualified employee/ officer,-0.30858871021942,none,yes
4.236894955585283,no checking account,11.407710381808982,critical account/ other credits existing (not at this bank),repairs,1256.9699152043609,... < 100 DM,4 <= ... < 7 years,-2.2217351238228176,male : single,none,7.38469385211145,real estate,22.82142272900583,none,own,3.537717750478635,unskilled - resident,-2.5937618670163287,"yes, registered under the customers name ",yes
4.103347371540955,0 <= ... < 200 DM,21.746114298299723,critical account/ other credits existing (not at this bank),(vacation - does not exist?),719.2934498806918,500 <= ... < 1000 DM ,1 <= ... < 4 years,7.356805420609053,male : single,none,2.2101454471740727,if not A121 : building society savings agreement/ life insurance,50.897562082953584,none,own,-4.262108909873754,skilled employee / official,6.770121576047235,"yes, registered under the customers name ",yes
0.1556528276058392,0 <= ... < 200 DM,7.227951387034131,existing credits paid back duly till now,business,1546.4257555001975,... < 100 DM,4 <= ... < 7 years,3.8003784356531494,male : single,none,0.29565771907573835,real estate,36.64147481068615,bank,rent,7.080424489667482,skilled employee / official,-2.477633779418685,"yes, registered under the customers name ",yes
-3.3801813118766044,0 <= ... < 200 DM,23.84117487061209,existing credits paid back duly till now,car (new),1595.9615438746168,... < 100 DM,unemployed,2.7235770377881012,male : single,none,4.101051324393562,if not A121 : building society savings agreement/ life insurance,52.11996512393861,none,own,0.09117348422053895,management/ self-employed/ highly qualified employee/ officer,4.249199378904547,"yes, registered under the customers name ",yes
-4.334795309432242,< 0 DM,19.769818419878845,existing credits paid back duly till now,car (used),1798.879217949567,... < 100 DM,1 <= ... < 4 years,0.005001504076329599,female : divorced/separated/married,none,6.170705386241315,real estate,42.42353662498634,none,own,6.202134599626004,skilled employee / official,4.88064589362392,"yes, registered under the customers name ",yes
1.37841961900143,0 <= ... < 200 DM,18.782292948573332,critical account/ other credits existing (not at this bank),business,4275.497110715676,... < 100 DM,1 <= ... < 4 years,0.11737570703486899,female : divorced/separated/married,none,3.9426639819523563,unknown / no property,26.804144107488426,none,own,1.507278816964379,skilled employee / official,0.4155083543383672,none,no
1.517120137460652,no checking account,10.361404286527993,all credits at this bank paid back duly,(vacation - does not exist?),972.0723606161968,unknown/ no savings account,... < 1 year ,5.204452668402775,male : single,none,7.895985351037946,"if not A121/A122 : car or other, not in attribute 6",39.471337602198886,none,for free,4.446317460083225,management/ self-employed/ highly qualified employee/ officer,-4.5072440037618735,"yes, registered under the customers name ",yes
5.149324446420262,no checking account,12.369416153017832,existing credits paid back duly till now,radio/television,7468.5778941883655,... < 100 DM,.. >= 7 years,4.931664825847047,male : single,none,0.1522592429318801,"if not A121/A122 : car or other, not in attribute 6",22.75637331170971,none,rent,3.6840497088440025,skilled employee / official,-4.456615435054761,none,yes
5.399918601368334,0 <= ... < 200 DM,28.316336296419273,existing credits paid back duly till now,car (new),9271.434808611253,... < 100 DM,.. >= 7 years,-8.50058673638721,male : single,none,-4.3135808218524385,unknown / no property,22.491057303614905,none,rent,-0.809761358050868,skilled employee / official,4.439056259184319,"yes, registered under the customers name ",yes
-0.5289146261246884,< 0 DM,7.9081405089058325,existing credits paid back duly till now,radio/television,596.904529498678,... < 100 DM,.. >= 7 years,-0.32704469705123884,male : single,none,10.90790147245272,real estate,22.153738435512683,none,own,5.367625743047408,skilled employee / official,-4.04237607519943,none,yes
-4.976823515443478,0 <= ... < 200 DM,11.997747611508165,existing credits paid back duly till now,car (used),922.337739342124,... < 100 DM,4 <= ... < 7 years,4.636384968756023,male : single,none,1.5814650538302146,"if not A121/A122 : car or other, not in attribute 6",64.40025759812973,none,own,0.9640605440276016,skilled employee / official,2.5681064442396493,none,yes
-1.2764263880435913,0 <= ... < 200 DM,42.15877410639025,existing credits paid back duly till now,car (new),9284.113331758283,... < 100 DM,1 <= ... < 4 years,0.6045475361508565,female : divorced/separated/married,guarantor,-0.27376833487098917,real estate,52.750526468307235,stores,own,4.111736880110172,skilled employee / official,1.4573964392823853,none,yes
1.8689247792420987,no checking account,18.842937230377856,existing credits paid back duly till now,radio/television,1772.4958266737074,unknown/ no savings account,.. >= 7 years,3.6135049701069,male : single,none,0.7367867157112626,"if not A121/A122 : car or other, not in attribute 6",21.95586925318698,none,own,0.43917882333387603,skilled employee / official,2.5085299372441088,none,yes
-0.8083329815576163,< 0 DM,0.1887378798070074,existing credits paid back duly till now,radio/television,904.4626760258978,... < 100 DM,... < 1 year ,4.070161144506216,male : divorced/separated,none,2.2687244386159247,unknown / no property,33.56867532159843,none,own,2.3982317945282405,skilled employee / official,2.88633923138355,"yes, registered under the customers name ",yes
-2.3115764323106234,0 <= ... < 200 DM,-1.8953354794358548,existing credits paid back duly till now,business,482.54228632774306,... < 100 DM,... < 1 year ,1.780528548026371,male : divorced/separated,none,1.4532654300468686,real estate,29.86597126699803,none,own,-0.8479720094170438,skilled employee / official,-2.734683137671607,none,yes
2.0115392598795956,0 <= ... < 200 DM,37.095215381294075,all credits at this bank paid back duly,domestic appliances,9627.317966626253,... < 100 DM,unemployed,1.8925872160512918,male : single,guarantor,3.930264412203964,"if not A121/A122 : car or other, not in attribute 6",26.28958043211741,none,own,2.199903898826382,unskilled - resident,-2.9021127160589653,"yes, registered under the customers name ",yes
-1.0158309656424418,< 0 DM,47.97153257948594,existing credits paid back duly till now,domestic appliances,3048.8648162413633,... < 100 DM,.. >= 7 years,2.0179940410579964,female : divorced/separated/married,none,3.8409510742873043,if not A121 : building society savings agreement/ life insurance,57.53359827572971,none,own,-3.298774806767068,skilled employee / official,3.85970853640161,none,yes
-1.512264334901496,0 <= ... < 200 DM,48.68070777276773,critical account/ other credits existing (not at this bank),domestic appliances,3931.0288282415054,... < 100 DM,unemployed,8.59496939929097,male : single,none,4.699277308083228,if not A121 : building society savings agreement/ life insurance,49.08414486703922,bank,own,1.9902279387551767,skilled employee / official,-0.517378442257586,none,yes
1.2458113372137583,0 <= ... < 200 DM,34.15149169931022,existing credits paid back duly till now,car (new),7429.858977733477,100 <= ... < 500 DM,... < 1 year ,-0.9280317316228577,female : divorced/separated/married,none,-7.429949835949264,real estate,52.34756018881314,none,own,1.176751339838344,management/ self-employed/ highly qualified employee/ officer,-10.000593968020594,none,yes
-1.6079703205168192,0 <= ... < 200 DM,8.657414696959725,no credits taken/ all credits paid back duly,education,1332.1501704605835,... < 100 DM,4 <= ... < 7 years,0.7487731074241781,male : single,none,11.523505228031397,unknown / no property,63.09021049188587,stores,rent,-1.1606142162898903,skilled employee / official,3.5950211915354595,none,yes
0.9764175559134085,0 <= ... < 200 DM,9.73055537196448,delay in paying off in the past,car (new),1557.119478450091,... < 100 DM,1 <= ... < 4 years,1.733368855993684,male : married/widowed,none,1.41084674586177,"if not A121/A122 : car or other, not in attribute 6",22.92387806295736,bank,own,1.7798881344388153,skilled employee / official,-3.145045152275073,none,yes
1.0928160914084908,0 <= ... < 200 DM,37.93592917580611,all credits at this bank paid back duly,car (new),15860.011488668595,unknown/ no savings account,... < 1 year ,8.241403719497832,male : divorced/separated,none,5.322490477787941,unknown / no property,44.75385449910664,none,for free,1.5360179046716396,management/ self-employed/ highly qualified employee/ officer,2.868543511621013,"yes, registered under the customers name ",yes
-3.5577160043662985,no checking account,16.95668616638167,existing credits paid back duly till now,car (new),1348.3726972400907,100 <= ... < 500 DM,1 <= ... < 4 years,2.798766967054747,male : single,none,-2.5124053661360968,if not A121 : building society savings agreement/ life insurance,27.366763543832658,none,rent,-1.465428213060449,skilled employee / official,6.571287397267877,none,yes
-1.9249644954616487,< 0 DM,3.5692424495423882,no credits taken/ all credits paid back duly,car (used),1094.8370620149437,unknown/ no savings account,... < 1 year ,6.835226624043844,male : single,none,0.11599895500299917,if not A121 : building society savings agreement/ life insurance,25.469358956543193,none,own,1.4849656970813232,management/ self-employed/ highly qualified employee/ officer,1.0670498290477906,"yes, registered under the customers name ",yes
5.7511077596658495,no checking account,15.076944832148513,delay in paying off in the past,car (new),3017.1956726103367,... < 100 DM,1 <= ... < 4 years,7.927917613060089,male : single,none,-1.689263465281658,unknown / no property,18.682805108312802,none,own,-3.022207763579684,skilled employee / official,4.983063326654124,"yes, registered under the customers name ",yes
-3.6483180509371484,no checking account,40.886914664870375,critical account/ other credits existing (not at this bank),domestic appliances,2714.7039154232275,... < 100 DM,.. >= 7 years,1.744982940037407,male : single,none,7.878895058034181,real estate,41.58494822786203,none,own,10.38293215584403,unskilled - resident,2.6151907221448085,none,yes
-8.466617795882124,no checking account,10.578233647935921,existing credits paid back duly till now,car (new),726.8751917262416,unknown/ no savings account,unemployed,3.15712408369295,male : married/widowed,none,1.6567455726564688,"if not A121/A122 : car or other, not in attribute 6",46.182922048770806,none,own,6.23647464083274,skilled employee / official,7.349717312564589,none,yes
-7.447380612970046,0 <= ... < 200 DM,14.481430290529975,existing credits paid back duly till now,car (new),3780.0366929927286,... < 100 DM,4 <= ... < 7 years,1.6837853118071355,male : single,none,5.0323199477603655,if not A121 : building society savings agreement/ life insurance,27.438511009164966,none,own,3.0923764225262045,skilled employee / official,-3.2484284350284245,"yes, registered under the customers name ",yes
0.11643978630667681,no checking account,23.695177574671032,existing credits paid back duly till now,radio/television,1601.5349334187586,... < 100 DM,4 <= ... < 7 years,2.976707463029671,male : married/widowed,none,0.3983181893072194,"if not A121/A122 : car or other, not in attribute 6",32.03064707555487,none,own,6.68845170990678,skilled employee / official,0.9671400783340409,"yes, registered under the customers name ",yes
1.1236691121307956,0 <= ... < 200 DM,21.442118831845782,existing credits paid back duly till now,car (new),3973.368602634273,... < 100 DM,unemployed,4.416959442307331,female : divorced/separated/married,none,2.1895242413842237,real estate,36.8613684489711,none,rent,-4.917009906735111,management/ self-employed/ highly qualified employee/ officer,3.69264642016587,"yes, registered under the customers name ",yes
0.5295565782995162,no checking account,24.235264991196342,critical account/ other credits existing (not at this bank),car (new),4172.697984148051,... < 100 DM,1 <= ... < 4 years,2.9240399090220555,male : single,none,1.0177993391972562,"if not A121/A122 : car or other, not in attribute 6",46.1134259008358,stores,own,-8.230718951336025,skilled employee / official,1.2383529719598183,"yes, registered under the customers name ",yes
5.856759315714006,0 <= ... < 200 DM,32.49556030308817,delay in paying off in the past,domestic appliances,8328.342574426679,unknown/ no savings account,4 <= ... < 7 years,3.9411588366794774,male : single,guarantor,9.135380507317201,real estate,45.435209986717354,none,rent,-0.5971642469996248,unskilled - resident,5.608875986610679,none,yes
-10.691337732411752,no checking account,47.09418166182345,critical account/ other credits existing (not at this bank),domestic appliances,6690.975708022912,... < 100 DM,... < 1 year ,-0.5008940415193397,female : divorced/separated/married,none,-3.5594106361204743,unknown / no property,35.84515241380373,bank,own,-4.514256574408436,skilled employee / official,0.271841841956878,none,yes
1.5837354977232945,0 <= ... < 200 DM,26.98908820457382,existing credits paid back duly till now,car (new),2371.3390971153867,... < 100 DM,... < 1 year ,0.13003969049906194,male : single,none,-3.2626542210977307,"if not A121/A122 : car or other, not in attribute 6",39.562315878243034,none,own,1.053577902206683,unskilled - resident,10.277484606515554,"yes, registered under the customers name ",yes
7.245752807214293,< 0 DM,18.22964028575263,critical account/ other credits existing (not at this bank),car (used),1219.9226931773096,unknown/ no savings account,1 <= ... < 4 years,12.57378729910792,female : divorced/separated/married,guarantor,-4.789220662759267,"if not A121/A122 : car or other, not in attribute 6",23.83456762594803,none,rent,1.8226265623795954,skilled employee / official,9.48879001708898,"yes, registered under the customers name ",yes
-3.511123059566856,< 0 DM,40.5306895917949,existing credits paid back duly till now,radio/television,11819.881991923456,... < 100 DM,4 <= ... < 7 years,1.2886970988452418,male : divorced/separated,none,-0.3500084790458011,if not A121 : building society savings agreement/ life insurance,29.80927272223342,none,own,5.681657993362445,skilled employee / official,2.128287984909199,none,yes
-1.5192260471595804,no checking account,25.658465140106813,critical account/ other credits existing (not at this bank),domestic appliances,5080.017239092633,unknown/ no savings account,1 <= ... < 4 years,-1.0990879823134407,male : single,none,0.7535997952315712,if not A121 : building society savings agreement/ life insurance,38.754814660853,none,own,-3.5530559371008543,skilled employee / official,3.2104047214184672,"yes, registered under the customers name ",yes
-2.0115676689144837,no checking account,17.314646535260668,critical account/ other credits existing (not at this bank),car (used),2328.9730711753564,... < 100 DM,.. >= 7 years,7.724396662357189,male : single,none,-3.457925016361556,real estate,24.30028047198464,none,own,2.5985227446402868,management/ self-employed/ highly qualified employee/ officer,5.7666857424985505,none,yes
-2.577384184310115,< 0 DM,12.351851585324008,existing credits paid back duly till now,domestic appliances,1081.5698650229358,... < 100 DM,... < 1 year ,5.127234194734209,male : single,none,1.063409013541324,"if not A121/A122 : car or other, not in attribute 6",40.08533733244257,none,rent,2.05755877260893,unskilled - resident,-3.748789595869467,"yes, registered under the customers name ",yes
-1.30504802009216,< 0 DM,12.878339708719777,no credits taken/ all credits paid back duly,radio/television,888.2173200185296,... < 100 DM,.. >= 7 years,6.312619667458087,male : single,none,-6.05885792373366,if not A121 : building society savings agreement/ life insurance,24.705506991332985,none,rent,2.3900372397323384,management/ self-employed/ highly qualified employee/ officer,-4.248000058311162,none,yes
5.709941134738019,< 0 DM,2.9651763932570794,delay in paying off in the past,domestic appliances,601.9226892095226,... < 100 DM,4 <= ... < 7 years,0.4478116988738656,female : divorced/separated/married,none,-1.071954895070725,real estate,19.917282961311333,none,rent,-1.0790878030143993,skilled employee / official,7.025675655430539,none,yes
7.349546701950081,0 <= ... < 200 DM,29.913115742864235,critical account/ other credits existing (not at this bank),radio/television,2961.785357941481,unknown/ no savings account,4 <= ... < 7 years,2.7253076376927834,male : divorced/separated,guarantor,8.801681599640801,real estate,62.861374594348085,none,own,7.53254055944848,skilled employee / official,2.0959538914919973,"yes, registered under the customers name ",yes
-1.343756900160591,< 0 DM,20.397231265149294,critical account/ other credits existing (not at this bank),radio/television,2611.3015981725844,100 <= ... < 500 DM,.. >= 7 years,3.3216545100108386,male : single,none,4.614352281124411,"if not A121/A122 : car or other, not in attribute 6",40.293226314808884,stores,rent,1.585965406281095,skilled employee / official,0.09397901608084169,none,yes
8.62024085625788,0 <= ... < 200 DM,33.65071694894488,critical account/ other credits existing (not at this bank),business,5178.328503722295,... < 100 DM,.. >= 7 years,-1.5309526811945071,male : single,none,2.7498706886901108,unknown / no property,26.670585602153707,none,own,8.096728894015076,skilled employee / official,1.0444932115246441,"yes, registered under the customers name ",yes
0.14230590793849945,no checking account,21.0439420541101,existing credits paid back duly till now,domestic appliances,2997.3842569322287,100 <= ... < 500 DM,4 <= ... < 7 years,2.64829036232041,male : single,none,-2.011114225116458,"if not A121/A122 : car or other, not in attribute 6",26.88163538592989,none,for free,-1.1615546147288947,skilled employee / official,-8.544165889456277,none,yes
8.014764106804325,< 0 DM,21.51581611080357,critical account/ other credits existing (not at this bank),repairs,1945.3215838594344,unknown/ no savings account,... < 1 year ,5.1841323081704695,male : single,none,-2.1443398361788963,real estate,22.95483661215668,none,own,3.971309359822214,skilled employee / official,0.23775074217199488,none,yes
-0.3731945986139671,no checking account,18.01050731962185,existing credits paid back duly till now,radio/television,1561.9272535772836,100 <= ... < 500 DM,... < 1 year ,11.401852935375015,male : single,none,-0.5566243021371227,if not A121 : building society savings agreement/ life insurance,51.91893006209005,none,own,0.7613260777578856,skilled employee / official,-2.0121869567728945,none,yes
0.5242313041845772,< 0 DM,12.758813000938243,critical account/ other credits existing (not at this bank),domestic appliances,3419.3416533109657,... < 100 DM,1 <= ... < 4 years,4.343996260020862,male : single,none,3.8271606924159403,if not A121 : building society savings agreement/ life insurance,52.75630033394488,none,own,1.689030333332945,unskilled - resident,5.67228653446033,"yes, registered under the customers name ",yes
1.4618978905713382,0 <= ... < 200 DM,12.849085969061129,critical account/ other credits existing (not at this bank),car (new),3971.818948874406,... < 100 DM,1 <= ... < 4 years,-7.33670816884122,male : divorced/separated,none,6.472707118906673,real estate,37.93084377107743,none,rent,3.5292613618701862,skilled employee / official,4.980123113536024,"yes, registered under the customers name ",yes
13.715414717470141,no checking account,18.130780901013082,existing credits paid back duly till now,car (used),6758.729111426989,... < 100 DM,.. >= 7 years,1.6240582688615144,male : single,none,7.609469668541282,real estate,71.84865817258498,bank,rent,0.8033060832416419,skilled employee / official,3.306720936519642,"yes, registered under the customers name ",yes
3.4051422993791562,no checking account,19.526776731173825,existing credits paid back duly till now,(vacation - does not exist?),1246.5167144572777,unknown/ no savings account,... < 1 year ,14.958016532433223,male : single,none,4.522449449933331,"if not A121/A122 : car or other, not in attribute 6",33.784416439772556,stores,own,-9.647861348629313,skilled employee / official,2.5818345951965664,none,yes
-2.8290581198058544,0 <= ... < 200 DM,7.461799559928333,existing credits paid back duly till now,car (new),1367.1447970746117,... < 100 DM,1 <= ... < 4 years,6.4654649399401585,male : single,none,1.0497725437282233,real estate,61.27883152609079,none,own,-11.25147249269723,management/ self-employed/ highly qualified employee/ officer,-4.989386994881071,none,yes
4.875991481103432,no checking account,14.645512759566833,delay in paying off in the past,domestic appliances,712.9039362011762,... < 100 DM,4 <= ... < 7 years,0.7564442247656453,male : divorced/separated,none,4.0981993296159525,if not A121 : building society savings agreement/ life insurance,56.85317121752402,none,rent,6.089688641136196,skilled employee / official,3.3625723199874966,none,yes
-0.44733014833736595,< 0 DM,17.433829116868615,delay in paying off in the past,radio/television,2234.3794788418704,500 <= ... < 1000 DM ,1 <= ... < 4 years,6.364426057722227,male : married/widowed,none,0.7146298798510164,real estate,37.03644762502022,none,own,6.921033831518783,management/ self-employed/ highly qualified employee/ officer,3.5175917820935356,none,yes
-1.9590007316048366,>= 200 DM / salary assignments for at least 1 year,24.92512809097346,existing credits paid back duly till now,car (new),4047.7236760752976,... < 100 DM,1 <= ... < 4 years,0.031946300441038744,male : single,none,3.195240946020999,"if not A121/A122 : car or other, not in attribute 6",47.29203714384663,none,for free,9.549363785023786,unskilled - resident,5.9807706150749205,"yes, registered under the customers name ",yes
3.634405439568445,< 0 DM,13.802648368993111,existing credits paid back duly till now,radio/television,1476.4738775750604,... < 100 DM,unemployed,-1.41523007818743,female : divorced/separated/married,none,12.148511587839252,if not A121 : building society savings agreement/ life insurance,37.59426335186414,none,own,1.9298870068712903,unskilled - resident,9.472839249720789,none,yes
1.1243423510846111,0 <= ... < 200 DM,20.688457260385746,delay in paying off in the past,car (used),1442.9735956656023,... < 100 DM,4 <= ... < 7 years,2.6065225470637112,female : divorced/separated/married,none,-3.04800094801445,"if not A121/A122 : car or other, not in attribute 6",26.18148961185559,none,own,-3.170539207991565,skilled employee / official,-4.770242694286434,none,yes
1.1143036580472243,< 0 DM,37.90051226939204,no credits taken/ all credits paid back duly,domestic appliances,10871.712432913828,... < 100 DM,.. >= 7 years,2.3661057569554447,female : divorced/separated/married,guarantor,1.0612927363109566,"if not A121/A122 : car or other, not in attribute 6",41.63415938762141,none,own,0.32166462939599416,skilled employee / official,0.44609269752714664,none,yes
0.05594088746116985,< 0 DM,21.23226521530156,existing credits paid back duly till now,car (new),1480.3015065977422,... < 100 DM,.. >= 7 years,-3.488622009733583,male : married/widowed,none,7.846995628784627,if not A121 : building society savings agreement/ life insurance,31.900583583878063,bank,rent,1.0456980614452511,skilled employee / official,-1.969066548630579,none,yes
1.3463325064217389,no checking account,9.325392986398189,delay in paying off in the past,car (used),893.7559305958864,... < 100 DM,4 <= ... < 7 years,-0.5966371621545434,male : single,none,-2.863565980134153,"if not A121/A122 : car or other, not in attribute 6",43.118484082943596,none,own,-3.028152897140437,unskilled - resident,1.690028753540297,none,yes
1.6998635897445968,>= 200 DM / salary assignments for at least 1 year,19.174973590881976,existing credits paid back duly till now,car (new),3343.504660785724,... < 100 DM,... < 1 year ,4.041342252729419,female : divorced/separated/married,none,-0.5749897010650016,"if not A121/A122 : car or other, not in attribute 6",27.91461432371776,none,own,7.594298891895467,skilled employee / official,1.0536074328721547,none,yes
-6.747867730821661,< 0 DM,16.57350748101639,existing credits paid back duly till now,radio/television,3957.6415798975736,... < 100 DM,1 <= ... < 4 years,1.3673072960441834,female : divorced/separated/married,none,-0.11615399027055817,real estate,33.54747453380225,none,own,9.958011518574947,unskilled - resident,0.06367170767941754,none,yes
2.6662906744381343,no checking account,3.412151768995474,all credits at this bank paid back duly,furniture/equipment,3573.440838694811,unknown/ no savings account,.. >= 7 years,2.579245084584363,female : divorced/separated/married,none,1.106841111784062,if not A121 : building society savings agreement/ life insurance,31.260946514977125,none,own,2.913122802920711,skilled employee / official,6.1104174456046945,none,yes
-3.9280776793212024,< 0 DM,26.622472244685532,critical account/ other credits existing (not at this bank),car (new),5798.125442278739,... < 100 DM,unemployed,-0.8586733092342458,male : single,none,-4.383828638424869,real estate,31.796681874708824,none,own,1.9565450132072164,skilled employee / official,-3.4056568447231346,"yes, registered under the customers name ",yes
-4.769196542237645,0 <= ... < 200 DM,13.661557510255047,critical account/ other credits existing (not at this bank),car (used),2171.5314732942293,100 <= ... < 500 DM,1 <= ... < 4 years,6.856454994213203,male : single,none,4.381144241352158,unknown / no property,32.82216225792115,none,own,-4.179867913897729,skilled employee / official,-3.1644858695704245,"yes, registered under the customers name ",yes
0.7663550245652703,no checking account,29.650052279844026,critical account/ other credits existing (not at this bank),domestic appliances,2435.8663957844137,unknown/ no savings account,... < 1 year ,-0.73503638824078,male : single,co-applicant,6.665149130052576,unknown / no property,30.852024381365126,none,own,7.185735584624205,management/ self-employed/ highly qualified employee/ officer,-3.0969010843921687,none,yes
0.33592401325781707,< 0 DM,31.0963953593641,existing credits paid back duly till now,education,4538.238124915987,... < 100 DM,1 <= ... < 4 years,10.57093720775052,female : divorced/separated/married,none,4.033501300071791,if not A121 : building society savings agreement/ life insurance,33.930541997823106,none,rent,2.305227243396186,skilled employee / official,0.5586896502960523,none,yes
-1.774024658289123,< 0 DM,11.159541903673603,existing credits paid back duly till now,car (new),2205.65570566955,unknown/ no savings account,1 <= ... < 4 years,-4.863033137513266,male : single,none,-1.4814946971643255,real estate,22.569883836178334,none,own,-0.15665759364244902,skilled employee / official,-3.914360863647385,"yes, registered under the customers name ",yes
3.3241274306718975,no checking account,15.628931373744773,existing credits paid back duly till now,(vacation - does not exist?),2215.9704701000746,... < 100 DM,4 <= ... < 7 years,-2.3702170815336503,female : divorced/separated/married,none,4.34604316314918,"if not A121/A122 : car or other, not in attribute 6",13.403734674563207,none,own,2.924696354698151,skilled employee / official,0.8057140448029178,none,yes
-5.368700665483628,0 <= ... < 200 DM,17.16387097589032,existing credits paid back duly till now,retraining,2391.040554862454,... < 100 DM,1 <= ... < 4 years,5.669483212127317,female : divorced/separated/married,none,-2.59776095827635,"if not A121/A122 : car or other, not in attribute 6",25.850115471776654,none,own,-1.3428461159567422,skilled employee / official,0.3380392214765324,"yes, registered under the customers name ",yes
-1.6277749950902358,0 <= ... < 200 DM,14.714095805600113,delay in paying off in the past,radio/television,3337.1172539158692,... < 100 DM,1 <= ... < 4 years,8.656933005990552,female : divorced/separated/married,none,2.669613356913949,unknown / no property,47.298947862509,none,own,1.587500692487274,skilled employee / official,-2.14606045599632,"yes, registered under the customers name ",yes
-2.3394965397320027,0 <= ... < 200 DM,34.51688732215175,existing credits paid back duly till now,(vacation - does not exist?),7409.258358627773,... < 100 DM,1 <= ... < 4 years,4.260172144464683,male : single,none,10.613871708683511,"if not A121/A122 : car or other, not in attribute 6",38.842968040473856,none,own,-3.76986740338264,skilled employee / official,4.495065016224784,none,yes
-0.18634908135735748,no checking account,12.942279482559575,critical account/ other credits existing (not at this bank),radio/television,654.2889696807491,... < 100 DM,4 <= ... < 7 years,6.2514316807295645,male : single,none,4.382781510385024,real estate,32.07123748642357,none,own,5.348348757009736,skilled employee / official,0.7619978868530525,none,yes
1.1154571385889551,< 0 DM,39.4877374660778,critical account/ other credits existing (not at this bank),education,7670.625810330165,500 <= ... < 1000 DM ,4 <= ... < 7 years,2.0701476066922337,male : divorced/separated,none,-0.7501063039486935,real estate,40.70892058107245,stores,rent,1.582355835457307,skilled employee / official,5.250589456127215,"yes, registered under the customers name ",yes
-4.031571798494179,< 0 DM,3.7527738258976413,existing credits paid back duly till now,radio/television,1340.289953817233,... < 100 DM,1 <= ... < 4 years,-3.1055938164607735,female : divorced/separated/married,none,4.7213413626556555,if not A121 : building society savings agreement/ life insurance,55.791211014371626,none,own,6.6352034425360475,skilled employee / official,1.219800595182272,none,yes
2.897130709824913,< 0 DM,21.535229040037223,all credits at this bank paid back duly,car (new),1377.7055370834498,... < 100 DM,.. >= 7 years,2.039446607042483,male : single,none,-4.407183704253239,"if not A121/A122 : car or other, not in attribute 6",26.710084902068203,none,own,1.1954552886335224,skilled employee / official,0.9032204470745813,none,yes
0.2520094733387989,< 0 DM,10.222538077102165,existing credits paid back duly till now,car (new),866.4198166002085,... < 100 DM,1 <= ... < 4 years,-0.8476388799251069,male : single,none,-3.796041570060047,"if not A121/A122 : car or other, not in attribute 6",24.089921184614944,none,own,0.45520116486408646,skilled employee / official,-1.2511296187268433,"yes, registered under the customers name ",yes
-7.567785013247642,< 0 DM,7.742109015495311,existing credits paid back duly till now,domestic appliances,3590.4679209360957,unknown/ no savings account,unemployed,-3.1148398711074865,female : divorced/separated/married,none,-2.1644925437951636,if not A121 : building society savings agreement/ life insurance,23.882439648314016,stores,rent,-3.84926971316783,skilled employee / official,1.9718138378580619,none,yes
-7.834365761588124,0 <= ... < 200 DM,3.6864187542339906,critical account/ other credits existing (not at this bank),car (new),1313.0286895135582,unknown/ no savings account,... < 1 year ,5.606995677278986,male : single,none,2.222762191217266,real estate,44.44225096117107,bank,for free,5.039027892072573,skilled employee / official,3.8489252245281858,"yes, registered under the customers name ",yes
-0.04927717171724494,< 0 DM,20.91931515606212,delay in paying off in the past,radio/television,1934.7112161356501,... < 100 DM,.. >= 7 years,-1.4927119283518469,male : divorced/separated,none,7.747875982356806,unknown / no property,33.99149948423808,none,rent,-2.5033598160923662,skilled employee / official,-0.6453369290811921,none,yes
-0.8838692711454164,no checking account,43.235658168331085,existing credits paid back duly till now,radio/television,3592.8512248239463,100 <= ... < 500 DM,1 <= ... < 4 years,5.278216026893445,female : divorced/separated/married,guarantor,4.3135927920673565,if not A121 : building society savings agreement/ life insurance,25.41180944236509,none,rent,-0.9456894927969144,unskilled - resident,3.073647850138657,none,yes
0.586319545701466,0 <= ... < 200 DM,14.701315773881223,critical account/ other credits existing (not at this bank),car (new),1418.6748566561957,... < 100 DM,1 <= ... < 4 years,-2.2072910088843907,female : divorced/separated/married,none,4.091981312989313,unknown / no property,32.124922255050286,none,own,1.0041887443301472,skilled employee / official,-2.2509878441829647,none,yes
-0.11192982612087192,0 <= ... < 200 DM,23.495662045493933,no credits taken/ all credits paid back duly,car (new),6743.5856340088285,unknown/ no savings account,4 <= ... < 7 years,3.1855320804670186,female : divorced/separated/married,none,-1.3956982623621697,if not A121 : building society savings agreement/ life insurance,40.63289067518383,none,own,2.484896734757426,skilled employee / official,4.036202262088838,"yes, registered under the customers name ",yes
0.9022393580407229,< 0 DM,26.8994186862248,existing credits paid back duly till now,business,7815.22232076761,... < 100 DM,1 <= ... < 4 years,1.04526972414815,male : single,none,0.8347425782574054,"if not A121/A122 : car or other, not in attribute 6",42.528205468842714,bank,rent,-5.824387760871036,skilled employee / official,-1.3196233092477092,none,yes
3.790598439393199,< 0 DM,29.688425399694225,existing credits paid back duly till now,radio/television,9280.575194983741,... < 100 DM,4 <= ... < 7 years,7.626462134602578,female : divorced/separated/married,none,5.088004427532754,if not A121 : building society savings agreement/ life insurance,46.551235463780074,none,own,0.07677653804793394,management/ self-employed/ highly qualified employee/ officer,4.406719492916201,"yes, registered under the customers name ",yes
-4.444419603670233,0 <= ... < 200 DM,28.172760077045343,existing credits paid back duly till now,car (new),2184.009534930851,... < 100 DM,1 <= ... < 4 years,5.29487558231626,male : single,none,1.4867200584463482,if not A121 : building society savings agreement/ life insurance,35.796096538779,none,own,5.180920874574854,skilled employee / official,1.24390616973466,none,yes
-4.687886371603179,no checking account,18.405789722600197,existing credits paid back duly till now,car (new),1102.5632511574456,unknown/ no savings account,1 <= ... < 4 years,8.943131571976565,male : single,none,2.8865342387956066,"if not A121/A122 : car or other, not in attribute 6",64.7605824092166,none,own,0.4866478619043897,skilled employee / official,7.083814933564254,none,yes
-3.37329543154953,0 <= ... < 200 DM,15.968427796781318,critical account/ other credits existing (not at this bank),(vacation - does not exist?),4056.992326399964,500 <= ... < 1000 DM ,1 <= ... < 4 years,-0.022586865700770176,male : single,none,4.765434770119798,unknown / no property,46.13007272268959,none,own,0.10107298314671365,management/ self-employed/ highly qualified employee/ officer,-3.616270905016836,"yes, registered under the customers name ",yes
2.1556666686748276,no checking account,13.066944671906565,existing credits paid back duly till now,domestic appliances,796.2138676032666,100 <= ... < 500 DM,... < 1 year ,4.224573360976669,female : divorced/separated/married,guarantor,2.604909275194792,if not A121 : building society savings agreement/ life insurance,59.21425867397692,none,own,1.6496242033709063,unskilled - resident,-4.904707093247473,none,yes
4.979789514585782,< 0 DM,19.74576108226113,critical account/ other credits existing (not at this bank),business,2827.0460548076767,unknown/ no savings account,1 <= ... < 4 years,0.07565136753488666,male : single,none,3.904238356408101,"if not A121/A122 : car or other, not in attribute 6",35.47258622079363,none,own,1.4961582698120037,skilled employee / official,-0.4648689839022677,"yes, registered under the customers name ",yes
-0.725357752958042,no checking account,48.79854007164606,critical account/ other credits existing (not at this bank),domestic appliances,15672.566626789565,unknown/ no savings account,1 <= ... < 4 years,0.3455790290223275,male : single,none,8.370913824078274,"if not A121/A122 : car or other, not in attribute 6",30.899564341429432,none,own,-3.122062009550418,unskilled - resident,-4.538443792137253,"yes, registered under the customers name ",yes
-10.006799376638618,no checking account,29.755188311244478,critical account/ other credits existing (not at this bank),car (used),6612.411222760332,... < 100 DM,1 <= ... < 4 years,2.9515831090214837,male : single,guarantor,3.31256480405201,"if not A121/A122 : car or other, not in attribute 6",37.588777672132245,none,own,1.8546155053323818,unskilled - resident,-4.53093957771311,"yes, registered under the customers name ",yes
-6.815971450441502,< 0 DM,30.171432897910385,existing credits paid back duly till now,radio/television,7822.670229862641,... < 100 DM,1 <= ... < 4 years,0.09656711725144307,female : divorced/separated/married,none,8.717351238876825,"if not A121/A122 : car or other, not in attribute 6",39.06080242354233,bank,own,5.976292680023585,skilled employee / official,4.486203041839504,none,yes
-3.3321468911840464,no checking account,31.09805070170676,critical account/ other credits existing (not at this bank),radio/television,2438.72976640668,.. >= 1000 DM ,.. >= 7 years,-0.8620114353827804,female : divorced/separated/married,none,6.237480269229433,if not A121 : building society savings agreement/ life insurance,46.3148456245159,stores,own,-0.20470378906836206,unemployed/ unskilled - non-resident,1.9832848263493665,none,yes
-2.230915549980859,>= 200 DM / salary assignments for at least 1 year,11.867280553139329,existing credits paid back duly till now,domestic appliances,1830.6864673196394,500 <= ... < 1000 DM ,unemployed,-1.6540692946106113,female : divorced/separated/married,none,-1.8689679739470666,"if not A121/A122 : car or other, not in attribute 6",52.823761114835094,none,rent,0.502072442056728,skilled employee / official,-0.9187239068170354,"yes, registered under the customers name ",yes
-1.6335545090189056,no checking account,7.452309674358262,delay in paying off in the past,car (new),2170.6239393036594,unknown/ no savings account,.. >= 7 years,-5.358992462829589,male : single,none,-0.40854811705409677,real estate,45.99315593336534,none,rent,-3.526525295740309,management/ self-employed/ highly qualified employee/ officer,-0.5478503892217284,"yes, registered under the customers name ",yes
0.15432449192366826,0 <= ... < 200 DM,27.375907829800077,delay in paying off in the past,domestic appliances,5797.347304997453,unknown/ no savings account,4 <= ... < 7 years,-1.2253858540138314,male : single,none,0.6656164677204144,"if not A121/A122 : car or other, not in attribute 6",38.747565378396324,none,own,5.76552780196138,management/ self-employed/ highly qualified employee/ officer,-1.3889506573053576,none,yes
-1.2469853232897885,no checking account,16.934345863699292,existing credits paid back duly till now,car (used),1166.3510207227016,100 <= ... < 500 DM,unemployed,6.5099755866873785,male : married/widowed,none,-0.4193396677311334,real estate,29.102697814632,none,rent,1.6305671726484845,management/ self-employed/ highly qualified employee/ officer,7.601476671276175,none,yes
4.197358442173629,no checking account,33.67362426287358,delay in paying off in the past,domestic appliances,8942.158405088869,... < 100 DM,4 <= ... < 7 years,-3.393994128053132,male : married/widowed,guarantor,1.6388410155727433,"if not A121/A122 : car or other, not in attribute 6",30.133226983776318,none,own,-2.400798534423453,skilled employee / official,-0.9420228305721468,"yes, registered under the customers name ",yes
-2.704069222725475,no checking account,14.795922350607782,existing credits paid back duly till now,education,2609.9153653649487,500 <= ... < 1000 DM ,.. >= 7 years,-1.4724913850132202,female : divorced/separated/married,none,6.458576192327289,unknown / no property,30.304278014245565,none,for free,1.3690624005727094,skilled employee / official,-4.288535592333197,"yes, registered under the customers name ",yes
-3.449271837902172,no checking account,13.812075025248687,existing credits paid back duly till now,car (new),1592.3144706781272,... < 100 DM,.. >= 7 years,10.16359428493166,female : divorced/separated/married,none,7.020633666818891,"if not A121/A122 : car or other, not in attribute 6",41.69589798108419,none,own,-3.814400859581811,skilled employee / official,4.184202469945311,none,yes
1.9155021540818464,no checking account,13.200118472541403,critical account/ other credits existing (not at this bank),car (new),2182.548799921707,100 <= ... < 500 DM,1 <= ... < 4 years,-1.5459841993930161,male : married/widowed,none,5.232700354900329,"if not A121/A122 : car or other, not in attribute 6",34.73507648885781,bank,own,-3.1339821258416256,unskilled - resident,0.13697750660871644,"yes, registered under the customers name ",yes
-5.142568279704477,< 0 DM,13.69705616541907,existing credits paid back duly till now,business,4156.234190998408,... < 100 DM,1 <= ... < 4 years,3.284184036659343,male : single,none,1.2172817757871608,unknown / no property,43.818127487475245,none,own,-4.840534119407122,skilled employee / official,9.155094755271541,"yes, registered under the customers name ",yes
2.5587668212800088,0 <= ... < 200 DM,13.781710377438213,existing credits paid back duly till now,education,2622.7582047608225,... < 100 DM,1 <= ... < 4 years,4.569268586001979,female : divorced/separated/married,none,-4.328964974519497,unknown / no property,43.205591417268366,none,own,-3.2671169502295996,unskilled - resident,-1.1048225551765412,"yes, registered under the customers name ",yes
0.41021273490506743,0 <= ... < 200 DM,24.28521815571846,critical account/ other credits existing (not at this bank),radio/television,3479.3739974919513,... < 100 DM,.. >= 7 years,4.6501045191251205,male : single,none,4.282358301669352,if not A121 : building society savings agreement/ life insurance,42.68843574947515,none,own,7.429350335999225,unskilled - resident,4.383936719027168,"yes, registered under the customers name ",yes
-0.5897699596726697,< 0 DM,38.41174777502089,no credits taken/ all credits paid back duly,radio/television,10481.084889156877,unknown/ no savings account,unemployed,-4.089256922432239,female : divorced/separated/married,none,4.103080774779965,"if not A121/A122 : car or other, not in attribute 6",41.35146197342433,none,own,-0.9324733251303838,skilled employee / official,5.3287893223972205,none,yes
6.3531044285970495,0 <= ... < 200 DM,14.47989575400604,delay in paying off in the past,domestic appliances,1383.8516120417355,... < 100 DM,1 <= ... < 4 years,3.0757612804020393,female : divorced/separated/married,none,2.7317150141558306,"if not A121/A122 : car or other, not in attribute 6",40.54170394098212,none,own,2.8649004906059155,skilled employee / official,-1.0853433288080145,none,yes
-2.4888297811788718,no checking account,26.47642007385941,existing credits paid back duly till now,(vacation - does not exist?),1276.364403639165,unknown/ no savings account,1 <= ... < 4 years,-2.4729090780735685,male : single,none,9.424961190813331,"if not A121/A122 : car or other, not in attribute 6",42.87239998495929,none,own,-2.3452056798236867,skilled employee / official,-1.9716830716361433,"yes, registered under the customers name ",yes
8.241192682096314,>= 200 DM / salary assignments for at least 1 year,7.356352174453044,existing credits paid back duly till now,domestic appliances,1107.1647200813968,500 <= ... < 1000 DM ,1 <= ... < 4 years,11.785271435641294,female : divorced/separated/married,none,6.9623861847722885,unknown / no property,19.041144885876793,none,own,4.038134983052877,skilled employee / official,4.965466123723619,"yes, registered under the customers name ",yes
-0.9017257969123972,< 0 DM,21.129480402908122,critical account/ other credits existing (not at this bank),furniture/equipment,3767.5703568911604,100 <= ... < 500 DM,4 <= ... < 7 years,-4.3795010560624,male : single,none,5.140243672999944,"if not A121/A122 : car or other, not in attribute 6",24.210448303645524,none,own,-3.1043280037252625,unskilled - resident,3.2995676716557227,"yes, registered under the customers name ",yes
-5.108065779880913,0 <= ... < 200 DM,36.589289321945884,existing credits paid back duly till now,radio/television,3711.080149163465,unknown/ no savings account,4 <= ... < 7 years,-2.1913608754792806,female : divorced/separated/married,none,-1.8483085202863991,unknown / no property,23.538489358373965,bank,own,1.1569117110470257,unemployed/ unskilled - non-resident,-4.6424404028437065,none,yes
0.2796783239793012,no checking account,13.120653966005092,existing credits paid back duly till now,radio/television,3589.203531495419,unknown/ no savings account,4 <= ... < 7 years,-3.1624034193660187,male : single,co-applicant,-0.05197899678697393,"if not A121/A122 : car or other, not in attribute 6",48.86652426589262,none,own,2.2114052394757953,management/ self-employed/ highly qualified employee/ officer,-3.513742545218883,"yes, registered under the customers name ",yes
-4.3049808012750725,0 <= ... < 200 DM,10.741833343829672,critical account/ other credits existing (not at this bank),domestic appliances,3197.175508016449,... < 100 DM,.. >= 7 years,-4.9866419068915215,male : single,guarantor,1.6206215722859914,real estate,38.46671671487313,none,for free,10.311221345706366,skilled employee / official,-9.145720019792021,none,yes
-3.007023391254001,0 <= ... < 200 DM,32.8782661814222,critical account/ other credits existing (not at this bank),education,4452.060041102953,... < 100 DM,4 <= ... < 7 years,9.410375639026181,male : single,none,0.8983715039585856,if not A121 : building society savings agreement/ life insurance,40.49799138382702,none,own,4.52170115192066,unskilled - resident,3.3815474159152092,none,yes
2.5881332000619643,no checking account,26.039282831104472,existing credits paid back duly till now,car (new),4743.551695886118,... < 100 DM,... < 1 year ,11.689791604333983,male : single,co-applicant,6.001858099940472,if not A121 : building society savings agreement/ life insurance,25.813458098782842,none,rent,-1.3716160573170937,skilled employee / official,-0.047308772542981936,"yes, registered under the customers name ",yes
2.2223283546004993,< 0 DM,32.207435086125166,existing credits paid back duly till now,radio/television,2990.9955211120086,unknown/ no savings account,.. >= 7 years,0.0970035227495305,male : single,none,5.427635396862819,if not A121 : building society savings agreement/ life insurance,27.29741713311694,none,own,3.7401958546020557,skilled employee / official,0.35139831609887195,none,yes
-2.4886708010170326,0 <= ... < 200 DM,-0.6686395227882649,existing credits paid back duly till now,domestic appliances,2133.059858008405,unknown/ no savings account,... < 1 year ,-4.28169258737764,female : divorced/separated/married,none,-2.35323117221877,unknown / no property,27.385798711319847,none,own,9.552697881940832,management/ self-employed/ highly qualified employee/ officer,-5.765776390807413,none,yes
4.949620580185602,< 0 DM,28.761222814040472,existing credits paid back duly till now,radio/television,3162.4294598886227,... < 100 DM,.. >= 7 years,-4.947701994904085,female : divorced/separated/married,none,6.7872668363844975,"if not A121/A122 : car or other, not in attribute 6",33.11207471877809,none,own,-5.51854436193718,skilled employee / official,-3.3924094123573054,none,yes
5.630031032084536,< 0 DM,35.80946973858899,existing credits paid back duly till now,car (new),18431.778391169042,... < 100 DM,1 <= ... < 4 years,0.023565125911594098,male : single,none,2.4092413352354414,unknown / no property,33.25586060999686,none,own,-2.369928170274907,unskilled - resident,-0.9118356502702647,none,yes
5.745207026253164,no checking account,7.535803897775499,existing credits paid back duly till now,business,2854.3036811541815,... < 100 DM,.. >= 7 years,-0.26546169264577535,male : single,co-applicant,-4.916284586969005,real estate,32.23305754900595,none,rent,0.05240976354682503,unskilled - resident,-0.6893024005912838,none,yes
3.1176536285028886,0 <= ... < 200 DM,10.10139213703102,existing credits paid back duly till now,car (new),14903.323817155026,... < 100 DM,1 <= ... < 4 years,-1.6051845054405782,female : divorced/separated/married,none,3.7946285666201223,"if not A121/A122 : car or other, not in attribute 6",68.55101476910852,none,own,-0.6683529085678042,skilled employee / official,1.4713443020705248,"yes, registered under the customers name ",yes
6.453714848342795,< 0 DM,22.730853098990238,existing credits paid back duly till now,car (used),2354.9209592584743,100 <= ... < 500 DM,.. >= 7 years,1.8855010159049135,female : divorced/separated/married,none,2.1248258236916193,"if not A121/A122 : car or other, not in attribute 6",34.8076891335746,none,own,-0.3310267933194988,skilled employee / official,3.3338725065272556,"yes, registered under the customers name ",yes
-6.523193711896231,0 <= ... < 200 DM,18.135256070121834,delay in paying off in the past,car (new),3348.6486095839073,... < 100 DM,.. >= 7 years,5.580692571261945,male : single,none,5.891169445742962,"if not A121/A122 : car or other, not in attribute 6",37.82339026061774,none,own,-4.216929062372972,skilled employee / official,10.078450277140789,none,yes
-1.2716261945138503,no checking account,13.625051753133317,existing credits paid back duly till now,domestic appliances,1814.112021841053,500 <= ... < 1000 DM ,unemployed,5.292333031751602,female : divorced/separated/married,none,0.6500943874935348,real estate,27.030012831687866,none,own,7.615824214200049,skilled employee / official,0.9199318798762983,"yes, registered under the customers name ",yes
-3.468021025293705,0 <= ... < 200 DM,52.107622985282475,existing credits paid back duly till now,car (used),12749.897157597668,unknown/ no savings account,.. >= 7 years,2.735500512126051,male : single,none,4.311753069788828,if not A121 : building society savings agreement/ life insurance,43.82944805468621,none,own,-4.690434393906477,unskilled - resident,5.461610652387782,"yes, registered under the customers name ",yes
1.4769034445095683,no checking account,1.313981877805447,existing credits paid back duly till now,radio/television,1360.908190285041,... < 100 DM,4 <= ... < 7 years,-1.4064873182970477,female : divorced/separated/married,none,4.748567947080863,"if not A121/A122 : car or other, not in attribute 6",32.84218707538553,bank,own,0.1991487615100037,skilled employee / official,-2.3198911079190987,"yes, registered under the customers name ",yes
-2.285796876786949,no checking account,16.51596440384807,existing credits paid back duly till now,domestic appliances,1999.4221769404692,... < 100 DM,1 <= ... < 4 years,5.663332391226863,male : single,none,-1.2602184361503177,if not A121 : building society savings agreement/ life insurance,25.182532205863826,none,own,5.183322367042791,management/ self-employed/ highly qualified employee/ officer,-4.699785259901423,none,yes
0.3353686322010705,no checking account,23.77959160383084,existing credits paid back duly till now,business,6869.295013210545,... < 100 DM,... < 1 year ,2.0500550376861217,female : divorced/separated/married,none,-4.660667093930055,unknown / no property,49.962115182495765,none,own,0.8792605714165895,skilled employee / official,-0.4092065868404986,"yes, registered under the customers name ",yes
8.528699520816197,0 <= ... < 200 DM,7.230418678230266,critical account/ other credits existing (not at this bank),business,700.5942211205704,... < 100 DM,.. >= 7 years,7.553430099338601,male : single,none,6.490239480597395,"if not A121/A122 : car or other, not in attribute 6",42.1713886887674,none,for free,-1.9175766676110761,skilled employee / official,-5.390886871496966,"yes, registered under the customers name ",yes
-0.6788791856815132,no checking account,15.667539710789235,critical account/ other credits existing (not at this bank),domestic appliances,1052.2028764866786,... < 100 DM,.. >= 7 years,7.160302197888925,male : single,none,8.783936713527076,"if not A121/A122 : car or other, not in attribute 6",20.58684633984578,none,for free,-4.394702625495831,skilled employee / official,1.0586926686764129,none,yes
2.6551692687608557,0 <= ... < 200 DM,43.93110263559343,critical account/ other credits existing (not at this bank),domestic appliances,10298.107278917323,... < 100 DM,.. >= 7 years,-1.6870482761884622,female : divorced/separated/married,none,5.291636921618892,real estate,42.58312204414903,bank,rent,2.0800032158888717,skilled employee / official,-1.1218164980346605,none,yes
-0.9290773196969409,no checking account,33.46490080343411,all credits at this bank paid back duly,(vacation - does not exist?),1861.5983143277786,500 <= ... < 1000 DM ,1 <= ... < 4 years,-1.7368888298304128,male : single,none,9.982826884720115,if not A121 : building society savings agreement/ life insurance,60.365011768193085,none,own,-2.0281182634018657,skilled employee / official,-6.817085547018342,none,yes
0.3028531518273347,>= 200 DM / salary assignments for at least 1 year,14.929711239051354,existing credits paid back duly till now,car (new),1342.753442264201,... < 100 DM,... < 1 year ,0.9778371250378863,female : divorced/separated/married,none,6.226439396166427,"if not A121/A122 : car or other, not in attribute 6",43.68812454712187,none,own,2.820924366811912,management/ self-employed/ highly qualified employee/ officer,8.944100583440708,none,yes
0.024066721744285837,< 0 DM,17.123355464495813,no credits taken/ all credits paid back duly,domestic appliances,1744.015534068229,unknown/ no savings account,... < 1 year ,-0.2250616331626718,female : divorced/separated/married,none,3.7345149179188843,"if not A121/A122 : car or other, not in attribute 6",26.115742187831597,none,for free,-4.605804590896718,unemployed/ unskilled - non-resident,-1.1502468524215206,none,yes
2.793296263892638,< 0 DM,7.385631525922664,critical account/ other credits existing (not at this bank),car (new),1673.478703026778,... < 100 DM,4 <= ... < 7 years,7.021007103904402,male : single,none,-1.6452459549346874,real estate,19.23165537348652,none,for free,4.252142947550487,skilled employee / official,-5.5504772117767915,"yes, registered under the customers name ",yes
4.661230142188708,0 <= ... < 200 DM,5.547257350622892,existing credits paid back duly till now,car (new),1228.7127394112688,unknown/ no savings account,... < 1 year ,4.405238703951671,male : single,none,7.925715004129374,"if not A121/A122 : car or other, not in attribute 6",29.023508912989524,none,rent,2.4621980926578586,management/ self-employed/ highly qualified employee/ officer,4.592687162029159,none,yes
6.5895759904133175,no checking account,17.17403987383748,existing credits paid back duly till now,radio/television,526.2255423441235,... < 100 DM,1 <= ... < 4 years,8.396735975141244,female : divorced/separated/married,none,6.145205728833092,real estate,41.919621806496814,none,own,2.759345577409908,skilled employee / official,-0.914457450157141,none,yes
1.2384803276366674,no checking account,6.599603527494316,existing credits paid back duly till now,radio/television,1494.979122322332,... < 100 DM,unemployed,5.585947269643674,male : single,none,-0.5433550984464866,"if not A121/A122 : car or other, not in attribute 6",16.66313464451259,none,own,6.764307112960068,unskilled - resident,5.360664134762648,"yes, registered under the customers name ",yes
3.3581875441424085,no checking account,36.41691641874006,existing credits paid back duly till now,car (new),1908.0418675108422,unknown/ no savings account,... < 1 year ,4.834598327493476,male : married/widowed,none,0.32691997877880796,if not A121 : building society savings agreement/ life insurance,25.354759181109614,none,own,0.24881800651253627,management/ self-employed/ highly qualified employee/ officer,-1.9335773387121975,"yes, registered under the customers name ",yes
-3.6034580367422677,0 <= ... < 200 DM,8.86682104193225,critical account/ other credits existing (not at this bank),car (new),737.9321524074797,... < 100 DM,.. >= 7 years,7.798919121376682,male : single,none,3.027135126055428,"if not A121/A122 : car or other, not in attribute 6",23.513735754889364,none,for free,-1.9032667789328959,unskilled - resident,-1.1635907610511889,none,yes
-0.3515069696624823,< 0 DM,1.3522623744796496,critical account/ other credits existing (not at this bank),business,2068.686507912329,... < 100 DM,4 <= ... < 7 years,5.878909358940194,male : single,none,-3.684236339353819,real estate,33.056432894735096,bank,own,-1.1910545133874928,skilled employee / official,2.379326837908186,none,yes
4.7611578595343556,0 <= ... < 200 DM,57.29090326396289,critical account/ other credits existing (not at this bank),car (used),6286.3949802427205,100 <= ... < 500 DM,... < 1 year ,4.272403853750875,female : divorced/separated/married,none,6.79869310141145,real estate,42.981419794289664,none,for free,0.22989372190696822,skilled employee / official,3.3728775228164407,none,yes
3.463874553668613,< 0 DM,20.793524636926197,critical account/ other credits existing (not at this bank),radio/television,6838.997101526939,... < 100 DM,1 <= ... < 4 years,7.921812135722742,male : single,none,0.1857167412238927,if not A121 : building society savings agreement/ life insurance,48.44424480029577,none,own,1.6361404208346855,skilled employee / official,5.073934949362394,none,yes
0.8464389311802009,no checking account,6.901526391937976,critical account/ other credits existing (not at this bank),business,3533.570641173745,100 <= ... < 500 DM,1 <= ... < 4 years,2.4607235326111603,male : single,co-applicant,4.482432435297147,"if not A121/A122 : car or other, not in attribute 6",37.64138004079014,none,rent,-2.3227909464070926,skilled employee / official,1.6410354450826838,"yes, registered under the customers name ",yes
3.5455758382718097,0 <= ... < 200 DM,10.379307438921503,existing credits paid back duly till now,business,1551.0606397819533,... < 100 DM,... < 1 year ,1.7826375803283134,male : divorced/separated,none,-0.08648134943263797,"if not A121/A122 : car or other, not in attribute 6",25.06573325579359,bank,for free,-7.092341012132236,unskilled - resident,4.114466886218334,none,yes
1.9630668359752754,0 <= ... < 200 DM,19.088337797232626,critical account/ other credits existing (not at this bank),domestic appliances,929.0977948876791,100 <= ... < 500 DM,.. >= 7 years,0.6487069648894015,female : divorced/separated/married,none,0.9423251491011855,unknown / no property,33.65286176102598,none,own,-1.2437160035161527,skilled employee / official,3.982514427693682,none,yes
4.801225033037286,no checking account,-4.721464834952755,critical account/ other credits existing (not at this bank),car (new),1453.8263876357441,... < 100 DM,4 <= ... < 7 years,4.812101836181645,female : divorced/separated/married,none,-2.0276394910602593,if not A121 : building society savings agreement/ life insurance,30.885321433335797,none,own,4.43930266514756,skilled employee / official,2.802276554267399,none,yes
1.1574366278284445,no checking account,13.481294116607307,critical account/ other credits existing (not at this bank),car (new),1844.4715951487476,... < 100 DM,1 <= ... < 4 years,8.948202167369875,female : divorced/separated/married,none,0.3550822752767939,if not A121 : building society savings agreement/ life insurance,50.89851743039922,stores,own,1.545033225013969,skilled employee / official,0.4293675469428153,"yes, registered under the customers name ",yes
-1.4227932622841386,0 <= ... < 200 DM,40.78857521432847,critical account/ other credits existing (not at this bank),radio/television,8358.90865119355,100 <= ... < 500 DM,4 <= ... < 7 years,0.7976503942662797,male : single,none,8.557518184069416,"if not A121/A122 : car or other, not in attribute 6",22.706731425908842,none,rent,6.798217879303308,management/ self-employed/ highly qualified employee/ officer,-4.7811797929245206,none,yes
2.3433650277320943,>= 200 DM / salary assignments for at least 1 year,20.99135652772992,existing credits paid back duly till now,domestic appliances,3355.4001891252783,500 <= ... < 1000 DM ,1 <= ... < 4 years,9.231662495119355,male : single,none,9.540238508194562,real estate,33.373379567699914,none,rent,8.821946175855153,skilled employee / official,4.3966966271199555,none,yes
-11.722377503411103,0 <= ... < 200 DM,8.363588445586576,existing credits paid back duly till now,car (new),2860.689869696949,... < 100 DM,4 <= ... < 7 years,-3.8800601278863036,female : divorced/separated/married,none,5.417915819981827,if not A121 : building society savings agreement/ life insurance,34.44566150097215,none,own,4.037335085833873,unskilled - resident,1.1686947965646035,none,yes
2.531542945540198,< 0 DM,14.515135711896743,critical account/ other credits existing (not at this bank),car (new),1535.9041161321566,... < 100 DM,4 <= ... < 7 years,3.778186500768341,male : single,none,0.8988229377401905,real estate,47.195614860686334,bank,own,6.530082569632904,skilled employee / official,0.3455365905971701,"yes, registered under the customers name ",yes
-13.593651300859134,0 <= ... < 200 DM,32.003852406360615,all credits at this bank paid back duly,business,3625.677080436281,100 <= ... < 500 DM,1 <= ... < 4 years,1.8396203515822553,female : divorced/separated/married,none,7.37680476277154,real estate,43.832643655665976,none,own,5.06709716905248,unskilled - resident,6.11106545436664,none,yes
-6.893853629621672,0 <= ... < 200 DM,18.225646268678283,all credits at this bank paid back duly,radio/television,3585.3212959959023,... < 100 DM,.. >= 7 years,0.09202251037061204,female : divorced/separated/married,none,7.519881576430226,real estate,30.907289479515498,none,rent,9.839597023709533,management/ self-employed/ highly qualified employee/ officer,-3.7113345316532627,none,yes
2.8070744037639366,no checking account,36.98148403598133,critical account/ other credits existing (not at this bank),domestic appliances,2148.0194475698963,500 <= ... < 1000 DM ,4 <= ... < 7 years,11.535444151927493,female : divorced/separated/married,none,-2.319273528830117,if not A121 : building society savings agreement/ life insurance,26.781508591442595,none,for free,9.40341453716507,skilled employee / official,7.576145261459545,none,yes
2.910117349067181,< 0 DM,16.89440681463082,critical account/ other credits existing (not at this bank),business,4111.821724981353,.. >= 1000 DM ,1 <= ... < 4 years,2.7352294692449552,male : divorced/separated,none,3.690244529471191,real estate,20.76734914562504,none,own,4.804660683115707,unskilled - resident,0.9109068854621374,"yes, registered under the customers name ",no
-3.649715120559722,< 0 DM,33.384147465452315,existing credits paid back duly till now,car (new),10963.935619216909,500 <= ... < 1000 DM ,... < 1 year ,2.369076913582267,male : single,none,-5.287832918272321,if not A121 : building society savings agreement/ life insurance,27.707075688870017,none,own,4.825520585698341,skilled employee / official,2.2700727140115937,"yes, registered under the customers name ",yes
-2.848408167515755,no checking account,12.861210519766049,existing credits paid back duly till now,radio/television,1884.4873218320568,... < 100 DM,.. >= 7 years,4.10384845373402,male : single,co-applicant,8.49240844104358,real estate,28.172911345792425,none,own,0.1790713122505303,skilled employee / official,-0.5801764581210833,"yes, registered under the customers name ",yes
5.482163954456528,no checking account,19.901884348347973,existing credits paid back duly till now,business,1226.9275295539253,... < 100 DM,.. >= 7 years,-4.011254954103318,male : single,none,12.260097030803422,real estate,57.51912928984737,bank,rent,1.8346508761443607,skilled employee / official,-5.6682916500933205,none,yes
-1.9361205262907046,< 0 DM,33.63225137407194,existing credits paid back duly till now,(vacation - does not exist?),3658.1248929143703,... < 100 DM,4 <= ... < 7 years,0.9605282986203396,female : divorced/separated/married,none,4.320330498492342,real estate,45.353254894687055,none,own,0.6486506745989515,skilled employee / official,0.4415604061368812,"yes, registered under the customers name ",yes
8.97168124961194,0 <= ... < 200 DM,4.1892136563958795,existing credits paid back duly till now,radio/television,1154.4551982613611,.. >= 1000 DM ,1 <= ... < 4 years,5.932959877781617,female : divorced/separated/married,none,-4.500040499612066,"if not A121/A122 : car or other, not in attribute 6",40.122164437986,bank,own,5.4850064435802235,management/ self-employed/ highly qualified employee/ officer,2.3389796275711703,"yes, registered under the customers name ",yes
0.9923205872946154,0 <= ... < 200 DM,26.8545354565393,existing credits paid back duly till now,domestic appliances,4006.7374668287025,500 <= ... < 1000 DM ,.. >= 7 years,0.4842185802689012,male : married/widowed,none,4.435562066308124,unknown / no property,39.20656864811848,none,own,-1.881392149437394,skilled employee / official,3.7049017856103763,"yes, registered under the customers name ",yes
1.6321447075250672,< 0 DM,21.655793440097767,existing credits paid back duly till now,business,3076.803773930747,... < 100 DM,1 <= ... < 4 years,0.6844993487989139,male : single,none,0.3836433354036788,if not A121 : building society savings agreement/ life insurance,34.96654905159496,none,own,0.23557516088036023,management/ self-employed/ highly qualified employee/ officer,0.20786720624439436,none,yes
6.46749759399443,no checking account,6.657282637527664,existing credits paid back duly till now,business,1734.9236415405608,... < 100 DM,... < 1 year ,7.238102546057601,male : married/widowed,none,-0.6533977666578399,if not A121 : building society savings agreement/ life insurance,28.36299877355927,none,own,-7.4206795407132,skilled employee / official,-7.7701593648176726,none,yes
0.5241084647736782,< 0 DM,18.438039712578295,existing credits paid back duly till now,car (used),2352.890266583265,unknown/ no savings account,4 <= ... < 7 years,6.361017603807316,male : single,none,6.506305559164016,real estate,41.38923729038764,none,own,8.892359579090037,skilled employee / official,-5.166645378330502,"yes, registered under the customers name ",yes
-4.009375922763205,< 0 DM,13.91642549171625,existing credits paid back duly till now,repairs,3557.2177420912553,100 <= ... < 500 DM,... < 1 year ,5.067961888644567,female : divorced/separated/married,none,3.0182165020508975,unknown / no property,35.37974729336279,none,rent,0.11810166965472635,management/ self-employed/ highly qualified employee/ officer,9.208078495053176,none,yes
0.5610901932228396,< 0 DM,23.05547963288806,critical account/ other credits existing (not at this bank),domestic appliances,2394.0549075338467,unknown/ no savings account,.. >= 7 years,1.179530663845331,male : married/widowed,none,0.04756489864559321,unknown / no property,34.73062938876339,none,own,3.8223217493463073,skilled employee / official,-3.3701439350884623,none,yes
-0.14244294476036373,< 0 DM,3.062448970434796,existing credits paid back duly till now,radio/television,454.11330698033174,unknown/ no savings account,.. >= 7 years,2.042115739534706,male : single,none,-1.5984225304066575,"if not A121/A122 : car or other, not in attribute 6",29.630543881768105,none,own,6.83114677884561,skilled employee / official,6.7081978329568335,"yes, registered under the customers name ",yes
-5.458966608806262,0 <= ... < 200 DM,31.94037547398845,all credits at this bank paid back duly,domestic appliances,1708.6002026636627,... < 100 DM,4 <= ... < 7 years,0.783400153700164,male : divorced/separated,none,1.503344220883331,if not A121 : building society savings agreement/ life insurance,30.88542451725337,none,own,2.2011737497647195,skilled employee / official,-2.736346949670382,none,yes
-0.023328285363293455,no checking account,27.953553499349702,all credits at this bank paid back duly,radio/television,2525.6396248691003,... < 100 DM,unemployed,0.02090752388542061,male : single,none,0.36213778995053003,real estate,19.80741718085426,none,own,7.777374808373725,skilled employee / official,0.2701763610885298,none,yes
-2.9687683759897467,0 <= ... < 200 DM,14.64554421898733,existing credits paid back duly till now,domestic appliances,3565.2735417898784,... < 100 DM,1 <= ... < 4 years,-0.17766595323372947,female : divorced/separated/married,none,-2.4369485344120294,"if not A121/A122 : car or other, not in attribute 6",53.66004079625301,none,for free,-3.9669512486054677,unskilled - resident,3.500833038399616,"yes, registered under the customers name ",yes
3.6974310287497363,< 0 DM,40.27816666615217,no credits taken/ all credits paid back duly,car (new),7174.125600659114,... < 100 DM,1 <= ... < 4 years,-0.47221762714083004,male : single,none,2.6697472740865598,if not A121 : building society savings agreement/ life insurance,29.484151758654296,none,rent,10.589506358390809,skilled employee / official,-2.280777786323495,"yes, registered under the customers name ",yes
0.13844749674102247,< 0 DM,14.186176122079988,critical account/ other credits existing (not at this bank),car (used),3938.8701027043303,... < 100 DM,4 <= ... < 7 years,-3.13888396273898,male : single,none,3.3583704930207365,unknown / no property,46.10521279994576,none,rent,6.348440793955063,skilled employee / official,8.368860543036217,none,yes
-1.1311829965902802,>= 200 DM / salary assignments for at least 1 year,14.056663024743274,critical account/ other credits existing (not at this bank),radio/television,1518.1122142615968,... < 100 DM,... < 1 year ,-2.254820474172596,male : single,none,1.2875861327214666,if not A121 : building society savings agreement/ life insurance,23.75007085346846,stores,own,1.8368099699465639,unemployed/ unskilled - non-resident,1.302913432273644,"yes, registered under the customers name ",yes
-0.42472772249030505,< 0 DM,22.77321084869625,existing credits paid back duly till now,(vacation - does not exist?),7392.786788524036,... < 100 DM,.. >= 7 years,1.877610679015623,female : divorced/separated/married,none,-1.6540343929927408,real estate,43.70517048438584,none,rent,6.700317330501782,skilled employee / official,3.8434033851986795,none,yes
1.8924880736246645,no checking account,24.418760119552505,existing credits paid back duly till now,radio/television,1192.8770246709578,... < 100 DM,.. >= 7 years,1.9383823235737483,male : single,none,7.956258485502158,real estate,28.20048165160677,none,own,-2.674539543957488,skilled employee / official,-0.07042803207650317,none,yes
3.467256798759119,0 <= ... < 200 DM,66.7863467318834,existing credits paid back duly till now,domestic appliances,7294.663882667112,... < 100 DM,1 <= ... < 4 years,10.803171033713266,male : married/widowed,none,-6.9552457477733345,"if not A121/A122 : car or other, not in attribute 6",35.79777185658144,none,own,-0.15445951507797528,skilled employee / official,3.634881148068363,none,yes
-3.9988489146775255,< 0 DM,24.638575167915185,no credits taken/ all credits paid back duly,car (new),2831.4764957174652,... < 100 DM,4 <= ... < 7 years,1.3266465265811895,male : single,co-applicant,0.21453937988625915,"if not A121/A122 : car or other, not in attribute 6",38.2183683427133,none,own,6.777001585609518,skilled employee / official,7.31517095939945,none,yes
-4.166350530485087,0 <= ... < 200 DM,27.07942757222142,all credits at this bank paid back duly,car (new),1259.2719947776561,unknown/ no savings account,1 <= ... < 4 years,4.184402358493083,male : single,none,0.5192061817843365,"if not A121/A122 : car or other, not in attribute 6",57.0148214031899,none,rent,-6.468240723579859,unemployed/ unskilled - non-resident,0.47485624950714256,none,yes
4.41871686161012,no checking account,-1.57268464495242,delay in paying off in the past,(vacation - does not exist?),749.8629659643393,... < 100 DM,... < 1 year ,3.2508503170992067,female : divorced/separated/married,none,3.5927155114856593,if not A121 : building society savings agreement/ life insurance,62.4200109148073,none,rent,3.2418310998352196,unskilled - resident,7.918851162996945,none,yes
-1.6493474888189223,< 0 DM,18.869092632914494,existing credits paid back duly till now,radio/television,2426.4998223365606,... < 100 DM,.. >= 7 years,2.984649755497868,male : married/widowed,none,4.246647231210941,real estate,39.74197133754525,none,own,4.128704639380615,skilled employee / official,-1.4463832335164715,none,yes
-4.667368370387496,no checking account,30.300331310434924,existing credits paid back duly till now,domestic appliances,2535.5596045357715,... < 100 DM,.. >= 7 years,6.977334354998705,male : single,none,8.507059233044142,unknown / no property,44.78493938465535,none,rent,9.87690326728865,skilled employee / official,5.05638415740684,none,no
2.7752508375324183,< 0 DM,16.95467409786923,existing credits paid back duly till now,domestic appliances,1273.1986562784593,... < 100 DM,... < 1 year ,5.100916747402858,female : divorced/separated/married,co-applicant,-0.8496194934086407,"if not A121/A122 : car or other, not in attribute 6",19.39161601582894,none,own,-5.331821678888946,skilled employee / official,2.9564573449721996,none,yes
2.853479224130748,< 0 DM,30.68250031415917,critical account/ other credits existing (not at this bank),car (new),8385.641076920354,... < 100 DM,... < 1 year ,3.30964438079016,female : divorced/separated/married,none,4.346329349333927,real estate,45.998498766694084,none,own,7.438524228126533,unskilled - resident,-3.2743282907294775,none,yes
-5.122861029026826,< 0 DM,45.7582021247877,existing credits paid back duly till now,business,4850.180928606786,... < 100 DM,... < 1 year ,1.9774411798088178,female : divorced/separated/married,guarantor,2.7832735515258444,real estate,38.99368110260129,none,for free,-1.237882972595611,skilled employee / official,1.8552388185493272,none,yes
0.9179268618544252,no checking account,21.124188801954215,existing credits paid back duly till now,car (new),2922.217510676769,100 <= ... < 500 DM,... < 1 year ,-0.43012043421814017,male : married/widowed,none,-5.846157500732893,if not A121 : building society savings agreement/ life insurance,27.173602957730015,none,own,-0.7880378396474192,skilled employee / official,1.029463751401491,none,yes
3.9423323697134944,0 <= ... < 200 DM,34.991748738386576,delay in paying off in the past,car (new),8230.037150566139,unknown/ no savings account,1 <= ... < 4 years,-3.471015595188237,male : single,none,9.602161021736439,unknown / no property,28.81764667422439,none,rent,-3.8880175478391727,skilled employee / official,-1.4127687051073803,none,yes
1.4975458068250522,< 0 DM,20.856093568274577,existing credits paid back duly till now,radio/television,2022.7145437134188,... < 100 DM,1 <= ... < 4 years,-1.2236711144707666,male : single,guarantor,-3.7551005089607976,if not A121 : building society savings agreement/ life insurance,20.084973928396664,none,own,-2.3514081498677006,unskilled - resident,2.432009736776506,none,yes
2.527925935045581,0 <= ... < 200 DM,13.840497538100522,existing credits paid back duly till now,radio/television,1431.2117096325285,... < 100 DM,4 <= ... < 7 years,1.5119699043932484,male : single,none,4.67798908923886,real estate,27.273245235863516,none,own,3.61408938981569,skilled employee / official,1.5851581844340703,none,yes
-5.617076392362996,< 0 DM,42.79352464250576,existing credits paid back duly till now,car (new),6289.842138683157,... < 100 DM,4 <= ... < 7 years,-2.4958870497177363,male : single,none,2.559839776790991,"if not A121/A122 : car or other, not in attribute 6",32.35458918252355,bank,for free,-2.449327659125422,management/ self-employed/ highly qualified employee/ officer,0.7096522107711333,"yes, registered under the customers name ",yes
1.3241606199847824,< 0 DM,9.931131725877439,existing credits paid back duly till now,car (new),1415.3440153238394,unknown/ no savings account,.. >= 7 years,3.759695866750657,female : divorced/separated/married,none,5.102547129316308,unknown / no property,62.07423990843797,none,rent,3.961137334611662,management/ self-employed/ highly qualified employee/ officer,0.7256901237652607,none,no
-1.2104790378817862,< 0 DM,20.774872717261264,critical account/ other credits existing (not at this bank),car (new),6579.887931110705,100 <= ... < 500 DM,... < 1 year ,8.78651147594804,female : divorced/separated/married,none,0.021692471353569998,"if not A121/A122 : car or other, not in attribute 6",29.723839829684525,none,own,-1.651864187879014,skilled employee / official,0.6399589643055226,none,yes
-1.9311606348985793,0 <= ... < 200 DM,18.5590262496313,existing credits paid back duly till now,radio/television,1748.534881444772,... < 100 DM,.. >= 7 years,0.3677502706833997,male : married/widowed,co-applicant,5.309010604562009,unknown / no property,46.01669898475189,bank,own,-2.8521352233945905,skilled employee / official,-0.47079848498530996,none,yes
3.482222437678906,no checking account,13.562900104355585,existing credits paid back duly till now,car (new),3567.5629164408115,... < 100 DM,1 <= ... < 4 years,3.1337657429785484,male : single,none,-5.241469895772382,"if not A121/A122 : car or other, not in attribute 6",28.504500320446574,stores,own,-0.11123658543957804,skilled employee / official,2.5593363800599267,none,yes
5.91709804269692,< 0 DM,17.18129304786824,critical account/ other credits existing (not at this bank),radio/television,1575.5096053578588,... < 100 DM,1 <= ... < 4 years,-0.13644455811884093,male : single,none,3.7366848453043082,"if not A121/A122 : car or other, not in attribute 6",37.68899176468775,none,own,2.3468287670252233,skilled employee / official,-0.5756568494551217,"yes, registered under the customers name ",yes
7.177480218401436,no checking account,18.92664177694607,existing credits paid back duly till now,education,1935.7638311307799,... < 100 DM,1 <= ... < 4 years,0.7803113162433515,female : divorced/separated/married,none,1.744501293790166,unknown / no property,23.97207024539277,none,own,0.8905869522759224,management/ self-employed/ highly qualified employee/ officer,11.627237965879997,"yes, registered under the customers name ",yes
5.25923148602362,no checking account,39.86068197091466,existing credits paid back duly till now,business,3968.560890842607,... < 100 DM,unemployed,1.2386816832888967,male : married/widowed,none,0.29080823173187387,"if not A121/A122 : car or other, not in attribute 6",28.744230181008593,none,own,1.1368404733311934,skilled employee / official,-4.637332981861263,none,yes
-0.43893672652073473,0 <= ... < 200 DM,12.35147054832291,existing credits paid back duly till now,domestic appliances,2388.0584151883436,... < 100 DM,... < 1 year ,6.407582594425766,female : divorced/separated/married,none,4.714991149814183,"if not A121/A122 : car or other, not in attribute 6",46.13525851171025,none,own,3.784829847344336,skilled employee / official,-1.338944308937836,none,yes
1.4108806521053723,no checking account,13.568043749463026,existing credits paid back duly till now,furniture/equipment,1732.9341526632093,... < 100 DM,1 <= ... < 4 years,0.28484730463128694,male : single,none,8.309914170878733,unknown / no property,25.12056993557146,none,own,5.329685806467794,skilled employee / official,-1.0229684183077628,"yes, registered under the customers name ",yes
3.0672914871369747,< 0 DM,31.215349702550252,critical account/ other credits existing (not at this bank),radio/television,3852.1597886012437,100 <= ... < 500 DM,... < 1 year ,8.046641654826587,female : divorced/separated/married,none,2.6269769526525355,real estate,40.89557082827223,bank,own,-0.24038123435772385,skilled employee / official,9.16197365729815,"yes, registered under the customers name ",yes
0.48471179719784785,0 <= ... < 200 DM,11.63383992232717,existing credits paid back duly till now,car (new),813.3240986862323,100 <= ... < 500 DM,4 <= ... < 7 years,3.017116905351204,male : married/widowed,none,7.12272435970311,"if not A121/A122 : car or other, not in attribute 6",44.45376384090144,none,own,-3.1768880623046343,skilled employee / official,-4.280538599909997,"yes, registered under the customers name ",yes
1.5230567516461775,< 0 DM,42.87671268748141,existing credits paid back duly till now,business,1848.2777902904716,... < 100 DM,... < 1 year ,1.4015851616206767,male : divorced/separated,none,4.198962661778394,"if not A121/A122 : car or other, not in attribute 6",23.812665906964153,none,own,1.3043779156900648,skilled employee / official,2.7036891919444392,none,no
3.295012527504728,0 <= ... < 200 DM,53.85661046316764,critical account/ other credits existing (not at this bank),business,4574.663517066479,unknown/ no savings account,1 <= ... < 4 years,-2.013221049380652,female : divorced/separated/married,none,0.4290711630479658,"if not A121/A122 : car or other, not in attribute 6",21.468953575628696,bank,own,2.8825983444162873,skilled employee / official,1.9935762601861595,none,yes
