CRIM,ZN,INDUS,CHAS,NOX,RM,AGE,DIS,RAD,TAX,PTRATIO,B,LSTAT,HousingClas
1.2251883190177255,27.68166004898961,0.3070210249723355,-1.2606975595408956,-4.795897274936804,11.168025698063953,65.75644695904637,3.473866733696534,0.29194565569425224,303.1241538369692,11.106289429861897,402.26446244672513,8.161839499481616,1
-4.132626424961982,1.7395370858545895,0.44961862725926505,-7.738122942852471,-5.418249405296742,8.589781142897024,78.51646558973613,6.585280772344627,2.2440594216568215,248.49434871189155,21.00718363960179,392.0484374618326,10.300200366655021,1
3.029094783225829,-2.238289144197958,2.889825161654791,-5.072055667375988,2.7296135152390777,8.1637277019494,57.76059538891399,3.901511699229965,5.557653826098101,243.43884599561642,13.894459168934969,392.33266871660436,4.347984252365799,1
3.7946288655648552,1.860320838001225,-1.9041806427132877,-10.998704078522302,-9.949553260206756,7.580059221342381,45.51200563024084,3.4659609878348823,2.6031530590957965,223.8495426354013,17.827066221811304,395.41372825777586,-7.430866061609075,1
-7.735090754615346,-6.243833411977771,2.388693274630134,-0.9365021491316502,1.27964210784504,6.447127853143288,59.23882341152163,12.484133531175857,4.596412821193013,225.1659957283393,17.518878109119793,400.3583138051435,,1
-5.178868027449273,-1.1892934507905417,1.0845979778150514,-0.7535365090575334,-1.454332231015298,10.612560480837063,58.2238859735995,10.258011465445769,0.8335987942643159,216.9720652985226,20.132414450636862,392.74559562239847,1.6329119833857773,1
0.5996516126691415,12.897909892062954,6.522672129437629,,5.7569864275196405,2.550628671592663,63.040784042606354,2.517041019807293,7.288382894393928,313.57659334860796,6.723584239130668,389.34474123471233,20.63725102375583,1
-1.1204203693743289,12.155597392715807,10.348807861929917,4.315516156118955,-1.449872836615503,-0.31570050732083743,94.13101164493845,8.22427722237845,6.502921190449427,308.06370612742586,18.76363925971783,399.3847902378116,13.353034077394735,1
0.14403536998284483,15.663224486760322,9.229501444770815,4.794079346066774,3.161936857007584,8.088760491569898,100.80340118910372,3.1113845811953875,8.463268012719277,312.27391226718635,12.492038609551344,391.129183860685,26.68039536577385,0
-3.24213571029432,13.87858090494421,9.134191482577146,,-1.0636553649511664,8.528953312268591,84.40594401127662,1.8533614253507036,7.853841849777951,310.09012948957064,20.079853179108216,386.3796341530193,8.288602469961482,0
3.742481899451314,15.173304072431987,9.50931382931477,-8.538774669907424,0.9789926139445738,8.297964610047067,96.24121313225255,10.481937765595905,7.354942491524584,313.00483330845685,13.287340301935382,394.1409603652257,21.89849990377079,0
3.228637741715793,9.746510871076962,10.334538672008954,2.469126321969034,3.471346123680205,7.639913478472156,84.99137504299613,-0.5896985025896226,4.606330365368879,311.4724138600258,15.004625657063958,395.0020350822917,8.86497271675507,0
0.35790279024486416,16.09126163364219,-0.5618133671097718,2.221440914034302,-1.3262228652983206,4.606838486649809,42.55593272161859,9.158323654306164,5.9797569081778725,298.7078789167148,22.855144160273696,387.11690882109644,11.417999383606585,1
5.138724827872132,6.515747790495966,6.682246990942156,1.23756628062778,4.524219537993616,9.0989308175421,67.49423788906013,3.696610749707766,8.254035713806106,307.7155668468207,19.890647164825324,401.00570272218886,2.7699431313024103,0
2.5079973690081823,-3.8805980786056504,-0.5808402579578953,,-3.436791508425933,5.913767492981837,88.48343489748945,3.6157135876778854,1.3917017223888224,309.568611809197,25.955399538693836,381.56998339125784,13.369420250951451,0
-2.809779851532953,-3.550782622858239,8.284239707191182,-4.65931238584416,1.7163713702335164,3.8855457567392873,52.76304374340816,6.137604878493159,1.4863688852125376,308.7837133933538,21.15618034225824,397.5814743976075,11.31585460627019,0
2.5289331363299956,5.343137345280931,8.121468111102619,8.035021544740555,4.228558891151411,4.6874347509784,25.68586221369491,6.823395247977009,4.725725591801448,306.5896562151657,22.66167532117396,392.8584605919785,13.828135564315142,1
-3.051330403315996,-0.7653759467802411,12.322129099158722,-3.837711012567472,3.17814996716134,14.072558795103328,81.3969140941607,0.9525272926843673,5.661118761061814,313.56864676772165,21.2798343576455,382.5306306627257,11.927173515708107,0
4.31651120522909,5.615285568266228,12.890537570884483,2.9968917088034184,8.203779506941641,-1.4839043281817306,34.795298571042345,6.667402435000254,0.7035740029439821,308.24549251648665,24.391406505200496,286.7818949273623,12.5652774841872,0
0.5260963560549884,-1.7701428475687355,8.95110019300947,-6.749390777653407,-2.515757269242642,7.7261524171831955,64.94669309215622,4.249982152100894,3.7009497463467667,308.75069320077245,18.257873548587796,391.58173339533874,6.122659210392193,0
0.5123405458189577,5.820182305082845,6.138555690412401,-3.7210587490802034,-4.978597005394351,-1.1464417104948685,96.33323282330802,-1.2263191714721526,3.624004903084861,311.17796757620226,17.063805907923257,374.31274704895503,19.67984390905873,0
-1.8716781776157654,0.5259432672218087,10.080644450182952,6.0654745869013444,-3.439340433980478,5.532066646708107,87.30194826552385,3.332802065681043,-4.861120462413883,308.4503719987864,18.445695238491915,395.66254614108976,11.75461874687529,0
6.122635354696121,1.0329152932907808,6.0283294507027465,-1.0435992920033996,3.1797702661937484,4.40749005938325,89.01260904095518,9.502016062235704,3.121624042964961,303.40792898634317,21.398841505296364,396.15040311638404,20.577799829981682,0
0.3703120717247914,6.2588720866796175,8.134429394226604,3.3596904205311917,2.5296917370775143,-2.527113186719512,98.73684205537998,10.801579192982786,3.3707286686061346,297.2466503448815,20.116724857798683,390.5698687700113,23.948087225672765,0
-0.9630512886524288,-1.447081909776685,12.084545267843072,0.9478215548769844,0.9470266385896631,7.480150361735053,98.81380340127332,7.2689938304347095,3.3588282287079236,305.09151639192766,23.841099505884706,394.59308670075063,20.264266763326,0
-0.5679942019529184,-3.7644883836998333,5.908914616042306,-0.4198326240006907,-3.9538281964285193,4.0788477512312165,86.49695216499696,-0.3067739526734803,9.663657098309073,310.04378210352445,26.21892679928608,304.1013550832272,13.13875091112956,0
2.801146742213395,-1.7942568321134174,11.362714556970005,5.455401299730759,3.6054691733162434,-2.583825370244976,100.18723630422187,6.644427609823554,-0.8631931940355013,305.5876146743288,17.096646651059967,380.6187282515853,18.803871618492,0
2.4175462574563134,1.8093358025725548,10.84960547476921,-0.9466352986076013,-4.360819110602161,9.405272363097009,89.4820327440786,7.856843615436771,0.7015097151815493,310.2047134891269,18.06420483354427,307.9525636125897,17.103659451568813,0
2.4239204463839537,-6.263036288722057,4.320832731476715,-7.122952430253882,5.1737983295075995,12.23502471195574,93.239736904251,7.357531933274888,-6.448783193277336,307.5949127036811,15.255042326748583,389.78458556543933,11.501612416411941,0
2.725734012031531,2.549883610604486,12.035576512869604,-3.2129603678068204,11.96775369255946,12.634497369186288,87.31653153061946,7.3788171547516725,2.0763333353034374,312.15226428104876,29.121491963036416,381.51116673602894,9.145954052724328,0
9.697400403481845,-2.155085270470973,10.934265381486021,2.204766914806777,2.003804586286202,7.148825762605885,95.12596791377416,5.686052316990123,2.4174257834959962,305.81913317151736,22.21867799648731,359.4171099148323,20.360256822553794,0
-0.2709400655384624,4.591250642934254,8.547703549490631,1.5820364254500325,2.8704325426309723,6.256232554308462,101.74101582868425,3.885350644677825,1.9600912946629752,308.87045930627073,22.91920928020631,373.865123539555,20.009255384784932,0
-0.6609809162861493,-9.577041219601886,5.090706167889392,-6.268233000941753,-1.4334390755822375,11.262626483583187,90.30684530343609,1.5565300163839266,8.43070935793504,309.02354025814145,15.639166459875806,233.7553534066375,28.939643065976096,0
-2.103370912991511,-3.146263100416675,4.703175925697721,-2.897370077632804,-6.702853284347265,12.430534341360392,91.61871814008973,-3.8045420740059854,7.442470089347853,313.0064074905248,20.9953200439725,357.4375009364654,19.04844739000482,0
4.076737690301982,-6.745872604936408,5.989349692387911,-2.3268853968089864,-1.8728774521208893,10.630274811502499,100.33618423271095,5.118367066853403,4.311426897069216,300.1734507746629,23.036991937652342,255.06929048176406,19.291012565852213,0
4.580059170883566,-3.3049178654558102,8.13037785316784,-1.4618783764569,-3.8725809643949973,2.1668495910807954,69.03100239045649,4.104511374608754,3.5175477858405513,277.16636690178734,18.1889692378623,402.2687291790929,,0
-0.3583498306195003,0.9906636044357725,,-5.503654354406206,-5.289018305660063,6.646379412859687,55.115609029717525,5.608203371299265,9.104758672427455,282.394064421554,23.502822499305577,380.0913565294064,16.6300419553857,0
-3.280485907850112,-0.7169065017990196,7.71004899447948,-2.5134844324779144,7.388439767982597,7.608064577165714,44.582795128379054,-1.4159747731715764,4.920968560656593,285.1835859191146,28.44732450257132,398.41386775717194,5.885751540804829,0
-3.122874862764958,-1.0135102757920598,0.9929778844864297,-2.9144419410381097,1.590450072103092,-1.2724678756689167,35.270494243215616,6.427366757260241,1.7269198443261686,279.9602860505683,15.411748691624192,393.0781637960753,9.035539781181503,1
2.630001151298804,74.36326051447976,2.133725662244604,3.0861330390476773,1.9467503224559346,8.472442638483097,18.37129438489028,13.619280378483108,-3.8649947099382063,250.82918334231405,14.211651016093214,390.58550507461143,3.463021826516359,1
3.006606684813769,75.81355296247978,3.388591018296035,3.236485243960975,-0.8080894607849982,16.115967303917557,15.764264528432118,5.714900523111645,1.2347420244172693,255.0284734746978,14.788975737885695,394.75531110671216,2.563487913130398,1
2.30005707322078,-4.034144167772431,16.690520580235667,-0.583241832355264,-0.2434843297737454,9.329744663203165,-4.001417048030815,5.474238723173837,6.018574468690435,236.47481070092672,24.324796640065962,385.81560013362105,2.035096029474259,1
-2.520538829154777,2.827398563596203,1.4007373779185306,-1.568159183482926,4.3062027289573335,12.062652325767026,1.5647741612626538,6.956909424342804,12.106154758172359,231.56135328533077,22.069421268118738,384.28782589777865,7.565266093446786,1
1.088005292266879,2.6506638815419357,12.798058265960535,,0.31865152521913825,6.942658920514821,10.69211831046901,13.850248098841352,3.2464413847579037,234.32122924871018,17.357888728825404,396.33814546806326,13.248352528157259,1
0.5894332365629129,1.540151750624404,7.50936965594912,-3.2663004298222997,2.570775752098931,5.776126704064714,38.134333975970264,1.6263089532004367,-0.06142206048121723,237.72210904964788,18.046238657603496,393.0753207915107,4.295487563983348,0
1.0461743869160518,2.2261337710050526,8.554687672063853,-4.587328328669764,-0.3360171913800634,7.207085560323902,29.36478810024784,5.913227733575619,-1.7398608331368557,240.5618359730978,14.633825495213113,394.1313837132285,5.697413051631733,0
3.6740751117927593,1.185672003234638,7.383391653552819,-3.7608848357028677,-0.9206115629281888,2.522693408062269,34.217841457833714,1.901770310809423,5.207819585222396,235.97041983694118,21.460108630972734,394.16769757116396,12.217365778810773,0
1.123652195098729,8.14029321092427,,-2.539252655885827,-5.179656662407448,2.174899251062446,83.41035027427591,3.50138111662002,-4.058464209537074,233.17655558666237,16.380392703565782,398.5434267189726,17.052817759568683,0
2.9695242522875795,-0.3483766842100396,6.295259582551929,-4.653895199169084,-7.462996249468512,10.464218228677463,93.41671336889786,5.671638768472243,5.2013804056195525,232.78369929584838,16.85969384218,399.9839263567726,38.80386349898372,0
0.4900862779555658,-1.228332873338307,12.726200725829834,0.648238236251499,-0.5982476042656073,11.091369371466072,64.95730410269961,11.476992966454235,6.27084642505165,235.22958622877448,20.335159086117027,395.3369162314667,20.206836880059356,0
1.2452075947599366,17.985889678570487,3.81411542310111,2.9188626951348335,0.6649867679729308,1.9985747376505985,41.053066564262615,14.018662402754948,5.745117812931456,242.5373086300822,16.048020247667115,395.13115532419107,17.227289408473055,0
2.5685229033541614,16.870949317688652,,-6.348393203192967,-4.7055201468351635,9.986995218215458,59.37853914927267,8.607268578506826,3.12135331224577,243.75856199608955,15.860136026008615,393.55914421330044,8.372537225946397,0
-5.7750232794226655,16.0221128495957,3.062531519147908,0.1005148448641334,0.30110053986146845,6.163160097575917,21.716319968595474,5.308321107906059,6.259762614187258,238.7684949418765,16.8423008221163,397.0262964891255,4.134746372852744,1
,17.444810747076325,5.398992614394852,-0.8797431810653423,0.6540102519620081,7.357234297961723,25.27763916299282,16.785655466554076,4.6837534845132,248.18822878596464,19.98142165517231,398.7907323689544,2.623178344938405,1
-1.867890617171182,74.71727847339172,-0.2878502091608768,1.3660347421472117,-8.214032024237516,7.728874557740253,52.552641205959404,5.609482074681919,-0.11249536744236721,464.4392610914053,27.685972301935333,407.0399709843993,17.92696091219127,0
-2.5424013929733675,91.33718051399086,3.04009488139008,-0.051755072414352246,-3.2574986379180046,11.226401872497274,19.239753118553505,6.412056342561051,12.401649289500103,224.27155295818795,20.241944928984328,396.6890262446506,6.774218419235141,1
-1.0800190049067349,85.20456823420865,6.520503827706135,-5.814397119726523,2.039055574941874,6.713872807452756,39.44950786767859,2.0878278216850923,0.5932824815579347,313.39037304340724,20.51325689449707,399.550392601701,10.913989458713134,1
5.994085244937583,96.93785889028115,1.0105752807165838,-5.049557195428662,1.9592349175829755,12.456647981207745,37.36343082611837,13.909166276978974,8.103009201799637,263.96394751955455,14.300583751595502,386.1540931752394,3.106681146575331,1
-3.3088744627729727,28.600738256079854,4.3424572051843615,0.1176943023398909,-4.161699665599042,7.3826513590396985,36.5048373876272,11.687782369485177,-1.6744571307828586,282.3092680605907,16.86880854732513,388.74040002888466,6.292883415198412,1
3.976393418365923,27.95765068920379,0.6715321477282927,4.115123678982037,1.0867922019989398,8.42373708987813,42.66491589832109,16.603222144465782,13.105883531123716,281.3359367441584,22.31594492894046,401.8152600108664,9.900182114242543,0
-6.582159086463219,24.36140677031193,4.2128293857907675,-8.856749484172012,4.542628901441889,2.407949633851014,71.51391524316692,1.6673065911274962,13.875054978618326,281.79673233066484,20.384963298402283,396.71926156542645,16.717590302028384,0
-1.1678301199430994,22.388335421341154,-1.2411770388861108,1.3829063192063198,3.5612918359635928,14.600636042819335,90.7740555727251,12.651183229916438,8.119335148506552,290.63558867044526,14.009485405001001,360.5235416605406,8.559137511610084,0
0.7612822604200223,27.193711683319197,1.478488053124691,4.758488021150573,0.07185685194426178,8.335299692819866,75.8529858191784,7.50604207346451,10.235084138951034,272.7506120259759,18.387721506297606,399.59609280926475,9.674224534953499,1
2.4713893254371126,25.75189434994442,6.037144184436541,-0.6121035048248524,-1.4189052532971695,9.613989701380397,45.765282915409934,11.205300867200545,10.23406072643025,279.98904795140567,19.368411906073785,403.2526575785151,9.418017751308678,1
2.86441631917142,11.70749096233981,6.656052790965584,2.200809984105763,-2.1012779373380175,0.6712567551538342,55.43593388236711,2.631791435582115,0.428865721437103,226.9251548366382,16.558168531886086,385.2563696555208,3.815450928185215,1
3.209228940799701,79.72807897606238,14.606843444918013,-2.8122763235912087,2.2692791316386285,2.999191907683596,15.711046081829974,12.48382729066119,6.1884892217573615,339.36352829396657,22.02694237816851,402.97755070258205,-3.668423010616266,1
-1.3511102889937503,81.04814324829752,1.0236596597163974,-0.4774647971075073,1.178415892571552,10.738534751674923,34.22472482089497,9.757567005327322,0.7654781205097785,332.57606020264313,18.019356147608868,385.8121774774963,9.694105152486587,0
-1.7915171706582687,8.901220854048985,11.81120062658176,-6.483654073232606,2.9266160244088013,7.025564473170419,25.610577670462245,6.34235986085513,1.5649723054186957,344.83232807130094,24.39269967155459,399.9619957802136,13.890851933096279,1
3.567443525028615,13.259373571349773,7.045009921606592,-9.377373233675495,0.936495252484608,-2.061118939315704,36.517137633102145,9.078450750644485,8.507772572849195,345.26981826427146,19.953701046608636,396.865405495951,19.78873866696558,0
-0.6370572995264596,6.6807100589688435,5.465009413014497,3.771063204901101,3.6840558013897673,10.038159715935276,33.178633123853864,3.4360187958310036,7.898630762800811,348.38450098362244,19.22555134570031,387.5001151390215,10.211504842680384,0
-5.0144852933516875,5.3447444000486835,12.540377806904608,-3.9399797108977674,0.7913701318308006,4.241868782589107,9.63341213057626,2.9695396576732027,1.1744979915368297,312.3580080112903,15.453608729559003,385.51455130895914,14.56802265536899,1
-4.374388856013923,4.991799940237727,11.057665934719838,-1.822111380013722,3.5517548645267456,11.606267943506849,18.02719370804328,3.433521545498415,1.0656946259958375,306.55420672511684,19.247718132786265,381.5433589966082,9.708235668173021,1
-3.5861691440064454,-1.010069337211859,11.251582902448874,-5.545769013080773,3.8962910814665555,5.713657285585202,2.6259805626464967,-2.123611446761112,1.4176135901693114,302.8408467879482,19.25221570270176,392.3655480152863,9.333214206571125,1
2.184032976215056,1.4538173513562926,9.176667348693323,-5.639878812335503,-2.8051065208992543,7.06382674408212,2.9481039014392776,8.734333976813469,6.930558265861963,308.1483377683928,13.731544463863067,379.5093105482385,,1
0.648662944282261,-9.6396878631995,7.237561360804597,-0.6953508003784654,-6.795576187482983,10.988818314366593,,9.017874456730265,1.0000608767584116,395.20698921254854,16.54189012091842,393.27329555064375,4.721604642863406,1
2.857061416271073,-4.6253906410613315,6.655499189911674,-2.918308776542586,6.610971424058214,2.6960281165813504,49.86192966599077,1.6972234009446336,6.42685055614381,393.8666500160439,17.40686960593455,375.7844409791159,6.229963532477454,1
-1.6074805853461371,-1.1751156806085192,15.442979533124909,1.5118839919787939,1.4636349228490468,2.3076127686642414,80.9639296966482,5.445012063779275,7.987387242537178,390.96036451217424,20.353918176222884,376.42745608934825,3.727884211502751,0
0.7212287643068569,-4.288532085707437,11.723199639657146,1.8101536759183676,-6.420943581984486,5.354006318407571,48.918117683085796,3.0283381014830546,4.6470181988276,391.7394864219984,20.545400447942825,393.95901567778515,15.418369039787645,0
2.558821575869347,2.857585930522635,10.445644401375333,1.2833985852984287,-2.4182779888748445,9.54069119848489,54.849163044145456,6.327195848324122,9.04025478745971,394.4142193755029,16.37472607213918,390.9183234169098,9.773470243447935,0
-1.1535161588809535,7.989186122991976,12.864022506892614,0.9544031637137748,3.5244971694793135,0.550490989546037,39.59525554392991,1.9922910351558833,3.78275932204083,393.2888409291965,20.575478410167538,388.1084966815946,,0
1.8682309502296457,20.293541122282793,8.03972901166251,6.311072819727545,-0.692707324531572,0.05486160044361377,30.832996599172578,1.8669993756494563,3.1445775960243423,282.25294610949885,18.271684282605932,390.84042237115625,0.570113273549298,1
-2.603083764266605,21.65014638365923,5.581455772105593,-4.270375076179544,-1.6222456772765084,9.913883708175169,69.78707615896715,9.60899954409497,0.09101507547257404,276.20239269670384,7.521519900580174,392.24612903281064,6.402562253854867,1
-1.4156253862602872,25.94179347323972,2.235780253436131,-0.219739464811671,6.029527441251867,3.8900867497319846,28.903477114642097,5.14521765950203,8.068709390480821,268.42533479190104,17.06119187219383,390.5280981948794,13.77396924223897,1
-1.4914415759933164,31.444464593998482,9.7651718225958,4.530759282078355,-3.763148585535242,4.598095948318868,41.705029557169155,13.489135803413902,0.9339182120845186,276.82435290164216,23.315954560569516,390.8167596782241,15.88511540329087,1
-4.732768582356159,-4.889497250159613,10.806742011926527,5.058159237352146,-2.7436134310193356,-1.0382416077606633,49.33419604654482,4.96463985917656,4.399087270860237,245.11256140911433,11.772776973489282,398.4736632207221,2.976532496791666,1
2.005239923142327,0.9961444892277679,6.4682266212914135,-5.6870545973782916,1.2945459001930701,3.9140827425920715,56.842053226338976,0.7333878385980315,2.714735731496261,244.57820204851214,18.95076480166216,386.57898686703055,5.112208016094871,1
-1.8257293608108955,7.285195403252435,8.384654045376362,-1.2494217666234797,2.010819728215529,5.984730813475397,47.85060993803605,9.334963505743755,-1.2111322524466503,253.07809871723674,24.84104485674115,399.09851383710213,8.722568919625205,1
0.12148647491074972,-6.607036592717069,9.457839987255245,5.432484383469042,2.434372137362926,9.84251143049157,58.98444732356979,6.270800656584079,0.563587424706717,244.5458297628434,15.457548187958077,397.55441577608,,1
1.9795866356236358,-5.124276827383328,7.930397265618055,2.032316420796261,4.133952178275788,3.9220793350614445,87.27057708529544,6.329191454785694,7.531488956162936,273.5236938527968,17.808596321710745,394.70736350062515,6.646374189175707,1
1.8391447041197764,-1.694426425843353,5.866396708450495,0.781052125919091,1.2833144827260674,13.708504480929985,65.32646666271022,8.176902715471675,2.806630170537922,269.9240696012765,12.583934971088315,395.36991205606404,3.1537226904806603,1
2.708380435891145,-2.082353651421644,5.8033881882995315,-0.870738773738627,2.4465357557536365,3.678775903280797,65.92926761509008,0.48111482461682176,-2.0366013654673676,269.8307810973096,24.30892456665429,384.38079529738786,9.100292322364076,1
-0.35462193803769443,3.2504051510145784,5.488642293386011,-1.5352037028309817,-0.5478370372603328,3.6726327936593015,75.5515655808896,2.5830867640588497,3.221313149394767,266.6584788446078,17.466669492013544,392.2209513748517,6.290325514369165,1
-1.651163248176615,,10.650649301811825,1.1528762523612968,0.714793212946857,12.591430207591209,50.69542238925456,2.980100674048827,3.4155438736218198,269.7648693936769,18.386507371176073,395.0395398965213,14.616984377499588,1
-0.2901228436255962,20.900151761431488,17.842892627438342,-1.0094964999379334,0.8941367202145377,7.056840609455669,30.37882370255652,-1.4970861476624733,17.816185608976724,266.9396154924103,23.61720186202249,397.0049903809127,8.397838060064153,1
-6.70639773583212,30.061641611603243,9.616744115493784,-0.17031448417777673,1.3243925432761443,4.040901083953694,79.97367074114403,2.5606393993670262,5.140495365369089,270.6800972570183,20.845913578581925,398.4155076480807,13.269293683665751,0
-5.666409889692349,-2.310155549422602,-0.28839782050021956,0.3143948244601495,3.535159230331043,6.004467475277626,55.12127428771119,8.840717831507297,0.47750061173454195,275.05500146950527,14.497485070013042,358.9569669729223,-4.0176699121315895,1
-5.17575844941761,5.097788867764956,8.10426027123235,-2.7122861139739967,2.665582727779324,11.575294310168237,69.80732839597138,4.444552415175388,7.680111671148417,272.2214882672336,15.410888303650736,390.7726252109373,11.072845284684757,1
-3.868157310405927,-2.5103501457476787,6.25088065077679,2.1285174955257533,0.6218680116007325,13.933811278502727,73.50558996148256,-1.889045311379951,-5.364144669171382,279.9675773588024,19.979725218093193,398.04477977021725,12.542843836236138,1
1.6809669068937465,-2.546461132408943,8.839593158743451,11.656978593661679,-2.7915039397641594,4.552827282918976,34.79397321393554,-2.72815764665974,2.37728062552439,277.7073619200857,15.50351577974824,397.538127973241,8.874516280146738,1
-3.553316221440243,2.1645264432181257,1.8033024652508312,-7.107946557304301,0.7156850322508381,7.246264759683568,58.000282579591385,10.154304234993086,9.97771397872429,274.207749063431,9.531026751517892,396.5180077067614,-1.1983583436812122,1
-1.3639902161575588,3.0517059293477464,3.9510046348929304,1.2960500967599196,0.40792886041702425,7.0876273106702925,84.96309970066623,2.41652395897948,4.5352028625609835,384.58197218814126,20.687036805443686,396.0303795633267,8.166296669265623,1
5.311233191144262,1.7923974557448143,7.59825121171863,-3.0407603544756223,1.2927263192527936,2.8360395579336095,75.56274069888019,0.26645917719353074,-1.933204178592315,383.66470991399217,14.97914935550076,394.8353157493435,2.8639221363251144,1
-1.1962958842457037,-6.742389269539233,8.968125188962297,2.309610310077,9.346101228561608,6.182259789400023,87.54973541690936,1.6187329404119877,3.4163281423576093,380.5296362509469,27.365127014254902,68.21296433408172,17.474406241451483,0
3.161672273868346,2.1521377597130043,8.87595486536004,0.18622989331144368,-1.5750911141649415,6.158291441806801,,-3.194531017269328,10.818072163836147,384.28198491608464,21.60715055105261,396.56151866767044,14.417113129103633,0
-3.594870720039508,-4.137232206697596,13.094721915026806,3.047419096169854,2.209156076501438,10.727837915746942,89.24301721372643,8.11338059804648,6.504278385283085,381.5159529807705,17.2792997730257,390.4690962233192,9.258817761074257,0
-0.6891302314705201,0.941104446353054,7.114918299986218,4.702026306035118,4.793848268977193,10.680700113244804,108.82704966044254,0.5346882496558816,1.644575561949929,380.2202646575196,18.105470341350184,395.59458760396876,16.606631774163155,0
-3.628888219642325,-5.694937741596241,9.968137887211697,0.7696844710727253,0.9120076563975316,4.519162406563968,90.98988233854712,7.680606110953688,2.259028771283904,377.5089306789339,13.342409648504317,395.7830214860402,8.230537883726065,0
-1.22496230360225,1.7852885901722546,4.605491402261576,4.528209153656713,9.87138047668866,5.271187424556753,86.22077340702407,2.3290068577892606,2.7611989154007466,382.5655705858455,16.502152452877983,386.4742612939194,9.750154786173693,0
3.489252549829582,-3.2263956172294903,10.361269112175252,-9.37719157515471,-0.9921571669259068,9.131169208222543,95.50888834423917,8.15102789827376,6.444791536215985,386.26788263833487,24.965292810162794,393.92742867141334,12.415774903305238,0
-6.645651692769395,-5.130538601042087,8.572434200742547,6.361809191664093,1.8163568892801882,3.888246204291954,92.68930224024122,3.5718779961723417,10.352784531754612,381.2213625864846,29.827144581969563,389.1975160303373,18.93270147381329,0
1.8456245741834294,2.855280545929598,5.560746646861931,1.5002486075693604,-2.675222979571928,8.549560606949612,57.742459711544974,6.190730651476304,9.209692051196683,394.08283476863187,23.80558605279583,386.906795311644,5.234743517610637,1
1.0517824093291115,0.9665780867070052,9.06668255130059,4.3113734229807275,-0.8590989405731725,6.363374050523141,81.14433442778765,5.553872184353347,7.824048728436514,435.5427426146109,17.431829845515885,397.1215803806467,8.635378769190282,1
-2.2533098227871777,-2.4559072055715885,9.273297013939112,-4.8795029793660865,1.5427356415866318,2.0354056890455174,100.0068793884705,4.846564265007883,0.6734209597700671,437.2173205306419,16.072162497384333,395.87618730111325,20.24874295407529,0
-5.562111417553818,5.804715396084257,8.929379482651616,-3.323079526421343,3.932216249230919,2.2646531484814134,96.35659713853384,3.9397379087308426,0.688269944026235,435.180972048295,13.974016745694552,400.29868100979394,11.284186702506911,0
0.43082803085547805,-1.7626096862789697,17.095364969070733,0.5837531765790965,1.823379336094297,12.042234784124407,85.2819415444408,1.3250971355376604,8.133008084855053,439.4114598997543,26.03906359735896,386.6141723907728,11.366731339136692,0
,0.12843069588373865,9.616215990768481,-0.06815155734985207,5.5834593973389435,5.302314083426806,84.56400922194513,10.12483876629144,0.6181156082684227,428.85199206610986,17.0450051925425,352.4915345019067,16.023898012424013,0
1.0622848454188158,1.0756537907144037,9.034415559290649,1.1322743520399583,0.16713875762931307,12.737416375593245,74.17399629820154,-0.8976479403836026,5.097731915725583,421.7570504573655,26.262519320250018,391.78105620860146,,0
0.2383885820937715,-2.4786637365144544,1.6201961695594331,4.3380606437198646,-0.7816741193560214,3.9664549571403596,82.06389111676253,2.7646305693726387,7.216601784744708,430.21549756658845,23.374078038440246,391.0095614312212,9.37945522755345,0
6.537695565283662,,6.4331705920820905,-7.060881261211397,11.362940429117547,7.0368208045259735,70.66704108265084,2.5370435008303818,1.4496240185492448,434.23287430219017,10.836814274614905,334.65526032062934,14.683597606499719,0
-0.8126625098920971,-2.133809388658898,8.95770630217459,,2.1239505977681232,15.301706892072966,62.09410236740655,4.368963013374086,1.902950662564546,432.6060678869919,15.136190416962833,384.5643103870814,17.029839012658755,0
-4.0249999704874595,-1.6465532888648369,22.90658929529343,0.03312763983170807,-2.2969261839141906,1.6404530213468833,80.38705351902675,0.5398094164219953,1.6235157417287254,189.10189044387113,16.423819503304713,395.28051156957247,9.06460532780262,1
0.7887525398252646,5.450570559213364,31.176830373511187,-0.815127444498191,-2.1960550489922754,-1.5872579995991067,83.04609099928385,3.4563852223583513,4.014601150096215,193.28364001067948,18.780614543577045,383.15426956307465,13.386467173796564,0
0.9729767358870607,-4.162344210049732,24.990248898415125,-5.884460937539561,-3.189719658125362,11.107360525148934,87.07205831687493,1.4115296591881354,6.246075081655027,189.52823029785,18.85874298754499,380.492980651539,16.107099956637956,0
5.587130300961746,-9.65112132371796,,2.01219467350746,4.327277423427152,2.5487635784277054,94.20711416106971,-4.383410069751597,4.428213739082207,191.19565171036407,31.084956381592573,366.72564476889687,24.8543527491796,0
3.438934983658314,6.443747980047577,25.896818536201472,-9.656431404124149,-0.8765091715729674,5.796174543575065,95.59372864209514,2.044509145027386,2.2946263799687783,184.24174903258896,14.791088502100965,386.62507072623646,20.97362579585135,0
1.5965042365980373,10.197311810428012,25.798911345686307,2.5935760449548506,1.0904499026259424,3.6423271581936603,90.58666813046595,-2.409361332120607,-0.9847790142281974,183.61842524313585,20.01587974265756,383.61312335391335,17.02664594032869,1
6.240561564878247,-1.6210770617973274,25.294814209149994,-5.968423341891968,0.3269653022469251,6.685651123821264,,-5.180343049795604,-2.283627983378077,194.45645569209796,21.566030969871214,358.2138966750934,24.265270765885298,0
-4.495902217291404,-7.747352162480741,21.905185006485837,0.21383165046989613,3.5499696317637386,1.890855171257031,98.7064582071061,2.33579328275754,1.9564916466834097,437.4036061405883,21.193711982123215,397.8590363217443,17.73679681330885,0
-2.233576130998991,-1.241935904783775,28.765180012199437,-0.4766753493116817,-2.7629763715360802,5.711239648466775,96.22055877345068,3.764033368078266,5.639742339922268,434.5070832662155,21.64072231112543,399.5356423379235,21.351766456402096,0
-2.8250537656220995,-1.1448917993626768,12.611557092995128,4.678152589175535,-3.678289144572062,7.436261306226136,96.06176177400619,4.086692168418305,5.346494826509371,434.51442202581154,17.020764422773652,405.70441255501834,15.014537204810779,0
-1.2191792126230718,-0.7596953640890282,13.883817022245285,-0.7146206760555607,1.521189228726377,2.4247644549029523,95.39576214355769,4.387182828078776,-4.39960794290049,434.403507513447,21.625944778410727,396.0348890412761,13.18066712158805,0
-4.313804590225235,-4.453552167687393,19.717316675775546,-2.7765542445826625,3.027837138799588,3.525663881416444,95.22142806794396,-5.459356083762442,0.8572918869299881,434.16416391581663,23.245595984697488,395.31187680168506,11.487357292245486,0
3.130653787257617,2.3182445699059095,21.948111527750275,-2.026410783884812,1.9541292523905631,4.9824686656058725,94.22916410199896,-3.116667711629878,8.818030206424623,431.86740878958534,22.510402337084514,383.3127804661608,10.867979936652892,1
-0.5590707883950935,,,5.091531075018654,-2.6138149163893103,0.10673826309488721,90.64644458160693,10.363985747254684,4.316860191216557,430.99831839111795,23.480803615648366,381.30201529123747,8.507369511002397,0
-4.907055178010632,-5.977622479277226,23.7823487921099,2.1451878767235746,3.3339393683655754,4.066756068805014,102.65683795543204,-1.8428350403081444,-1.6680356524119437,436.21998248938235,26.850431602544926,261.6456169087752,22.953051417248815,0
-3.504536324830166,2.7967869267795513,20.35301634847772,-1.5425199260926452,-2.351443708382537,6.810186159611607,100.95444680391556,4.554064124546756,13.423284726392605,434.6282965187184,24.947866167657367,399.2483733553095,13.862592396447267,0
1.5766953898007812,8.210739927783564,25.96617477296705,-0.9457856798580537,-1.4621545791455333,4.343804233646287,97.40666147991251,-0.7808504866633841,3.8842330707409416,441.4286371417732,21.485178453989747,380.6453366906243,21.00428788061413,0
3.7048362715775243,0.6878413297482394,26.010781612610923,-6.268708362341788,-3.151814098888009,5.368494028273101,98.55725226409719,2.168490957070258,5.537335837253632,438.1723066130677,16.51296659246689,394.16123202624163,12.104493567809955,0
8.236723566767147,-1.3493006482740242,22.626231325086263,1.553896803406164,5.828633394608123,5.777393316373659,,-0.8644168090943762,5.598099024180538,438.06127072031194,18.799978901155523,388.0602622247347,18.81798139241696,0
12.199969864029319,-0.5680128576300852,25.740630289947365,-7.039262830781863,3.1576861641093967,3.528026150270744,90.85484238142982,3.914864618478579,2.5296181353592555,434.0275183697822,20.32147539233034,397.80749207205093,23.312493001861867,0
1.9485377331039855,2.461027067874245,22.980581053728514,3.0071858633418245,3.0439735027154935,8.93825026346751,97.05235007218141,2.1589964692667962,1.089705272714423,436.5158863368801,22.20938332536579,392.13125482078146,28.135538413911696,0
-2.3295124801274563,-6.922686422028873,19.644067892868467,0.5144863699650634,5.612845684569801,10.762912499207104,100.70847932002012,-0.35375909457693444,12.486699940263762,438.44400441452575,19.28666895400242,398.6228770258799,35.244663595855926,0
-5.207135122925237,0.657562811909209,22.37126735600002,10.54780719829569,12.121596992954894,3.5454784312182057,102.50843840059666,-2.8790884787228412,9.012823478471002,405.8647829588507,10.957067203262593,397.5669406785334,29.86460219922528,0
5.168245849375344,-1.5618557978512404,20.02245249031471,-4.400542214897223,-5.9659044156406225,7.408792925910828,101.52009319619445,2.4828967899700443,8.287748804434706,402.62443269392656,9.94720524351865,393.71216938687513,25.2657888789744,0
-0.4720243812413041,7.391300051824182,19.585359387017945,-0.41064836416253175,-2.0825063235084325,3.944531378261412,93.85177938185245,-3.50497519617036,7.305156766872843,407.3164951172968,8.095288963777875,400.36872725644804,29.25652948912444,0
0.7179109592812587,-0.6966909352198315,25.471814288758296,7.193150803692251,-1.5937003366980953,7.591949380154019,94.00784089843582,3.1290241684833537,0.9867304385532618,403.03195723563175,13.760197184901724,160.38238072502327,25.153502430144723,0
-0.29333719623923216,,9.776511485839652,4.7655585611656575,-2.5322784895307713,11.891118124813017,97.15178333526815,12.0225396361476,10.110120766961096,406.17138847407074,8.82133823171878,170.8013828354606,20.266259797201037,0
1.805456454334459,-4.414962791128029,,-2.784848206319599,-3.4393329904148504,6.960638172072395,97.95966912509165,6.861480205048048,1.6274693679530028,401.0405911656434,10.69789726337043,401.9912879237784,26.75634667533059,0
6.594910923150574,2.349036667211169,,0.895869713493791,-0.3276122562214625,-1.9076581552387228,96.56036566070158,4.402991547576652,6.133147192602583,395.7496465337254,13.124392508622789,350.95650645067263,34.26062537975141,0
3.3621642697813785,1.2776010551649153,18.126957409724774,0.007997425660348932,-3.9954148611576197,7.412982525787836,89.42823089047255,1.1832708090354094,-1.5575596218582755,404.0734359520741,9.356330762434265,350.88452218119454,20.1866633267207,0
1.0220606518452469,-3.4761889914591295,18.56156732093588,1.1278234695766287,2.2111694701496525,11.053454973236036,,-6.137010508014101,-3.1634354025900784,405.9012962525865,16.219008753994785,372.7683560395011,14.182034256065338,1
-2.6462950113032466,0.7095844585477618,13.550697408907808,-2.794721743939319,1.0777932857144585,4.5176153200075895,97.10705725623664,-3.6975455836007374,6.2731648106124585,405.30138932723025,17.66089225442275,339.7496687437737,16.314912082617337,0
-5.572151778817428,4.850075347326402,15.639367870756693,,2.7951146590546214,8.994539224471328,86.57077975893274,6.741371424410854,1.7636029312203676,404.68874664574975,12.502291920898404,347.4254969702359,12.215457684758327,0
0.20394836370667635,-1.2951668171464028,16.136633285905717,-6.392209501106855,2.90191380655301,2.948537835392216,93.05179667658939,-1.5358243204991193,-2.9566702851890927,401.60565213618,12.951890769559991,263.8398040574212,14.598366742858758,0
1.198719796726718,-6.767850596679053,29.409696368303564,1.5404938074723282,3.283027413706706,0.18684336191090445,90.31179293543947,-1.0476083926561865,7.162438011788302,399.77301499421765,16.84971908055631,321.62920149018925,14.999906208766113,0
10.606729654319532,-0.07025130590978364,26.786967790988584,2.800082693687328,-0.6226357472955293,6.716676075330561,,1.0828980972639144,13.480323084203157,405.2069130761751,11.844019611061283,91.19909024467712,18.595273414230334,0
2.9677780858915437,-3.6096923791700504,17.933002329261402,-0.909677650575536,9.35557361053467,-1.7539068829852562,94.34501534490002,-2.511785035386219,10.558241034320247,404.7057896647931,11.56906435361082,88.69700283628697,13.488591111453179,0
5.15453804409223,,18.1256668387728,-6.460203562339151,1.542724465928391,5.983915948425633,92.67762264098604,-3.029774938206545,3.9707284589373097,400.75640363662467,19.485993912745162,376.14945795529405,4.085051970906941,1
-0.6543423941566082,-0.3263510787404839,14.983184011246822,3.9541274514058498,-6.84493901049918,11.213369050582012,99.53678596011294,1.5554037088743127,5.035381226787782,407.4376967567682,18.236750954851146,354.49538773462695,6.471146909349901,1
-3.3147550656680984,-6.822608864062069,11.947478347098931,1.4581001519712091,-3.13850298306487,-1.1290516229851235,104.23421126456726,-1.800217818688145,8.550825027135653,399.4685379418096,17.106200009375677,365.0911283939588,10.848340782110625,1
-2.5870070489294874,-6.462633357282712,19.1124792543659,-1.9040603908039073,-6.357011956111263,1.1320128163444085,87.39288105034595,-1.1656743191155794,9.488512079339628,400.66590648483583,18.40257848557637,332.0781278017069,5.100618504514253,1
-1.437544258143013,1.928267342102101,15.588592067023896,-1.1224017873522558,0.6743385166052293,3.3608710193536897,89.97421696635784,-1.1538641045880238,3.6258571246972053,409.54570084936665,6.790885098530548,372.25619869078633,8.963196377974889,1
10.347648929740657,-2.0908747846787215,19.24059787335196,-5.002677611127355,0.11777910378666545,7.54872056115616,102.2990269350031,4.130140855337874,5.136710862898298,406.47432775093563,20.11534218717243,394.19951072719925,1.2938456891396195,1
-1.7665267168975445,-10.258977367282268,13.17917660382609,-3.1016405111116176,-1.2687027915978313,6.912132857415163,,1.233497238018571,6.202459227058146,401.56796277643593,16.268248466334967,383.1081725985605,2.36926544637888,1
5.59631681494538,3.1393761464325403,16.532102166758968,-2.151245385428558,8.648704449602057,11.45054552678435,89.50532123656632,1.7077121284245855,7.215505281115327,404.1495228385742,18.743125536022937,386.4797713027922,10.955871513529074,1
-0.6877087123481056,1.0894790210969594,20.17450838121132,4.913683249120605,2.8009314963076433,9.918393316366789,97.65398325722589,4.6711835892355325,4.467694231954932,403.61916897809533,16.24864711646545,240.2892618847503,4.54343428536796,1
5.736482051496976,-2.855499296145936,21.044838391135748,-2.5580135635499026,3.5093934457853377,9.910091784274393,94.97519168411381,1.4777415670682394,4.519659019725023,392.0175445400905,14.895699298720624,374.78297802989994,-0.44690738703473976,1
3.3400838644234527,,21.249887834968057,2.560854637315035,-3.119293951768413,6.459521257375539,83.61798010082228,1.3128849261713085,10.519329319017553,399.3741042021065,13.59876315055178,227.7795249147845,10.017332441043628,1
1.673848409367638,3.3432315852573486,14.298044063371849,-2.153264811446319,-3.391579565324049,7.891919107939309,97.8158615645088,3.9818014222806832,9.838082809771546,402.79661353156285,16.16857750754482,295.7455015894946,15.643319395400518,1
2.286479895458264,1.3974024902417184,22.998742920542245,0.9917902434074994,0.752221996387819,2.9540705787465003,93.82862138836066,4.935291374230524,6.909642293744353,401.57355409376277,13.453008364381791,322.6060482490361,11.18749576255196,1
-1.4117307817175617,9.530409130736293,16.3791532135926,-0.5655820085752087,1.2970285586089032,9.303841414226449,96.51876212239011,1.8376060019655833,11.876436280091713,403.98841025932165,18.17150440026045,294.0990164908088,12.491423241537174,0
4.098188805928322,1.6807543948997494,22.111431658429225,3.4922264003709738,-6.8202462684578276,1.4318229825631956,98.58179805538416,2.7111311024820863,3.454216951094332,407.51792925179166,8.354173421791199,350.7751004355322,16.93613898242638,0
-1.68079392136312,1.5508125650480593,4.007445293527227,-2.1392453528742315,-0.21122809139813625,8.913507975608923,92.5835312840099,-0.5310609189333122,11.491893794517523,294.7138568613843,14.43369655282289,389.7730700035956,20.894708531569044,1
-4.810643055068993,-0.6677117204342605,,-6.290113000009764,0.5662883314940192,11.160570008475325,,-0.7964321726581018,7.1700617741422015,291.76938081550855,24.779292993906587,400.03812979478886,14.06152984363104,1
-5.027280297278478,3.267103468803164,2.7852091816752482,-5.527796125454531,-0.35059666308451576,6.702458408352348,68.86482426712648,5.778490007867231,18.084104488858358,297.2994066340442,14.095678145710432,396.29278210356847,6.2276400110593695,1
0.756991670888478,2.500340804992615,5.51145496825507,-2.1275099757710296,-2.743561649386706,5.841147764152097,32.85393728158145,4.9120682501784865,0.2300722928700889,294.69350666572876,15.64526510774609,395.4892637701894,3.3490055192253774,1
6.38658502564174,5.00690003426078,6.501861521898396,-4.996239882712211,-1.64814072768456,7.621239633238693,50.01659256655914,5.3760937536663045,2.242618991130634,295.3757459967124,13.069676266599696,395.56410036733337,17.364944281258875,1
0.694216454293753,-2.085291674549139,,1.6408480627182052,-0.19743677429118411,-5.131073480402692,69.29928322222331,4.440917394902089,6.675191312802191,294.83290512338766,17.9433826915433,398.2147308352453,7.254558768000088,1
-0.4081333044395302,-1.7416298917758493,10.177115562404211,-1.8630726594323113,0.8732000944401911,8.069032873941845,78.46790819295143,3.100113103259814,6.588936211915968,304.96735120004394,13.654940439431222,393.35288359480694,5.849491740415686,1
1.2011045584101716,-1.9164126836479205,6.490043083946236,9.498426200105726,2.907166330202272,6.526584008640772,60.26531508868167,5.6146475632910775,10.800555936700075,184.03718295600822,17.0575562607718,400.3738892860048,7.913391845323349,1
5.289886966827299,3.1632068847159567,1.4333835344009886,-6.950858380548528,4.811424819803484,7.562487547772036,78.0322997054682,6.4814350440911355,0.32650126680186453,191.4466643874694,21.195466144140283,388.2849689235043,11.589196269432449,1
0.9464100054554254,5.993497761186928,5.4604872485477784,0.8145327148392049,-0.6893908941089992,8.97013005159131,67.033051301922,6.242812020762591,6.619674074775537,192.98524389740643,15.004946324740738,390.8957622655139,7.164201716286941,1
-1.5526789233349487,-1.8353619725972026,10.195173940752747,-4.511812094022676,-1.3366247844614314,6.855924313741089,101.13637232319093,2.2974883362160528,7.649852018727983,189.8754300308689,20.954444477060886,391.1759683992409,5.697759834479726,1
,-1.699094911172365,10.301938403132109,-1.9736053615307143,2.238622694137225,2.0021725733953675,99.60733587819763,8.394970919635352,5.81859132888259,196.59930332851314,21.088917262241427,396.3807193133098,9.386240276868234,1
1.798105753846454,1.2563088954791968,-2.45199952328999,0.5656778933621767,2.931379665643417,5.038389316698488,95.50793906890587,3.9017427269292844,-0.8439853676972802,196.25303071487855,22.019824378877175,392.5525476932327,9.338851416160587,1
6.203493967983968,-0.9830460000516057,-1.2461324446286026,-9.301485499497147,-1.2488017330355423,6.423221936323298,69.14148552641035,5.809204770263194,8.631035221016791,192.80898152604584,18.36216397967216,388.4087266129154,13.19938182970456,1
0.7889577488876245,,8.399675146935405,0.9473044671521099,3.649573907864689,8.290735646324052,46.95398032104596,4.327551563339519,7.917299725261655,191.91730497862522,30.765036307907145,397.0984232458241,-0.007558612202861248,1
-4.819126126882001,35.99289083752382,-0.793124203350549,7.611629849096671,4.355341364623892,7.429677469140272,33.7235181953299,4.7766268299366965,7.39833807916151,397.5521726630734,19.418134786168327,398.46398119432143,2.745678012292756,1
-5.34684679698266,41.693179812332424,-1.850164533166716,-1.8137531934743714,5.6037458626346925,10.713476179674213,30.120328175471034,1.6236920389987213,5.817390748835816,397.5808533854088,16.499510497627305,379.3504595668248,2.307599690078783,1
6.687411728924999,41.870334664154214,1.4952234772038124,1.039231427222038,7.55028362687929,2.8408617878634095,36.53208476908008,7.372103353379304,5.904432040177485,397.68650788749693,11.696302343673059,397.8543044402019,7.298478151517881,1
6.985342883133188,35.71857595045542,5.1209068378983424,4.099686772501597,-3.0286645546377557,7.653801824659399,17.841694886690593,17.860977579630557,4.685056831042489,397.2480035939328,14.811763496503435,374.28867380911265,3.811909485447461,1
,41.14544622252478,3.0304131735556146,-0.6558140001079862,0.4925928373300448,11.898718794472963,30.5490132641253,4.980619700839667,7.563140537010567,399.0097972583696,20.905307907600136,388.9570118465857,2.096327500126376,1
,41.339375536616295,0.8377455183776314,-2.323840754125933,0.48211078647464056,0.23955401225121875,28.762341151445153,6.763778861699793,5.12453941177991,401.01284825931145,22.038138462505074,391.777165476194,3.076218253299837,1
5.867647168968809,59.195581381924676,0.23315015310196419,-9.102945614887009,0.00870572586996965,7.518586723120214,,4.434778942610951,-2.394099901410565,260.0789594096057,21.513316401760918,379.73515169411326,0.4421490869342817,1
-4.413792728173952,64.45186356664105,0.08065174234916528,2.5639628775798933,-2.1960516784405444,4.262485992107827,17.00448951887846,4.267520393752262,-3.194366579310368,260.7973444030674,18.740769226918477,386.3449761585587,6.09521287133564,1
-3.5650980758233057,79.01975739523719,-3.0580385146357703,-0.4526736389155889,-5.520248012924286,6.39215846210758,38.03948273248126,11.82619791247469,0.9918549853908316,248.00592788206592,9.377359174817713,396.4956347095899,7.49554704783324,1
,75.87674511891538,10.646531509104246,-4.050735405552647,0.7747177841160152,3.6677699871423117,29.798846479114502,4.617115929090142,2.888528970197807,332.4655896014304,14.54864727130268,394.5171868983464,3.7631838360479537,1
-1.5317604914383585,79.77218183514589,2.71004428474222,0.5063868411107743,-2.66942263819165,6.428797137198224,40.079044748659825,5.412678106534555,1.8921766542591707,330.00129317276185,7.634390487788009,362.0194790209209,7.7994040267991664,1
0.017192533119714814,84.19669448576539,5.067036217618954,-2.3347214272247254,0.7479739229905,14.639022457707618,36.36107695380402,0.959028705074795,2.861375173154997,331.0210700637311,6.650115226476966,390.81027531805523,8.113761412862278,1
-0.6222715940980503,91.09616473554038,-0.4863098724756949,-2.1137045244621024,-2.7731741667954135,1.917278555291145,17.48317503939981,4.622953101831011,5.003252534184444,396.28200704654614,17.956634738308953,397.4300775433122,-3.55387767532618,1
1.3680781951957341,91.3577004643142,0.7261732912558045,2.425164624434833,-3.9956333833773656,2.45655999008469,18.28931002881147,0.8198004281866096,0.49071629633248426,409.13979249152055,19.092797789079,382.3515367584095,6.59726982639147,1
5.664377445254867,84.73419583709689,-0.8242159254814201,-5.353529645295378,1.3521934415075907,0.9542617193459817,41.36512706794009,8.797218796847716,7.862640673381391,345.5645963674186,18.313508393923218,400.3779673497733,19.837543214979455,1
0.3841096276069822,81.6138555370768,-8.576833339676808,4.189261144295034,1.0186861072259839,14.519673146512403,19.336638408855507,17.468788887349238,0.9291566918101024,348.672823228445,16.688544961544373,394.96006117477646,2.619295115541118,1
2.6108551731074314,97.5899387628379,-2.8320371073914647,-5.590744652473615,2.733227885283732,6.003641177914852,28.59362586636818,3.6512848253979118,2.266292060873964,227.41753864271348,16.826343942970993,393.377936402958,3.3334998651346774,1
-8.18059840412409,94.94541283281882,-4.562474719921578,-2.6508056334210552,9.159555065670501,7.931443758609304,36.35463882696519,-1.549031731960949,5.929544949329809,220.05208097681572,10.761389660030494,395.3651286121018,5.854428000398734,1
-0.058453607720471784,,1.59086488819357,7.691784776266309,1.5981581248433874,4.279868235575041,18.88922754146072,7.545398657718932,-3.346040809500291,274.81470256594935,18.180093261261337,399.2405578298443,17.451330672791848,1
-3.1432310811714843,-4.1403124561625635,5.808564102807589,,2.4293270682565185,2.5483084863876337,53.538167062286156,1.4472001642793724,0.8378622011083228,277.7166870984035,12.57153285746205,394.6526077394637,14.86987137773654,1
-4.623262241694512,-0.04833860315306976,15.889822717526524,0.39041596998176076,-3.8212453154693016,4.842397413542258,73.73298474798891,9.55228772221416,7.924291194767331,288.42989230185884,10.586523482399219,393.87156388942986,,1
-3.376739467715003,-0.8427600574526273,10.412255329182582,-2.762120862004866,-4.658629762145498,15.89697442294624,61.04049023547832,3.1110838088402213,-2.9496877162484427,278.2044989714081,21.5625708393723,391.4739329177118,16.913595350650986,1
-0.9007837628032482,-4.863563696416523,15.752255049284695,-1.117089226799573,6.820317787093335,10.91228368389702,101.34782670424076,1.347737243668877,8.470296787732623,283.4254446025229,15.587502424836167,398.16964179519766,33.377720580966695,0
3.838070169424052,,12.2339303076035,1.2931012583427857,-3.2049191197332147,2.548248728830911,88.7247600859011,3.165269777017254,10.044546265436539,281.8226925807678,22.089994008572216,393.71704035149025,19.75976418703786,1
-4.929790870958256,2.742996141098647,13.720235302860637,1.1500929293583937,-3.6867762858745685,7.994296412246743,83.20053035081713,6.696107043744749,2.5221786487050064,278.4720401459781,23.033390311520158,395.92250833447633,19.361592346913003,0
0.33971597037766976,-1.4038095288719123,6.986412018781699,0.6365162814961486,0.3326043151337881,2.4809089093344947,57.289394719847074,2.7429174769773743,5.16725106970524,273.0432169134773,16.122730701507212,396.18171800332607,17.157318497674456,1
-1.796157733334314,-4.089121126589318,12.685803816770683,-0.12333005633673733,0.12823034649044657,-0.7304705553848834,33.04333831007566,1.958501188825178,8.476348339404106,281.23901444327294,20.9612443782212,383.41320905986834,4.257250994635733,1
-1.0211423774478434,-0.384715747693329,13.504856936297383,-0.8575004388204563,-3.121026025773167,9.490043670658519,14.397507363831272,2.7921735880845127,2.132843247825921,271.0075586334078,15.955373085545435,347.81672976115334,34.48121475707544,1
4.209051301218416,4.5120754293972105,8.283410831065229,-5.7679149425600515,-0.7308928748524001,10.822371386574204,,-1.14202073800354,7.471102082104726,283.4035004947084,11.216484501492705,387.4802282034934,5.646469647888299,1
2.198061748015704,-9.122951381487692,16.128161482464666,-1.0660429686433313,5.467502870600417,10.072209004191597,50.37934255729216,4.7002264091759205,2.3154048194773136,276.800021232873,16.89323761776983,388.0645285494401,13.806974538768092,1
5.4197224297709745,-5.9865547596133055,16.15475103429933,3.658496215947386,-2.6739744353271906,4.762539003121709,88.96451872401641,-3.7258063753796407,3.0895908266672825,265.39910581080727,14.516504481136955,390.7087999892081,6.258879992032609,1
-0.5073327169996019,-3.6915457675810703,11.69178951547967,-4.47333719020447,-5.024689937464687,5.283897063992055,92.31851756135556,1.1128141825379385,1.802654142700105,274.63797561987263,14.639643957651472,396.6762520237583,15.734207769808037,1
-2.669520446682812,5.844715466881316,,0.24177795384288592,4.320374483599169,9.372062214632493,93.7680138296841,6.400840835322973,6.370588796779214,278.61579128369175,24.301372471382102,400.8163333030805,16.44460258344198,1
-0.5373452675219981,1.130347931677186,1.463486672406911,-2.279015715083376,2.476187647752147,8.516984149392428,85.91016228608193,4.073893131730867,12.631876210262199,306.05190450784096,11.296572069069311,393.8439712197009,10.12382865957479,1
1.3776971650848864,3.0692689618449074,6.546022167685847,1.4454017175924454,-1.9750744825946462,4.5894501148118225,97.87720684093476,5.409282291945561,7.263548271531343,309.8600232439743,18.931484541485883,391.5916859592408,19.22319010509712,1
1.329853433814844,-4.560643676504922,7.5080394751572594,-0.5545327242672726,-5.821668064507672,0.402712719527341,74.19374070326721,3.0119173091247635,2.9150033603503873,303.59990332915083,13.420771051420992,387.47807805854353,5.3490881164531086,1
-3.722852288933466,-4.478143501082105,3.0298966781683423,5.909574659898676,-2.4714934257542525,7.073500776568049,79.4502809835753,7.951084723942067,3.669172710852737,301.77607050884956,21.033045637069296,402.3989947329226,0.11319405440225427,1
0.6772891265114969,1.7912548668908417,6.3063413653043945,2.026332616761015,0.28518225260291474,12.582038556944454,78.72979481078926,6.593196787079168,9.578397685482162,306.7142183878096,18.593724944700263,389.55644139451675,-0.8651225340907471,1
1.4398433205556205,0.2330973237417862,8.482148144553943,-5.247212663108845,5.166688359535277,3.934646843863371,78.63127069165216,4.678964016990698,15.376465653577078,307.12626266915964,18.917377396722454,382.1125996408968,5.077836965777512,1
10.452036150135681,2.1949552754565063,8.672762858661203,2.6849120464547944,-3.642327899478628,10.595037526703907,87.82207811435038,6.925883109254173,9.57489999725759,305.6064625957507,13.620441529590959,385.60989413784466,,1
7.91975844512668,-0.7506839637138085,12.407520480489953,-3.098607425048252,0.16592047395410625,8.48916678053477,86.34764190986996,6.2173942176143075,6.452413797394989,311.90916458656875,14.337648346846706,376.57973134281855,4.118594030311196,1
-3.1147834022352803,1.112574905818508,11.307923328792175,-2.3079854855101343,3.204578639579592,10.686593052929334,15.038151357225159,1.6172459466124391,11.064735867401136,303.59917049944374,21.109002029383543,373.5366914931013,,1
,0.6324763396204367,2.194834268973824,1.2552760804284873,-9.021069360487683,10.03990199887603,22.980571276126902,-2.000495646765334,7.042005457653015,308.2526624293294,24.48319088691025,381.9081215922301,0.8899983110870924,1
-5.316768007348013,3.1110695563397015,12.93434483815209,-1.966989678920539,4.639144671755599,3.203139032298588,57.10225845584577,5.352948503370495,6.486859130543174,307.2718798846545,19.321231268896746,387.44063596357336,10.697953108480483,1
-1.8998680558539458,3.2280331277778824,4.0760939817771416,3.571423265291821,-4.225802288825749,0.9441623993402155,76.74428319806064,5.855856923325715,4.166163577218946,300.77313619145565,13.810317116914268,376.9614227290058,0.9316931186509922,1
1.8377100143613618,-6.4794879775670795,10.379491249817711,-3.0980402460535816,1.8349819738277384,6.2029218972684825,72.04783085629518,8.200287964554262,13.633795376985423,301.72387926532593,18.75575408984827,382.8075620829536,6.433046938271424,1
5.154884483552935,-8.989074221363422,6.471946504204356,-2.475786210365453,1.4937325984429761,11.80350927010803,,-0.09338510018117407,-2.1568316699826546,307.04764406499453,27.109888177350435,380.5914748106861,12.34004245617827,1
-2.4684253509744343,4.006981590606029,4.55140248617213,-1.6254835741924354,4.8453455658553795,4.557984385896116,70.82580187851413,0.02617576289134682,11.191436801117078,314.92479999474784,17.809691242875644,358.3199651239386,1.0027321562552096,1
-2.2861357602711863,4.750900373047746,-1.030787439099731,-2.2625549934201556,2.7106975235741615,3.3098267045694327,60.19502527350469,5.491501065231081,6.145020248809852,309.31707924759525,23.247363437574396,371.17353662498635,9.495351725461207,1
,-4.08249207805335,5.513741959134608,5.396766222191252,-9.002161966919925,-0.6544013676985534,75.79009005162565,3.8633320445876533,6.358637074193549,300.09746069942145,14.43868253664515,391.2541441074884,14.59911938820014,1
-0.13883368217963066,-7.4393416261825145,-0.03753294122243567,2.5151851744412124,-2.6321169886239653,14.368590218203757,70.09122850084371,-3.395046442284513,14.76926062447125,294.55804773952264,17.23165579345445,394.5413376021989,-1.0577820857024047,1
-4.167217647438252,,8.79919694337109,6.839775816048284,0.9808205174131204,9.78385456570124,10.832736512939693,7.690332655016762,3.1434756311997947,302.93221437201754,19.078260824502173,378.1663733117097,8.626735627884345,1
-2.025237709464295,33.723352905402116,10.997170628556992,9.070576815597018,-0.3519195444791478,9.685583925099058,37.67205423969216,-1.2197916599558187,3.2797233838863593,299.61514606828723,18.189313233051458,382.2710573036149,12.255888800830283,1
-3.394153112670353,37.19037808973726,1.7423560428132387,,2.3384429190270817,10.767901547117894,58.14437394448086,2.5550737925064952,5.478423044321879,304.5650638780415,13.534445279555358,387.4037384355127,11.69291525742735,1
,32.0651902884058,6.137882970077085,0.28167650930915555,3.5854662226788214,8.401833446173606,56.66019741248011,11.742825491440428,7.655389543248953,296.4771283171542,13.361930171477603,394.0202575981297,14.60105228376053,0
-6.928013565426525,28.51313321365722,2.028433911968098,-4.704801266573732,2.8618069457187163,5.380684579281883,49.834738601537175,14.33501607122846,4.232576870828522,301.4008499914341,20.553137612410637,370.5005264683072,18.26360954451043,1
-5.740610981563962,26.42747751366055,2.416061079452841,-3.1104237109930684,-0.4290997702178609,5.737943583511193,6.201119774840945,2.172874526112153,-0.29543572214354175,303.38469385211147,21.36620325060058,370.66586925318694,12.983706216404586,1
8.723068448113192,22.04580516668262,8.957978815461486,-2.5203300410226777,-6.954348044481922,3.882742541631501,83.47448746916626,6.637333850349223,3.5372072764729383,328.21014544717406,25.148574232487682,380.05867532159846,12.252131147862068,0
-4.958360325096124,20.802941184458973,,,-1.390924995419269,16.14396301766,73.27441506198548,8.125390092314824,12.125335425858077,328.29565771907573,26.315721933011474,390.995971266998,16.33048860280307,0
-4.0473123138185585,17.939728377084734,12.818592167724047,-4.207549091593655,2.0964725925558207,8.33164812519777,32.6713178917876,15.180407710326271,7.299107156542046,330.10105132439355,19.638477745290388,392.4695804321174,5.480079555705214,1
7.5442241132852565,30.195022603453147,3.931070085188316,-0.5771375140810194,-3.9307890102019103,4.370798234594262,84.4180547884622,6.084024208702394,8.804349134815288,332.1707053862413,17.855203023073628,379.6735982757297,14.05785660171485,0
11.784658676961627,29.140673608288523,9.857345329897957,-4.866873673545628,2.9560989204863053,8.29498709666512,46.13793671799552,5.918963907866888,5.95431517130785,329.94266398195236,24.503963755113876,377.7941448670392,4.0328977688361265,1
-4.495536515301366,26.544194734221712,6.249653651831128,3.368507836550531,4.064573189069217,2.67452432857473,21.536399214936022,14.021402233851447,4.362009215306921,333.89598535103795,21.952277127406347,392.08756018881314,5.54970384803519,1
-1.332695827152122,18.31659840876349,9.043112038976933,-3.671014149670057,0.9384679051833702,12.505026874356908,7.5644910163079375,5.897543389126968,13.710277799501643,328.1522592429319,15.170178965329637,397.3702104918858,6.310759083817864,1
1.580312203762038,25.420077297189117,4.071369370680213,11.238275880385569,-11.824119465249584,3.793723616771439,13.193031327156628,10.28550683586583,6.247232571795678,324.68641917814756,14.965457337924356,375.9938780629574,1.5779899491249818,1
6.997000577622369,24.55850563799161,5.661764649793669,-1.8055378038575807,-4.681353450847213,8.961341730489863,5.175465418116057,2.998128139550291,5.226520481891493,337.9079014724527,21.06772080542524,387.8438544991066,4.649281060076495,1
-3.57848831371295,23.77018249681621,5.398004482804262,0.2880705676682089,7.975756634224327,12.522910518972537,4.285983036234922,8.221769023630696,11.384569465421357,327.58146505383024,18.390901354064003,398.2667635438326,13.798053273171032,1
-0.932921383768439,84.99866106817511,0.2957715406168515,,-1.7941511721135122,7.647074176819971,31.131425547694743,2.5819126466943816,-1.889441435469541,312.72623166512903,16.29428018103721,391.3593589565432,6.083605638613831,1
3.1448303042469763,82.54148457144511,6.288326138327011,6.824367032510557,-7.544572892515983,6.253879967278553,20.20937671888086,4.998564876177182,-1.3789093750959869,314.7367867157113,20.690133458840776,389.8628051083128,7.508377490290441,0
1.7544442978664745,92.96005694521735,6.350996022313456,4.478002723211665,5.33498955324109,7.49720833942406,32.22100627789715,9.692905420609053,3.040986736067592,244.26872443861592,18.936148579940145,386.924948227862,7.1713272975274105,1
-0.893084284920397,22.54762513348884,6.344218779622267,1.1876634829444501,0.7004223661746914,8.478235612451572,89.1158140239813,1.6013784356531495,5.0010804163527185,262.4532654300469,18.319492993673727,388.8829220487708,6.078334576582088,1
0.12821814193583547,21.363165632008425,10.117862615670578,-5.3872101951182625,5.066761955830902,5.026206044289991,97.66802446534373,0.6181770377881015,6.038445391612857,263.93026441220394,5.273855574506534,375.728511009165,13.547343084845505,1
-4.842933233479927,12.865555481143266,9.767379204945215,0.8426675108984811,1.7548347008774612,5.044066280921182,102.48148957572543,-0.9842984959236705,13.366676357581952,263.8409510742873,14.013591668884803,393.9606470755549,7.558750479278874,1
-0.41258497589866094,20.334484309642228,2.4702212406034585,-4.48572418406902,2.4812365448486755,13.12136149460374,83.5688882481464,1.2294757070348687,6.3449929854094815,264.69927730808325,15.778754089588826,396.66136844897113,8.596307168115867,1
-0.5314299600358204,17.775232164603498,5.462209273736713,5.849421053893443,2.0990369908580666,7.085853469259373,89.15630778116827,3.344252668402775,-4.5122158510032015,254.57005016405074,6.893656573249264,398.4834259008358,0.12510044762177852,1
,14.880636169439917,1.4755972429671496,3.236778927412691,3.4369532476840003,5.254814922468907,89.7344707505362,6.220164825847047,6.305195773726243,271.5235052280314,10.380417434760112,385.2952099867174,-0.5689387752469601,1
-1.396048875276064,26.727266477203294,4.063421264458222,0.3817561539509445,9.756721794224394,5.261809612553966,95.10616318306107,-8.421786736387208,5.151519977958396,263.41084674586176,9.638059350684324,391.2651524138037,3.9072052382915894,1
2.436224090180556,26.915981363542812,1.5710022035245412,-9.74550265298929,4.5310253438367525,11.607482722788893,93.8010149721348,-1.396944697051239,5.173800097405831,266.32249047778794,13.086792684239665,383.45231587824304,9.617356665136958,1
4.812483271279314,25.436882401182448,10.450281236544205,-3.9336639146361225,-5.6743572713821395,8.262426532657914,71.04719661092643,2.622884968756023,5.983789237584682,258.4875946338639,19.511415874776254,393.234567625948,5.001002080530161,1
1.407417310673864,,5.424792601371852,2.7510445263994896,2.4336460611156134,9.255316712929028,88.35768168719272,1.7374475361508563,4.885286849300803,262.115998955003,21.090357618659603,384.8792727222334,19.81230946367753,1
1.985365633596814,25.402500483810627,3.097883487582312,4.851534766892623,5.140923072412871,7.266915204360835,70.90395979926336,4.0351049701069,4.789551627778444,261.31073653471833,9.74284978770687,381.29481466085304,7.5609862594238155,1
0.7531213903114694,20.048212722407303,8.744474287425508,4.436679245968526,5.385803226144584,9.76344988069178,64.95404877944114,3.9421611445062155,7.452176839083144,269.8788950580342,15.106229001974297,389.60028047198466,2.183252323593325,1
0.09098757236565672,20.81118910759112,-1.7224616391816463,-5.3680520089658215,-1.2424199322363982,3.345755500197408,63.56383390707138,2.698028548026371,0.8316768112219961,220.65674557265646,20.835191408569262,383.42533733244255,10.274579699182649,0
-2.5870721341713896,15.626114518152068,-1.096410379461159,1.2062092272516163,5.123777780752511,4.817543874616902,44.03857404524681,2.321587216051292,-0.7907453425567024,226.03231994776036,20.150503086058993,392.35550699133296,15.489034993080825,0
1.428087046693232,21.58796521799536,10.143354620879096,4.062060865931718,4.174969598204821,10.119217949566982,19.116060297286616,3.4469940410579967,15.095125810489565,220.39831818930722,20.19591853895694,393.8172829613113,,1
-0.2745463936539579,20.24154371369767,7.201873792469472,-6.633342262328981,10.754069747878921,10.035110715676257,54.66413608964699,8.512469399290971,0.13657022487506643,221.18952424138422,19.814970009805315,394.8213745943481,3.7884879837204775,1
8.59455323572238,14.789391532662142,7.9617852010430425,0.9683819385070546,-2.536006944994046,3.763360616196787,50.02439345432497,1.4384682683771426,3.400571649840306,222.01779933919727,25.35028048322568,385.06322631480884,11.333399682421394,1
6.34985960990097,39.79521155273361,1.1044155867258052,2.095369593233825,-1.582602305601701,3.335894188365697,30.875322933230663,3.8263731074241782,-1.9826410035014694,259.1353805073172,22.00986605747223,394.5705856021537,4.94848464310009,1
1.639426210226003,39.681081744572765,6.317065156598535,-1.2030583393869396,-0.7774761938398156,7.288808611253639,45.390455908878245,5.000668855993684,4.465873660205688,246.44058936387952,13.359384409606932,395.78163538592986,2.040282287006911,1
-2.94753883877907,47.19024466657856,14.424037641605368,-6.408647421604806,-1.513888600155101,14.17152949867804,48.30330175111521,11.028603719497832,0.2670977972426596,248.73734577890227,20.782884323522197,389.20483661215667,8.615731938934866,1
-4.388375887933671,43.576853314053636,9.706798479183451,-0.3027924402949147,-3.113082999054412,-0.836260657875977,28.152893701897213,3.661566967054747,2.2301082285999563,246.21077933724072,21.16949349804581,395.36893006209004,,1
4.844351812355461,40.04578175636586,7.088826180571249,-1.309221721020096,-10.603702022694973,7.5953317582820175,36.44981848059386,7.975526624043844,8.180258663084494,249.6499915209542,18.859869148607157,402.65630033394484,8.722052601806736,1
1.261376900588554,20.99514923920433,1.5737843595802494,-0.5922896181910168,-1.2958978948925364,1.3078266737074076,35.65260295481656,9.028617613060089,6.888038273512295,212.75359979523157,19.425697482010918,399.8308437710774,1.5826083904981796,1
1.9563536135664432,20.17684951241679,1.7517085925224247,-2.2538857017002782,1.9203322387996178,5.282676025897818,63.85311598783501,4.439682940037407,7.273638098299276,209.54207498363846,15.65229613719615,391.158658172585,12.041594435642489,1
-6.941293947896771,19.18834406081781,-5.18679155680007,-1.7720486129658692,-1.5299873820236427,5.510286327743034,,4.40182408369295,-2.0848193535674513,213.06340901354133,15.701870884305004,398.01441643977256,2.2715201292950997,1
3.771043926232723,15.670291210446852,4.360561683684642,0.8411748706120884,8.184424734116439,5.962966626252436,54.24109892661276,3.8956853118071355,12.347580679316051,207.94114207626635,15.384962178708173,379.3488315260908,9.23406530779991,1
1.8326913528574518,89.39579248957229,4.591932433927416,2.7698184198788445,0.45450325086345034,5.787816241363166,27.895564723639463,4.861707463029671,-3.7675252437675004,193.92804510492928,5.527023656801324,395.373171217524,2.4045246027820943,1
-4.432662737657912,87.01560697338995,-3.3324773086824604,-1.2177070514266688,5.564116220736542,7.11682824150548,14.374972726818472,10.72425944230733,7.11424325717546,289.8016815996408,14.978406424376505,398.75644762502026,11.078388462619849,1
-1.8751392297997957,49.99873784430741,-0.395667569227264,-1.6385957134720075,1.4346816509198734,4.311977733477686,30.647384244366876,8.231339909022056,5.086175463925945,301.6143522811244,12.626997702181718,399.01203714384667,11.166893996104546,1
1.0745188174260782,82.04488725819014,-2.8698585289336886,0.3694161530178323,3.690629239573032,0.38017046058338977,,10.030358836679477,3.3093309671387203,241.74987068869012,13.45420808722977,344.19426335186415,17.51740702060018,0
0.2485771934249745,54.06505863973294,1.4585952207649462,-7.683663703580726,1.521966215734249,9.328478450091104,34.41531886848413,2.81630595848066,2.580060876366474,288.98888577488356,22.336073138958092,391.08148961185555,3.7775051713434205,1
,45.35316995452769,5.533926507287601,1.9081405089058323,5.8801385276142515,9.326488668595523,49.24040597975909,3.4472396904990616,6.606359379278092,286.8556601638211,18.616830074137834,393.5341593876214,11.902541605115449,1
-0.3709830722638434,52.009261450019494,-3.017608619953897,-0.002252388491835233,0.6287574005296029,9.937697240090676,24.035624004701894,15.89098729910792,4.116314357420561,288.4433756978629,16.48067567622181,370.6205835838781,16.895759403645762,1
-0.9728895128275414,83.9828055435997,7.4070817534282565,0.1587741063902473,2.395482832355143,0.6980620149436723,30.240990125435424,4.405397098845241,4.116158286021167,244.82716069241593,16.940786595590293,400.0184840829436,2.2952280830325718,1
0.6891100484098743,84.23689495558529,7.9654202797347295,3.842937230377856,1.8763317346001749,8.343672610336602,27.956547209512614,2.017612017686559,3.0005109636577605,248.47270711890667,20.38467833851496,396.81461432371776,3.69882426856849,1
5.922117891972628,84.10334737154095,,-7.811262120192993,-0.7421418325092752,9.333915423227694,20.704593247277757,10.841096662357188,-4.154442026289633,248.6094696685413,23.16574437327005,401.4474745338022,2.6062134300793836,1
-10.183983763725191,0.1556528276058392,3.9971659600618334,-7.895335479435855,2.056929275698707,2.0021917262416595,17.35494243583498,6.629934194734208,8.487136603938353,291.52244944993333,12.692136625812237,402.1609465149771,7.1942549912596006,1
-0.865411058038737,-3.3801813118766044,9.934325495990441,,9.374544984790727,6.045692992728517,42.37596474656043,7.815319667458086,3.6755713738025553,286.04977254372824,15.98068651089356,401.6966818747088,17.24569119572996,1
0.8353696854897878,-4.334795309432242,18.851607736410784,-0.02846742051406309,-0.644587768381768,6.212933418758537,30.961282999925643,5.408211698873865,2.060798401991052,289.09819932961597,19.47226599540469,401.7221622579211,2.253061895479183,1
1.237695958748398,1.37841961900143,2.80802287708571,0.6807077727677289,2.114859571412993,13.917602634273056,43.457708382226116,4.685707637692783,1.7586910686809292,287.71462987985103,8.25599548366348,388.70202438136516,3.6215247125969117,1
-1.3466283252851594,1.517120137460652,,-1.8485083006897822,5.4681158034777715,13.487984148050291,56.410066660282276,5.641654510010839,5.433838305467073,288.195240946021,15.769720950378384,398.8305419978231,22.28360374565751,0
-6.96222712991433,75.14932444642027,-2.480003113869036,2.6574146969597248,4.961013123777121,-0.31242557332080345,20.32482261235661,2.2968473188054928,1.4249746468221112,366.14851158783927,13.082834517809847,365.80988383617836,7.46819370355345,1
1.3675919348564385,74.39991860136834,5.458281206339347,3.73055537196448,0.44686567087746104,17.016708022911956,8.874520032377196,7.47609036232041,-4.0207022338961735,350.9519990519855,14.264680568979864,364.9837346745632,13.221480996170097,1
6.95357085665674,69.47108537387531,-0.46045580857384527,1.9359291758061081,-9.133554811829447,3.210097115386705,46.41270481795365,9.011932308170469,6.628519212833105,357.061292736311,12.793485774512389,389.71011547177665,4.268245448696588,1
-6.10007561966455,,7.705816082942446,-1.0433138336183325,2.4998112745938648,10.512693177309703,42.35196548321835,12.893552935375016,9.076411991827287,333.8469956287846,16.650498420829184,401.048947862509,10.005124548950278,1
,32.72357361195641,8.351841676676372,-8.430757550457612,-8.444897034492211,10.376991923454923,14.084171251805463,5.835696260020862,6.201472701289468,323.1364340198659,23.794508881690874,385.4529680404739,6.027292224912783,1
-1.2141008924915755,,13.43490335892008,3.0769448321485124,6.312748923764924,2.999239092632773,11.187831144195155,-3.84500816884122,2.4083884992399645,326.425010298935,14.804310104285797,398.5012374864236,5.433204674590784,1
-0.1901473833153892,32.19166701844238,1.3682322252985193,4.886914664870371,1.1498954847730423,9.209071175356396,39.7073208366533,3.6460582688615144,7.355742163557141,219.88384600972944,19.566844036376423,394.38892058107245,-0.16638678913721527,1
-4.156804042815796,30.688423567689377,,2.57823364793592,4.470696079487956,6.185865022935744,61.15645762200716,14.328016532433224,1.1418705267456453,221.10684111178406,26.37898567363645,403.15121101437165,11.669818226620032,1
-1.2627946894235067,34.0115392598796,-3.7602219165097437,-3.518569709470026,-3.1364445527242046,9.637320018529563,78.65021215794656,6.564664939940159,2.8910776132493625,215.61617136157514,16.199937686509777,397.6100849020682,7.7638963339693525,1
5.249498378795834,30.984169034357556,6.941654253174976,2.6951775746710314,-5.738029893200217,7.771689209522503,73.42851295637895,-0.06085577523435459,3.9972082539833553,224.38114424135216,25.658701395715873,396.9899211846149,7.299781350136325,1
2.823600967950828,-2.512264334901496,6.857964607714542,3.442118831845782,1.5870175365646688,11.420357941480987,76.62694496052461,5.681926057722227,7.375756283566224,306.66514913005255,18.42129202650843,391.782439648314,2.978542701601341,1
7.278646421639777,1.2458113372137583,7.656983343649018,6.235264991196343,0.4095862401754321,6.27359817258425,75.77053104249292,0.13444630044103878,2.549556198252332,306.0335013000718,25.527584903459704,400.68225096117106,6.390984050527603,0
7.345127555910775,-1.6079703205168192,9.811008820603158,-3.5044396969118305,-1.4221633046286628,4.301503722294755,38.82653752432611,-2.89583007818743,2.2085343528941577,300.51850530283565,21.400804499785274,348.4414994842381,15.550851648131045,0
2.546756715718305,0.9764175559134085,3.648462618640602,-0.9058183381765539,0.8826451229310551,10.506256932228721,53.510364467694366,1.246822547063711,11.818770061644985,304.3460431631492,19.628433450329684,394.3118094423651,1.2956400571863744,1
7.237428104671168,1.0928160914084908,10.815080115715752,2.9890882045738207,11.61374356812904,8.344583859434413,92.5572182117715,3.2001057569554447,5.409849988754855,300.40223904172365,18.13747727245365,401.4249222550503,13.767583648196974,0
2.025352634953195,-4.5577160043662985,13.769865091700044,0.22964028575263115,3.882102189476231,9.193253577283551,79.13180421415696,-4.225822009733584,5.355978041899304,302.66961335691394,15.903834240483157,398.0228906751838,16.19780557923783,1
3.681152707188236,-1.9249644954616487,11.071735293989168,-4.469310408205099,4.741994423453276,3.908653310965613,87.55977235020296,-0.9943371621545434,2.5211970191649007,312.6138717086835,18.70316619985741,400.2182054688427,15.222085954577192,1
-0.9327238141388334,5.7511077596658495,3.5444097432851,1.658465140106812,3.9197475662134225,1.5239488744061038,79.38129131910452,3.986342252729419,1.614513329452889,304.38278151038503,21.989445836080094,394.9712354637801,5.479488229317387,0
0.5844532634368194,-4.6483180509371484,9.404762822681363,2.3146465352606667,6.461848575408771,3.6431114269891935,,2.365907296044184,-4.745625760068602,299.2498936960513,18.347554276013316,390.496096538779,16.18304775862679,0
-2.544475293201107,-8.466617795882124,12.868115611917963,0.35185158532400795,-0.21628669160297953,3.2987144572776455,68.47712733354884,5.610945084584363,7.874962127694233,304.72134136265566,17.133508779752567,396.66058240921654,17.62580296222135,0
4.360355738379412,-7.447380612970046,2.388044936136369,0.8783397087197766,-7.6750452307011745,9.526797074611657,65.8193725310284,-1.3261733092342456,5.793238823025517,298.5928162957468,17.396869863288906,398.34007272268957,10.078872311942598,1
-4.237744492459463,0.11643978630667681,5.6009359447291445,-1.0348236067429206,-0.21034453202403913,10.016936201176208,47.984729279706634,6.858354994213203,3.2833360271463468,299.20395842994,22.369906454332213,402.44425867397695,7.132377126870316,0
3.2970013696706455,0.12366911213079564,10.88617441632608,5.913115742864237,3.739942839986007,5.805478841870398,49.8141521296889,-0.19463638824078,4.451093192654977,282.8355074562048,24.500645820399424,398.3725862207936,8.741263805893965,1
-0.5810142300206378,-0.47044342170048375,8.460381736789145,-3.6027687348507063,-3.3862015804602947,12.09967607529741,52.202340428115825,11.11133720775052,7.94457704904422,285.22276219121727,16.93139794492652,404.7995643414294,6.829932419534803,1
5.0361283738692775,4.856759315714006,9.027886328507016,-2.3492830510551155,-0.2124638019573214,11.51487757506052,45.82166196733023,-2.1419331375132664,-1.2188402923194124,290.7478759823568,16.925648570210043,400.48877767213224,15.357301634415126,0
3.2873959549250396,-10.691337732411752,14.817979230493247,0.043942054110102484,-2.2740789720092525,6.681595665602157,74.9624486009306,0.35088291846634956,2.640474673784778,289.31359279206737,21.11743567866845,390.1908024235423,10.727085189530214,0
7.623674630587207,1.5837354977232945,9.25421111402481,3.5158161108035704,6.501117007372522,3.12743291382784,39.87621827181893,6.390583212127317,0.45478854842987815,289.09198131298933,25.71012825902902,400.2148456245159,10.792013541306364,1
3.1149587645545793,6.245752807214293,10.011552041732717,-5.989492680378147,3.490828061626255,12.73250659774216,5.663144489689554,12.072833005990553,12.086037129946984,282.60430173763785,24.18396123325024,400.5037611148351,0.011646387480097609,1
-5.984691022612963,-4.511123059566856,18.222982108873303,-5.241186999061757,3.099162482575836,6.067930595886367,29.762031877207026,6.6760721444646824,8.502622127413202,284.8347425782574,14.592591151280356,404.89315593336534,2.037962808413967,1
-0.02678269159280336,-1.5192260471595804,6.5247817676380375,-8.150914030938871,2.979405252483885,6.587660785723899,39.98670347684389,7.667331680729564,-3.810770564541457,288.0880044275328,18.543696120032553,401.6475653783963,15.676647839237958,1
-4.621858770379264,-3.0115676689144837,0.04846894552601988,0.13078090101308315,0.3110029897914922,4.509579897573726,27.74275583676206,5.284747606692234,-2.0550465065599024,427.48672005844634,13.17758578124195,382.542697814632,14.3049231224295,0
-2.0058793694650987,-3.577384184310115,4.951185592988531,-4.4732232688261755,1.250225130110014,2.77383869481121,12.072595009085337,1.1090061835392264,3.470617306570055,428.8865342387956,15.829949912338966,374.3432269837763,3.5104290957024307,1
6.090353733106887,,4.99596411755558,-1.538200440071667,-4.28073832212927,0.26944227873883264,32.32002615412377,3.9130466070424825,2.110239151710301,431.7654347701198,23.317639984141415,370.87427801424553,9.186309625935646,0
2.600365243590784,40.70994113473802,3.953138432215167,2.645512759566832,-8.30786791500227,8.237473294229153,27.267346684453976,1.793061120074893,-4.297528832307553,302.6049092751948,11.20959740486793,400.71589798108414,6.903683305883688,0
-2.761061714314985,,1.9304119217806095,-2.5661708831313863,1.0382245213800962,2.897395784413518,24.512407539801323,1.5258601288925133,8.779048950601958,304.9042383564081,10.424538826879239,363.9850764888578,7.1051206947780825,0
-4.004039465761595,-1.343756900160591,14.429377688360312,0.9251280909734583,1.8109610250885777,18.554124915987295,38.59878911060539,8.065395677278985,6.250159655930316,230.3709138240783,16.88578338626559,391.5281274874752,9.027691142496504,1
0.16850837150504316,7.6202408562578805,6.497373881552092,-1.1973516310068881,5.35205827370151,1.9657056695500836,37.479343299914184,1.9656880716481533,6.899265291452366,223.31256480405202,21.34924241030397,389.60559141726833,5.010166003455421,0
-4.826630597524511,0.14230590793849945,2.2608584743916977,2.6884572603857473,6.80034326432947,1.0074701000745199,28.35491074382302,7.263516026893445,2.2319402030711446,228.71735123887683,22.683019282563027,395.58843574947514,7.013861176224789,0
-2.6502911095863246,7.014764106804324,8.853721209118394,1.900512269392035,6.794993939995787,7.909554862453764,40.39116814615587,0.02380899111560897,7.889096588712009,226.23748026922942,21.949793739446132,396.2514619734243,5.2808184068157935,0
1.2784478862049755,-0.3731945986139671,4.753419393754663,-2.76773478469844,-3.477094373175511,12.01225391586918,57.264452243631126,6.800532080467018,3.478268956071953,218.13103202605294,24.902741612924064,395.35170394098213,7.966566345500297,0
4.654308144426785,0.5242313041845772,4.178474214728675,-0.6746070136018105,-0.8940601397990772,6.317358627772887,37.26688046428165,2.8574697241481495,3.8666273051700024,219.5914518829459,13.147657623064283,403.0123999849593,15.542443664857354,0
2.490015888897759,1.4618978905713382,7.439091487657974,4.174973590881978,2.4363371835255183,8.273969680749097,42.96700821120353,10.438662134602577,7.444007839301039,220.6656164677204,24.953346153435746,395.9411448858768,10.031699566868532,0
-9.1036480343924,12.715414717470141,0.02247092707324061,1.573507481016388,10.64261871096871,-1.4061896698348386,61.000847722317864,6.107075582316259,-1.5159902602411988,220.58066033226888,18.95161871981483,397.1104483036455,5.2807689333976064,0
1.2304769161210392,38.40514229937916,2.9305088156686896,-5.587848231004526,6.362396814855664,4.530953817232932,48.183116323153264,11.981031571976565,7.3881114394039304,283.6388410155727,18.42597723921947,391.278489358374,4.230912200328033,1
0.3131142929303117,-2.8290581198058544,9.54181923092701,2.6224722446855306,4.995588647993521,2.245537083449732,55.83994910088196,3.2443131342992295,1.7295568588955033,424.4585761923273,10.606298292947184,392.8265242658926,2.260289515333752,0
1.6809911414907723,58.87599148110343,5.644710648789243,-4.338442489744953,-1.0671518221971623,-0.8841833997915245,55.28761482804836,5.956673360976669,10.123776835121697,375.02063366681887,17.61982678803628,402.3667167148731,3.1233612314391506,1
6.495328726604829,53.552669851662635,,5.650052279844024,-3.0487985246204983,7.341920936095548,29.003439345266212,2.5410513675348865,0.6983209735247264,371.2327003549003,18.545083082356054,394.46799138382704,10.051358956185814,1
-8.221823107218972,-1.9590007316048366,2.3615788782870317,4.0963953593641,3.597631533532958,-2.9573104864417337,49.79953887529834,6.359179029022328,-0.6926604961127723,350.21728177578717,23.423004149993673,386.45345809878285,9.960070302453579,0
-2.3027937007644224,3.634405439568445,2.748640106619562,1.1595419036736032,-3.96064505693744,0.6092161356502048,59.81351652797252,6.965183109021484,-1.6476008863992488,343.6710350254805,12.45898150956894,366.90741713311695,20.232920704404826,0
2.3823252911734185,85.12434235108461,3.134149287808876,0.6289313737447736,-0.5247454039212105,4.367224823946328,25.02436263998632,5.631867117251442,5.001190690659356,351.2823583016694,18.023010194139616,391.81579871131987,5.978608646015776,1
-6.311367597815769,81.11430365804722,0.4987738689669119,-0.83612902410968,-0.024111796007690534,3.3098566561956946,29.4060853536384,3.481988564617219,4.263933207672984,280.10308077478,12.659058835431427,393.0520747187781,5.846085215234017,1
5.932786192214036,40.05594088746117,4.915245764298267,2.7140958056001123,6.800648356491232,8.52463400882827,36.20449578727771,3.1380307053893883,-0.8576472769247221,335.73171501415584,21.7219841768331,391.10586060999685,,1
1.5355364508026335,,-5.6828364128359325,-1.4831126778482466,-0.9897892118387102,7.712320767609921,44.30630816319674,-0.566892462829589,-3.0562767715411177,343.42496119081335,22.808866145824503,397.1330575490059,,1
3.465835943373616,61.699863589744595,5.138000201648536,0.9422794825595755,-9.345998554290462,10.154194983741828,33.897527416045385,6.484914145986169,-1.0663850789233695,415.9623861847723,23.448680970032353,371.3310147691085,6.3097572946142995,1
-2.2113346460871783,52.25213226917834,0.17125389942975544,3.4877374660778044,2.4287785906498733,8.893534930850713,12.302971294623026,13.220275586687379,3.806064398117376,414.14024367299993,16.159882182766502,394.13768913357455,7.5940540477561935,0
3.272144759864842,92.66629067443813,3.527791142781489,-2.2472261741023587,-2.3860874124157054,11.291251157445522,34.056661763787936,5.732505871946868,3.1376528816455993,183.1516914797136,20.708905942755162,383.28339026061775,10.44415557406059,1
4.316896223956153,76.0719223206788,-2.597951640803455,-2.4647709599627783,0.5835240977509872,5.6553263999637835,17.605190349128794,5.113208614986779,1.2575720305669509,331.948021003213,27.44360634990821,381.8300128316879,11.90871757665447,0
1.0381020805486734,,7.224524267397745,-4.777461922897836,0.0661811966315054,7.149867603266679,,17.749294284931658,10.188357944526437,333.620621572286,15.427012120578134,382.86944805468625,1.0352332578127976,0
9.920563570794783,-0.23364497543472976,23.082539840687495,-3.257890984504689,-0.3248159832710731,8.258054807676764,94.21728463331766,-0.42378419939301626,23.670697287229064,662.8983715039586,22.6493796803938,388.57218707538556,22.56855447451032,0
4.931072957126903,0.33592401325781707,21.938362103000294,-6.313581245766009,3.9313623271388156,6.961626789564102,86.81163311693419,3.789384036659343,29.0801717357077,668.0018580999405,24.034045015120423,386.5225322058638,12.22074189767602,1
1.748388941042473,-2.774024658289123,12.040980896825843,3.9193151560621184,-5.3614595134108285,4.5382227603317045,85.7351461811718,5.291968586001978,21.866991269269214,667.4276353968628,19.165094454450248,390.3921151824958,7.86218709481582,1
3.671195279038588,3.3241274306718975,,7.235658168331083,-1.2980568998174409,4.78222986264092,83.70436734965718,5.159204519125121,24.979105135194626,661.6467688277812,15.356905689899566,386.91138868876743,13.458413003484809,1
3.931829870190565,-5.368700665483628,19.719420350542837,5.701315773881222,3.506151652469525,3.127766406680138,84.3844828416765,-3.5710569224322386,23.77809593497466,670.7872668363844,23.971823024438653,374.1468463398458,6.978922577344727,1
5.37041545741398,-1.6277749950902358,11.67891501146973,-6.504337954506066,-1.686339101377473,7.937467319639319,90.05908547774752,1.3712612804020392,17.20951076192751,666.4092413352355,15.401964689768972,354.233122044149,20.343861256114096,0
7.677516987641178,-2.3394965397320027,18.002810464916738,2.8994186862248,-5.665226837079887,4.985939303659378,88.76702935154987,-4.369309078073568,29.713353225055652,659.083715413031,19.48659426195639,383.1550117681931,11.55248811396484,0
-0.011754327913637397,-0.18634908135735748,19.558137956133052,6.688425399694226,3.4442213730269433,3.1503049974529405,87.02264019926922,11.689971435641294,23.459385571870335,665.7946285666201,20.039503768786684,353.72812454712187,15.462635683544024,0
2.974243878721689,1.1154571385889551,20.324301095292604,-0.8272399229546561,5.210378521766156,6.131020722701629,84.49592760280939,-4.4748010560624,26.985672878531844,667.1248258236916,23.062152206816,356.6657421878316,8.89258833142176,1
10.481692190635894,-4.031571798494179,18.809045467795425,0.40578972260019786,0.5380191694279746,-1.2805949111311543,91.19975155845641,-2.5781608754792806,20.991885110153763,669.891169445743,17.693473761949868,351.93165537348654,11.491486472370848,1
0.7225970847497436,2.897130709824913,19.26492566738952,-8.031572203218682,-7.12538239387813,8.878365364948799,88.54781167323475,-2.4101034193660187,23.34062247368094,664.6500943874935,17.46166524468858,315.0535089129895,17.134420377189198,1
10.233199930838719,0.2520094733387989,23.994445569012385,,3.454878986795265,4.1774706781271504,104.20741944211008,-4.476041906891521,20.53259056030658,669.3117530697888,20.595661915052442,131.3396218064968,19.007853891259813,1
5.707444767324775,-7.567785013247642,23.00413563964272,-4.25423891773887,-6.008551525678752,1.5187999217069192,,6.742875639026181,28.943993931053573,666.7485679470809,24.225561910478994,369.18313464451256,5.6947296516551535,1
,-7.834365761588124,6.631780184869028,1.798540071646058,1.8661971073926629,9.917190998408072,91.80948880342483,11.046491604333983,25.245637389802702,660.7397815638496,29.34980000261259,370.6847591811096,4.4006058589068076,1
6.584464222242637,-0.04927717171724494,16.830245780649275,-5.244811688755521,-2.918855298968639,4.774204760822508,100.3386474625515,-0.7005964772504696,25.468214106723554,660.3393329060699,14.170075200884902,387.56373575488936,7.916688248352117,1
14.548142361747956,-0.8838692711454164,17.441395889824197,2.1714328979103836,-4.008357143067861,0.5899974919510695,106.68448491425299,-4.11259258737764,29.432736588419914,670.4902394805974,21.46136807114631,369.2064328947351,9.166415439671445,1
11.694425930266108,-0.413680454298534,11.091605709092118,5.098050701706759,-1.0996400683187608,9.959889156876532,91.57372795273477,-7.818101994904085,28.625365187596092,670.783936713527,15.853859895062833,348.86141979428965,9.012986065378646,1
14.475380267560247,-0.11192982612087192,18.47673223292925,-3.1327194468606705,-0.06519022570903932,2.7576120417355474,99.83863045386396,0.197765125911594,27.06137014454514,667.2916369216189,24.275244972826968,399.34424480029577,41.65630766918766,0
20.714666005296372,0.9022393580407229,23.095031089642028,-4.547690325641738,-1.9088330015457928,2.502403639164842,91.21926501391117,-0.12846169264577534,18.31309061185015,671.9828268847201,16.445821810763068,389.5413800407901,44.45769651182093,0
28.91971240138434,,13.75372856163764,-8.624092170199924,3.025813112860603,7.4777200813967095,89.81021177582609,-1.2888845054405782,21.217283521933265,670.2264393961664,17.501407127270703,390.96573325579357,13.407296772306708,0
14.467353244535824,-4.444419603670233,19.44560375475949,,-1.113277513835335,11.219356891160459,93.81763814758347,2.2304010159049135,19.984447455954587,668.7345149179189,17.842916563744016,365.67286176102596,,0
1.809400831733944,-4.687886371603179,14.436706090814251,-2.3263757371264204,4.591763486687288,6.874149163465247,97.3677493217153,2.9386925712619454,26.9101347745032,662.3547540450653,19.895204245120784,385.78532143333575,27.092694000833994,0
30.065217446068562,-4.37329543154953,15.412351905281295,-6.204077649392219,1.7956926625739178,1.583531495419079,91.77665927139154,2.6784330317516027,24.682607767000206,672.9257150041294,21.49279038743483,401.7985174303992,26.89167343166086,0
16.0359022761727,1.1556666686748276,24.00957453668014,1.8120750252486866,-2.119228826385232,8.398508016448721,100.2621303233202,0.12160051212605127,18.43795026547762,668.145205728833,22.134805574434054,386.44673142590887,23.04232501678945,0
89.40772177737213,4.979789514585782,15.929768719552701,-1.7998815274585966,-2.792759535329144,5.028041102953104,92.36052547003125,-2.9899873182970476,23.24502314795509,664.4566449015535,20.176929815268867,400.27337956769986,15.922509159240223,0
21.112602739442107,-1.725357752958042,19.9488499560425,-4.30294383458093,-5.918985196189754,14.096695886117864,102.87766347416108,4.1825323912268635,18.023550657124886,663.3269199787788,14.880435910237674,393.34566150097214,22.406786314858373,0
2.777981835764299,-10.006799376638618,10.615127535756052,-2.2182896225617883,1.8629327114672896,5.531521112008439,100.5464091320508,1.6304550376861218,23.78737404772096,667.0271351260554,23.111144601240756,401.0956148606863,23.51316616044919,0
2.985891143575442,-6.815971450441502,25.54927024557952,4.2852181557184625,-0.7183501890054325,-3.420141991594665,104.91357747333754,5.086530099338601,17.378509984051263,659.3157636606462,19.988165345347888,409.732643655666,,0
13.679788251524586,-3.3321468911840464,20.510609785226,2.411747775020889,-8.788782112254058,5.797459888622696,91.23197611819526,4.599802197888925,26.11530997353845,668.7986931014115,24.846939160058795,276.7372894795155,31.14616931434894,0
13.635254839898305,-2.230915549980859,17.370000629398955,-0.5201042459939593,-1.4428594910776005,13.055391169040913,97.63866002077064,-4.260948276188462,25.511850504136294,662.1857167412239,17.369044882080253,399.6815085914426,31.871696182558427,0
26.15234642406797,-1.6335545090189056,20.40218603999958,2.47642007385941,-2.9041361170198083,10.955681154181558,104.25724874498873,-4.269688829830413,31.631793973387527,667.4824324352971,13.790901090596021,389.667349145625,26.778419732319076,0
24.693851371251085,0.15432449192366826,12.46072228420876,-4.643647825546956,7.002710368682641,12.323817155026262,85.58623647983426,-1.5037628749621137,27.39149315798937,663.9135186505673,20.0638959892677,398.60707568887,35.60530275443807,0
15.438796717314215,-1.2469853232897885,22.83012296701063,,-6.111114447573239,0.8009592584741458,111.25778981306465,-2.6355616331626717,22.308342976709987,664.9423251491012,25.38381075313706,372.09291134579246,35.77532956924396,0
2.5006764644305344,4.197358442173629,16.80406089801428,0.5892893219458822,-5.065403198936215,9.038609583907114,100.40102991266694,4.749107103904403,27.272280373097942,662.9723605089397,20.8437685464642,397.4191292898474,24.729590774621652,0
-2.278263746530576,-2.704069222725475,17.283721939806263,-1.8793460339949075,5.139878572422799,2.8250218410531533,98.5233170113507,3.331738703951671,18.409344476219285,665.3550822752768,19.401320803308572,390.78325489468705,16.00500645914402,0
5.510464341561529,-3.449271837902172,16.133377540138063,1.7418333438296714,6.127052629855853,6.948157597667699,84.60038389589039,6.5645359751412435,20.150109585275658,673.5575181840694,16.718611929370265,381.502164437986,21.78328601675349,1
9.690795865446656,1.9155021540818464,15.777394389017662,-3.121733818577805,-2.2799317549025657,-0.05580971495893028,104.50854590132657,3.355947269643673,25.33257012830044,671.5402385081945,27.231065866723288,391.10656864811847,25.99184558984016,0
,-6.142568279704477,20.878682446513636,2.0392828311044715,-1.8353432912356435,3.6151769404691345,95.77002964669042,2.625798327493476,15.36700134900829,667.4179158199818,16.081589620460882,401.8665490515949,10.227016085736192,0
,1.5587668212800088,19.123627400416893,2.2074350861251677,3.1579415862132514,3.1820132105455383,88.2797760839843,6.5810191213766815,23.851356860264467,665.8988229377402,17.29842296948704,395.2629987735593,19.040917513990983,0
9.269715728234727,0.41021273490506743,20.70699256561216,-11.668639522788265,-8.615399187781241,10.065221120570465,104.41388153907002,3.604609358940194,19.918946831526316,669.3768047627715,22.48013678433609,386.3692372903877,17.704526563827795,0
8.912582341503414,-0.5897699596726697,18.064821242057715,4.761222814040471,-6.751774738022225,9.607876486678622,94.63641368221992,1.9492038537508753,24.405228220613054,670.5198815764302,12.775917240452841,403.2797472933628,29.74419200827723,0
8.588865496460274,6.3531044285970495,20.152799244308724,-12.190530261411016,-0.4299336034028475,6.854278917323283,99.3286202913573,7.5552121357227415,19.689054567810945,662.6807264711699,25.29836266152536,392.8306293887634,25.749083453114242,0
40.47205882240586,-2.4888297811788718,16.424605024299847,-2.464196102224501,6.892562264516504,0.051314327778458235,94.88298411129894,1.9503235326111603,25.696992549820756,665.6902445294712,22.69677245686942,404.5305438817681,33.4346006277381,0
7.097856948520471,8.241192682096314,27.018927365638195,4.10139213703102,-1.0499203526669585,4.605442264201121,79.90480807249558,0.2830375803283134,24.07730969466956,658.7121670817277,23.796924287244437,343.04542451725337,30.966682005152716,0
24.327654344674166,-0.9017257969123972,11.828278334278007,-1.2691469010097627,1.0967471669406184,3.002534068229096,97.3945028397298,-1.7624930351105985,29.601463667525323,670.4924084410436,22.432468047798615,393.70741718085424,27.424889020232072,0
15.02330438662783,-5.108065779880913,23.14374929425194,,5.2281570902560475,9.821703026777964,100.4006785519739,4.386201836181645,24.02693813640649,674.2600970308034,19.55550593017452,396.56004079625296,16.30524238546757,0
12.877823901669675,0.2796783239793012,23.571629802883884,-4.3749482468666825,9.120538933112584,11.116739411268739,98.86360397855687,6.587202167369876,20.925428780154135,666.3203304984924,15.947405159378308,376.59415175865433,13.354051091200356,0
23.226735311101713,-4.3049808012750725,14.691364776137625,4.107622985282479,-1.6143938925932502,9.574542344123532,103.70005120694341,1.50045039426628,23.01245657669087,657.499959500388,19.639698235100155,403.00521279994575,16.27976356367374,0
43.613869022928455,-3.007023391254001,27.017094442223893,-7.686018122194553,0.6256531050662957,2.5101223223319176,93.32904120058237,6.839062495119355,18.623054411933076,668.4355620663081,16.29905475298946,331.21007085346844,27.18913192731828,0
66.85744483233849,1.5881332000619646,22.081961131781274,4.515964403848069,7.9812208853713695,-5.275132489157917,100.18605268085896,-6.454660127886304,25.62454901882176,662.3836433354037,22.144621240305533,385.6751704843859,14.557842887164064,0
20.24603133068748,2.2223283546004993,,-0.22040839616915736,-5.429797100765714,-2.9298475925202174,100.25591084547541,0.9562865007683408,26.35940098526109,663.3466022333422,23.427119322192407,369.4204816516068,21.162712830909005,0
15.269176168096292,-2.4886708010170326,18.212088748103508,-4.769581321769734,4.769324282215287,11.294507912328832,98.50622813460194,1.124820351582255,33.87678414677127,668.506305559164,26.10723452479283,331.8877718565814,,1
-0.568351484216624,3.9496205801856026,17.231095367125295,-2.3324602892107644,-3.476262129445033,4.011980242720704,102.32402516601115,-1.4532774896293879,21.51265603758238,667.0182165020509,21.687070562211453,319.8583683427133,25.538293786058166,0
,4.630031032084536,17.26236469184157,-4.068897364406565,1.0068894684126268,3.8491015269395503,98.6843205186665,11.000944151927493,22.92882170529927,664.0475648986456,23.898301426380744,179.3748214031899,17.133105607247423,1
45.20705841022872,5.745207026253164,19.66212238527807,3.4649008034341144,-0.3734761896010971,12.327641173744937,98.31465090141721,1.1482294692449555,21.696965902247136,663.4015774695933,19.01142105107943,1.0200109148073013,8.743944742474397,0
4.716235520606782,2.1176536285028886,23.704745100135586,2.929711239051353,-3.235046402804917,11.717639781953308,103.91437145465986,-0.10342308641773301,24.848454804524895,666.5033442208834,18.28689144796722,32.79197133754525,28.115575312495444,0
16.097942239379293,5.453714848342795,18.82525687144568,-6.8766445355041865,-3.3354077106331004,4.725794887679147,97.8468036187334,1.6577484537340201,25.526762137918453,664.3621377899506,22.094687563267204,26.57493938465535,37.01858112596241,0
31.65353559891096,-7.523193711896231,14.45422550745084,-1.6143684740773363,1.702657457015018,3.9813876357441047,99.84897986220588,-6.421854954103319,23.786500622285956,661.5630514655879,18.654108509132364,205.36161601582893,17.838796892407398,0
44.6065637344697,-1.2716261945138503,21.39770824953992,-3.4527426493771083,4.675157312650728,3.990595148747499,93.67475687395603,-1.3812717013796605,28.34530366749213,664.6697472740866,21.27674315531063,85.26849876669408,36.70660884655214,0
18.875760327767406,-3.468021025293705,21.78460298557917,5.174039873837481,0.16005518724598722,7.342651193549864,102.81676138049266,5.767659877781616,21.53208198498089,667.3583704930207,15.955231242658314,33.24368110260129,28.936746657390934,0
15.19106998684317,0.47690344450956834,20.718638113791144,-5.400396472505684,0.9594526349328656,13.182189125278432,98.56346775672748,-0.6962814197310989,27.944696191562848,665.2875861327215,16.673489270094795,20.743602957730015,22.718178265039395,0
31.251344529070767,-2.285796876786949,21.081995626099932,6.416916418740056,2.963696265164189,6.993869696948908,91.98490149119917,-1.668000651201086,26.15399141456433,660.3459656070073,22.74163720407316,130.1776466742244,23.563479129024582,0
73.25754826109544,-0.6646313677989295,17.01628747936877,-0.13317895806775026,-3.2074750920518396,8.861116132156566,105.84719667018922,7.040702546057601,23.951880320404214,669.9562584855022,23.746760301624384,6.534973928396662,24.662096081306853,0
17.22664355827759,7.528699520816198,14.384043331477683,-4.64773762552035,3.676770033651692,11.501080436280684,73.11559145529068,7.155017603807316,22.740253436971418,655.0447542522267,16.257375324133278,50.723245235863516,21.060862489932735,0
11.455906633736438,-0.6788791856815132,14.627226277436883,-2.7090967360371114,3.9953723882389878,1.7322959959023239,100.9452971281128,3.9268618886445674,33.70667103492548,664.2145393798862,22.882457242025684,318.10458918252357,10.641214451876515,0
3.6729971046901517,1.6551692687608557,11.55814700616857,-3.2064753630738023,11.13250519500164,9.025447569896173,91.52736030252244,0.05413066384533094,20.731965397031683,663.5192061817843,18.069057307858902,318.054239908438,15.527438623722228,0
9.670598591205058,-0.9290773196969409,19.0477944461838,-5.098473608062024,-0.8904167622383291,4.469724981353554,86.68893781767463,0.993315739534706,25.19173270787366,666.5927155114856,20.26602070480124,292.27383982968456,14.572039012516495,0
1.1282739497399348,0.3028531518273347,17.766204867093627,0.37930743892150265,-1.2183272066725106,-3.961380783091064,,-1.1947998462998362,20.99912371903147,668.2466472312109,25.867777663162588,0.5366989847518888,15.399183103224658,0
5.239584585065391,0.024066721744285837,16.340049181881167,-4.911662202767373,3.659863486294982,-2.9476781679432476,71.0072824524132,-1.9155924761145795,31.142482994485224,670.5070592330442,23.429948936091794,-4.8454996795534235,16.997014568731228,0
14.428233247702284,1.793296263892638,6.277524702619722,-8.721464834952755,3.9554166756485536,1.8235295539252574,89.74943590959512,-2.2680659532337293,27.547305315196816,663.1503805065913,23.38348795208877,11.368991764687749,27.86191973739304,0
,4.661230142188708,13.110730121223327,-1.5187058833926923,-1.5563486135068478,7.961892914370326,54.43988357784899,-0.47461762714083,21.286600484635425,668.3463293493339,27.835161433827864,25.62207024539277,17.494917542087332,0
44.54497932466394,,22.58336260561267,-7.211424785671531,-0.9336507077201954,6.657198261361185,73.1753442740369,-2.27598396273898,26.050379973724915,666.7832735515259,17.384482635800808,17.564230181008593,23.439180460779884,0
1.8383839384918401,1.2384803276366674,15.441495999747477,-3.0086434722700814,2.843523352872162,6.930466828702656,80.06581035975836,-4.319220474172596,25.03078288510622,659.1538424992671,16.256500100029818,92.86525851171025,26.524437929248716,0
10.910199873039675,2.3581875441424085,19.542366710627366,-3.6364115544134235,-2.6313369629386454,14.183773930746767,,2.845810679015623,21.933500952101046,673.6021610217365,17.311510919085638,54.84056993557146,29.87573609900341,0
,-4.603458036742268,12.537258280098976,-3.4848642881032568,-1.0581359520600597,1.2716415405607506,91.54983297600084,2.9910823235737487,27.032656868912692,660.2448994910392,19.181995786373538,84.34557082827223,28.840343743657307,0
11.961088353852809,-0.3515069696624823,23.854821929436927,8.003852406360615,0.9423710694737386,6.723266583265106,86.71605920341574,8.891371033713266,25.55722156441764,667.6779890892388,10.781797542832425,87.78376384090143,22.722625047098393,0
5.919703397249093,3.761157859534356,17.523889359781297,0.22564626867828305,4.5677547392890325,7.642742091255262,80.48430375227913,-0.47295347341881033,24.862794855543807,667.559839776791,19.370287053212756,98.76266590696416,12.682280831730804,0
-1.742553303390121,3.463874553668613,19.260161585934142,0.9814840359813286,-1.7053944647181631,3.490907533846658,91.64560166805859,3.500202358493082,23.832321155030684,667.1025471293163,18.02171707242035,94.65895357562869,20.114961173725327,0
17.626587966273938,0.8464389311802009,27.40311916752674,-7.1055931853691785,-6.656537848122688,6.321306980331764,88.81880021788497,3.4730503170992066,25.724217970398605,664.0216924713536,23.335039069591197,101.5304669081536,12.933054266420026,0
8.740397148765075,3.5455758382718097,24.165760402357616,-2.6158525345476877,-6.9263898700728435,0.22920266366261988,93.387193533158,1.1093497554978675,24.917550645969836,669.309010604562,21.609677516040158,109.63662815101308,23.700745277979877,0
12.285199046505781,1.9630668359752754,16.87373751485177,0.8612105197660479,-4.297652266824533,12.100624869100113,97.68208964598324,4.979934354998704,24.23637333210007,659.7585301042276,17.79721348892265,30.94617450429692,15.459089427686745,0
10.89819035484124,4.801225033037286,15.727119260518565,-4.098115651652026,-4.512670872799749,3.425541789878265,102.20173404373914,5.015116747402858,21.435936336049746,665.7366848453044,22.559843381451614,11.746932709646906,28.041938230251525,0
11.060966893249779,1.1574366278284445,16.797819953921874,3.6322513740719415,0.12155696552036388,14.060600659114012,82.66361979044807,3.1302443807901597,30.77506496304997,663.7445012937902,23.093052239295076,57.00670986356031,31.41236364792072,0
11.102191762779668,-1.4227932622841386,20.139592993906145,-4.8107863436041205,-4.01552061439042,5.49710270433018,96.34296862318479,0.7946411798088178,19.79832022660581,663.2908082317318,17.125816840834357,399.0809688177138,20.13228600055313,0
21.29412263625438,1.3433650277320945,17.679103462996515,-1.1454645434607025,-2.0710198392848165,9.930214261596731,83.84999761567765,0.4360795657818599,25.71054487551898,667.7149911498142,18.227902978470325,387.43608236198367,,0
11.038828009129924,-11.722377503411103,16.519023419986116,-2.3442065599022346,-2.356343539928199,6.192788524035382,96.30871129697115,-3.4059155951882367,22.71903703079427,670.3099141708788,11.298547251608069,380.27308503420517,,0
7.114057415715374,1.5315429455401979,23.96872500283617,,-1.0220314433919737,6.096024670957881,104.5518270776002,-1.2188711144707667,31.0381890777972,664.6269769526525,15.83736010252286,394.93610635850575,8.879915457133013,0
15.249186622112667,-14.593651300859134,17.643160432888653,-2.561960287421704,6.03001732609249,4.14888266711197,100.07357686228528,-0.5096300956067517,20.386069851104637,669.122724359703,17.230121758305685,388.3738844361201,13.027772314751644,0
11.431155396542483,-6.893853629621672,27.29835637214928,-1.0835745082837493,3.387790357722067,6.33049571746511,94.60424980015222,-2.6002870497177364,21.05894695295867,666.1989626617784,20.496664706424088,233.9570615588527,19.200934034154145,0
4.764368732617072,1.8070744037639366,18.462970255008692,-0.9445203671119422,0.8045176611040155,7.730994777656189,98.35738501508939,3.747595866750657,20.1207277469527,662.429071163048,16.41846928256074,45.87830566823021,20.448112375544103,0
10.556959666287932,1.910117349067181,25.241273576898912,-2.937551029565204,-1.1041051223233525,3.2039659643392806,100.29900726034633,6.85851147594804,25.293860203802442,664.9681916270357,18.146192051803563,321.0633553901264,19.447693317914553,0
8.59889731161098,-4.649715120559722,19.52927769084251,1.9403754739884507,-0.9929306264920847,5.750822336560463,101.8401587714678,-1.4342497293166003,18.507797361725434,664.8020564368336,15.298677273669604,388.70790478519797,17.315755388286544,0
13.787459778309508,-2.848408167515755,21.951842292997792,0.9535534993497011,2.023985879807798,3.7446045357715447,102.19736971378555,3.395365742978549,22.085886020968935,663.2133603499782,20.884455594125082,393.4295054790918,22.391117486796794,0
9.059518452729883,5.482163954456528,15.201555793929103,-0.3544557810126692,3.049676293409161,15.615656278459355,102.62549917574859,-1.9514445581188409,15.39053670858286,667.7139317146233,21.90285837833963,300.29248798324284,22.321207291767085,0
6.1931698791866205,-1.9361205262907046,14.684963109650354,,-2.9174700244024017,6.3900769203535255,95.53163422975014,1.1039113162433514,24.961685416512363,666.938584750819,21.80946139367929,4.42372852632091,21.727611824730634,0
6.83624357618518,8.97168124961194,19.93882382005995,3.186176122079988,0.8589230224569259,12.835928606786236,,-0.4061183167111033,21.99914056497495,659.6374012069223,20.249444527621037,349.2451092540164,20.163584765836493,0
12.894220240505199,-0.007679412705384596,22.05421296986126,-0.9433369752567254,-7.413478274652108,5.5145106767692464,92.15803599905526,4.775782594425766,18.047773024272587,659.3938960190426,14.035708013994423,389.3478818432767,18.10871723636596,0
16.556012116215012,1.6321447075250672,,-1.2267891513037488,1.559855136682388,8.430150566139632,98.35096112361039,-0.26245269536871296,28.342437611896234,667.698737812823,17.720185344428597,375.20920336347825,21.13740696915062,0
9.791154540531114,6.46749759399443,12.954426659665213,0.41876011955250403,3.7615969678347443,1.4425437134189227,89.25052682776109,6.542741654826587,18.769332406460244,662.7388542848219,18.57077331072606,6.2966620014285715,22.3876511669604,0
5.393132373268301,0.5241084647736782,12.658966534842694,6.786346731883403,-0.4072745075235017,4.736709632528542,82.67875396472077,1.4529169053512039,27.187774760112863,667.2081646204012,18.586818748317498,44.0876491783467,19.634381470215963,0
8.973790629865542,-4.009375922763205,12.391454391255037,-5.361424832084816,7.979107984560422,6.818138683156987,86.77194207225917,-0.017814838379323295,21.195836704048784,669.1237263124367,20.499924871959344,9.893133479485654,24.09428748344057,0
4.817935868930611,-0.43890980677716046,11.029511548242478,3.0794275722214186,-2.8119537897442015,12.280015323839468,81.26580863840971,-2.2340210493806523,30.406285511581704,660.9161886503778,25.902165489484076,5.954342064045504,7.5568470299864146,0
9.08451149047302,,,-7.57268464495242,1.582761661213045,7.188931110705084,89.46325039201706,3.795918041181399,26.998202155704586,660.3538509816952,23.4483848507384,266.864359648592,15.0681473034382,0
6.697718608184575,-5.458966608806262,22.600175686832102,0.8690926329144958,0.5697010133361781,11.615881444771997,84.23281108849795,6.29837360890472,19.967808516503887,672.6977267295812,16.24992888060522,398.8945434690074,13.476838137393075,0
,-1.0233282853632935,18.046336852300765,6.300331310434923,0.31180933022636664,9.26391644081168,94.01390516351066,3.690785026147497,20.331669791158774,667.4062831318498,22.913611501186534,255.58604901471608,21.030731509926284,0
0.3596347762023768,-2.9687683759897467,9.058340970648592,1.9546740978692285,0.25571132798100943,12.885605357858744,92.7172626257285,11.522426665657695,26.42210082089724,664.3230373733069,22.761209470662944,388.85497754467076,20.935579987803077,0
0.2966500267641239,3.6974310287497363,17.33695815866181,0.6825003141591712,1.1414201200378866,6.080831130779779,82.07421280924484,8.453549809881672,22.95048747715933,662.264238189415,16.97573010819374,400.3186923459652,8.189282519158951,0
-2.4707837439651668,0.13844749674102247,17.448804013469573,-2.2417978752123022,4.104834973854799,16.073890842607216,92.27876084548075,1.5714889411319377,23.322629971914537,663.9582366043709,23.595463690541756,385.01097292408576,15.934668696597104,0
3.3697835480415685,-1.1311829965902802,26.483995000901757,0.12418880195421696,6.165944945098977,4.267415188343508,64.42588783310056,1.691290264771723,29.08895544708839,661.2377106555467,19.558493456218947,398.2867229949748,8.534219255894925,1
,-0.42472772249030505,12.271448348321776,,0.6459990219833704,2.6931526632093243,53.48854357631391,4.945286877941413,21.005244506520174,669.5336486963623,14.56018603994222,340.8777406322931,9.56513901775671,0
2.6022136534049523,0.8924880736246645,,-3.1439064317254215,3.9162642886865324,1.1117886012438634,87.24337335306373,-0.48057672170274035,24.365175088701818,662.8929953855747,22.020810898548568,27.76977255640265,16.21285719069054,0
12.171204649718067,2.467256798759119,24.923410722178257,-1.1595024618994794,-2.22306778506713,15.327098686232281,89.73806498124658,7.205453226129947,27.818511174609224,670.3741383528651,21.067847294458097,332.8492268821541,20.047174111469662,0
19.99967347962919,-3.9988489146775255,19.899913365386194,0.7935246425057582,3.643821810904932,9.203790290471591,71.64609860861539,4.354802087374335,27.2364699535424,664.39748432092,19.289289483256688,367.5332768954766,11.896330881132492,0
9.226735534633491,-4.166350530485087,20.3532522940657,-3.0688682741225612,-2.467966095307961,4.376517066478766,63.29244864729552,3.8495356434341312,23.36154932991731,661.8265992655307,20.0501876600668,394.35678977380945,17.359511893970268,0
5.7396238098038275,4.41871686161012,18.558337748095514,-3.2251272827387365,4.942639744352529,11.16309078749398,83.27507586181319,5.781214671083266,22.844376476589368,664.2947936479447,17.32365808444615,395.6882968243774,19.007609698906407,0
2.4100970545986993,-1.6493474888189223,19.41977415462906,-5.4409737503686975,9.374563509572958,8.979768740471128,92.49086012038028,9.990619533476236,17.044738149916274,655.5033328899943,22.640522015188438,397.50522899167163,17.086166384654682,0
2.4312246478396196,-5.667368370387496,21.210438121114144,1.5629001043555844,0.0916644481144328,14.301509885502362,77.18351535095658,3.580321408750021,19.775020029339217,665.516925693304,20.026197461964294,390.1410247781623,12.62617868088854,1
5.388192597661528,1.7752508375324185,14.862054724428937,2.1812930478682415,-8.156173963229634,0.788668669040355,63.453508403341594,2.0807385165144625,25.273436906298933,665.3195232354793,20.86579537579291,377.70969527220154,,1
10.532474467901572,1.8534792241307476,21.6122343156328,0.9266417769460699,-1.6082917329792918,4.365559566742982,97.44283179685407,8.464678493290315,23.448471244231055,669.2989709861919,21.62856769771549,361.1126420720133,18.01829134038943,0
5.036086064463938,-6.122861029026826,12.607987932457846,3.8606819709146634,5.511500537157213,4.311914464228698,91.8246593918615,6.076201663964541,24.299708314264905,658.4547802880664,15.5816575422947,302.5124670594904,30.85198176587386,0
9.126816130937435,0.9179268618544252,19.413471891326154,0.3514705483229101,2.8263071481009794,-1.410730705634406,91.09750357439441,1.0213806384651107,28.157014438536244,670.6474654434542,16.62286791247179,390.83242078686675,7.343020869467127,0
10.455647095430384,2.9423323697134944,18.81496385314531,1.5680437494630268,1.6096543947001183,9.545308819118777,101.60289186997676,2.12144579463608,19.2507075637509,669.2823971799907,11.360222161535162,344.1010210147344,21.082222604043587,0
10.258356249449074,1.4975458068250522,15.63482764723157,1.2153497025502513,4.648673423819356,5.1034137767865655,98.12702516123343,2.9520236637551944,23.0552787910694,671.0081742547947,22.458969033961626,382.80626220684627,18.052163371167193,0
24.72439490638333,2.527925935045581,18.009258898697414,,2.551813756993688,9.18752481994625,86.7820887690139,3.3984517784199317,24.75484385364487,665.7891144959834,15.351159905012935,383.08101528415824,8.767719060337988,1
6.716328970501101,-5.617076392362996,15.60983938933779,-2.123287312518589,5.402900749804545,15.681087737318446,66.48584408498076,-2.002199403756456,21.183360249701934,670.055587336411,20.73027883958261,400.4073235842562,9.70671857091553,1
11.44103802642469,1.3241606199847824,13.813194692553024,8.856610463167645,4.209694706587943,5.337025232689567,74.65963100897947,-2.8382384312062405,29.725908455709668,660.1150238603724,21.68395289975821,390.9354630033626,7.235697854520363,1
6.097240712692833,-1.2104790378817862,16.685541033545423,,6.6188018109478355,5.376388069371379,77.05031400940733,-0.13896008800981496,27.63434720645259,668.8521902608181,22.60941135557008,398.6024941901593,4.379255564830125,1
5.141488381319187,-1.9311606348985793,13.684045458513356,-2.6635108444817455,1.9671843356250174,6.236656678895984,42.927274106880546,0.239346227954631,25.16053330835502,662.9153489516002,15.383932344655761,392.28680330620114,10.67787570441069,1
2.1514372224292337,3.482222437678906,19.391189856372993,1.7360392938004279,4.204037605975818,9.819989411933639,38.99052903736347,1.14870394410999,31.176927117314346,659.3943926703082,19.939353527437234,367.79998377870425,15.852597111031253,0
2.9920396753431824,5.91709804269692,13.499658023390548,1.0074176611800205,-0.6455082923431417,4.045147898759401,52.06134562221876,6.530542568360017,18.00441888155943,661.5034379273426,26.881121683150994,387.0160060847905,9.634934219875992,0
2.5738204130983213,7.177480218401436,20.94790809196421,-5.61916619044131,-1.8228432462360236,3.5901536114714774,78.55092722157339,2.8701833747010466,23.969094875577273,666.0221245545171,27.057258719937266,387.8917825783071,13.167221064125059,0
6.5568754358302135,5.25923148602362,13.37408372828472,4.490713018254954,7.4100705616758935,10.133757080965463,46.85758650159898,3.937878420040753,25.465347875736246,662.7028031671296,24.1492923761078,396.1774382343265,10.78694033338451,0
-3.255288756743072,-0.43893672652073473,25.474820337675972,-0.37677830140333324,1.473818705290752,6.9685572953521415,89.0181769750028,-3.0763136401690465,0.3417798128243117,712.5042941267832,21.44997255527536,394.70447274576605,18.03025461341764,0
2.8457109452537166,1.4108806521053723,25.241586367139284,-4.443724380862882,3.828522263449516,-2.764913052019283,104.57282578825533,-0.09116881168378055,5.2028581672709135,703.767049779984,16.07957444461849,346.6280563547288,17.00872173866231,0
4.54860801778364,3.0672914871369747,33.040586915499354,4.755136457415496,1.1039600576455606,0.1914328021235674,99.53889325834093,4.171630646979361,-0.4263299751515124,702.4916098255366,22.974486501564215,316.2825234685168,31.526215671845115,0
1.5718656289489197,0.48471179719784785,29.061159782466365,2.502702286384616,-1.737062603679857,11.98794345530884,93.50564679439444,4.247909832707207,6.762229273097013,716.4895497365743,19.46791508501264,385.90228871208075,16.26599508221282,0
-1.0336749342227673,0.5230567516461775,26.89306478982242,-5.058167967791657,0.6529315703296052,7.5907131323152495,77.33858249660636,-0.7883953127516317,8.231339072515627,714.6152005176058,22.34211310109138,395.9644779563282,18.396140299244205,0
1.9891723172347844,3.295012527504728,11.684877764278893,7.108731361030897,6.328976071070857,2.6582162758510037,53.551344399557664,3.028349545518214,7.089333604513313,386.80281265634477,16.66862618059153,401.3047701335168,14.374213902569899,1
-0.9551222221856505,-0.23713058410372886,1.2612306106812472,2.635189473464771,2.805960297117696,5.244361371060071,48.84474613270593,11.177091413929329,-1.4111912602597831,390.9880014261178,18.508267548640283,394.8170728344068,18.27026561687862,1
3.9211785018605974,-2.917147745494646,9.51746564143637,-0.040784462500184526,-6.2608926389218365,5.722946691206681,28.05296746078259,2.728208282977447,2.1328259153358617,395.0780282408053,19.856589440305697,389.8078721090824,13.555984825140367,1
-7.036024336860494,-1.657892263343434,17.680056711219052,6.360875222487118,-0.27597782630461887,8.332933441120655,78.12799821361607,0.02585221543021854,8.258840012852643,392.67680243316244,20.18511236597543,397.52185697747655,19.654453435250293,0
-1.0740494724745848,2.5356415109349695,10.21938602561069,0.6371911353185623,7.714175170818848,0.36094642056484183,72.00772308327463,2.197650442551359,6.0847945740494636,391.5928923847339,21.174890857840992,398.896090402871,9.130166050170363,0
-7.724127980495991,0.011973164799822928,9.96165267667734,-0.11233230041612792,-0.27018744739982425,2.655203445318168,67.18500183138357,2.7778084301073322,-4.776010470769952,395.3806163252504,16.883220061900403,403.4713926754127,10.099235164282696,0
-5.80241332090882,1.3608399074733515,11.882513518568784,-2.641200464087956,-6.6169147669367225,6.660823019453556,68.15711796278173,1.7952264772378026,10.971321535472962,388.07715009919514,13.826862191559188,397.18500191348994,20.108421698034366,0
5.6798289192556375,2.6803169688087594,13.272420973257383,2.3274017572283143,8.157195541690175,5.627661678018199,83.45009168699903,2.372781197293993,6.546626025015329,391.12471379465853,25.699140159599178,399.4759707141249,20.27996231168998,0
3.6433699278867437,-1.4993658515904384,3.940133228440561,1.9064118692959195,3.3025700392511705,8.88043673054684,67.76027185090557,-3.2951871877473584,-2.27629865600018,272.92860544683043,30.95701667609343,394.8671009476813,,1
-2.8326509331391616,3.0249926545192243,5.200694072835892,0.05872055955884515,0.2929485647487984,1.201970410561609,80.15236981444363,-1.5630219003438048,4.979822390266657,271.90895180931585,22.789682844809516,392.28793847226945,7.246889326730866,0
-5.949253824163588,1.5153704138335777,12.771165164344586,-3.159945415470412,-0.9126709443282746,8.404514705085285,87.74332007205555,1.5701590517140098,-1.7101600516275957,271.440777954317,15.704031621079558,393.0466717181218,5.335217311904203,1
-11.748525351366604,-4.9392523476459145,9.070493752409961,0.5197194166642954,4.902407719166941,11.160334477509888,90.00819739003964,1.7278281199102532,-1.7538084704168586,273.29147295131395,17.907219532628492,389.1144148415774,8.822422567239126,1
-2.126572031730538,5.769219164744977,17.178101048879657,-0.27919514304855153,-1.59493360090477,7.977274188597134,,0.24024290055999753,2.433410604056145,273.13762998394213,23.036470276203875,391.5714169772334,0.8407589458540299,0
