PassengerId,Survived,Pclass,Name,Sex,Age,SibSp,Parch,Ticket,Fare,Cabin,Embarked
2.2188683190177256,-2.230915549980859,-6.745502652989289,"Elias, Mr. Joseph Jr",female,23.940792925910827,6.525116062235703,9.876784146771271,239853,2.504208087229771,,C
-2.159936424961982,-0.6335545090189056,-2.9336639146361225,"Goodwin, Master. William Frederick",male,37.04153137826141,7.706379192982786,-2.487343962417619,C.A. 2673,77.01937313895809,,S
6.001804783225829,1.1543244919236684,5.75104452639949,"Becker, Master. Richard F",male,27.461949380154017,2.869393830434709,-1.071178294700731,110413,9.941830074137831,E49,C
7.7622588655648554,-0.2469853232897885,5.851534766892623,"Celotti, Mr. Francesco",male,41.26311812481302,-3.7613739526734804,-2.3030340977528625,2690,52.98067567622181,,S
-2.8041407546153456,4.197358442173629,7.436679245968526,"Hakkarainen, Mr. Pekka Pietari",male,37.0346381720724,1.962427609823553,0.8484548045248963,2626,5.790786595590296,,S
0.7912819725507276,-2.704069222725475,-3.3680520089658215,"Kilgannon, Mr. Thomas J",male,,3.403443615436771,1.5267621379184546,3101296,9.642978338514961,,C
7.511361612669141,-3.449271837902172,2.206209227251616,"Skoog, Master. Karl Thorsten",female,55.81598252578784,2.9028319332748884,-0.2134993777140431,347089,55.82824437327005,B30,S
6.735029630625672,1.9155021540818464,7.062060865931718,"Allison, Master. Hudson Trevor",female,6.931454973236037,6.139817154751673,5.345303667492129,14313,17.767136625812235,,S
8.932795369982845,-5.142568279704477,-3.6333422623289806,"Morley, Mr. Henry Samuel (""Mr Henry Marshall"")",female,26.11361532000759,1.4530523169901233,-0.46791801501911,350060,11.113986510893561,C125,S
6.587824289705679,2.5587668212800088,1.9683819385070547,"Gee, Mr. Arthur H",male,17.98253922447133,0.7103506446778252,3.9446961915628482,16966,33.54306599540469,,S
14.517591899451315,1.4102127349050675,4.0953695932338245,"Quick, Mrs. Frederick Charles (Jane Richards)",male,1.2395378353922162,-1.4334699836160736,3.15399141456433,19947,8.955995483663479,C52,S
15.111167741715793,0.41023004032733035,-0.20305833938693962,"Soholt, Mr. Peter Andreas Lauritz Andersen",female,52.057843361910905,-7.591742074005985,-0.04811967959578609,315084,26.319720950378386,,S
13.264122790244864,6.3531044285970495,-4.408647421604806,"Garfirth, Mr. John",female,20.56467607533056,1.3585670668534033,-1.2597465630285818,374746,6.332834517809847,,S
18.50896482787213,-2.4888297811788718,1.6972075597050853,"Davis, Miss. Mary",female,31.974093117014743,1.7442113746087542,14.706671034925478,239865,30.739680568979864,,S
16.870037369008184,8.241192682096314,1.690778278979904,"Chapman, Mr. John Henry",male,13.040915948425633,2.230303371299265,-3.2680346029683176,STON/O2. 3101282,5.847685774512388,D33,S
12.562830148467047,0.09827420308760282,1.4077103818089833,"Hodges, Mr. Henry Price",female,60.147369050582014,-5.3501747731715765,1.1917327078736586,237789,16.550498420829182,,S
18.475003136329995,-5.108065779880913,0.7461142982997218,"Ekstrom, Mr. Johan",male,-5.639051622985123,6.580066757260241,-2.00087628096853,P/PP 3381,36.81950888169087,C126,Q
14.164469596684004,1.2796783239793013,0.22795138703413076,"Stanley, Mr. Edward Roland",male,,8.218180378483108,7.142482994485223,C.A. 31921,11.704310104285796,,S
22.51380120522909,-4.3049808012750725,2.8411748706120883,"Boulos, Miss. Nourelain",female,26.87187101935369,1.3138005231116454,3.5473053151968146,13507,19.166844036376425,,C
19.80029635605499,-2.007023391254001,4.7698184198788445,"Rosblom, Mrs. Viktor (Helena Wilhelmina)",male,,-0.24666127682616332,-2.7133995153645762,370377,15.203985673636451,,S
20.26055054581896,1.5881332000619646,0.7822929485733312,"Collyer, Mr. Harvey",male,33.537132857415166,1.236009424342804,2.0503799737249135,367230,23.79993768650978,,S
19.276281822384234,3.2223283546004993,0.3614042865279925,"Wick, Mrs. George Dennick (Mary Hitchcock)",male,39.59654552678435,8.129348098841351,1.0307828851062215,113773,20.258701395715875,,S
27.890165354696123,-1.4886708010170326,3.3694161530178324,"Cor, Mr. Liudevit",male,18.81739331636679,-4.094591046799564,-2.066499047898955,347077,8.050492026508428,C148,S
23.381882071724792,4.949620580185602,-6.683663703580726,"Arnold-Franchi, Mrs. Josef (Josefine Franchi)",female,29.98109178427439,0.8128277335756198,3.032656868912693,W./C. 6608,42.627584903459706,,Q
23.286688711347573,4.630031032084536,4.9081405089058325,"Quick, Miss. Phyllis May",male,8.58252125737554,-0.19862968919057655,2.557221564417641,347743,24.075804499785274,,S
24.591465798047082,6.745207026253164,2.997747611508165,"Reynaldo, Ms. Encarnacion",male,39.572919107939306,-1.1880188833799799,5.862794855543809,113767,32.615933450329685,,S
29.129236742213394,2.1176536285028886,3.1587741063902475,"Razi, Mr. Raihed",female,,-0.19836123152775736,-0.16767884496931504,345773,6.962477272453653,,S
29.461776257456314,5.453714848342795,4.842937230377856,"Caldwell, Mrs. Albert Francis (Sylvia Mae Harbaugh)",female,22.428841414226447,8.389292966454235,3.724217970398605,350406,260.5038342404832,,C
30.650930446383953,-6.523193711896231,-4.811262120192993,"Nenkoff, Mr. Christo",male,,7.203962402754947,0.9175506459698378,3101295,8.18236619985741,,S
31.72328401203153,-1.2716261945138503,-4.895335479435855,"Butler, Mr. Reginald Fenton",male,,1.7925685785068253,0.23637333210006936,PC 17569,11.485245836080097,,S
39.56659040348185,-3.468021025293705,2.095215381294078,"Perreault, Miss. Anne",male,44.74457000847532,-1.5063788920939412,-2.564063663950254,F.C. 12750,27.668354276013318,,S
30.37433993446154,1.4769034445095683,0.9715325794859369,"Bourke, Mrs. John (Catherine)",male,,10.970955466554074,6.77506496304997,315097,145.2543087797526,,S
30.951029083713852,-1.2857968767869492,3.680707772767729,"Hakkarainen, Mrs. Pekka Pietari (Elin Matilda Dolck)",female,,-1.7102179253180807,-4.201679773394188,36947,6.746869863288908,F G63,S
30.744909087008487,-0.6646313677989295,0.15149169931021778,"Andersson, Miss. Ebba Iris Alfrida",male,67.60123963323869,-2.2845436574389493,1.71054487551898,370365,14.469906454332213,,S
37.46391769030198,7.528699520816198,3.6574146969597248,"Nosworthy, Mr. Richard Cater",male,16.553926519597308,-6.0997721783149075,-1.2809629692057316,CA. 2314,87.07144582039942,,S
40.51588917088357,-0.6788791856815132,4.7305553719644795,"Swift, Mrs. Frederick Joel (Margaret Welles Barron)",male,43.209032873941844,6.584366276978974,7.038189077797199,PC 17754,49.33139794492652,,S
36.5442101693805,2.6551692687608557,4.935929175806108,"Holverson, Mr. Alexander Oskar",female,,3.872982369485176,-3.6139301488953626,347088,4.554848570210041,,C
34.639374092149886,-0.9290773196969409,1.9566861663816675,"Danbom, Mr. Ernst Gilbert",female,20.797487547772036,9.671222144465784,-2.9410530470413283,19943,9.56743567866845,A20,S
35.70207513723504,0.3028531518273347,-5.430757550457612,"Ali, Mr. Ahmed",female,20.82613005159131,-3.5580934088725034,-3.879272253047301,24160,24.11012825902902,,S
42.602371151298804,1.0240667217442858,6.076944832148513,"Hickman, Mr. Leonard Mark",female,13.700924313741089,6.832683229916438,1.2938602038024412,370370,15.82566123325024,,C
43.97301668481377,1.793296263892638,7.886914664870371,"Sadlier, Mr. Matthew",male,35.43917257339537,1.2805420734645097,-5.492202638274567,2628,4.467591151280353,D19,S
44.17261707322078,4.661230142188708,4.57823364793592,"Skoog, Miss. Mabel",male,26.43438931669849,4.224400867200545,-1.914113979031065,PC 17582,19.943696120032552,B49,Q
40.337961170845226,6.5895759904133175,-0.5185697094700261,"Harris, Mr. George",male,,-6.591108564417884,-8.60946329141714,36568,4.173385781241951,,C
44.92864529226688,2.238480327636667,4.695177574671032,"Turcin, Mr. Stjepan",male,3.459735646324051,6.872327290661189,2.961685416512362,2666,40.50914991233897,,S
45.46674323656291,3.3581875441424085,6.442118831845782,"Newell, Mr. Arthur Webster",male,19.647677469140273,3.1460670053273216,-2.0008594350250504,111361,14.296839984141418,,C
46.87475438691605,-4.603458036742268,9.235264991196342,"O'Connell, Mr. Patrick D",male,,-0.1556401391448701,-5.952226975727412,364506,2.359597404867932,E24,S
50.48571511179276,-0.3515069696624823,-0.5044396969118305,"Madsen, Mr. Fridtjof Arne",female,,3.5804507506444856,4.3424376118962345,STON/O2. 3101279,9.02453882687924,A10,S
48.89438219509873,4.7611578595343556,2.094181661823446,"Corn, Mr. Harry",female,,-3.0619812041689967,-5.230667593539757,7534,4.435783386265591,,S
51.71565425228758,3.463874553668613,5.989088204573821,"Partner, Mr. Austen",male,,-0.3177603423267974,3.187774760112861,347082,22.82844241030397,,S
50.270316277955565,0.8464389311802009,3.229640285752631,"Petranec, Miss. Matilda",male,11.061554012251218,-0.853778454501585,-2.8041632959512177,336439,20.28301928256303,,C
52.156477594759934,3.5455758382718097,-1.4693104082050992,"Greenfield, Mr. William Bertram",male,7.7185867231202145,-3.410911446761112,7.406285511581704,330959,41.43729373944613,D48,S
54.52515290335416,1.9630668359752754,4.658465140106812,"Moran, Miss. Bertha",female,18.658485992107828,3.4470339768134686,2.998202155704585,PC 17558,12.502741612924066,,S
47.171376720577335,5.801225033037286,3.3146465352606667,"Andersson, Mrs. Anders Johan (Alfrida Konstantia Brogren)",male,47.51715846210758,5.766374456730265,-4.032191483496113,36866,69.6768576230643,,S
52.721315134570794,2.1574366278284445,2.351851585324008,"Asplund, Master. Clarence Gustaf Hugo",female,25.380769987142312,-1.8053765990553665,-3.6683302088412253,14311,30.75334615343575,,Q
53.11850938282882,-1.4227932622841386,1.8783397087197766,"Madill, Miss. Georgette Alexandra",male,64.32179713719822,1.3928120637792751,3.42210082089724,345767,60.730818719814835,,S
53.444488607026635,2.3433650277320943,-0.03482360674292062,"Johanson, Mr. Jakob Alfred",female,,-1.0621618985169452,-1.0495125228406672,347080,38.42597723921947,,S
55.89943099509326,-10.722377503411103,7.913115742864237,"Tikkanen, Mr. Juho",male,15.942278555291146,1.313095848324122,-0.6773700280854622,345773,5.206298292947182,,S
63.97976524493758,1.5315429455401979,-0.6027687348507063,"Fortune, Mr. Mark",male,23.82155999008469,-2.510308964844117,5.0889554470883915,SOTON/OQ 3101317,7.24902678803628,,Q
55.536675537227026,-13.593651300859134,-0.3492830510551155,"Endres, Miss. Caroline Louise",male,-0.20773828065401823,-2.5337006243505433,-0.994755493479826,36963,28.695083082356053,,S
63.873113418365925,-6.893853629621672,3.0439420541101025,"McGowan, Miss. Anna ""Annie""",male,17.909673146512404,9.20829954409497,2.365175088701818,PC 17760,51.52300414999367,,Q
54.26852091353678,1.8070744037639366,6.51581611080357,"Hamalainen, Mrs. William (Anna)",male,20.150641177914853,-0.25548234049797036,3.818511174609224,2659,0.8881815095689385,,S
60.6604598800569,2.910117349067181,-4.989492680378147,"Hold, Mr. Stephen",male,37.897443758609306,8.088435803413903,3.236469953542401,349213,80.12301019413961,,C
63.651012260420025,-4.649715120559722,-4.241186999061757,"Appleton, Mrs. Edward Dale (Charlotte Lamson)",female,43.38886823557504,1.1852398591765598,-0.63845067008269,347080,79.13405883543142,,S
66.34488932543711,-2.848408167515755,-5.150914030938871,"Ahlin, Mrs. Johan (Johanna Persdotter Larsson)",female,0.22230848638763412,-0.704312161401969,0.8443764765893671,C.A. 29178,29.9219841768331,,S
67.84490631917141,5.482163954456528,1.1307809010130832,"Niskanen, Mr. Juha",female,,4.907763505743755,-6.955261850083726,STON/O2. 3101283,30.829666145824504,,S
69.1733889407997,-0.9361205262907046,-1.4732232688261755,"Ostby, Mr. Engelhart Cornelius",female,,3.523200656584079,-3.224979970660783,35281,20.39448097003235,,S
65.60509971100625,9.97168124961194,0.4617995599283331,"Mamee, Mr. Hanna",male,34.56828368389702,2.9074914547856943,1.2734369062989344,373450,8.359882182766501,,Q
66.15059282934173,-0.007679412705384596,5.645512759566833,"Gilnagh, Miss. Katherine ""Katie""",male,15.58824872883091,4.762402715471675,-0.5515287557689448,350043,11.867205942755163,,Q
72.43190352502862,2.6321447075250672,0.4338291168686137,"Seward, Mr. Frederic Kimber",male,19.590296412246744,1.388814824616822,2.2997083142649055,2661,13.368606349908212,C93,Q
69.23478270047354,6.46749759399443,3.925128090973458,"Shellard, Mr. Frederick William",female,22.673908909334493,1.49098676405885,4.157014438536242,358585,2.0895121205781324,,S
65.89725470664831,0.5241084647736782,0.8026483689931119,"Scanlan, Mr. James",male,24.894529444615117,-0.6857993259511729,-4.749292436249098,11774,12.949379680393802,,S
67.46685114398608,-4.009375922763205,5.688457260385747,"Ibrahim Shawah, Mr. Yousseff",female,20.078043670658516,-0.16298614766247344,1.0552787910694001,26707,50.73404501512042,,C
69.32219085599355,-0.43890980677716046,3.900512269392035,"Coutts, Master. William Loch ""William""",male,25.640371386574202,-1.054360600632974,0.7548438536448708,SC/PARIS 2149,72.46509445445025,C45,S
75.98864297621506,-0.14244294476036373,0.23226521530156008,"Farthing, Mr. John",male,30.184209004191597,6.345517831507297,-2.816639750298064,2653,9.611105689899567,,Q
75.56970294428226,-4.458966608806262,2.3253929863981897,"Beesley, Mr. Lawrence",male,30.12053900312171,0.949352415175388,5.725908455709668,STON/O 2. 3101286,60.267623024438656,F33,S
78.76194141627107,-1.0233282853632935,7.174973590881978,"Yrois, Miss. Henriette (""Mrs Harbeck"")",male,24.332897063992053,-5.384245311379951,3.63434720645259,248723,2.851964689768973,,S
75.29098941465386,-2.9687683759897467,4.573507481016388,"Brown, Mrs. James Joseph (Margaret Tobin)",male,,-6.22335764665974,1.160533308355022,4137,7.182394261956391,C32,S
78.63415876430686,3.6974310287497363,-2.587848231004526,"Nakid, Mr. Sahid",male,,6.659104234993086,7.176927117314346,3101264,7.8895037687866845,,C
81.50236157586934,1.1384474967410225,4.622472244685531,"Kelly, Miss. Anna Katherine ""Annie Kate""",female,-0.7445498851881772,-0.36127604102051997,-3.995581118440569,7534,31.862152206816,C22 C26,S
78.76261384111905,-0.1311829965902802,-1.3384424897449527,"Jensen, Mr. Niels Peder",male,23.523712719527342,-2.5896408228064693,-0.03090512442272709,110152,9.96847376194987,,S
82.82710095022965,-0.42472772249030505,8.650052279844024,"Paulner, Mr. Uscher",male,22.455500776568048,-1.0959670595880124,1.4653478757362441,349237,6.261665244688579,C92,C
79.35229623573339,1.8924880736246645,7.0963953593641,"Burns, Miss. Elizabeth Margaret",female,33.316038556944456,-5.909231017269328,-3.6582201871756883,PC 17601,9.895661915052443,,C
81.54778461373971,3.467256798759119,4.159541903673603,"Silvey, Mr. William Baird",female,,5.692380598046479,1.2028581672709133,347077,11.813061910478996,,S
82.47304842400668,-3.9988489146775255,1.6289313737447735,"Matthews, Mr. William John",male,30.55503752670391,-1.5722117503441184,-4.426329975151512,PC 17757,56.24980000261259,,S
80.21664141764384,-3.1663505304850874,1.1638709758903198,"Nye, Mrs. (Elizabeth Ramell)",male,18.32616678053477,5.469606110953688,2.7622292730970126,3101278,4.470075200884902,C2,S
87.94788992314233,5.41871686161012,5.714095805600112,"Molson, Mr. Harry Markland",male,36.00059305292933,3.206606857789261,4.231339072515627,111428,17.111368071146313,,S
85.1223906391891,-1.6493474888189223,1.5168873221517534,"Carlsson, Mr. Frans Olof",male,19.48790199887603,6.718127898273759,4.089333604513313,36973,30.028859895062833,C65,Q
88.04997647491075,-5.667368370387496,3.9422794825595755,"Coleff, Mr. Satio",male,,1.0267779961723416,-7.411191260259783,SC/AH Basle 541,12.125244972826971,D,S
90.92298663562363,2.7752508375324183,4.487737466077805,"Burke, Mr. Jeremiah",male,16.532162399340216,6.412930651476303,-1.8671740846641383,382652,259.24582181076306,D35,Q
91.78612470411977,1.8534792241307476,0.7527738258976413,"Potter, Mrs. Thomas Jr (Lily Alexenia Wilson)",male,21.865921897268482,2.876372184353347,2.258840012852643,29106,5.351407127270706,,C
93.66154043589114,-6.122861029026826,0.5352290400372217,"McGough, Mr. James Robert",male,32.55650927010803,2.493164265007883,0.08479457404946321,PC 17485,5.692916563744015,,S
91.6060580619623,0.9179268618544252,-1.777461922897836,"Coleff, Mr. Peju",male,17.831984385896117,1.3917379087308424,-10.776010470769952,315093,7.549404245120784,,S
91.30680675182339,2.9423323697134944,-3.257890984504689,"Laroche, Mr. Joseph Philippe Lemercier",male,43.22382670456943,0.06859713553766045,4.971321535472962,3101295,62.467790387434825,,C
93.6811271563744,1.4975458068250522,-4.313581245766009,"Karlsson, Mr. Nils August",female,18.714598632301445,8.66173876629144,2.546626025015329,12233,22.509805574434054,,S
88.25066226416789,2.527925935045581,5.919315156062119,"Ridsdale, Miss. Lucy",male,66.01059021820376,-3.627747940383603,-3.27629865600018,A/S 2816,7.226929815268867,,S
90.21155011030766,-5.617076392362996,10.235658168331083,"Harrison, Mr. William",female,,0.017230569372638768,3.9798223902666567,113760,2.7304359102376754,,Q
91.70920155058239,1.3241606199847824,6.701315773881222,"Icard, Miss. Amelie",male,74.07958392509906,0.0595435008303818,-2.7101600516275957,347076,37.56534460124076,A34,S
94.01101268959407,-0.21047903788178624,-5.504337954506066,"Spedden, Mrs. Frederic Oakley (Margaretta Corning Stone)",female,26.870901547117896,1.609763013374086,-1.7538084704168586,12460,63.14646534534789,C118,C
100.59909690689375,-0.9311606348985793,4.8994186862248,"Bateman, Rev. Robert James",male,36.306833446173606,-1.7178905835780045,2.433410604056145,383121,27.646939160058796,,S
96.37808377855976,3.482222437678906,7.688425399694226,"Harper, Miss. Annie Jessie ""Nina""",male,33.022684579281886,2.2589852223583513,7.124153836969179,349222,23.169044882080254,B42,S
99.48734978384245,5.91709804269692,1.172760077045344,"Laroche, Miss. Simonne Marie Anne Andree",female,27.344943583511192,-0.6753703408118645,6.494348711891545,2678,1.4867010905960223,C54,Q
107.19691319114426,7.177480218401436,3.405789722600198,"Goldsmith, Mrs. Frank John (Emily Alice Brown)",male,,-6.327810069751597,1.4388459956164266,SOTON/O.Q. 3101305,7.7596959892676995,,S
101.57494411575429,5.25923148602362,-7.031572203218682,"Shorney, Mr. Charles Joseph",male,31.538963017660002,0.03820914502738582,2.8495426354012787,3460,82.47131075313706,,S
106.95006227386834,-0.43893672652073473,4.066944671906566,"Marechal, Mr. Pierre",male,35.22364812519777,-4.402261332120607,3.1659957283393,113789,9.297968546464203,,C
101.26552927996049,1.4108806521053723,-1.2542389177388698,"Johnson, Mr. William Cahoone Jr",female,35.14479823459426,-4.937543049795604,-5.027934701477396,112052,7.126320803308573,,C
105.17824976852948,3.0672914871369747,3.798540071646058,"Fleming, Miss. Margaret",female,29.861987096665118,0.5474932827575398,2.57659334860793,2664,4.414411929370267,,S
103.19991178035768,1.4847117971978478,-3.2448116887555214,"Panula, Master. Urho Abraham",male,16.95652432857473,1.9515333680782658,-2.9362938725741126,1601,14.68106586672329,,C
106.64386769639775,1.5230567516461775,5.171432897910384,"Taussig, Miss. Ruth",male,,2.1067921684183055,1.2739122671863228,PP 9549,3.656589620460883,E8,S
112.36123254982958,3.295012527504728,7.098050701706759,"Newell, Miss. Marjorie",female,35.35572361677144,2.2686828280787767,-0.9098705104293493,3101295,4.994222969487041,B78,S
103.0907183072306,0.7628694158962711,-0.1327194468606705,"Taylor, Mrs. Elmer Zebley (Juliet Cummins Wright)",male,,-6.730356083762442,2.0048333084568575,S.O.P. 1166,26.43013678433609,,S
112.73769457418344,-2.917147745494646,-3.547690325641738,"Sunderland, Mr. Victor Francis",male,51.26391051897254,-5.444067711629878,0.4724138600258404,28220,44.57591724045284,C23 C25 C27,S
112.95094240932912,-1.657892263343434,-5.6240921701999245,"Otter, Mr. Richard",female,16.03907417681997,8.894085747254683,-12.292121083285199,113794,19.552562661525357,,S
110.62340017721283,2.5356415109349695,1.9343458636992918,"Allen, Mr. William Henry",male,22.377879967278552,-4.1888350403081445,0.7155668468207225,SOTON/O2 3101287,10.546772456869423,B18,C
108.21576858244619,0.011973164799822928,0.6736242628735796,"Badt, Mr. Mohamed",male,20.043208339424062,3.4433641245467563,2.568611809197051,29750,13.421924287244439,,S
115.28851803085549,1.3608399074733515,-3.204077649392219,"Warren, Mrs. Frank Manley (Anna Sophia Atkinson)",female,16.774235612451573,-2.747750486663384,1.7837133933538147,347071,16.690768047798617,,S
113.88202916374479,2.6803169688087594,4.812075025248687,"Johansson, Mr. Erik",male,18.69320604428999,0.31869095707025785,-0.41034378483431855,C.A. 2315,7.280505930174519,,Q
117.93070484541882,-1.4993658515904384,1.2001184725414034,"Saad, Mr. Amin",male,68.70206628092119,-2.5330168090943763,6.568646767721624,4138,3.4974051593783084,,S
118.08740858209377,3.0249926545192243,-2.3029438345809297,"Rice, Master. Arthur",male,34.918361494603744,3.2461646184785793,1.2454925164866444,PC 17755,20.439698235100156,,S
125.40711556528366,1.5153704138335777,-1.2182896225617883,"Moussa, Mrs. (Mantoura Boulos)",male,23.565853469259373,0.5470964692667962,2.7506932007724254,LINE,243.61985475298948,,S
119.0425774901079,-4.9392523476459145,7.2852181557184625,"Culumovic, Mr. Jeso",female,-1.1431850775310926,2.2068409054230655,6.177967576202275,350404,33.219621240305536,D30,S
116.90601002951254,5.769219164744977,4.411747775020888,"Rice, Master. George Hugh",male,18.934809612553966,-2.2006884787228413,1.4503719987863952,A/5 21174,76.72711932219241,,S
122.71710253982526,-2.0029789750276645,2.4798957540060407,"Saundercock, Mr. William Henry",male,,1.0710967899700443,-3.592071013656814,11668,13.957234524792831,,Q
123.87998673588706,-6.620381372740735,4.47642007385941,"Davidson, Mr. Thornton",female,35.20242653265792,-3.8508751961703602,-9.75334965511849,5727,31.557870562211452,D28,C
129.43675030096173,-3.1801748383452093,-2.6436478255469558,"Gale, Mr. Shadrach",male,34.74131671292903,1.709924168483354,-1.9084836080723258,4133,16.698301426380745,,S
128.3404449836583,-4.084180642713288,1.129480402908122,"Moen, Mr. Sigurd Hansen",male,52.96991520436083,10.5059396361476,4.043782103524466,65304,76.09892105107943,,C
127.42748423659803,1.208693274630134,3.5892893219458823,"Ivanoff, Mr. Kanio",male,14.29344988069178,6.400680205048048,-1.4123853256712233,2666,9.32859144796722,C47,S
132.85321156487825,-1.0954020221849488,1.1206539660050925,"Lobb, Mr. William Arthur",male,,2.8733915475766514,3.204713489126918,392092,9.644687563267206,,S
123.24494778270859,-0.34732787056237147,4.741833343829671,"Rood, Mr. Hugh Roscoe",male,22.9615438746169,-0.3424291909645907,0.594912703681092,110152,5.595808509132365,,S
126.440993869001,3.4788078619299156,-0.12173381857780496,"Pinsky, Mrs. (Rosa)",female,,-6.755010508014101,6.152264281048739,STON/O 2. 3101293,23.43504315531063,,S
126.2936962343779,1.3595014447708151,5.0392828311044715,"Nakid, Miss. Maria (""Mary"")",male,48.49711071567626,-5.289145583600737,-1.1808668284826445,29750,2.7302312426583155,,C
129.44076078737692,1.264191482577145,5.207435086125168,"Danbom, Mrs. Ernst Gilbert (Anna Sigrid Maria Brogren)",male,29.072360616196786,5.131171424410854,1.8704593062707522,315090,4.3692892700947965,A32,S
126.49325540977476,1.6393138293147707,-8.668639522788265,"Kiernan, Mr. Philip",male,16.577894188365697,-3.1590243204991193,2.023540258141437,35852,9.59163720407316,,C
135.54060378725762,2.464538672008953,7.761222814040471,"Johnson, Mrs. Oscar W (Elisabeth Vilhelmina Berg)",female,47.43480861125364,-1.7970083926561866,6.006407490524772,PC 17597,18.046760301624385,B4,S
133.1111092116049,-7.431813367109772,-10.190530261411016,"Leader, Dr. Alice (Farnham)",male,35.90452949867804,0.33739809726391423,-6.826549225337112,11668,22.05737532413328,,S
129.11677482198937,-1.4577530090578448,-0.46419610222450114,"Holverson, Mrs. Alexander Oskar (Mary Aline Towner)",male,17.337739342124024,-4.248185035386219,-1.8336330982126303,347054,15.682457242025682,,S
131.93768367516984,-8.720840257957896,6.10139213703102,"Doling, Mrs. John T (Ada Julia Bone)",female,24.113331758282015,-4.907074938206545,3.3940644215540154,19952,12.9148573078589,,S
138.25405538980078,1.1442397071911816,-0.2691469010097627,"Lindblom, Miss. Augusta Charlotta",female,13.495826673707407,-0.2018962911256873,8.183585919114591,1601,26.34932070480124,,S
141.3525062715775,-0.01853188889738128,-4.864743929878168,"Sage, Mr. Douglas Bullen",male,34.46267602589782,-2.566117818688145,0.9602860505683214,113798,58.76777766316259,C46,C
146.98692356676713,4.182129099158721,-1.3749482468666825,"Hegarty, Miss. Hanora ""Nora""",female,14.542286327743035,-2.9640743191155794,-1.1708166576859478,244278,12.446648936091794,,S
151.65544986402932,4.750537570884483,5.107622985282479,"Johannesen-Bratthammer, Mr. Bernt",male,22.317966626252435,-3.124764104588024,3.028473474697779,349247,82.38348795208877,F4,S
142.657637733104,0.8111001930094693,-4.686018122194553,"Hirvonen, Miss. Hildur E",male,,2.0894408553378745,5.4748107009267315,243880,22.880961433827864,,S
138.04184751987253,-1.0014443095875993,7.515964403848069,"Gill, Mr. John William",female,22.02882824150548,-0.9285027619814291,-1.4386467146692288,347468,4.9344826358008085,,S
134.47181487707476,2.940644450182951,2.7795916038308426,"Kalvik, Mr. Johannes Halvorsen",male,21.858977733477687,0.28571212842458527,1.3212292487101849,12749,11.906500100029817,,S
145.07084584937533,-2.111670549297254,-1.769581321769734,"Masselmani, Mrs. Fatima",female,13.15017046058339,2.387783589235533,4.7221090496478775,349909,3.8615109190856374,,S
141.74823561875868,-0.005570605773395596,-0.3324602892107644,"Simmons, Mr. John",male,21.119478450091105,-0.5681584329317606,7.561835973097807,28424,10.48199578637354,,S
144.33857095928127,3.944545267843071,-2.068897364406565,"Nasser, Mr. Nicholas",male,22.011488668595522,-0.11301507382869147,3.9704198369411676,C.A. 34651,27.331797542832426,,C
144.55161280376078,-1.2310853839576943,6.464900803434114,"Gallagher, Mr. Martin",male,30.372697240090677,1.8818014222806834,0.1765555866623725,54636,6.966087053212759,B77,S
147.43683645433447,3.2227145569700038,5.929711239051353,"O'Driscoll, Miss. Bridget",male,2.8370620149436725,4.672791374230524,1.783699295848367,330909,32.196717072420356,,S
153.26392092315058,2.7096054747692095,-4.8766445355041865,"Nysten, Miss. Anna Sofia",male,37.6956726103366,-0.5882939980344167,4.229586228774492,A/5. 3336,29.135039069591194,,C
150.62819426978137,-3.819167268523286,0.3856315259226637,"Kent, Mr. Edward Austin",male,44.70391542322769,0.3224311024820864,-0.4626913699178007,3101295,14.40967751604016,,S
150.36546065184524,3.895576512869604,-1.4527426493771083,"Carter, Mrs. Ernest Courtenay (Lilian Hughes)",male,46.87519172624166,-3.127160918933312,0.758561996089553,349909,10.122213488922652,,S
147.85738498869677,3.7942653814860203,6.174039873837481,"Staneff, Mr. Ivan",male,22.036692992728515,-2.442732172658102,-4.231505058123499,S.O.C. 14879,68.9598433814516,,C
146.30126822118257,0.40770354949062976,-2.400396472505684,"Vande Velde, Mr. Johannes Joseph",male,55.034933418758534,3.076590007867231,5.188228785964636,PC 17611,10.94305223929508,,S
152.05476836370667,-3.049293832110609,9.416916418740055,"Rice, Master. Eugene",female,47.86860263427305,1.7797682501784868,-2.560738908594714,SOTON/OQ 392090,11.425816840834358,,S
154.78486979672672,-3.43682407430228,2.8668210419322495,"Moutal, Mr. Rahamin Haim",female,,1.8211937536663043,-1.7284470418120503,LINE,5.340402978470326,B69,C
163.07171965431954,-2.1506503076120898,-3.6477376255203504,"Williams, Mr. Charles Eugene",female,44.3425744266792,1.123417394902089,1.3903730434072552,17421,52.477747251608065,A36,C
157.52109808589154,3.17037785316784,0.29090326396288857,"Newsom, Miss. Helen Monypeny",male,25.97570802291196,0.1848131032598143,7.963947519554555,2661,3.3706601025228604,,S
161.93095804409222,-3.8225006696055916,-0.20647536307380232,"Fynney, Mr. Joseph J",female,26.339097115386704,2.785647563291077,-1.6907319394093094,367226,5.080121758305687,C95,S
157.0028176058434,1.7500489944794797,-2.098473608062024,"Asplund, Miss. Lillian Gertrud",male,,3.7404350440911354,-2.6640632558415853,250653,8.959164706424087,,S
155.26022493433192,-4.96702211551357,3.3793074389215025,"Panula, Mr. Jaako Arnold",male,,11.64491202076259,-0.20326766933517515,239865,65.76846928256073,,S
157.13953295107052,-0.8162743377553958,-1.9116622027673733,"Dodge, Master. Washington",female,40.01723909263277,-0.4031116637839473,7.63558867044525,113803,14.046192051803565,D56,S
159.09909574185698,1.4385910182960346,-6.721464834952755,"Pears, Mrs. Thomas (Edith Wearne)",female,41.973071175356395,5.547970919635352,-11.249387974024085,SCO/W 1585,10.848677273669605,,Q
171.51387892974066,9.780520580235667,1.4812941166073077,"Bailey, Mr. Percy Andrew",male,25.569865022935744,0.9138427269292847,-4.010952048594348,219533,8.459455594125084,,Q
160.71445328310244,-5.5092626220814696,-4.211424785671531,"Todoroff, Mr. Lalio",male,19.217320018529563,2.529504770263194,10.925154836638207,4579,10.36535837833963,,S
168.35395681494538,5.888058265960534,-0.008643472270081443,"Fortune, Miss. Mabel Helen",male,1.9226892095225028,5.128351563339519,3.3635282939665476,111369,41.29696139367929,,S
162.3882912876519,1.5993696559491202,-0.6364115544134235,"McCormack, Mr. Thomas Joseph",male,13.785357941480989,0.9880268299366964,-2.42393979735688,STON/O 2. 3101269,20.574444527621036,,S
170.72629205149698,2.644687672063853,-2.4848642881032568,"Panula, Master. Juha Niilo",male,,-2.9430079610012787,0.8323280713009139,8471,48.83570801399442,B102,S
169.53980386442345,0.47339165355281804,11.003852406360615,"Sage, Miss. Constance Gladys",female,44.328503722294755,3.805403353379304,4.269818264271446,7598,25.420185344428596,,Q
168.37344840936763,1.778907272780932,1.225646268678283,"Hoyt, Mrs. Frederick Maxfield (Jane Anne Forby)",male,,11.381177579630556,3.3845009836224236,349233,24.295773310726062,B94,C
169.83694989545828,-0.614740417448071,3.9814840359813286,"Crosby, Miss. Harriet R",male,30.321583859434412,-1.4991802991603331,7.358008011290254,386525,54.882618748317505,C125,S
168.38084921828244,5.816200725829833,-6.1055931853691785,"Backstrom, Mr. Karl Alfred",male,63.92725357728355,0.28397886169979264,1.5542067251168619,13502,33.79992487195935,,S
173.78428880592833,-1.8258845768988896,0.38414746545231226,"Waelens, Mr. Achille",female,1.3416533109656128,2.2151789426109505,-1.159153212051843,17764,34.827165489484074,,S
171.18006607863688,5.528938288716991,3.861210519766048,"Giglio, Mr. Victor",male,-3.1810511255938962,-0.9520796062477381,4.1483377683928175,17453,14.381684850738399,,S
169.097576944931,-2.5774684808520916,-1.0981156516520256,"Downton, Mr. William James",male,18.729111426989192,6.177797912474691,-2.7930107874514443,17466,3.9749288806052214,,C
169.8882497027215,-0.2410073856051478,4.6322513740719415,"Yasbeck, Mrs. Antoni (Selini Alexander)",male,53.516714457277644,-2.691884070909859,-4.133349983956117,SOTON/OQ 3101316,33.40941150118653,,S
176.69035167088848,-4.287850209160877,-1.8107863436041205,"Minahan, Miss. Daisy E",female,21.144797074611656,-0.8963218934654451,-6.03963548782578,2691,10.415409470662944,B51 B53 B55,
183.31636502564174,1.8200948813900797,1.8545354565392975,"Moor, Mrs. (Beila)",female,,-3.349971294925205,-5.2605135780016035,27267,22.24243010819374,C90,S
178.63996645429376,5.780503827706135,-1.3442065599022346,"McEvoy, Mr. Michael",male,49.3794788418704,-3.0304468981689894,-3.5857806244970876,3101295,32.10796369054175,,S
178.52544669556048,-0.3094247192834163,2.657282637527664,"Allison, Mrs. Hudson J C (Bessie Waldo Daniels)",male,35.72367607529741,-6.833599571813391,-4.711159070803484,113788,12.358493456218946,,S
181.14330455841016,-0.7875427948156382,0.4380397125782962,"Longley, Miss. Gretchen Fiske",male,41.47387757506052,2.5272187968477153,1.2529461094988694,349215,-5.639813960057779,B57 B59 B63 B66,S
186.2240069668273,-4.458467852271707,1.9164254917162507,"Vander Planke, Mrs. Julius (Emelia Maria Vandemoortele)",female,,19.198788887349238,-2.7976073032961413,370365,71.37081089854857,D11,S
182.8775300054554,-0.9171706142092324,1.0554796328880578,"Stankovic, Mr. Ivan",male,,-1.4667151746020886,-12.574665208098976,PP 4348,15.917847294458097,,C
181.35629107666506,-6.371177038886111,0.062448970434795914,"Silverthorne, Mr. Spencer Victor",female,15.301506597742161,-2.6670317319609493,-2.175647098357863,113807,30.476789483256688,,S
188.42515484023954,-2.651511946875309,3.9403754739884507,"de Mulder, Mr. Theodore",female,0.7559305958863671,5.599998657718933,-0.8874385908856774,239854,38.8501876600668,,S
186.71502575384645,1.9071441844365418,3.953553499349701,"Dean, Master. Bertram Vere",female,4.504660785723899,-2.9076998357206274,-0.4217979514878616,244358,19.14865808444615,F2,S
192.14302396798396,5.2760527909655845,0.6455442189873308,"Andersson, Mr. August Edvard (""Wennerstrom"")",female,,5.197387722214161,6.078098717236737,19972,52.440522015188435,,S
187.73293774888762,12.236843444918012,1.2781666661521676,"Pengelly, Mr. Frederick William",male,,-0.1281161911597788,-2.4541702371566005,6563,15.326197461964297,,S
183.102123873118,-1.3463403402836027,4.1861761220799885,"Johnston, Mr. Andrew G",male,39.12544227873883,-2.527262756331123,3.5236938527967916,363294,27.21579537579291,C52,Q
183.52736320301733,5.74120062658176,2.0566630247432744,"Vander Planke, Mr. Leo Edmondus",male,42.53147329422915,0.2881697770172541,0.9240696012765531,347082,16.92856769771549,,S
196.603711728925,0.9750099216065916,1.7732108486962512,"McMahon, Mr. Martin",male,32.86639578441352,3.0311070437447487,-0.16921890269039494,233639,3.2774575422947008,C68,S
197.89466288313318,0.39500941301449655,2.418760119552504,"Landergren, Miss. Aurora Adelia",male,44.23812491598729,-0.9096825230226258,-3.341521155392148,S.O.C. 14879,9.422867912471792,,S
191.2819231468696,1.7303778069046087,8.786346731883402,"Sloper, Mr. William Thompson",male,14.655705669550084,-1.9868988111748218,-0.23513060632306862,19950,4.160222161535163,,S
191.46725071545606,1.2476659347198367,-2.3614248320848157,"Baclini, Mrs. Solomon (Latifa Qurban)",female,13.97047010007452,0.20467358808451275,-3.0603845075896676,PC 17318,10.113169033961627,,S
199.84577716896882,1.4415829024488742,5.079427572221419,"Sobey, Mr. Samuel James Hayden",male,5.040554862453765,-4.08742073800354,1.6800972570182822,11967,21.151159905012936,,S
190.57181727182603,-0.6333326513066768,-6.57268464495242,"Oreskovic, Mr. Luka",male,50.117253915869185,1.5881264091759206,-0.9449985304947528,A/5 3540,28.25107883958261,,S
192.4210919241767,-4.592438639195403,1.8690926329144957,"Sutton, Mr. Frederick",female,58.258358627772886,-7.146906375379641,-3.778511732766401,8475,148.00475289975822,C91,S
199.57330717875618,-6.174500810088326,9.300331310434924,"Johnson, Mr. Malkolm Joackim",male,,-1.7764858174620615,3.967577358802381,371110,10.15941135557008,,S
196.42157950856165,2.612979533124908,4.954674097869228,"Weir, Col. John",female,34.62581033016516,3.037540835322973,2.7073619200857015,347061,3.5881323446557625,,S
198.9795125331197,-0.10680036034285356,3.6825003141591712,"Cohen, Mr. Gurshon ""Gus""",male,,1.2121931317308672,-1.792250936568993,234604,7.489353527437236,,S
199.34622840590194,-2.3843555986246665,-0.24179787521230223,"Mudd, Mr. Thomas Charles",male,19.705537083449734,2.361282291945561,0.5819721881412401,347067,19.681121683150998,,S
202.35029819519573,0.03402250689261427,3.124188801954217,"Reed, Mr. James George",male,20.419816600208478,-0.26018269087523643,-0.3352900860078546,19877,16.357258719937263,,S
207.62992744525488,3.17972901166251,1.9917487383865748,"Ayoub, Miss. Banoura",male,,12.678984723942067,-1.4703637490530954,229236,73.4992923761078,A7,Q
203.36233962760699,0.7214557721055928,-0.1439064317254215,"Olsson, Miss. Elina",male,25.028689513558266,3.698796787079168,0.28198491608465537,350046,7.845772555275358,,S
206.57575517310744,-2.6242197465638695,1.8404975381005206,"Collander, Mr. Erik Gustaf",female,40.211216135650204,1.7845640169906982,-2.484047019229498,349253,3.2045744446184896,,C
196.7993115958759,5.905171822595799,3.793524642505758,"Kink-Heilmann, Miss. Luise Gretchen",male,15.851224823946328,3.710183109254172,-3.779735342480397,19928,10.924486501564212,F4,Q
205.80512639227953,6.316742011926528,-0.06886827412256125,"Moss, Mr. Albert Johan",male,-1.3251433438043052,3.001694217614307,-5.4910693210660995,231919,9.830415085012637,,S
203.62707891882852,1.9782266212914132,-0.2251272827387365,"Norman, Mr. Robert Douglas",male,33.58563400882827,-0.7578540533875611,-1.4344294141545229,PC 17569,18.09211310109138,,S
203.1247477583055,4.8946540453763605,-2.4409737503686975,"Duran y More, Miss. Asuncion",male,27.22232076760992,-5.375595646765334,2.2678826383348936,347085,16.256126180591536,,Q
205.487390532285,5.967839987255244,4.562900104355585,"Salonen, Mr. Johan Werner",male,19.575194983741827,1.6814485033704953,-2.7786374135154386,27849,7.058267548640284,,S
208.66350623719674,5.520397265618055,3.1812930478682415,"Tornquist, Mr. William Henry",female,43.00953493085071,2.1843569233257147,10.082834768631878,STON/O 2. 3101275,31.656589440305698,E101,S
214.66361016942406,2.4563967084504945,3.9266417769460698,"Milling, Mr. Jacob Christian",female,28.563251157445524,4.361887964554262,3.5427426146109293,13502,8.035112365975433,,C
206.69442912904174,3.3933881882995314,5.860681970914664,"Hart, Miss. Eva Miriam",male,34.99232639996379,-3.745285100181174,5.217320530641913,S.O.C. 14879,22.974890857840993,C7,S
213.12252597037767,2.0786422933860105,3.35147054832291,"Elsbury, Mr. William James",female,23.213867603266678,-3.625724237108653,3.1809720482950343,392096,4.9332200619004025,,S
212.0633222666657,-4.389350698188174,3.568043749463027,"Harris, Mr. Henry Birkhardt",male,32.04605480767677,1.8396010652310815,7.411459899754291,345765,7.626862191559189,T,S
213.68930762255215,2.802892627438343,4.2153497025502515,"Bourke, Miss. Mary",male,,0.7153320445876534,-3.1480079338901685,315098,14.249140159599179,,S
220.01103130121842,-4.423255884506216,0.6338399223271685,"Zabour, Miss. Thamine",male,29.411222760331704,-6.5430464422845125,-10.242949542634486,SC/AH 3085,123.23201667609344,,Q
219.1524617480157,-2.1783978205002197,0.8767126874814108,"Andersson, Master. Sigvard Harald Elias",female,25.67022986264092,1.500432655016763,-1.7845024334115323,250649,9.714682844809515,,S
223.34959242977098,5.21426027123235,10.856610463167645,"Bourke, Mr. John",male,38.72976640668014,-6.4096916599558185,2.2328743021901505,112059,21.704031621079558,,S
218.3819772830004,4.3608806507767905,-0.8078039194140341,"Givard, Mr. Hans Kristensen",female,33.68646731963932,-3.781026207493505,0.6060678869919138,19928,73.1989195326285,,S
217.2162295533172,5.9495931587434505,-0.6635108444817455,"Bowen, Mr. David John ""Dai""",female,29.623939303659377,5.406725491440429,1.1018904438711348,PC 17592,12.536470276203875,,S
220.104564732478,-0.08669753474916897,4.736039293800427,"Salkjelsvik, Miss. Anna Kristine",male,13.347304997452941,7.299516071228461,5.283640010679489,113059,13.414462446725144,B96 B98,S
222.9699871650849,-4.60899536510707,3.0074176611800203,"Charters, Mr. David",female,24.35102072270163,-4.862625473887847,1.5282302978499984,349206,8.148437461832575,,C
223.70629343381484,-0.9617487882813713,-2.6191661904413097,"Young, Miss. Marie Grice",female,46.15840508886885,-1.3175661496507771,3.195651710364086,350417,7.552668716604396,,S
219.66244771106653,0.4081251889622968,7.490713018254954,"Oreskovic, Miss. Marija",male,,0.17049009231482393,-3.7582509674110356,230136,8.679528257775877,,Q
225.3619591265115,1.3159548653600388,0.6232216985966668,"Foo, Mr. Choong",male,38.31447067812715,8.124907710326273,-4.381574756864147,370372,93.4583138051435,C23 C25 C27,S
226.91291332055562,4.5347219150268065,-1.4437243808628821,"Colley, Mr. Edward Pomeroy",female,18.54879992170692,-1.9714757912976062,6.456455692097951,113501,7.975595622398482,,S
237.0698961501357,-0.4450817000137821,6.755136457415496,"Johnson, Master. Harold Theodor",male,22.234190998408074,-1.9075360921331124,0.40360614058827143,2625,4.2447412347123015,,C
235.50737844512668,1.408137887211697,5.502702286384616,"Lovell, Mr. John Hall (""Henry"")",male,18.258204760822508,6.1949022338514474,-2.4929167337845395,17421,9.734790237811609,,S
225.58702659776472,-3.9545085977384242,-3.0581679677916567,"Isham, Miss. Ann Elizabeth",male,12.37399749195107,-1.499156610873032,-2.4855779741884727,9234,17.49918386068495,D21,S
228.8504665538033,1.801269112175252,10.108731361030898,"Kink, Mr. Vincenz",male,,5.8888068358658305,-1.5964924865530303,348123,25.136334153019355,,C
225.146231992652,1.012434200742547,3.635189473464771,"Toufik, Mr. Nakli",female,32.85161204173555,-4.90857186044971,-2.835836084183367,PC 17473,85.09596036522572,,S
229.63717194414605,-2.99925335313807,2.9592155374998157,"Mitchell, Mr. Henry Michael",male,27.36440363916484,-0.6849309763693049,-5.132591210414639,C.A. 31026,5.877035082291718,B58 B60,S
234.26242001436137,-0.9433174486994113,8.360875222487117,"Duff Gordon, Lady. (Lucille Christiana Sutherland) (""Mrs Morgan"")",female,59.16472008139671,-6.638387353305618,-6.001681608882034,2686,10.116908821096423,,S
238.82341448355294,0.2632970139391134,3.637191135318562,"Willey, Mr. Edward",male,9.57035689116046,-0.22173512382281757,1.2199824893823235,347088,35.493202722188876,,C
232.08366464902556,-1.0806205173483847,1.8876676995838721,"Olsson, Mr. Nils Johan Goransson",female,24.080149163465247,3.3568054206090534,-2.371703481281598,239853,12.049983391257843,,S
233.3834142397288,7.085364969070734,0.35879953591204394,"Gillespie, Mr. William Henry",male,,-0.19962156434685052,4.428637141773181,24160,9.51147439760753,B5,Q
228.41084388104537,-0.3937840092315185,4.327401757228314,"Allison, Miss. Helen Loraine",male,46.175508016448724,-0.27642296221189855,1.1723066130676663,111361,32.008460591978455,,S
237.34933631782036,0.02441555929064909,3.9064118692959195,"Chronopoulos, Mr. Apostolos",male,6.060041102953104,-2.9949984959236704,3.0612707203119323,34218,22.030630662725706,D20,S
234.75034235256174,-8.389803830440567,2.058720559558845,"Harmer, Mr. Abraham (David Lishin)",male,26.551695886117866,-0.882624292965131,-2.9724816302178025,250646,8.29189492736231,B77,S
237.88224229053571,-3.5768294079179093,-1.1599454154704119,"Frolicher, Miss. Hedwig Margaritha",female,32.99552111200844,1.2044526684027745,-0.4841136631199028,31027,12.906733395338783,,S
237.49255688732964,-1.0522936978254114,3.5197194166642953,"West, Mr. Edwy Arthur",female,,4.931664825847047,1.4440044145257613,244373,12.196947048955032,D10 D12,C
241.62294978298976,-1.7434107047065712,2.7208048569514487,"Abbott, Mrs. Stanton (Rosa Hunt)",female,,-9.50058673638721,2.8647829588507014,347742,18.6325461410898,,S
235.96908643457348,5.526830373511188,-3.3338972749368043,"Skoog, Miss. Margit Elizabeth",female,36.778391169040916,-3.327044697051239,-0.37556730607346206,PC 17572,9.750403116384064,,S
238.13181901843603,-0.6597511015848745,-2.8872494052967426,"Duff Gordon, Sir. Cosmo Edmund (""Mr Morgan"")",male,28.303681154181557,0.6363849687560229,4.316495117296836,330919,3.1548687700112414,E40,S
253.51698844811318,5.15377699727301,5.260613515239077,"Homer, Mr. Harry (""Mr E Haven"")",male,37.32381715502626,-0.39545246384914345,0.03195723563177085,113796,7.488086700750646,,C
240.85030967490388,0.2468185362014721,-9.407553260206756,"Ringhini, Mr. Sante",male,39.92095925847415,3.6135049701069,3.1713884740707194,370369,90.68135508322715,,C
242.61285768618143,0.14891134568630654,3.8216421078450398,"Garside, Miss. Ethel",male,28.648609583907117,1.0701611445062154,-1.9594088343566012,PC 17582,11.513728251585322,B5,S
255.34765411328524,0.6448142091499962,0.08766776898470208,"Mellinger, Mrs. (Elizabeth Anne Maidment)",male,21.112021841053153,-1.219471451973629,-5.250353466274567,PC 17605,16.072563612589697,,S
260.62026867696164,1.0151850064858365,6.2329864275196405,"Carter, Miss. Lucile Polk",female,37.8971575976677,-1.1074127839487082,2.0734359520740906,A.5. 11206,54.39878556543935,,S
245.31373348469864,6.875180012199437,0.026127163384497054,"de Messemaeker, Mrs. Guillaume Joseph (Emma)",male,48.90819028504107,0.0179940410579964,2.9012962525865023,2003,27.2811667360289,,S
249.52700417284788,-9.278442907004873,5.637936857007584,"Lines, Miss. Mary Conover",male,,4.594969399290971,2.301389327230278,W./C. 6608,6.497109914832278,,S
253.36622220376205,-8.006182977754715,1.4123446350488336,"Gustafsson, Mr. Anders Vilhelm",male,26.295013210545537,-1.9280317316228577,2.68874664574976,394140,7.597623539554942,,S
259.9147905776224,-2.1726833242244554,1.4549926139445737,"Karaic, Mr. Milan",male,65.59422112057047,-0.2512268925758219,-1.3943478638199491,382649,27.705353406637506,,Q
250.05257168628705,0.05811152775027553,5.947346123680205,"Gustafsson, Mr. Karl Gideon",female,33.20287648667862,1.733368855993684,-3.2269850057823692,29106,14.767500936465439,B73,S
254.01888861623155,2.7604176990560494,1.1497771347016794,"Carr, Miss. Helen ""Ellen""",male,42.107278917323285,6.241403719497832,4.2069130761751214,350026,26.97179048176406,,S
259.10935030424696,2.8923487921099005,6.986219537993616,"Lefebre, Miss. Jeannie",male,23.598314327778457,-1.201233032945253,3.7057896647931,347082,20.614529179092873,C128,S
258.7390642978665,-0.5369836515222808,-2.9747915084259327,"Anderson, Mr. Harry",male,,3.8352266240438437,-2.243596363375305,349224,81.73135652940644,,S
256.4953757150796,5.076174772967049,2.178371370233516,"Baxter, Mr. Quigg Edmond",male,27.015534068229094,4.927917613060089,4.4376967567682275,2641,88.01386775717194,E31,S
258.46470814193583,5.120781612610924,4.690558891151412,"Calic, Mr. Jovo",male,38.478703026777964,-0.255017059962593,-3.531462058190402,A/5. 2151,511.9773637960753,A14,S
254.50041676652006,1.736231325086262,4.6401499671613395,"Meyer, Mrs. Edgar Joseph (Leila Saks)",male,54.712739411268736,-0.84287591630705,-1.3340935151641617,364499,20.95550507461146,,S
260.0473050241013,3.850630289947365,10.665779506941641,"Walker, Mr. William Anderson",female,,-1.3162146881928645,6.54570084936666,26360,6.8853111067121375,,S
260.9344500399642,2.090581053728515,-0.053757269242642014,"Stephenson, Mrs. Walter Bertram (Martha Eustis)",male,-0.02087767766808213,2.976707463029671,5.47432775093565,C.A. 18723,31.793100133621024,,S
263.928679558505,-2.2459321071315346,-4.516597005394352,"Jussila, Mr. Eiriik",female,41.04186751084208,4.416959442307331,-0.43203722356409036,345783,80.56782589777866,,S
261.77869112472393,2.7912673560000187,-2.9773404339804777,"Allen, Miss. Elisabeth Walton",male,32.932152407479784,0.9240399090220556,1.149522838574202,347082,1.8781454680633043,,S
266.8861540901806,0.44245249031471084,5.641770266193748,"Persson, Mr. Ernst Ulrik",male,,0.9411588366794776,0.6191689780953533,349241,11.43532079151074,,S
270.0508632712793,0.005359387017947716,3.9916917370775145,"Buss, Miss. Kate",female,34.394980242720706,-4.50089404151934,-10.982455459909513,347081,7.7313837132285315,D46,S
267.6217173106739,5.891814288758297,3.4090266385896633,"Lemore, Mrs. (Amelia Milley)",female,12.99710152693955,0.13003969049906194,-2.6258957978935267,211536,36.95519757116396,F2,C
269.4070256335968,-8.803488514160346,-1.4918281964285196,"O'Connor, Mr. Maurice",male,31.570641173744935,9.57378729910792,-0.2033864684371261,330931,13.578426718972636,,S
269.2126213903115,-4.670736680638279,4.067469173316243,"O'Brien, Mr. Timothy",female,63.060639781953306,-0.7113029011547584,-0.4264459062372248,371110,156.5464263567726,,S
270.00033757236565,-3.7482817054974804,-3.8988191106021617,"Leeni, Mr. Fahim (""Philip Zenni"")",male,35.09779488767915,-3.0990879823134407,0.9884102593216822,2687,134.0702162314667,,S
268.1137678658286,-1.4530425902752224,5.635798329507599,"Turpin, Mr. William John Robert",male,,5.724396662357189,4.51792925179168,234818,30.571155324191054,,Q
273.26597704669325,-0.018432679064120494,14.42975369255946,"Nicola-Yarred, Miss. Jamila",male,24.4715951487475,1.1272341947342084,-1.2861431386157098,113798,-0.41085578669959416,,S
272.61085360634604,-5.02930259109219,3.465804586286202,"Lam, Mr. Len",female,41.908651193549865,2.3126196674580863,-3.2306191844914594,A.5. 18509,19.626296489125533,B80,S
282.3726732357224,-3.9406321292433053,3.3324325426309724,"Goodwin, Master. Harold Victor",male,43.40018912527843,-0.5521883011261344,2.299406634044181,348124,31.590732368954452,,S
281.293419609901,-2.4433667140942807,1.0285609244177625,"Fischer, Mr. Eberhard Thelander",female,,-1.2746923623072166,-1.306493334271214,PC 17474,17.889970984399326,,S
277.543386210226,10.829696368303567,-6.240853284347265,"Samaan, Mr. Youssef",female,65.90411613215656,0.32165451001083856,-0.6242540032876106,A/4 48871,78.71732624465061,,S
273.94777116122094,7.206967790988586,0.5891225478791107,"Stanley, Miss. Amy Zillah Elsie",male,49.67708043628068,-5.530952681194507,-1.1670948766123146,C.A. 33111,10.400392601701004,,S
273.5503541120663,-1.6469976707385972,-2.3715809643949974,"Webber, Miss. Susan",female,,-0.3517096376795899,8.967351200043943,113760,-6.745906824760571,,S
283.7645718123555,-1.4543331612271957,-2.7880183056600627,"Maenpaa, Mr. Matti Alexanteri",female,10.019447569896172,5.1841323081704695,-7.96281704399178,250647,27.18540002888466,,S
281.05099690058853,-3.5968159887531765,9.889439767982598,"Wheadon, Mr. Edward H",female,33.821724981353555,8.401852935375015,-0.5533356125305846,382651,25.16526001086642,,S
282.92057361356643,-7.632521652901067,4.0914500721030915,"Beavan, Mr. William Thomas",male,54.93561921690893,0.343996260020862,-0.014756102593568207,W./C. 14263,9.359261565426463,,S
275.02165605210325,-0.4675207456340961,4.518750322455935,"Goncalves, Mr. Manuel Estanslas",female,19.48732183205675,-9.33670816884122,-3.124569969131115,SOTON/O.Q. 3101312,-9.702258339459348,,S
286.70975392623274,-3.9914079329761027,1.7639105392150018,"Francatelli, Miss. Laura Mabel",male,11.927529553925257,-0.37594173113848567,3.599303328513132,2631,12.196092809264787,,S
285.81768135285745,0.6605978733519609,2.308515670226255,"Abbott, Mr. Rossmore Edward",male,21.124892914370324,10.958016532433223,3.2530307148785575,248731,15.722657578515076,,Q
280.5582772623421,-6.40082339617391,4.858202728957334,"Hays, Miss. Margaret Bechstein",female,,3.465464939940159,-0.19101847395416244,36947,18.016369655520826,,S
284.1139007702002,-3.047897833241031,2.870651525219138,"Keane, Miss. Nora A",female,33.73746682870266,-3.2435557752343547,-1.0826950213747766,19996,14.74005070258205,,S
288.0548688174261,1.5945083812113234,5.122775752098931,"Jermyn, Miss. Annie",male,37.80377393074677,2.364426057722227,-0.447827336926588,PC 17760,-1.5878225225037124,,S
288.209867193425,1.4648383911357497,2.2159828086199367,"Andrews, Mr. Thomas Jr",female,16.92364154056075,-2.9680536995589613,-0.41914661459124286,2651,11.647795780213654,B50,Q
287.8313152567858,2.6698878349680584,0.6313884370718112,"Hickman, Mr. Lewis",male,41.8902665832651,-5.41523007818743,-0.31349211250305065,367231,12.965405495951039,,S
289.58604692773616,-4.281955936628149,-2.627656662407448,"Troupiansky, Mr. Moses Aaron",female,23.21774209125526,-1.3934774529362888,-0.751996406067198,113051,-1.6498848609784655,,Q
289.99209048717245,4.418742920542247,-6.910996249468512,"Lurette, Miss. Elise",male,23.05490753384666,0.36610575695544484,1.0097972583695711,2685,80.63455130895915,,C
292.61025004840985,-2.2008467864074013,-0.046247604265607256,"Goldenberg, Mr. Samuel L",female,19.113306980331764,-6.488622009733583,3.0128482593114603,347466,95.68255899660824,C99,S
298.88596789197265,2.531431658429226,2.225986767972931,"Goodwin, Master. Sidney Leonard",female,29.60020266366262,-4.596637162154543,-4.921040590394307,SOTON/OQ 392076,14.330548015286293,D15,Q
283.73336623627483,-0.04255470647277259,-2.1445201468351636,"Meyer, Mr. August",female,29.63962486910011,0.0413422527294189,-4.202655596932596,F.C.C. 13529,11.189310548238453,,S
294.05259894196126,-5.5055499963117915,2.8621005398614683,"Lang, Mr. Fang",female,21.273541789878266,-1.6326927039558166,-6.994072117934095,1601,6.249095550643753,,S
296.7060496854898,-1.2647908183247518,1.215010251962008,"Hassab, Mr. Hammad",male,,1.579245084584363,3.465589601430398,PC 17757,20.275240979115914,,S
298.1839759587484,1.4614549682550704,-5.624032024237517,"Bazzani, Miss. Albina",male,23.37010270433018,-4.858673309234246,1.0012931727618526,315037,9.996656089348257,,S
296.51234167471483,2.451861521898396,-2.6604986379180047,"Ford, Mr. William Neal",male,6.1122142615967325,3.8564549942132027,4.0210700637310826,2662,158.5490156777852,,S
291.9731128700857,0.43604841022232554,2.629055574941874,"del Carlo, Mr. Sebastiano",male,,-4.73503638824078,-5.717992953453874,CA 2144,35.01832341690984,,S
301.3119819348564,7.127115562404211,2.5482349175829757,"Hassan, Mr. Houssein G N",female,49.87702467095788,6.57093720775052,8.139792491520552,113789,239.56929668159464,,S
307.90940085665676,5.030043083946236,-1.6146996655990424,"Hays, Mrs. Charles Melville (Clara Jennings Gregg)",male,,-6.863033137513266,-2.4354036325814308,SOTON/O.Q. 3101311,1.6904223711562647,,S
295.86455438033545,-0.02661646559901132,3.63379220199894,"Wiklund, Mr. Jakob Alfred",male,,-2.3702170815336503,0.6728232284450235,CA 2144,19.866129032810637,C82,S
306.4553120547927,3.000487248547778,7.0896289014418885,"Coxon, Mr. Daniel",male,20.27199477765619,1.6694832121273169,3.4175386427134877,SOTON/O.Q. 392078,-6.371901805120573,D9,S
302.6858991075084,8.735173940752748,5.108291835963593,"Bostandyeff, Mr. Guentcho",male,,6.6569330059905525,-3.9479190231842876,19950,12.526759678224156,,S
304.7547026166846,7.841938403132108,2.618856851944262,"Allum, Mr. Owen George",male,,1.260172144464683,-2.1852974340506672,PC 17612,9.623663220722092,,S
301.7884059571842,-3.91199952328999,-0.8719052532971696,"Lahoud, Mr. Sarkis",female,-1.520395464228455,3.2514316807295645,2.716687098403497,36928,145.82898686703055,,Q
305.6621753105765,-2.7061324446286026,-1.5173779373380176,"Eustis, Miss. Elizabeth Mussey",male,,0.07014760669223392,11.429892301858825,220367,113.99181383710211,D36,S
313.20017837879584,6.939675146935404,2.8712791316386284,"Karun, Miss. Manca",female,16.641076920353527,-3.1055938164607735,1.2044989714080971,347083,111.30441577608006,,S
311.33062096795084,-4.233124203350549,2.7804158925715523,"Millet, Mr. Francis Davis",male,36.18092860678624,-0.9605533929575172,6.425444602522873,SOTON/O.Q. 3101307,21.807363500625186,,S
316.9292464216398,-4.290164533166716,3.5176160244088015,"Vovk, Mr. Janko",male,29.217510676769248,-4.847638879925107,4.822692580767822,315094,56.239112056064066,,C
315.70964755591075,-0.9447765227961875,1.527495252484608,"Moor, Master. Meier",male,25.037150566139633,-5.1148398711074865,1.472040145978075,11767,75.35909529738787,,C
313.7563467157183,2.680906837898343,4.275055801389767,"Silvey, Mrs. William Baird (Alice Munger)",female,12.714543713418923,3.6069956772789857,-1.956783086522715,SC/AH 29037,261.0459513748517,E38,S
319.97573810467117,-0.4095868264443855,2.378370131830801,"Cherry, Miss. Gladys",female,24.211709632528542,-3.492711928351847,5.23901444327294,2648,26.029539896521303,E67,S
315.7559726349532,-2.6022544816223685,6.138754864526746,"Betros, Mr. Tannous",male,28.842138683156985,1.2782160268934455,-5.992441366592188,349910,8.570790380912758,,C
318.31195270718825,-2.696849846898036,5.483291081466556,"Elias, Mr. Dibo",female,49.344015323839464,-4.207291008884391,7.403500494708368,31418,27.765507648080696,,S
314.81371618586115,-1.8493482576508349,-0.21810652089925409,"Risien, Mr. Samuel Beard",female,26.887931110705086,1.1855320804670186,0.8000212328730212,350035,8.831166972922288,,Q
317.2661832634368,-2.51803851463577,-5.232576187482984,"Jansson, Mr. Carl Olof",male,29.534881444771997,-0.9547302758518501,-10.600894189192704,29105,24.94262521093732,,S
315.21030470679887,9.126531509104247,8.173971424058212,"Chip, Mr. Chang",male,56.562916440811684,5.626462134602578,-1.3620243801273557,F.C.C. 13531,15.144779770217268,,S
322.9583357383794,2.1900442847422195,2.0266349228490466,"Sage, Mr. Frederick",male,37.509605357858746,1.2948755823162599,4.615791283691761,2693,168.874827973241,,S
315.2867855075405,4.547036217618954,-5.857943581984486,"Compton, Miss. Sara Rebecca",female,39.76383113077978,5.943131571976566,0.051904507840933145,STON/O 2. 3101292,134.11800770676143,,S
324.12940136967063,-1.9563098724756949,0.1447220111251557,"Christmann, Mr. Emil",female,31.560890842607215,-3.02258686570077,2.860023243974293,PC 17610,8.520379563326706,,C
321.23739576997934,-0.7438267087441954,6.087497169479313,"Canavan, Miss. Mary",male,25.05841518834351,0.22457336097666913,-3.400096670849182,364512,7.151115749343527,,S
327.68498837386926,-1.85421592548142,0.881292675468428,"Silven, Miss. Lyyli Karoliina",male,26.934152663209325,-3.9243486324651133,-5.22392949115043,237442,9.762964334081715,,C
327.003475954925,-9.606833339676808,-0.0482456772765083,"Ryerson, Miss. Emily Borie",male,17.159788601243864,-0.6544209709776725,0.7142183878095785,S.O./P.P. 3,31.091518667670417,,S
332.2825846305872,-5.512037107391465,8.603527441251867,"O'Brien, Mr. Thomas",male,,6.951583109021484,2.1262626691596593,330958,67.32909622331917,,S
328.9230987645546,-6.242474719921579,-3.189148585535242,"Parrish, Mrs. (Lutie Davis)",male,39.27779029047159,-2.903432882748557,-1.3935374042492856,237671,137.17788760396874,,S
320.71183897738706,-8.99913511180643,-0.19261343101933548,"Wick, Miss. Mary Natalie",male,59.66351706647877,-4.86201143538278,4.90916458656877,2908,6.350521486040182,,S
327.7321873084072,-3.781435897192411,2.8455459001930703,"Holm, Mr. John Fredrik Alexander",male,40.99609078749398,-5.654069294610611,-3.4008295005562306,PC 17603,11.784261293919426,,S
324.3119712296207,6.299822717526523,4.561819728215529,"Hippach, Miss. Jean Gertrude",female,33.75076874047113,-8.358992462829589,2.2526624293293978,350048,19.212428671413356,C23 C25 C27,S
327.9268806305349,0.8222553291825823,2.9853721373629263,"Dimic, Mr. Jovan",male,23.86450988550236,-4.225385854013831,1.271879884654501,PC 17758,55.94671603033725,,S
337.0449137331069,6.162255049284696,6.644952178275787,"Leyson, Mr. Robert William Norman",male,,4.5099755866873785,-6.2268638085443335,4135,16.666795311643945,,S
334.5501352435908,1.6439303076035012,1.7943144827260675,"Kirkland, Rev. Charles Leonard",female,44.43855956674298,-6.393994128053132,-5.276120734674049,347062,30.03158038064677,B28,S
330.204278285685,3.130235302860637,2.9575357557536366,"Ali, Mr. William",female,36.1499144642287,-5.47249138501322,1.0476440649945256,330877,154.3886873011133,,C
329.9451305342384,-3.6035879812183005,1.9631629627396672,"Reeves, Mr. David",male,8.105269294365595,9.16359428493166,7.924799994747856,349243,21.398681009793975,,C
335.13112837150504,3.095803816770683,1.2507932129468569,"Hamalainen, Master. Viljo",male,,-1.5459841993930161,2.317079247595244,PC 17604,131.52417239077283,,S
331.1337594024755,2.9148569362973835,3.430136720214538,"Smith, Mr. Richard William",female,,1.284184036659343,-6.902539300578531,334912,15.47733450190667,,S
334.3154388904137,-2.3065891689347717,1.8603925432761443,"Fry, Mr. Richard",male,31.95852481994625,3.5692685860019786,-12.44195226047735,13509,65.08105620860147,,S
339.248037886205,3.2381614824646654,4.090159230331043,"Watt, Mrs. James (Elizabeth ""Bessie"" Inglis Milne)",male,50.439087737318445,2.650104519125121,2.932214372017519,349228,130.99956143122122,,S
343.6212481444268,3.2647510342993318,5.220582727779324,"Sawyer, Mr. Frederick Charles",male,43.58702523268957,-6.089256922432239,-0.3848539317127961,349237,4.075260320629342,,Q
342.4350458888978,-2.1982104845203314,1.1768680116007324,"Sjoblom, Miss. Anna Sofia",male,43.31538806937138,-0.9242387195979609,4.565063878041478,19996,28.56431038708135,C49,S
331.8348419656076,-3.49107372908398,-1.2365039397641593,"Reuchlin, Jonkheer. John George",male,2.4746566788959843,-5.4729090780735685,-2.522871682845766,C.A. 5547,32.13051156957251,,C
343.21746691612105,-3.736513327593089,1.2706850322508383,"Van Impe, Miss. Catharina",male,27.94898941193364,12.785271435641294,3.4008499914341046,113784,268.48426956307463,,S
343.2881342929303,0.34602216768584715,1.8879288604170243,"Mayne, Mlle. Berthe Antonine (""Mrs de Villiers"")",female,25.733147898759402,-6.3795010560624,3.3846938521114507,PC 17761,15.402980651539032,,S
345.65556114149075,1.3080394751572593,2.7727263192527936,"Thayer, Mrs. John Borland (Marian Longstreth Morris)",male,22.476153611471478,-4.191360875479281,-1.7898545528259273,113781,9.41564476889688,,S
351.46483872660485,-3.170103321831658,10.826101228561608,"Pettersson, Miss. Ellen Natalia",male,40.228757080965465,-4.162403419366019,-1.7043422809242617,376566,20.245070726236477,,S
337.74704689278104,1.1063413653043945,-0.09509111416494154,"Turpin, Mrs. William John Robert (Dorothy Ann Wonnacott)",male,25.51455729535214,-5.9866419068915215,0.10105132439356194,1601,11.593123353913377,,Q
344.63558629923557,3.2821481445539415,3.689156076501438,"Faunthorpe, Mrs. Lizzie (Elizabeth Anne Wilkinson)",male,31.821086947980717,5.4103756390261815,2.1707053862413153,PC 17483,11.92389667509339,,S
350.36362529117343,3.4727628586612034,7.273848268977193,"Sjostedt, Mr. Ernst Adolf",female,,10.689791604333983,-0.05733601804764375,28665,21.849036321744308,,S
342.6736224021842,7.207520480489954,3.3920076563975314,"Myhrman, Mr. Pehr Fabian Oliver Malkolm",male,9.00494345530884,-0.9029964772504695,4.895985351037946,STON/O2. 3101279,18.53564233792349,,S
355.90379619221403,5.1079233287921735,12.35138047668866,"Olsen, Mr. Henry Margido",male,43.60771313231525,-5.28169258737764,-1.84774075706812,364851,17.466912555018375,,S
352.4734264508026,-4.005165731026176,1.4878428330740932,"Carrau, Mr. Francisco M",male,19.951216275851003,-8.947701994904085,-5.3135808218524385,S.C./PARIS 2079,10.219889041276078,,S
355.38633594337364,6.73434483815209,2.2963568892801884,"Rice, Master. Eric",male,,-0.9764348740884059,7.9079014724527195,PC 17595,33.4118768016851,,S
350.7162253539128,-2.123906018222859,-0.1952229795719278,"Christy, Miss. Julie Rachel",male,15.052946691206682,-0.26546169264577535,-1.4185349461697854,4134,4.7819804661608165,,Q
357.25505475986483,4.17949124981771,1.5939010594268275,"Slayter, Miss. Hilda Mary",female,27.942933441120655,-1.6051845054405782,-2.273768334870989,370376,10.412015291237493,,C
359.27388622395614,0.2719465042043554,3.9957356415866316,"Renouf, Mrs. Peter Henry (Lillian Jefferys)",male,,0.8855010159049136,-0.2632132842887374,231945,6.110616908775182,D7,S
356.93151208054866,-1.6485975138278703,6.385216249230918,"Harper, Mrs. Henry Sleeper (Myna Haxtun)",male,24.636203445318166,1.5806925712619453,0.2687244386159247,W.E.P. 5734,14.078373355309523,E25,S
357.9376035707948,-6.230787439099731,2.2763793360942968,"Emir, Mr. Farred Chehab",male,23.091823019453557,1.2923330317516026,-0.5467345699531314,SC/Paris 2163,57.395336690624276,,S
359.0813729571269,-0.6862580408653928,7.036459397338944,"Chapman, Mr. Charles Henry",male,37.6006616780182,-1.2644994878739488,-0.06973558779603616,226875,13.081232026241624,,S
355.5466189410425,-5.237532941222436,2.620138757629313,"Laroche, Mrs. Joseph (Juliette Marie Louise Lafargue)",male,,-4.406487318297048,-0.15904892571269583,PC 17758,3.899462224734683,,S
359.4098852790386,4.869196943371089,1.6713258806439786,"Spencer, Mrs. William Augustus (Marie Eugenie)",male,,2.6633323912268634,0.6992773080832279,Fa 265302,8.786692072050949,,S
360.3899098701906,6.067170628556992,13.815940429117546,"Graham, Mr. George Edward",female,41.428514705085284,1.0500550376861217,-5.429949835949264,349208,31.951254820781493,A23,S
363.533575457414,-3.187643957186761,3.576950597768123,"Herman, Mrs. Samuel (Jane Laver)",male,33.36633447750989,4.553430099338601,7.523505228031397,248727,29.44367702587994,,C
366.9992969876412,1.2078829700770846,0.12207381608580947,"Andersson, Miss. Sigrid Elisabeth",male,46.947274188597135,3.1603021978889254,0.41084674586176984,PC 17756,15.121140678533436,,C
359.7658556720864,-2.9015660880319016,0.2229449510077246,"McGovern, Miss. Mary",male,35.55644695904637,-5.687048276188462,2.3224904777879414,SC/PARIS 2131,3.8621693868751756,,Q
364.4999638787217,-2.5139389205471585,-0.7707196581253619,"Goodwin, Miss. Lillian Amy",male,,-4.736888829830413,-5.512405366136097,112050,18.96872725644805,,C
371.92582219063587,3.0979788154614853,6.746277423427152,"Farrell, Mr. James",male,26.660595388913993,-3.0221628749621137,-1.8840010449970008,349223,-5.277619274976724,,S
364.0256470847497,0.8458469526263499,-0.45750917157296733,"Flynn, Mr. John",female,59.712005630240846,-3.225061633162672,-2.689263465281658,W./C. 14258,76.78138283546058,,S
364.71099993083874,7.9585921677240465,3.5094499026259425,"Cleaver, Miss. Alice",male,,3.021007103904403,5.878895058034181,28551,17.510487923778395,,S
369.8092247673248,-0.9289299148116841,2.7459653022469253,"Birkeland, Mr. Hans Martin Monsen",female,,1.405238703951671,-2.343254427343531,382652,1.716506450672612,,S
373.3775407619413,4.997345329897957,3.9259696317637385,"Carter, Rev. Ernest Courtenay",female,20.44078404260636,4.396735975141243,3.032319947760365,349249,68.33452218119453,,S
371.04570422224265,1.389653651831128,-2.3869763715360803,"Rogers, Mr. William John",female,23.031011644938456,2.585947269643673,-2.6016818106927806,CA. 2343,55.41005603950109,,S
377.31584236174797,3.1831120389769327,-1.302289144572062,"Bidois, Miss. Rosalie",male,18.80340118910372,1.834598327493476,-1.8104757586157763,29104,4.645468743773692,,S
376.4271759302661,-1.788630629319787,3.897189228726377,"Horgan, Mr. John",male,17.50594401127661,4.798919121376682,-0.9822006608027438,230080,12.195496970235919,,S
377.36728026756026,-0.19823535020633085,3.403837138799588,"Perkin, Mr. John Henry",male,23.941213132252564,1.878909358940194,5.135380507317201,343120,137.5231040574212,D36,S
377.21646600529635,-0.461995517195739,4.330129252390563,"Maioni, Miss. Roberta",female,5.0913750429961215,3.272403853750875,-6.559410636120474,112058,21.684201490189277,,S
385.31061240138433,-2.3442284593831486,-2.2378149163893104,"Mellinger, Miss. Madeleine Violet",female,,6.921812135722742,-5.262654221097731,349244,85.35989024467712,E34,S
376.17935324453583,3.6483261383270107,5.709939368365575,"Palsson, Master. Gosta Leonard",male,27.694237889060133,0.4607235326111602,-7.789220662759267,236171,7.317002836286969,,S
369.9859108317339,2.6009960223134567,-1.975443708382537,"Cavendish, Mr. Tyrell William",female,30.983434897489442,-1.2173624196716866,-2.350008479045801,218629,224.21945795529405,,S
385.41701744606854,2.3742187796222667,0.9138454208544666,"Backstrom, Mrs. Karl Alfred (Maria Mathilda Gustafsson)",male,16.26304374340816,-3.3512930351105985,-3.246400204768429,347088,4.617887734626965,E8,S
378.1692022761727,6.1478626156705785,-0.7758140988880089,"Jarvis, Mr. John Denzil",male,15.38586221369491,2.812101836181645,-6.457925016361556,345774,8.556128393958819,,S
381.43152177737215,6.797379204945214,6.204633394608123,"Ford, Miss. Robina Maggie ""Ruby""",female,41.696914094160704,4.9482021673698755,-2.936590986458676,370371,220.68312780170692,,C
387.2382027394421,-0.4997787593965415,5.533686164109397,"Simonius-Blumer, Col. Oberst Alfons",male,-0.804701428957658,-0.20234960573372027,-6.05885792373366,312993,13.567898690786304,,S
376.5909618357643,1.492209273736713,5.419973502715493,"Odahl, Mr. Nils Martin",male,27.44669309215623,5.231662495119354,-4.071954895070725,C.A. 33112,12.514510727199237,,S
378.99341114357543,-1.4944027570328506,5.988845684569801,"Natsch, Mr. Charles H",male,33.23323282330802,-6.880060127886304,4.801681599640802,STON/O2. 3101290,46.65817259856051,C62 C64,S
378.5948882515246,0.09342126445822183,14.250596992954893,"White, Mr. Richard Frasar",male,,-0.2218134992316592,1.6143522811244113,347078,-0.7344286972078189,,S
382.8234548398983,-2.398997796475459,-4.836904415640622,"Heininen, Miss. Wendla Maria",female,15.312609040955177,-0.16037964841774477,0.7498706886901109,244252,73.62926188475029,,S
388.75854642406796,6.480281236544204,0.04649367649156755,"Dowdell, Miss. Elizabeth",female,-0.2631579446200225,2.092022510370612,-2.011114225116458,C.A. 37671,52.38297802989991,,S
390.09675137125106,2.4547926013718513,-0.4647003366980953,"Lobb, Mrs. William Arthur (Cordelia K Stanlick)",male,40.713803401273324,9.535444151927493,-6.144339836178896,PP 9549,13.169524914784503,,C
390.1050967173142,-0.8721165124176885,-0.4032784895307713,"Connolly, Miss. Kate",male,,-0.26477053075504464,-4.556624302137123,350029,6.384701589494625,,S
384.34893646443055,5.774474287425508,-2.3103329904148504,"van Melkebeke, Mr. Philemon",male,26.88723630422188,-1.630923086417733,-0.17283930758405994,C.A. 33112,4.56604824903608,,S
381.7595862534694,-7.682461639181646,-0.1986122562214625,"Nicholls, Mr. Joseph Charles",male,36.6820327440786,1.10384845373402,5.472707118906673,113783,121.80901649080877,,S
392.21741434156155,-7.056410379461159,-1.8664148611576197,"Richards, Master. William Rowe",male,19.839736904250994,-8.011254954103318,3.6094696685412817,244310,10.440900435532178,,C
391.11289586544666,3.1833546208790957,4.340169470149653,"West, Mrs. Edwy Arthur (Ada Mary Worth)",male,28.016531530619464,-1.0394717013796604,2.522449449933332,A/5. 851,0.7980700035955985,C124,S
395.83754308686645,1.2418737924694723,1.2067932857144585,"Mernagh, Mr. Robert",male,24.02596791377416,4.932959877781617,-2.9502274562717767,335097,117.81312979478888,,S
397.8078145048851,2.0017852010430426,4.924114659054621,"Yousseff, Mr. Gerious",male,25.741015828684255,-2.515781419731099,2.098199329615952,349214,19.762782103568437,,S
396.5529657282347,-5.305584413274195,5.03091380655301,"Morrow, Mr. Thomas Rowan",male,30.306845303436095,-3.315500651201086,-1.2853701201489836,PC 17755,12.32506377018938,,S
400.0405323415034,-0.09293484340146481,5.412027413706706,"Rothschild, Mrs. Martin (Elizabeth L. Barrett)",male,27.618718140089726,5.238102546057601,-0.804759053979001,250649,10.188300367333367,,S
398.91684549646027,8.014037641605368,0.5063642527044707,"Richard, Mr. Emile",male,49.43618423271094,5.361017603807316,8.148511587839252,2653,28.614730835245275,C104,S
401.12025882240584,3.2967984791834515,10.48457361053467,"Beane, Mr. Edward",male,23.831002390456497,2.067961888644567,-7.04800094801445,1601,12.582883594806955,,S
397.18130694852044,1.6788261805712485,2.937724465928391,"Smith, Miss. Marion Elsie",male,21.71560902971753,-1.820469336154669,-0.9387072636890434,A/5. 13032,16.123889286004783,,S
400.2815543446742,-0.7562156404197506,-4.44993901049918,"Hale, Mr. Reginald",male,42.082795128379054,-0.9578842604652941,4.846995628784627,110813,0.6499689235043258,,C
402.78710438662785,-1.5782914074775753,-1.0095029830648699,"Lefebre, Master. Henry Forbes",male,31.07049424321562,-3.216599846299836,-5.863565980134153,CA 2144,2.0457622655139422,B22,
406.2821139016697,-8.51679155680007,-3.9620119561112626,"Pavlovic, Mr. Stefo",female,17.57129438489028,-2.9790924761145794,-2.5749897010650016,364849,6.8809683992409125,,S
402.42503531110174,1.0305616836846423,3.0693385166052294,"Madigan, Miss. Margaret ""Maggie""",female,27.964264528432118,-3.1776659532337295,-2.116153990270558,STON/O2. 3101271,15.330719313309787,,Q
407.08466902292844,3.3819324339274157,2.5127791037866656,"LeRoy, Miss. Bertha",female,13.098582951969185,-2.47221762714083,-0.893158888215938,2697,10.215047693232718,,S
404.93664483233846,-6.302477308682461,0.12629720840216874,"Sandstrom, Mrs. Hjalmar (Agnes Charlotta Bengtsson)",male,28.964774161262653,-3.13888396273898,-6.383828638424869,248738,22.2987266129154,,S
406.5298313306875,-2.645667569227264,11.043704449602057,"de Pelsmaeker, Mr. Alfons",male,55.19211831046901,-6.254820474172596,2.3811442413521577,4133,12.218423245824125,,S
411.3180761680963,-3.6298585289336884,4.195931496307644,"Sivic, Mr. Husein",female,1.134333975970262,1.877610679015623,3.6651491300525763,17463,23.343981194321405,D50,S
401.0277585157834,-3.861404779235054,5.904393445785338,"Sage, Miss. Dorothy Edith ""Dolly""",female,16.564788100247842,0.9383823235737483,2.0335013000717908,364511,4.285459566824828,,S
404.814110687701,0.21392650728760088,-0.7242939517684128,"Jonsson, Mr. Carl",male,,9.803171033713266,-2.4814946971643255,2672,26.421004440201884,,S
405.0712584102287,-8.337608619953897,-0.996579565324049,"Moore, Mr. Leonard Charles",female,,-2.6733534734188105,0.3460431631491805,349248,4.504473809112648,,S
402.6655355206068,2.457081753428256,3.147221996387819,"Thorneycroft, Mrs. Percival (Florence Kate White)",male,,1.1844023584930823,-3.59776095827635,248733,6.1053118465857334,,Q
410.2869422393793,4.0154202797347285,1.6920285586089032,"Nicola-Yarred, Master. Elias",female,35.95730410269961,2.2508503170992067,-1.3303866430860507,2668,91.28716547619398,E121,S
416.99773559891094,-1.00441035214765,-5.425246268457828,"Smart, Mr. John Montgomery",female,,-1.0153502445021323,8.613871708683511,111427,-13.634848305886763,,S
413.8604637344697,-8.922834039938166,2.278771908601864,"Cardeza, Mr. Thomas Drake Martinez",male,40.37853914927267,2.9773343549987046,0.3827815103850239,113572,17.569976158558738,,S
416.7911603277674,-3.9856745040095585,3.0562883314940192,"Novel, Mr. Mansouer",male,,3.1009167474028576,-4.7501063039486935,1601,10.3156347095899,,C
421.35686998684315,5.931607736410786,1.1394033369154841,"Wright, Mr. George",female,37.87763916299282,2.30964438079016,1.7213413626556555,S.C./PARIS 2079,30.117186898346375,,S
423.31074452907075,-10.11197712291429,-1.2535616493867057,"Henry, Miss. Delia",male,22.9526412059594,-1.0225588201911822,-3.4071837042532387,36864,20.709479020920913,,S
418.7234482610954,-1.390093648774077,-0.1581407276845601,"O'Dwyer, Miss. Ellen ""Nellie""",female,27.339753118553507,-1.4301204342181402,-4.796041570060047,A/5. 3337,11.610275318055223,,S
425.4143435582776,-4.720003113869036,2.292563225708816,"Hosono, Mr. Masabumi",male,13.749507867678592,-5.471015595188237,-2.1644925437951636,349245,24.68007754331223,,S
421.36850663373644,3.2182812063393462,3.363200094440191,"Crease, Mr. Ernest James",male,,-3.2236711144707666,-1.777237808782734,2691,5.947336758409492,,S
418.65040710469015,-2.7004558085738455,5.4191663302022715,"Trout, Mrs. William H (Jessie L)",male,28.3048373876272,-2.4880300956067516,3.747875982356806,F.C.C. 13529,14.341267349773357,,S
420.62239859120507,1.6158160829424462,7.323424819803485,"Gustafsson, Mr. Alfred Ossian",male,24.464915898321088,-4.495887049717736,2.3135927920673565,113028,7.455061174776478,,S
418.07785394973996,2.2618416766763723,1.8226091058910008,"Saalfeld, Mr. Adolphe",male,33.313915243166925,2.759695866750657,3.0919813129893132,P/PP 3381,14.997936402958038,,C
421.4474645850654,7.34490335892008,1.1753752155385686,"Osen, Mr. Olaf Elon",female,15.374055572725105,5.78651147594804,-3.3956982623621697,PC 17572,25.027628612101783,,S
424.5679332477023,-0.8117677747014809,4.750622694137225,"Danoff, Mr. Yoto",male,,-3.6322497293166003,-2.1652574217425946,CA. 2343,9.590557829844306,,S
430.2143400775144,2.5041774784904454,4.443379665643417,"Osman, Mrs. Mara",female,30.36528291540994,2.1337657429785484,1.0880044275327534,C.A./SOTON 34068,25.782607739463714,,Q
434.8830793246639,-4.940221916509744,0.2631982669644577,"Ford, Miss. Doolina Margaret ""Daisy""",male,14.935933882367113,-4.136444558118841,-2.5132799415536518,362316,30.44156388942985,D17,S
423.47127393849183,4.761654253174976,6.161573907864689,"Andersson, Miss. Erna Alexandra",male,,-1.2196886837566485,-1.1134657612043937,349236,17.903932917711806,,S
431.5713098730397,-2.0420353922854586,6.918341364623892,"Sirota, Mr. Maurice",male,35.12472482089497,-2.7613183167111033,1.765434770119798,SOTON/O2 3101272,9.319641795197686,,S
426.8378242433699,-1.2430166563509824,6.166745862634692,"Balkic, Mr. Cerin",female,32.21057767046224,2.407582594425766,-1.395090724805208,376564,27.017040351490266,F33,S
433.8987883538528,0.911008820603157,10.11328362687929,"Alexander, Mr. William",female,,-1.715152695368713,0.904238356408101,19988,16.78250833447633,,S
432.4756533972491,-5.251537381359398,-1.4656645546377556,"Goodwin, Mrs. Frederick (Augusta Tyler)",male,42.178633123853864,5.046641654826587,6.370913824078274,PC 17757,31.24171800332607,,S
426.67637669660985,0.915080115715752,3.0555928373300447,"Jussila, Miss. Mari Aina",male,20.033412130576263,-0.9828830946487961,-0.6874351959479902,250644,4.728209059868311,D6,S
438.71318796627395,3.869865091700043,1.0451107864746405,"Hansen, Mr. Henrik Juul",male,50.52719370804328,-1.5984148383793233,4.717351238876825,347063,54.78672976115335,A19,S
433.5799971487651,2.1717352939891663,0.6077057258699696,"Angle, Mrs. William A (Florence ""Mary"" Agnes Hughes)",female,8.825980562646496,-4.013221049380652,4.237480269229433,C 4001,113.85022820349343,D,S
434.8643990465058,-6.3555902567149,0.40294832155945537,"Elias, Mr. Tannous",male,17.74810390143928,3.012818041181399,-3.8689679739470666,PC 17755,29.639528549440104,,S
433.72099035484126,0.5047628226813616,-3.942248012924286,"Bonnell, Miss. Elizabeth",male,24.94047977260666,5.580873608904721,-1.4085481170540968,370129,16.67879998920812,C68,S
436.3828668932498,2.9681156119179626,1.3707177841160152,"Panula, Mr. Ernesti Arvid",female,68.86192966599077,2.093285026147497,0.6656164677204144,237736,262.77625202375833,,S
441.7115617627797,-7.511955063863631,-1.07342263819165,"Green, Mr. George Henry",male,37.463929696648194,8.955326665657696,-3.4193396677311334,A4. 54510,17.576333303080478,,S
440.24302263625435,-3.299064055270856,2.3439739229905,"Dooley, Mr. Patrick",male,48.1181176830858,6.719149809881673,0.6388410155727432,113800,28.393971219700898,,S
443.31464800912994,3.50617441632608,-0.17617416679541353,"Thomas, Master. Assad Alexander",male,21.149163044145453,-1.2301110588680624,2.458576192327289,F.C.C. 13528,5.851685959240825,,S
444.4476874157154,1.0803817367891462,-1.3986333833773656,"Baxter, Mrs. James (Helene DeLaudeniere Chaput)",male,27.995255543929908,-0.2721097352282771,5.020633666818891,312991,4.86307805854354,B79,S
449.2826466221127,2.647886328507015,2.9371934415075907,"Hood, Mr. Ambrose Jr",female,25.332996599172578,1.8787868779414127,1.232700354900329,3101277,18.49899473292262,C106,S
443.62885539654246,8.437979230493246,3.603686107225984,"Mineff, Mr. Ivan",female,,-3.3520767217027405,-1.7827182242128392,2665,12.61894139451677,B28,S
440.09256873261705,2.8742111140248103,3.317127885283732,"Keane, Mr. Andrew ""Andy""",male,0.7034771146420935,4.665153226129947,-6.328964974519497,349246,81.97089964089682,,S
451.2688896662879,3.6315520417327174,10.743455065670501,"Mallet, Mr. Albert",female,8.005029557169154,1.4464020873743348,1.2823583016693518,SC/PARIS 2146,17.72989413784467,,C
446.674047311611,11.842982108873304,2.109158124843387,"Hocking, Mrs. Elizabeth (Eliza Needs)",male,35.33419604654482,1.0258356434341311,0.10308077477996515,250652,31.04973134281857,,S
453.45836977830953,0.14478176763803718,4.940327068256519,"Minahan, Dr. William Edward",male,5.7420532263389745,4.747814671083265,1.7317150141558306,S.P. 3464,15.284991493101252,,S
451.5335084527299,-2.1915310544739803,-3.3102453154693015,"Pears, Mr. Thomas Clinton",male,54.75060993803605,6.891319533476236,8.424961190813331,35281,32.06812159223009,,S
450.4754498791866,1.711185592988531,-3.147629762145498,"Larsson, Mr. Bengt Edvin",male,38.18444732356979,1.6838214087500207,6.9623861847722885,364848,36.84063596357333,,S
453.3951035761852,1.7559641175555796,9.331317787093335,"Lester, Mr. James",male,,0.5478385165144626,3.1402436729999432,19950,20.788122729005828,,C
460.8040502405052,-2.106861567784833,-2.6939191197332146,"Ilmakangas, Miss. Pieta Sofia",male,32.226466662710216,6.0348784932903135,-3.848308520286399,17464,24.647562082953584,,S
462.307922116215,-3.12958807821939,-3.1757762858745684,"Moran, Mr. James",male,48.829267615090096,4.870201663964542,-2.051978996786974,LINE,90.74567481068615,,C
455.2775245405311,9.239377688360312,2.843604315133788,"Sedgwick, Mr. Charles Frederick Waddington",male,,-1.2839193615348892,-0.37937842771400865,PC 17608,6.16996512393861,,S
456.6407623732683,2.307373881552092,2.6392303464904465,"Klaber, Mr. Herman",male,26.095422389254562,0.020745794636080343,-3.1016284960414144,3101265,2.3193366249863425,C83,C
461.30496062986555,-2.9291415256083027,-2.6100260257731667,"Strandberg, Miss. Ida Sofia",male,66.47882370255653,0.7815236637551943,2.0018580999404723,223596,29.354144107488427,,S
454.6173558689306,4.663721209118394,-0.21989287485240006,"Nysveen, Mr. Johan Hansen",male,,2.4472517784199317,1.4276353968628182,28403,56.333837602198884,,S
460.332281490473,0.563419393754662,6.917502870600417,"Ohman, Miss. Velin",male,47.32127428771119,-5.426399403756456,-4.35323117221877,347742,9.256373311709709,,S
459.89654860818456,-1.011525785271325,-0.2239744353271904,"Vestrom, Miss. Hulda Amanda Adolfina",male,,-6.169938431206241,4.7872668363844975,343275,6.241057303614907,,S
462.25563284583023,3.249091487657973,-4.5746899374646866,"Abbing, Mr. Anthony",male,45.50558996148256,-3.549560088009815,0.4092413352354412,2667,22.703738435512683,,S
458.6665247762024,-5.16752907292676,6.770374483599169,"Astor, Mrs. John Jacob (Madeleine Talmadge Force)",male,31.89397321393554,-3.858953772045369,-6.916284586969005,PC 17599,7.450257598129735,,S
456.64173002676415,1.4105088156686896,2.969187647752147,"Attalah, Miss. Malake",female,42.500282579591385,-2.57529605589001,-0.20537143337987782,349212,36.250526468307235,,S
455.70806625603484,7.651819230927009,-0.48207448259464636,"Shelley, Mrs. William (Imanita Parrish Hall)",male,53.06309970066622,2.538842568360017,1.1248258236916193,343095,8.955869253186979,C50,Q
460.53046354804155,1.864710648789243,-3.3286680645076716,"Cunningham, Mr. Alfred Fleming",male,,-0.6757166252989534,3.891169445742962,11751,15.618675321598424,F2,S
464.1652988602427,-1.504848415133858,0.021506574245747423,"Bissette, Miss. Amelia",female,40.14973541690935,0.7855784200407531,-1.3499056125064652,17453,8.91597126699803,,S
465.82723365340496,-2.028421121712968,1.7811822526029149,"Dakic, Mr. Branko",male,,-4.8972136401690465,3.311753069788829,A/4 45380,2.2895804321174094,,S
475.74892464971805,-1.6413598933804374,5.662688359535276,"Lindell, Mr. Edvard Bengtsson",male,55.24301721372643,-1.8465688116837806,0.7485679470808628,248747,30.08359827572971,,S
473.4239734796292,-1.0158507121911242,-1.146327899478628,"Goldschmidt, Mr. George B",male,,2.3490306469793616,-5.260218436150318,C.A. 34651,10.80914486703922,,S
466.1516355346335,-0.5112261310330879,2.6619204739541065,"Rekic, Mr. Tido",male,-0.16011766145288153,4.379809832707207,-4.660667093930055,363291,17.60586018881314,C23 C25 C27,S
472.39083380980384,3.665245764298267,5.700578639579592,"Andrews, Miss. Kornelia Theodosia",female,,-2.8982953127516318,4.490239480597395,C 7075,8.34021049188587,B101,Q
470.3716870545987,-6.9328364128359325,-6.525069360487683,"Petroff, Mr. Pastcho (""Pentcho"")",male,36.408888344239166,0.6466495455182144,4.783936713527076,112379,7.586378062957358,,S
471.8625446478396,4.4480002016485365,6.135144671755599,"Smith, Mr. Thomas",male,34.48930224024122,9.795391413929329,3.291636921618892,367229,29.50385449910664,,S
474.7413025976615,-0.5187461005702445,-2.7298022888257494,"Baclini, Miss. Marie Catherine",female,26.34245971154498,-0.07039171702255255,5.982826884720114,230434,15.158463543832656,,S
477.4766844679016,1.507791142781489,4.327981973827738,"McNamee, Mr. Neal",male,21.544334427787664,-2.7727477845697814,4.226439396166427,PC 17609,8.306858956543193,,S
474.64296606446396,-4.507951640803455,1.9867325984429762,"Long, Mr. Milton Clyde",male,,-0.6950495574486409,2.7345149179188843,A/5 21172,46.682805108312806,D45,S
481.25540613093744,5.314524267397744,6.33834556585538,"Palsson, Mrs. Nils (Alma Cornelia Berglund)",male,34.956597138533844,1.3687084301073322,-3.6452459549346874,244252,21.584948227862032,,S
473.4322470954304,4.982539840687492,5.203697523574162,"Banfield, Mr. Frederick James",male,30.081941544440795,0.39532647723780245,6.925715004129374,349240,6.228722048770804,C110,S
479.0253562494491,3.8383621030002946,-6.509161966919924,"Lievens, Mr. Rene Aime",male,18.364009221945132,-0.12541880270600717,2.145205728833092,349254,-0.04068899083503297,,C
490.3906949063833,-5.059019103174157,-0.13911698862396538,"Taussig, Mrs. Emil (Tillie Mandelbaum)",male,3.673996298201538,-5.7737871877473586,-0.5433550984464866,A/4. 39886,14.318147075554869,E63,S
481.8923189705011,3.3164842842642113,3.5528205174131204,"Cacic, Miss. Marija",female,8.463891116762538,1.149478099656195,-0.673080021221192,3411,50.7613684489711,C126,C
487.7328580264247,1.6194203505428355,1.2200804555208522,"Stahelin-Maeglin, Dr. Max",female,,-0.5973409482859902,1.0271351260554276,364516,10.113425900835802,,C
483.36608071269285,-6.4210849885302705,4.910442919027082,"Adahl, Mr. Mauritz Nils Martin",female,46.894102367406546,-0.6610718800897468,-6.684236339353819,113781,6.485209986717356,,S
486.3231083813192,0.902810464916738,6.1574662226788215,"White, Mr. Percival Wayland",male,73.68705351902673,-2.2647570994400024,2.7986931014114504,345764,7.43265241380373,,C
484.7728672224292,2.45813795613305,3.4338069457187164,"Kassem, Mr. Fared",female,23.946090999283857,0.29194565569425224,-3.8142832587761073,342826,86.64151587824304,,C
485.3183696753432,2.2243010952926032,2.142900229782139,"Sinkkonen, Miss. Anna",female,,3.2440594216568215,2.482432435297147,113043,26.30126762594803,,C
483.88207041309835,1.709045467795423,-6.385348044481922,"Brown, Mr. Thomas William Solomon",male,32.20711416106971,4.557653826098101,-2.086481349432638,SC 1748,90.80927272223342,,C
489.7212054358302,1.1649256673895187,-0.8219249954192691,"Cribb, Mr. John Hatfield",male,57.79372864209515,-0.3968469409042035,-1.0576748508988145,PC 17611,26.454814660853003,,S
485.59385124325695,5.894445569012382,4.665472592555821,"Stoytcheff, Mr. Ilia",female,32.18666813046594,1.5964128211930129,-3.0276394910602593,365226,7.35028047198464,,S
492.66234094525373,5.904135639642719,-1.3617890102019103,"Nirva, Mr. Iisakki Antino Aijo",female,11.219186086901253,-1.166401205735684,0.3550822752767939,693,7.985337332442573,,S
495.34114801778367,-11.468219815130974,5.525098920486306,"Richards, Mrs. Sidney (Emily Hocking)",male,,3.2883828943939277,7.557518184069416,113760,23.672206991332985,B3,S
493.46612562894893,-1.269754219350728,6.633573189069217,"Jacobsohn, Mr. Sidney Samuel",female,18.420558773450683,1.5029211904494268,5.540238508194562,28664,4.167282961311333,,S
491.8550050657772,-0.6586041101758051,1.5074679051833701,"Cacic, Mr. Luka",male,56.36176177400618,3.463268012719278,1.4179158199818267,350034,30.36137459434808,,S
495.8158623172348,-7.0083942909078845,-11.255119465249583,"Harris, Mrs. Henry Birkhardt (Irene Wallach)",male,67.49576214355768,2.853841849777951,-0.10117706225980946,244367,43.79742631480888,E121,S
493.76530777781437,0.3767322329292487,-2.1123534508472135,"Ling, Mr. Lee",female,18.521428067943955,2.3549424915245845,3.37680476277154,315082,5.720585602153707,,S
499.7421885018606,4.995031089642026,10.544756634224328,"Giles, Mr. Frederick Edward",male,,-0.39366963463112103,4.519881576430226,35851,13.339935385929891,,Q
489.67437566313953,-3.3462714383623613,-1.186151172113512,"Padro y Manent, Mr. Julian",female,49.24644458160692,1.9797569081778725,-3.319273528830117,250651,78.22153661215668,,C
496.6575705275254,1.3456037547594892,-4.936572892515984,"Moraweck, Dr. Ernest",male,,4.254035713806106,-0.3097554705288088,13568,17.018930062090046,,S
491.03675201950404,-3.663293909185751,5.9409895532410895,"Blackwell, Mr. Stephen Weart",male,27.75444680391555,-1.6082982776111776,-5.287832918272321,A./5. 2152,157.3063003339449,,S
494.0197566790912,-2.6876480947187074,3.0534223661746913,"Eitemiller, Mr. George Floyd",female,27.90666147991252,-2.5136311147874624,4.49240844104358,323592,10.726643771077425,,S
506.4554489192556,5.90957453668014,7.419761955830902,"Pernot, Mr. Rene",male,17.157252264097185,0.7257255918014479,8.260097030803422,345773,12.51115817258498,,S
505.5807399278867,-2.1702312804473,4.107834700877461,"Turkula, Mrs. (Hedwig)",female,24.107230795460588,1.6611187610618139,0.320330498492342,13049,13.534416439772553,,S
500.12207906686086,1.8488499560424987,4.834236544848675,"Aks, Mrs. Sam (Leah Rosen)",male,,-3.296425997056018,-8.500040499612066,28206,9.90803152609079,G6,S
497.9899861758364,-7.484872464243948,4.452036990858066,"Torber, Mr. Ernst William",male,40.45235007218142,-0.29905025365323346,2.4355620663081243,65306,9.440671217524018,,S
493.1418846486334,8.44927024557952,3.789953247684,"Skoog, Mrs. William (Anna Bernhardina Karlsson)",male,16.70847932002012,-0.37599509691513916,-3.616356664596321,248738,90.53644762502022,,S
503.82601796826947,2.410609785225996,10.109721794224393,"Funk, Miss. Annie Clemmer",female,20.508438400596663,-7.861120462413883,-2.65339776665784,W./C. 6608,113.19203714384663,E24,S
516.6816600489896,0.2700006293989533,5.884025343836752,"Jensen, Mr. Svend Lauritz",male,34.52009319619445,-0.8783759570350389,4.506305559164016,237668,28.594263351864143,B86,S
509.7395370858546,3.302186039999579,-5.32135727138214,"Barbara, Miss. Saiide",female,,-0.6292713313938652,1.0182165020508975,363291,20.73148961185559,C123,S
506.76171085580205,-5.639277715791241,4.786646061115613,"Richards, Master. George Sibley",female,22.007840898435813,-0.6411717712920766,-1.9524351013544068,19877,19.159159387621408,,S
511.8603208380012,5.730122967010629,7.565923072412871,"Hendekovic, Mr. Ignjac",male,23.151783335268146,5.663657098309073,-2.5984225304066575,35273,55.39638358387807,,C
504.7561665880222,-0.2959391019857207,7.810803226144584,"Braund, Mr. Lewis Richard",female,31.259669125091648,-4.863193194035501,0.503344220883331,349239,10.868484082943597,,S
510.81070654920944,-0.8162780601937388,1.2935800677636018,"Keefe, Mr. Arthur",male,,-3.2984902848184507,-1.63786221004947,110465,7.964614323717762,,S
513.3979098920629,-0.9666224598619377,5.659777780752511,"Slemen, Mr. Richard James",female,30.52823089047255,-10.448783193277336,-4.436948534412029,349205,30.834974533802253,,S
513.6555973927158,-1.3226056109823388,4.710969598204821,"Sage, Mr. George John Jr",male,50.07560253012714,-0.9236666646965628,-1.3302527259134402,343276,64.66094651497713,,S
518.1632244867603,2.7786824465136344,13.29006974787892,"Andersson, Miss. Ingeborg Constanzia",male,21.107057256236644,-1.5825742165040038,1.3583704930207365,31028,12.292481874708825,E58,C
517.3785809049442,1.0236274004168915,-2.000006944994046,"Andersen-Jensen, Miss. Carla Christine Nielsine",male,45.57077975893274,-2.039908705337025,-0.7124138672785334,371362,38.84296225792115,,C
519.673304072432,3.6069925656121598,-0.029602305601700962,"Barah, Mr. Hanna Assi",female,28.55179667658939,4.43070935793504,-5.654034392992741,C.A. 6212,6.352024381365127,,S
515.2465108710769,-0.03517875794228581,1.7755238061601843,"Rice, Mrs. William (Margaret Norton)",male,,3.442470089347853,3.9562584855021576,345763,26.0805419978231,,S
522.5912616336421,3.052799244308724,0.039111399844898864,"Svensson, Mr. Johan",male,32.71265881436978,1.3114268970692167,-10.955245747773334,2699,23.569883836178334,,S
526.515747790496,-1.6753949757001534,-0.5600829990544121,"Williams, Mr. Leslie",male,32.34501534490002,-1.482452214159449,-1.7854606201137408,347464,1.2995346745632066,,C
517.1194019213943,9.918927365638194,-10.050702022694972,"Hedman, Mr. Oskar Arvid",male,25.27762264098604,4.104758672427455,-2.4807938182156635,13213,92.35011547177666,,S
518.4492173771417,-6.271721665721994,1.2612021051074636,"Lefebre, Miss. Ida",male,21.536785960112937,-0.07903143934340652,0.5927155114856594,C.A. 24580,13.194747862509006,,C
528.343137345281,5.0437492942519375,4.477432238799618,"Cameron, Miss. Clear Annie",male,,-3.2730801556738314,2.246647231210942,W/C 14208,9.067968040473854,,S
523.2346240532197,6.471629802883883,-0.9728873820236428,"Barkworth, Mr. Algernon Henry Wilson",female,38.79288105034596,-6.864994709938206,5.507059233044141,113786,66.05043748642356,B41,Q
530.6152855682662,-3.408635223862375,10.741524734116439,"Jacobsohn, Mrs. Sidney Samuel (Amy Frances Christy)",male,,-1.7652579755827307,-2.8496194934086407,347074,7.938120581072446,D47,S
524.2298571524312,8.917094442223894,3.05350325086345,"Abelson, Mr. Samuel",male,44.59902693500309,3.0185744686904346,2.346329349333927,36209,17.54121101437163,,C
532.8201823050829,4.981961131781272,7.164116220736542,"Yasbeck, Mr. Antoni",male,48.32692643854476,9.106154758172359,0.7832735515258444,350407,11.210084902068205,,S
528.5259432672218,3.884556027291646,2.0456816509198736,"Johansson, Mr. Gustaf Joel",male,,0.24644138475790367,-6.846157500732893,695,221.86912118461495,,S
530.0329152932908,0.11208874810350675,6.305629239573031,"Gronnestad, Mr. Daniel Danielsen",female,43.653983257225896,-3.0614220604812172,7.602161021736439,113776,2.8074396483140145,,S
536.2588720866796,-0.8689046328747058,3.116966215734249,"Mangan, Miss. Mary",male,21.775191684113807,-2.7398608331368557,-4.755100508960798,370129,15.942250961171071,,S
529.5529180902233,0.16236469184156754,7.475138527614251,"Beckwith, Mr. Richard Leonard",female,6.417980100822271,3.207819585222395,2.67798908923886,239856,23.991499484238084,A16,C
528.2355116163002,1.5621223852780688,3.223757400529603,"Ball, Mrs. (Ada E Hall)",female,,-7.058464209537074,1.5598397767909908,W./C. 6609,4.641009442365092,,S
531.2057431678866,5.604745100135585,4.984482832355143,"Mannion, Miss. Margareth",male,15.628621388360653,3.201380405619553,2.1025471293163083,C.A. 29566,12.354122255050289,E25,C
535.8093358025726,1.7252568714456784,4.465331734600175,"Mionoff, Mr. Stoytcho",female,,3.270846425051649,0.021692471353569998,349207,26.99119067518383,,C
528.7369637112779,-3.6457744925491613,1.8468581674907247,"Asplund, Master. Edvin Rojj Felix",female,31.28179805538415,1.7451178129314562,3.309010604562009,C.A. 17248,13.190705468842715,,S
538.5498836106045,4.2977082495399195,3.6199292756987074,"Albimona, Mr. Nassef Cassem",female,11.083531284009897,-0.8786466877542297,-4.241469895772382,345364,24.801235463780074,B58 B60,C
534.844914729529,3.684602985579169,9.937544984790728,"Markun, Mr. Johann",female,42.80661784853993,2.259762614187258,-0.26331515469569167,363592,26.346096538778994,,S
542.5912506429343,3.6186381137911443,-0.08158776838176807,"Sivola, Mr. Antti Wilhelm",male,30.16482426712648,0.6837534845131998,-2.255498706209834,347082,106.1855824092166,,S
529.4229587803981,2.9819956260999305,4.677859571412993,"Harder, Mr. George Achilles",male,,-3.112495367442367,-2.709191768268126,13507,17.630072722689594,,S
536.8537368995833,-0.08371252063123236,6.031115803477771,"Collyer, Miss. Marjorie ""Lottie""",male,24.816592566559137,7.401649289500103,3.7149911498141828,13502,55.71425867397692,,S
534.2541273950636,-2.715956668522318,5.561013123777121,"Johansson, Mr. Karl Johan",female,31.899283222223296,-1.4067175184420653,6.3099141708787325,SOTON/OQ 392082,72.47258622079363,,S
538.6950821345442,-3.4727737225631192,3.046865670877461,"Roebling, Mr. Washington Augustus II",male,13.067908192951425,7.103009201799638,0.6269769526525357,370373,39.17456434142943,,S
543.9906636044358,-6.541852993831432,-6.533554811829447,"Weisz, Mrs. Leopold (Mathilde Francoise Pede)",female,12.865315088681665,-5.674457130782859,5.12272435970311,248740,34.863777672132244,,S
543.283093498201,1.947794446183799,4.066811274593865,"Eklund, Mr. Hans Linus",male,26.732299705468215,6.105883531123716,0.19896266177839392,2666,25.060802423542327,C101,S
543.9864897242079,-0.33379513290637447,-7.877897034492211,"Hagland, Mr. Konrad Mathias Reiersen",female,54.833051301922,6.875054978618327,-3.5709288369520342,29751,109.7398456245159,,S
545.3632605144797,-1.759950818118835,6.879748923764924,"Artagaveytia, Mr. Ramon",male,72.93637232319092,0.11933514850655287,-1.0318083729642553,347087,32.823761114835094,D,C
547.8135529624798,-10.82247529738028,2.6778954847730425,"Jonkoff, Mr. Lalio",male,23.00733587819763,3.235084138951034,-1.1979435631664597,330935,33.99315593336534,,C
543.9658558322276,-3.9892698787766756,5.9986960794879565,"Uruchurtu, Don. Manuel E",male,,2.234060726430251,-2.7866396500217863,35273,18.610065378396325,,Q
551.8273985635961,4.483362605612667,-0.6084445527242046,"Harper, Rev. John",male,33.34148552641035,-1.571134278562897,2.7139317146233353,370375,20.627697814631997,,S
552.650663881542,-1.658504000252524,-4.210029893200217,"Watson, Mr. Ennis Hastings",male,1.3539803210459596,3.188489221757361,1.938584750819037,110564,35.88322698377632,,S
552.5401517506244,2.4423667106273657,2.043017536564669,"Coelho, Mr. Domingos Fernandeo",male,9.6235181953299,-3.2345218794902215,-4.362598793077672,PC 17485,113.18757801424557,,S
554.226133771005,-5.562741719901025,1.8655862401754322,"Graham, Miss. Margaret Edith",female,28.020328175471032,-2.4350276945813043,-6.606103980957431,17474,32.69589798108419,,S
554.1856720032347,5.7548219294369245,1.0338366953713372,"Goldsmith, Mr. Frank John",female,,4.507772572849195,1.6987378128230175,347077,9.564276488857807,,C
562.1402932109243,0.4238893597812944,3.338645122931055,"Attalah, Mr. Sleiman",male,18.341694886690593,3.898630762800811,-3.2611457151781384,CA 2144,9.043127487475243,,C
554.65162331579,2.1601615859341408,14.06974356812904,"Markoff, Mr. Marin",male,21.7490132641253,-2.8255020084631703,1.208164620401296,2683,7.98059141726837,E12,S
554.7716671266617,9.30311916752674,4.338102189476231,"Woolner, Mr. Hugh",female,64.46234115144516,-2.9343053740041625,3.1237263124367534,349909,25.23843574947515,,C
553.9858896785705,7.065760402357615,5.197994423453276,"Bracken, Mr. James H",female,42.18896981295141,-1.5823864098306886,-5.083811349622237,PC 17477,38.95146197342433,,S
553.8709493176887,-1.226262485148231,4.375747566213422,"Robbins, Mr. Victor",male,,2.930558265861963,-5.64614901830474,113503,228.06670394098214,B18,S
554.0221128495957,-1.3728807394814369,6.9178485754087715,"Brewe, Dr. Arthur Jackson",male,45.03948273248126,-2.9999391232415884,7.697726729581181,349257,86.52239998495929,,S
556.4448107470763,-0.3021800460781272,2.2397133083970204,"Daly, Mr. Peter Denis ",female,31.6988464791145,2.42685055614381,1.406283131849836,323951,16.441144885876792,,S
560.7172784733917,2.0395929939061426,-5.219045230701175,"Dantcheff, Mr. Ristiu",male,,2.9873872425371784,-1.6769626266930837,PC 17572,7.9604483036455225,D49,S
563.3371805139908,-0.4208965370034845,2.245655467975961,"Kvillner, Mr. Johan Henrik Johannesson",male,38.061076953804026,-0.35298180117240047,-3.7357618105850543,35273,4.434289358373966,C111,C
563.2045682342086,-1.5809765800138866,5.246942839986007,"Hansen, Mr. Claus Peter",male,30.18317503939981,4.040254787459711,-2.0417633956291183,3101276,16.36652426589262,,S
560.9378588902812,5.868725002836169,-0.8792015804602946,"Stone, Mrs. George Nelson (Martha Evelyn)",male,,-1.2172406779591698,-4.762289344453241,315153,13.51671671487313,F G73,S
568.6007382560798,-0.45683956711134754,2.2945361980426786,"Healy, Miss. Hanora ""Nora""",female,,-0.8554224039756576,3.533648696362361,PC 17757,14.547991383827025,C78,S
568.9576506892038,9.198356372149277,0.23292102799074765,"Slocovski, Mr. Selman Francis",male,27.636638408855507,-1.908984924527426,-3.1070046144252834,113781,24.96345809878284,F E69,S
566.361406770312,0.36297025500869207,9.008117007372523,"Boulos, Mrs. Joseph (Sultana)",male,14.393625866368176,4.068709390480821,4.374138352865068,29106,10.193217133116942,F33,S
565.3883354213411,7.14127357689891,5.9978280616262545,"Vande Walle, Mr. Nestor Cyriel",female,33.454638826965194,-3.0660817879154814,2.397484320919955,C.A. 31921,20.460798711319846,,S
571.1937116833192,1.429277690842507,5.6061624825758365,"Jenkin, Mr. Stephen Curnow",male,,1.3990872708602369,-4.173400734469259,350050,9.34127471877809,C86,Q
570.7518943499445,4.851842292997791,5.486405252483886,"Svensson, Mr. Olof",female,33.038167062286156,-0.28526426850373904,-1.7052063520552057,PC 17596,9.110060609996857,,C
565.2074909623398,-1.8984442060708977,1.8510029897914921,"Wiseman, Mr. Phillippe",male,63.032984747988905,-4.21113225244665,-10.496667110005667,65303,10.733057549005949,,S
571.7280789760624,-2.415036890349647,1.790225130110014,"Hawksford, Mr. Walter James",female,54.94049023547832,-0.43641257529328303,-0.4830743066960277,2620,52.03021476910852,,S
574.0481432482975,2.8388238200599503,-3.7407383221292703,"Windelov, Mr. Einar",female,37.34782670424076,5.531488956162936,-0.6804767645206343,27042,28.195189133574594,,C
570.401220854049,4.954212969861261,-5.74576791500227,"Andreasson, Mr. Paul Edvin",female,,0.8066301705379221,3.2989709861918706,PC 17590,6.573390260617743,B20,S
575.7593735713498,0.16102600800185146,3.600324521380096,"Harknett, Miss. Alice Phoebe",female,10.600530350817134,-4.036601365467368,-7.545219711933518,C.A. 2315,7.080012831687868,C70,S
570.1807100589689,-5.1455733403347885,4.295961025088578,"Lehmann, Miss. Bertha",male,22.489394719847073,1.2213131493947673,4.647465443454191,17421,21.329448054686214,,S
582.3447444000487,-4.441033465157308,6.83705827370151,"Gaskell, Mr. Alfred",female,34.743338310075664,-0.5844561263781805,3.282397179990624,367228,23.84218707538553,,C
582.9917999402377,-4.708545608744965,7.28534326432947,"Dick, Mr. Albert Adrian",male,43.59750736383127,14.816185608976726,5.008174254794651,112277,51.08253220586382,,C
577.9899306627882,-7.070488451757524,9.279993939995787,"Greenberg, Mr. Samuel",male,,2.1404953653690897,-0.21088550401654965,19943,9.420415182495764,,Q
581.4538173513563,1.43794143778835,-0.9920943731755112,"Hart, Mr. Benjamin",male,26.37934255729216,-1.522499388265458,4.055587336411022,3101295,4.096388688767401,,C
571.3603121368005,5.500175686832101,0.5909398602009228,"Cook, Mr. Jacob",male,28.864518724016424,6.680111671148417,-4.884976139627621,347060,29.58684633984578,E17,C
577.3746093589386,0.9463368523007649,2.921337183525518,"Mack, Mrs. (Mary)",male,37.51851756135557,-6.364144669171382,3.852190260818132,SC/Paris 2123,114.46642204414903,,S
581.8248843193915,-9.04165902935141,12.12761871096871,"Patchett, Mr. George",male,55.36801382968409,0.3772806255243898,-3.084651048399781,LINE,28.36501176819309,,S
579.7114679142926,-0.7630418413381949,6.920396814855664,"Plotcharsky, Mr. Vasil",male,33.41016228608192,7.9777139787242906,-6.605607329691745,113572,40.81312454712187,,S
587.8575859305226,-0.6511959865304284,7.477588647993521,"Van der hoef, Mr. Wyckoff",female,,-0.46479713743901624,-4.496562072657443,36973,10.828242187831595,,S
593.989186122992,9.383995000901757,-0.5511518221971623,"Vander Planke, Miss. Augusta Maria",male,14.493740703267212,-6.933204178592315,2.0221245545170823,111320,76.88165537348652,E36,C
582.2935411222828,-5.828551651678225,-1.5327985246204983,"McCarthy, Mr. Timothy J",male,45.6502809835753,-1.583671857642391,-3.2971968328704135,382652,14.023508912989524,B57 B59 B63 B66,Q
584.6501463836593,-0.5627104103967828,4.155631533532958,"Bryhl, Mr. Kurt Arnold Gottfrid",male,60.42979481078927,6.818072163836147,2.5042941267831997,33638,79.11962180649681,B82 B84,S
589.9417934732397,6.823410722178257,-1.4026450569374402,"Newell, Miss. Madeleine",female,17.63127069165217,1.5042783852830846,-7.232950220016069,11755,1.7131346445125901,,S
596.4444645939985,1.7999133653861923,2.0462545960787892,"Montvila, Rev. Juozas",male,,-3.355424438050071,-8.508390174463447,STON/O 2. 3101294,3.4047591811096165,,S
586.1105027498404,2.2532522940656987,2.5408882039923095,"Davison, Mrs. Thomas Henry (Mary E Finck)",male,41.44764190986996,-2.740971228716096,5.489549736574304,36967,2.638735754889364,,Q
592.9961444892277,1.4583377480955129,7.371648356491232,"Harper, Mr. Henry Sleeper",male,50.03815135722516,-1.2388010845992534,3.6152005176057376,230433,81.3231328947351,D17,S
600.2851954032525,1.3197741546290582,1.5812107881612898,"Sirayanian, Mr. Orsen",male,48.5805712761269,1.4447915362159847,-4.19718734365523,349218,8.231419794289666,,S
587.3929634072829,3.110438121114144,-6.756998554290462,"Goodwin, Mr. Charles Edward",female,,5.3527845317546126,1.988001426117842,28213,10.194244800295772,,S
589.8757231726166,-3.2379452755710654,4.017778590649874,"Carlsson, Mr. August Sigfrid",female,36.84428319806064,5.209692051196684,4.0780282408052955,374887,18.641380040790143,,C
594.3055735741566,3.5122343156327993,0.20391258758429442,"Troutt, Miss. Edwina Celia ""Winnie""",female,34.74783085629518,2.824048728436514,2.676802433162422,2650,18.215733255793587,C78,C
594.9176463485784,-4.492012067542157,2.170524097750987,"Crosby, Capt. Edward Gifford",female,,-5.326579040229933,0.5928923847339136,2663,35.65286176102598,,C
601.2504051510145,1.3134718913261525,2.6531811966315053,"West, Miss. Constance Mirium",male,53.32580187851413,-5.311730055973765,4.380616325250388,A/5 3536,-11.114678566664203,,C
599.9666388792833,0.7149638531453086,1.905184016728927,"McDermott, Miss. Brigdet Delia",male,,2.1330080848550534,-2.9228499008048816,2671,12.123517430399218,,S
592.9001517614315,-1.4651723527684317,4.161362327138816,"Butt, Major. Archibald Willingham",female,48.29009005162565,-4.381884391731577,0.1247137946585148,250648,49.63593142590884,,Q
603.0616416116032,0.909258898697413,-4.131459513410829,"Flynn, Mr. John Irwin (""Irving"")",female,22.491228500843714,1.097731915725583,0.9286054468304334,2668,30.373379567699914,,S
599.6898444505774,-2.4901606106622123,0.9319431001825591,"Sharp, Mr. Percival James R",female,,1.216601784744708,-1.0910481906841702,371110,4.34146150097215,,Q
608.097788867765,-4.286805307446977,3.736151652469525,"Chambers, Mrs. Norman Campbell (Bertha Griggs)",female,,-4.550375981450755,-1.5592220456830084,S.O./P.P. 751,46.595614860686325,,S
601.4896498542523,-1.4144589664545775,0.5436608986225271,"Douglas, Mr. Walter Donald",male,47.844373944480864,-4.097049337435454,0.29147295131396295,17465,20.88264365566598,,S
602.4535388675911,-3.415954541486646,-5.435226837079887,"Foreman, Mr. Benjamin Laventall",female,26.560197412480115,-0.37648425827127463,0.13762998394211015,F.C.C. 13529,17.4572894795155,,C
608.1645264432182,1.2911898563729924,5.674221373026944,"Louch, Mrs. Charles Alexander (Alice Adelaide Slow)",male,32.93473860153718,3.0146011500962153,-4.193710570138103,PC 17582,18.331508591442596,E101,C
610.0517059293477,-4.600341976609454,7.492378521766156,"Brown, Mrs. Thomas William Solomon (Elizabeth Catherine Ford)",male,28.401119774840943,4.246075081655027,3.20718363960179,341826,0.6631491456250416,,S
609.7923974557448,3.8479080919642055,0.8200191694279746,"Stranden, Mr. Juho",male,33.97448746916626,2.4282137390822074,-3.905540831065033,349256,32.20707568887001,,S
602.2576107304608,-3.7259162717152803,-5.84338239387813,"Graham, Mrs. William Thompson (Edith Junkins)",male,25.074415061985476,1.294626379968778,1.1270662218113046,349912,40.75211134579242,,Q
612.152137759713,-1.2651796623240252,3.8238789867952647,"Goldsmith, Master. Frank John William ""Frankie""",male,37.771317891787604,-2.9847790142281974,-1.181121890880206,C 7077,153.98162928984738,B51 B53 B55,C
606.8627677933024,-2.498413632860716,-3.639551525678752,"Murphy, Miss. Katherine ""Kate""",male,44.218054788462204,-3.283627983378077,6.4324144506368635,4136,27.62825489468705,,S
612.941104446353,5.3005869154993555,4.235197107392663,"Murphy, Miss. Margaret Jane",male,,-2.0435083533165903,-8.476415760869331,230080,10.172164437986002,,S
607.3050622584037,2.3211597824663674,-0.5498552989686392,"Baclini, Miss. Eugenie",male,,2.6397423399222686,3.563639259717833,A/5. 3336,9.706568648118477,G6,S
615.7852885901723,-0.846935210177577,-1.639357143067861,"Nankoff, Mr. Minko",male,,1.3464948265093715,-2.7079613904486566,14973,12.71654905159496,,C
611.7736043827705,1.9948777642788933,1.2323599316812393,"Laitinen, Miss. Kristina Sofia",male,39.293031327156626,-8.39960794290049,4.879853179108217,29108,6.41299877355927,,S
610.8694613989579,-7.428769389318752,1.2668097742909605,"Wilhelms, Mr. Charles",female,22.375465418116057,-2.142708113070012,0.08734030193538245,S.O./P.P. 3,59.38923729038764,C93,S
619.8552805459296,-0.17253435856362978,0.423166998454207,"Davies, Master. John Morgan Jr",male,29.885983036234922,5.818030206424623,0.8046256570639579,347082,20.779747293362792,,C
618.966578086707,7.990056711219051,5.354813112860603,"Parr, Mr. William Henry Marsh",female,25.131425547694743,1.3168601912165578,7.655144160273695,PC 17759,15.83062938876339,,S
616.5440927944284,1.5293860256106901,0.21572248616466494,"Sundman, Mr. Johan Julian",female,5.10937671888086,-3.6680356524119437,-0.10935283517467376,250647,46.630543881768105,,S
625.8047153960842,0.271652676677342,5.920763486687288,"Carter, Mrs. William Ernest (Lucile Polk)",male,24.02100627789715,9.423284726392605,4.955399538693835,349209,15.38542451725337,,S
619.237390313721,2.1925135185687843,4.124692662573918,"Humblen, Mr. Adolf Mathias Nicolai Olsen",male,29.215814023981295,0.8842330707409414,0.15618034225824037,350042,11.26161718085426,,S
622.1284306958837,4.582420973257382,-1.7902288263852322,"Smiljanic, Mr. Mile",male,39.66802446534373,2.537335837253632,1.6616753211739583,PC 17593,52.21424079625301,,S
624.0756537907145,-6.989866771559439,-0.4637595353291437,"Herman, Miss. Alice",male,22.481489575725433,2.598099024180538,1.279834357645498,PC 17477,16.225851758654297,,Q
621.5213362634855,-6.729305927164107,-3.5899851961897546,"Fortune, Miss. Alice Elizabeth",male,22.768888248146396,-1.4703818646407443,3.3914065052004965,A/4. 20589,13.959412799945756,E67,Q
626.8845451735997,0.8411651643445862,4.16293271146729,"Adams, Mr. John",female,20.75630778116826,-2.910294727285577,-2.7421264514122052,PC 17604,17.850070853468463,,Q
623.8661906113412,-2.859506247590039,-0.4183501890054324,"Calic, Mr. Petar",female,59.234470750536204,8.486699940263762,-3.9361940920767418,13567,33.02597048438584,,S
625.3534467111351,5.248101048879657,-7.488782112254057,"Zabour, Miss. Hileni",male,57.606163183061064,4.012823478471002,-2.554304761508087,SO/C 14885,11.550481651606768,,S
633.4505705592134,-0.2606975595408956,-1.1428594910776004,"Lindqvist, Mr. Eino William",male,23.201014972134796,3.287748804434706,0.3988415052963642,S.W./PP 752,77.75607185658144,,C
624.8376557899503,-7.738122942852471,-0.6041361170198081,"Yousif, Mr. Wazli",female,34.24719661092644,2.3051567668728428,-0.8832751422013178,364498,13.114168342713299,,S
620.3488786762821,-5.072055667375988,9.302710368682641,"Hewlett, Mrs. (Mary D Kingcome) ",male,,-4.013269561446738,2.841099505884706,312992,7.748121403189897,,S
637.4437479800475,-9.998704078522302,-5.811114447573239,"Moubarek, Master. Halim Gonios (""William George"")",male,83.90395979926336,5.110120766961095,5.21892679928608,2627,28.4200109148073,,S
642.197311810428,-0.9365021491316502,-2.765403198936215,"Tomlin, Mr. Ernest Portage",female,63.354048779441136,-3.372530632046997,-3.9033533489400343,2649,4.796171337545252,,Q
631.3789229382027,0.24646349094246656,5.439878572422799,"Carbines, Mr. William",male,34.06383390707138,1.133147192602583,-2.9357951664557302,244367,28.284939384655353,,S
626.2526478375192,-1.697850839127591,6.427052629855853,"Andersson, Mr. Anders Johan",male,,-6.5575596218582755,-5.744957673251416,349216,-5.60838398417106,,S
633.7580640952162,4.315516156118955,0.0200682450974341,"Asim, Mr. Adola",male,11.816060297286617,-5.163435402590078,10.121491963036416,367232,24.898498766694082,,C
634.8551082006373,5.794079346066774,-0.5283432912356436,"Arnold-Franchi, Mr. Josef",female,23.96413608964699,1.273164810612459,1.2186779964873073,368703,18.993681102601293,,C
636.240304635911,-0.6815536934244448,5.464941586213252,"Peters, Miss. Katie",male,30.224393454324975,-3.2363970687796324,1.919209280206311,19950,7.098602957730013,D35,S
633.5464478323127,-8.538774669907424,-7.308399187781241,"Davies, Mr. Charles Henry",male,28.975322933230665,-6.956670285189093,-4.360833540124193,PC 17761,29.06764667422439,,S
641.3182445699059,2.469126321969034,-4.4447747380222244,"Denkoff, Mr. Mitto",male,43.59045590887825,2.162438011788302,4.995320043972502,CA. 2343,29.772473928396664,C30,Q
642.0980295011443,2.221440914034302,1.8770663965971526,"Kimball, Mr. Edwin Nelson Jr",male,,9.480323084203157,2.036991937652341,7540,18.373245235863518,,S
635.0223775207228,1.23756628062778,9.199562264516505,"Chambers, Mr. Norman Campbell",male,20.55289370189721,5.558241034320247,-1.0110307621377,349201,7.208789182523545,,S
644.7967869267795,4.925918997232463,-0.7429203526669583,"Caldwell, Master. Alden Gates",female,28.349818480593857,-1.02927154106269,4.302822499305578,315151,67.37423990843796,,C
651.2107399277836,-4.65931238584416,3.4037471669406183,"Bystrom, Mrs. (Karolina)",male,5.452602954816555,3.035381226787783,11.247324502571319,345779,28.623839829684524,,S
644.6878413297483,9.035021544740555,7.535157090256048,"Hocking, Mr. Richard George",male,,3.550825027135653,-3.7882513083758074,220845,54.51249898475189,,S
643.650699351726,-2.837711012567472,11.427538933112585,"Smith, Mr. James Clinch",male,-1.9299803875128898,6.488512079339627,-3.088348983906787,347082,10.762800320446575,C103,S
645.43198714237,3.9968917088034184,-1.3073938925932502,"Vander Cruyssen, Mr. Victor",female,52.541098926612754,-0.3741428753027949,-3.5110242621143066,2651,80.41819176468775,,C
649.4610270678743,-6.749390777653407,2.932653105066296,"Barton, Mr. David John",male,22.095564723639463,0.13671086289829718,6.424796640065963,7552,8.867870245392773,,S
641.0773135779712,-2.7210587490802034,8.28822088537137,"Hickman, Mr. Stanley George",male,49.57497272681847,1.2024592270581458,4.169421268118738,PC 17476,34.24423018100859,,S
649.6575628119092,6.0654745869013444,-3.0887971007657136,"Flynn, Mr. James",female,,2.2155052811153273,-0.5421112711745939,29011,3.6852585117102503,,S
648.4381442021488,-0.043599292003399626,7.110324282215287,"Lahtinen, Mrs. William (Anna Sylfven)",female,23.66206184806705,-0.5323057680450677,0.1462386576034971,345780,1.6705699355714598,E101,S
658.3913000518241,3.3596904205311917,-1.073262129445033,"Vanden Steen, Mr. Leo Peter",female,,-0.48034098027497707,-3.2661745047868855,347064,8.79137082827223,,S
651.3033090647801,1.9478215548769844,2.409889468412627,"McCoy, Miss. Agnes",female,21.640405979759084,5.519329319017553,4.560108630972737,SOTON/O.Q. 392087,29.453763840901438,A26,C
659.671550444478,-0.4198326240006907,2.029523810398903,"Hansen, Mr. Henry Damsgaard",male,22.135624004701896,4.838082809771545,-1.5196072964342149,C.A. 33595,9.245965906964152,,S
649.585037208872,6.455401299730759,-0.832046402804917,"Rommetvedt, Mr. Knud Paust",male,,1.9096422937443531,-1.0403061578199972,36928,2.298153575628696,,C
657.3490366672112,-0.9466352986076013,-0.9324077106331004,"Jussila, Miss. Katriina",male,18.256547209512615,6.876436280091714,2.4351590861170274,230136,7.65046690815361,C87,S
657.277601055165,-7.122952430253882,3.1056574570150177,"Fahlstrom, Mr. Arne Jonas",female,21.304593247277758,0.4542169510943319,-0.7519797523328847,2926,73.28662815101309,F G73,C
653.5238110085409,-3.2129603678068204,6.982157312650728,"Maisner, Mr. Simon",female,,6.491893794517522,-0.9398639739913855,237736,11.351974504296923,,S
658.7095844585477,2.204766914806777,2.481055187245987,"Lam, Mr. Ali",female,32.07596474656043,3.170061774142202,1.0423008221163004,WE/P 5735,17.926932709646906,,S
663.8500753473264,1.5820364254500325,2.2804526349328653,"Palsson, Miss. Stina Viola",male,22.861282999925642,13.084104488858358,3.1814216551723065,28228,1.0567098635603056,,S
658.7048331828536,-6.268233000941753,3.2846962651641887,"Leinonen, Mr. Antti Gustaf",male,50.457708382226116,-4.769927707129911,8.585972301935332,347068,115.45596881771384,,S
654.2321494033209,-1.8973700776328042,-2.8864750920518394,"Berriman, Mr. William John",female,48.410066660282276,-0.7573810088693662,2.341944928984328,W./C. 6607,129.63608236198368,,S
661.9297486940902,-2.3268853968089864,5.958770033651692,"Bishop, Mrs. Dickinson H (Helen Walton)",female,40.224822612356604,1.6751913128021907,3.213256894497068,239855,1.5380850342052037,,S
659.39030762083,-1.4618783764569,4.277372388238987,"Moubarek, Master. Gerios",male,45.8745200323772,1.5889362119159676,-0.7994162484044975,228414,24.833606358505744,,S
662.6306362453445,-5.503654354406206,13.41450519500164,"Johnston, Miss. Catherine Helen ""Carrie""",male,35.012704817953654,7.800555936700074,-2.831191452674868,113505,9.139684436120046,,S
664.6736489212595,-1.5134844324779144,1.495583237761671,"Ryan, Mr. Patrick",female,21.95196548321835,-1.6734987331981355,2.6159449289404604,364846,1.3620615588527025,,C
659.1773911359379,-2.9144419410381097,0.16767279332748952,"Augustsson, Mr. Albert",male,27.684171251805466,5.619674074775537,0.6849632984022854,STON/O 2. 3101288,76.31830566823021,,S
660.5373666427173,3.0861330390476773,5.075863486294982,"Lemberopolous, Mr. Peter L",male,18.487831144195155,4.649852018727983,-5.690514594998997,349219,16.0533553901264,,S
669.9282673421021,3.236485243960975,6.276416675648553,"Honkanen, Miss. Eliina",male,,2.81859132888259,-1.3122784937023921,110413,7.962904785197991,E44,S
666.9091252153213,-0.583241832355264,0.8596513864931521,"Petroff, Mr. Nedelio",female,46.05645762200716,-3.84398536769728,-0.33158809392621436,236852,4.579505479091806,,Q
659.7410226327178,-0.568159183482926,-0.6126507077201955,"Youseff, Mr. Gerious",male,,6.631035221016792,-2.041831468113915,13214,48.082487983242835,,S
674.1393761464326,1.5596972481564535,4.164523352872162,"Dean, Mr. Bertram Frank",male,43.12851295637896,5.917299725261655,6.926942378168509,392096,43.10372852632091,,C
673.089479021097,-3.2663004298222997,-2.3103369629386457,"Bjornstrom-Steffansson, Mr. Mauritz Hakan",female,25.12694496052461,3.3983380791615097,1.919356147608867,335677,45.95510925401638,,S
670.1445007038541,-4.587328328669764,0.3578640479399404,"Thorneycroft, Mr. Percival",male,69.07053104249292,0.8173907488358165,5.4926996715545915,11753,14.757881843276714,,Q
668.7326791557671,-2.7608848357028677,2.3583710694737388,"Dorking, Mr. Edward Arthur",male,32.026537524326116,0.9044320401774851,1.0537010466086383,349242,12.339203363478253,,S
678.3432315852574,-2.539252655885827,5.983754739289033,"Ponesell, Mr. Martin",female,,-0.3149431689575109,0.32555134570031086,113787,-0.3833379985714285,,Q
677.3974024902417,-4.653895199169084,0.5816055352818368,"Navratil, Master. Edmond Roger",male,20.157218211771497,2.5631405370105673,-3.7463912704409967,3101278,0.9426491783467004,,S
686.5304091307363,0.648238236251499,-4.369537848122688,"Naidenoff, Mr. Penko",male,20.831804214156957,0.12453941177991022,0.04771813278626688,113514,7.463133479485654,,S
679.6807543948997,3.9188626951348335,-4.666389870072844,"Edvardsson, Mr. Gustaf Hjalmar",female,18.25977235020297,-3.394099901410565,0.05221570270176078,231919,12.296042064045503,B35,S
680.5508125650481,-6.348393203192967,-2.0376522668245336,"Rosblom, Mr. Viktor Richard",female,44.68129131910452,-3.194366579310368,0.5315444638630673,CA. 2343,41.554359648592076,,Q
679.3322882795658,1.1005148448641333,-4.252670872799749,"Leitch, Miss. Jessie Wills",male,39.302683813214635,-3.0081450146091684,-1.1581098790815796,110413,514.3237434690074,B96 B98,Q
684.2671034688032,-0.8797431810653423,2.381556965520364,"Rugg, Miss. Emily",male,,0.8885289701978071,-1.2931303940654495,113050,8.49354901471609,,S
684.5003408049926,2.3660347421472117,-3.75552061439042,"Alhomaki, Mr. Ilmari Rudolf",male,25.619372531028407,-0.10782334574082929,1.6539181762228858,STON/O 2. 3101285,74.15417754467077,,S
688.0069000342608,-0.051755072414352246,0.18898016071518375,"Hoyt, Mr. William Fisher",male,9.184729279706639,0.8613751731549969,1.8454004479428245,364516,12.643692345965217,,S
681.9147083254509,-5.814397119726523,-0.0963435399281991,"Pasic, Mr. Jakob",female,11.514152129688902,7.003252534184444,-0.32527392786081943,349210,38.090972924085776,,S
683.2583701082242,-5.049557195428662,0.2379685566080263,"Cairns, Mr. Alexander",male,57.90234042811583,-1.5092837036675157,2.8754784101675392,11771,40.38672299497484,,S
684.0835873163521,0.1176943023398909,7.29001732609249,"Strom, Miss. Telma Matilda",male,20.921661967330227,6.862640673381391,1.271684282605932,113056,48.05694063229317,,C
690.1632068847159,4.115123678982037,5.647790357722067,"Navratil, Mr. Michel (""Louis M Hoffman"")",female,14.662448600930606,2.9291566918101024,-10.478480099419826,S.C./A.4. 23567,45.447272556402645,,C
693.993497761187,-8.856749484172012,3.0645176611040155,"Daly, Mr. Eugene Patrick",female,18.776218271818927,-1.733707939126036,-1.9388081278061693,113776,11.730026882154089,,S
687.1646380274028,1.3829063192063198,1.1558948776766476,"Collyer, Mrs. Harvey (Charlotte Annie Tate)",female,8.963144489689554,1.9295449493298096,4.315954560569514,345770,6.589076895476616,B96 B98,S
688.3009050888277,5.758488021150573,-0.7329306264920847,"Clifford, Mr. George Quincy",female,15.862031877207025,-7.346040809500291,-5.7272230265107185,W./C. 6608,208.79428977380948,,S
692.2563088954792,0.38789649517514757,2.310985879807798,"Bengtsson, Mr. John Viktor",male,27.28670347684389,-2.1621377988916772,0.4507648016621609,7545,55.78829682437743,,S
691.0169539999484,3.200809984105763,5.336676293409161,"Larsson, Mr. August Viktor",female,5.9427558367620605,3.924291194767332,7.341044856741148,2695,15.591928991671626,,S
696.8082146125596,-1.8122763235912087,-0.6304700244024017,"Baumann, Mr. John D",female,,-6.949687716248443,-3.042451812041923,244361,53.26682477816234,,S
684.9928908375238,-0.4774647971075073,3.145923022456926,"Sutehall, Mr. Henry Jr",male,25.12002615412376,4.470296787732623,0.008596321710743444,7267,10.254695272201523,A5,C
691.6931798123325,-6.483654073232606,-7.126478274652108,"Asplund, Mrs. Carl Oscar (Selma Augusta Emilia Johansson)",male,58.86734668445398,6.044546265436539,-5.216065028911685,347054,35.0826420720133,,S
692.8703346641543,-9.377373233675495,2.846855136682388,"Futrelle, Mrs. Jacques Heath (Lily May Peel)",female,53.21240753980132,-1.4778213512949934,6.508924566654288,PC 17482,13.252467059490419,,S
687.7185759504554,3.771063204901101,6.048596967834744,"Harris, Mr. Walter",male,44.49878911060539,1.1672510697052403,-0.33333050798645714,A/5 3902,2.6724207868667795,,S
694.1454462225248,-2.9399797108977674,1.8797254924764983,"Dahl, Mr. Karl Edwart",male,,4.476348339404106,0.1865073711760726,2647,2.3543210147343485,,C
695.3393755366163,-1.822111380013722,8.26610798456042,"Widener, Mr. Harry Elkins",female,42.85491074382302,-0.8671567521740788,6.417201862022489,WE/P 5735,113.9895622068463,B71,S
699.1955813819246,-5.545769013080773,-0.5249537897442016,"Glynn, Miss. Mary Agatha",male,36.09116814615587,3.471102082104726,2.6459135785819243,330980,7.411015284158226,,Q
705.451863566641,-4.639878812335503,1.8697616612130452,"Drew, Mrs. James Vivian (Lulu Thorne Christian)",female,15.664452243631125,-1.6845951805226864,-3.502514929986959,STON/O 2. 3101273,231.0323235842562,,S
701.0197573952372,0.3046491996215346,0.8567010133361781,"Johnson, Miss. Eleanor Ileen",male,34.96688046428165,-1.9104091733327173,-2.5891116963492635,349231,24.152963003362604,,S
698.8767451189154,-2.918308776542586,2.598809330226367,"Connors, Mr. Patrick",male,15.567008211203532,-3.197345857299895,2.9797252180931943,3101281,17.776694190159326,,S
703.7721818351458,1.5118839919787939,2.5427113279810096,"Klasen, Mr. Klas Albin",female,27.50084772231786,1.3705887967792136,-2.49648422025176,347069,7.108503306201098,,C
709.1966944857654,1.8101536759183676,3.4284201200378868,"Stead, Mr. William Thomas",male,24.883116323153267,5.631876210262198,-8.468973248482108,347077,4.924183778704203,D26,S
702.0961647355404,1.2833985852984287,5.391834973854799,"Johnson, Mr. Alfred",male,35.13994910088196,-0.7364517284686571,-0.21296319455631116,243847,24.39600608479046,,C
703.3577004643142,1.9544031637137746,7.510944945098977,"Dennis, Mr. Samuel",male,43.88761482804836,-5.084996639649613,-5.920850644499238,368323,8.711782578307055,,Q
710.2341958370969,7.311072819727545,0.9909990219833704,"Kelly, Miss. Mary",female,42.90343934526621,-4.330827289147263,6.465127014254904,2689,34.24493823432645,,S
708.1138555370768,-3.270375076179544,4.261264288686533,"Taussig, Mr. Emil",male,23.29953887529834,1.5783976854821615,0.7071505510526108,110465,151.16447274576606,,S
712.5899387628378,0.7802605351883289,0.19293221493287005,"Serepeca, Miss. Augusta",male,,8.376465653577078,-2.620700226974302,CA. 2343,17.823856354728782,,Q
710.9454128328188,5.530759282078355,4.0638218109049316,"Carter, Master. William Thornton II",female,21.324362639986322,1.5748999972575901,-2.794529658649815,367655,47.3567234685168,,S
714.8066545923583,5.058159237352146,-2.0479660953079613,"Mallet, Master. Andre",female,,-1.5475862026050107,-7.557590351495682,348121,22.34228871208071,,S
708.8596875438375,-4.6870545973782916,5.362639744352529,"Gilinski, Mr. Eliezer",male,49.70449578727771,4.0647358674011365,-4.397847547122015,PC 17475,51.06447795632826,,S
713.9516613968469,-1.2494217666234797,11.842563509572958,"Carter, Mr. William Ernest",male,28.906308163196737,-0.9579945423469854,4.065292810162797,233866,13.888070133516795,,S
714.1572399425473,5.432484383469042,1.5116644481144328,"Laleff, Mr. Kristo",male,49.997527416045386,-1.5131408694568256,8.927144581969566,28134,10.917072834406866,,S
711.1364363035834,2.032316420796261,-5.7701739632296345,"Andersson, Miss. Ellis Anna Maria",female,12.802971294623026,-3.8338364227810544,2.905586052795834,243847,4.167872109082339,C22 C26,Q
710.7460882085253,1.781052125919091,-1.192291732979292,"Sandstrom, Miss. Marguerite Rut",male,35.956661763787935,5.633795376985423,-0.36817015448411666,54636,228.14685697747657,,C
720.7429961410986,0.12926122626137304,6.927500537157213,"Tobin, Mr. Roger",male,22.705190349128795,-10.156831669982655,-1.7278375026156665,PC 17558,12.496090402870976,E44,C
717.5961904711281,-1.5352037028309817,5.2123071481009795,"Haas, Miss. Aloisia",male,,3.191436801117077,-3.825983254305449,C.A. 31921,22.07139267541273,,C
715.9108788734106,1.1528762523612968,3.995654394700118,"Kelly, Mrs. Florence ""Fannie""",female,29.817284633317655,-1.8549797511901476,8.239063597358962,SOTON/O.Q. 3101310,9.19000191348998,,Q
720.6152842523067,-0.009496499937933445,6.034673423819356,"Sheerlinck, Mr. Jan Baptist",male,1.811633116934182,-1.6413629258064508,0.24500519254250042,28425,35.57597071412494,,S
726.5120754293972,-0.17031448417777673,4.9378137569936875,"Thayer, Mr. John Borland",male,19.335146181171794,7.76926062447125,8.462519320250017,230080,9.931300947681287,A31,S
713.8770486185123,0.3143948244601495,6.870900749804545,"Palsson, Miss. Torborg Danira",male,36.40436734965718,-2.8565243688002053,5.574078038440244,315096,8.387938472269479,,S
718.0134452403867,-2.7122861139739967,5.677694706587943,"Barbara, Mrs. (Catherine David)",male,46.3844828416765,-2.7202766161136407,-6.963185725385094,113803,9.146671718121823,,S
721.308454232419,3.1285174955257533,7.0868018109478355,"Rothes, the Countess. of (Lucy Noel Martha Dyer-Edwards)",female,25.959085477747514,0.47842304432187854,-2.663809583037167,A./5. 3235,48.7644148415774,,C
731.8447154668813,11.656978593661679,4.435184335625017,"Bing, Mr. Lee",male,12.56702935154986,1.655389543248953,-2.6761804966952893,345777,3.333916977233417,B37,S
728.1303479316772,-6.107946557304301,5.621037605975818,"Ross, Mr. John Hugo",male,28.022640199269222,1.2325768708285223,-0.31938545642295785,SC/Paris 2123,24.181839499481615,,S
731.069268961845,2.2960500967599193,1.7714917076568584,"Taylor, Mr. Elmer Zebley",male,,-6.295435722143542,-0.24125701245501394,SOTON/O.Q. 3101306,8.897700366655021,,S
724.4393563234951,-3.0407603544756223,-0.4058432462360235,"Saad, Mr. Khalil",male,28.29975155845641,-2.4627927235270617,11.984956381592571,349217,26.317984252365797,,Q
725.5218564989179,2.309610310077,9.827070561675892,"Van Impe, Mr. Jean Baptiste",female,22.147811673234745,6.125335425858077,-4.308911497899035,A/5 2466,-2.445866061609075,E33,S
732.7912548668909,1.1862298933114437,1.864818705290752,"Peter, Miss. Anna",male,33.20741944211008,0.2991071565420458,0.9158797426575599,C.A. 2673,219.55940743447448,,C
732.2330973237417,3.047419096169854,6.219522263449516,"Skoog, Master. Harald",female,4.937232313946113,1.8043491348152882,2.4660309698712126,C.A. 34651,15.210411983385779,,S
735.1949552754566,4.702026306035118,2.4949600576455606,"Romaine, Mr. Charles Hallace (""Mr C Rolmane"")",female,,-1.0456848286921503,-0.006288017876784731,A/5. 10482,8.20725102375583,C92,S
733.2493160362862,0.7696844710727253,-0.3460626036798571,"Campbell, Mr. William",male,25.838647462551506,-2.6379907846930783,0.4407223111254321,SC/PARIS 2133,7.203034077394736,,C
736.1125749058185,4.528209153656713,2.0439315703296055,"Murdlin, Mr. Joseph",male,29.68448491425299,6.710277799501644,-4.179235577226349,349203,9.750395365773851,D37,C
736.6324763396204,-9.37719157515471,8.743976071070858,"Leonard, Mr. Lionel",male,30.47372795273478,-0.7527674282043226,0.4259447784107271,358585,7.288602469961482,,S
740.1110695563397,6.361809191664093,5.220960297117696,"Pain, Dr. Alfred",female,47.83863045386395,-0.7734795181085075,5.045595984697488,2908,35.82349990377079,,C
741.2280331277778,2.50024860756936,-5.845892638921836,"Emanuel, Miss. Virginia Ethel",male,26.219265013911166,4.384569465421358,1.3104023370845144,347088,507.9241727167551,,C
732.520512022433,4.3113734229807275,2.1390221736953814,"Jerwan, Mrs. Amin S (Marie Marthe Thuillard)",male,,-2.889441435469541,2.2808036156483658,347073,3.6037993836065834,,S
731.0109257786365,-4.8795029793660865,10.129175170818847,"Coutts, Master. Eden Leslie ""Neville""",male,,-2.378909375095987,5.650431602544928,11813,2.405743131302411,B22,S
745.0069815906061,-2.323079526421343,0.14481255260017578,"Lennon, Mr. Denis",male,,0.04098673606759201,3.747866167657367,330932,33.10942025095145,,S
746.7509003730478,0.5837531765790965,-6.2019147669367225,"Byles, Rev. Thomas Roussel Davids",female,31.576659271391527,1.0010804163527187,0.28517845398974784,113055,81.69585460627019,,S
738.9175079219466,0.9318484426501479,8.572195541690174,"Ford, Mrs. Edward (Margaret Ann Watson)",male,21.262130323320203,3.0384453916128575,-2.6870334075331117,2678,269.62313556431513,,S
736.5606583738174,1.1322743520399583,5.72957003925117,"Olsvigen, Mr. Thor Anderson",male,24.46052547003124,9.366676357581952,-2.4000210988444777,4133,13.357173515708109,,S
745.3961392840288,5.3380606437198646,2.7199485647487984,"Rintamaki, Mr. Matti",female,34.77766347416109,1.3449929854094818,-0.8785246076696613,112053,8.800277484187202,,C
749.7233529054021,-7.060881261211397,-0.4856709443282745,"Beane, Mrs. Edward (Ethel Clarke)",male,70.5464091320508,-8.512215851003202,2.009383325365789,364849,65.8426592103922,,S
754.1903780897372,3.8952762868692363,7.329407719166942,"Hart, Mrs. Benjamin (Esther Ada Bloomfield)",male,20.91357747333754,2.3051957737262434,-0.9133310459975803,349251,18.90984390905873,,S
750.0651902884058,1.033127639831708,-0.16793360090477005,"Harrington, Mr. Charles H",male,30.031976118195253,0.1515199779583953,-3.7429327967374064,345781,10.92461874687529,,S
747.5131332136572,-0.815127444498191,5.593025698063953,"Lesurer, Mr. Gustave J",female,18.538660020770656,1.1738000974058307,-4.752794756481348,STON/O 2. 3101289,54.95779982998168,B38,S
746.4274775136605,-5.884460937539561,5.168781142897024,"Mockler, Miss. Helen Mary ""Ellie""",male,35.25724874498873,0.9837892375846828,-6.604711036222124,2669,11.818087225672764,,S
751.0458051666826,3.01219467350746,2.9787277019493996,"Coleridge, Mr. Reginald Charles",female,0.08623647983426208,0.8852868493008025,0.06019718490172454,250655,26.964266763326,,C
750.802941184459,-8.656431404124149,3.5820592213423814,"Connaghton, Mr. Michael",male,17.257789813064647,-0.21044837222155602,-4.87866176828122,330923,9.103750911129556,,S
748.9397283770847,2.5935760449548506,2.3001278531432874,"Meo, Mr. Alfonzo",female,34.501029912666944,2.4521768390831444,-4.002102736629569,382652,13.493871618491998,,C
762.1950226034531,-5.968423341891968,7.182560480837063,"Robert, Mrs. Edward Scott (Elisabeth Walton McMillan)",male,24.52331701135069,-2.168323188778004,-1.57560749137721,367226,7.719459451568812,,C
762.1406736082886,1.213831650469896,-1.4613713284073366,"McKane, Mr. Peter David",female,50.10038389589039,-2.7907453425567024,-3.3436692375657353,4133,63.70161241641194,,S
760.5441947342217,0.5233246506883182,-4.487700507320837,"Renouf, Mr. Peter Henry",male,8.17854590132657,13.095125810489565,2.519008753994788,220845,11.665954052724327,D20,S
753.3165984087635,4.678152589175535,5.457760491569898,"Toomey, Miss. Ellen",female,31.170029646690427,-2.8634297751249336,2.960892254422749,W./C. 6607,5.556056822553792,,S
761.4200772971891,-0.7146206760555607,4.524953312268591,"Fox, Mr. Stanley Hubert",male,11.579776083984306,0.40057164984030585,-2.197708079101594,PC 17608,18.469255384784933,,S
761.5585056379916,-2.7765542445826625,4.920964610047067,"Caram, Mrs. Joseph (Maria Elias)",female,39.613881539070015,-5.982641003501469,-1.748109230440007,349204,9.279643065976096,,S
761.7701824968162,-1.026410783884812,2.6309134784721553,"Williams, Mr. Howard Hugh ""Harry""",male,31.63641368221993,0.46587366020568766,2.14971908055631,11765,87.19844739000482,,C
765.9986610681751,5.091531075018654,1.7178384866498086,"Duane, Mr. Frank",male,,-3.7329022027573404,-2.855980388938716,7553,13.451012565852213,,S
764.5414845714452,2.1451878767235746,6.149930817542101,"Devaney, Miss. Margaret Delia",female,35.88298411129893,-1.7698917714000437,-3.1309356463891804,24160,16.908914445752114,,S
765.9600569452174,-0.5425199260926452,2.8177674929818366,"Navratil, Master. Michel M",female,22.104808072495583,4.180258663084495,4.785993912745162,113792,12.449241955385698,,C
766.5476251334889,0.05421432014194627,-0.9484542432607124,"Ryerson, Miss. Susan Parker ""Suzette""",female,33.39450283972979,2.888038273512295,5.536750954851149,2700,117.11575154080482,,C
766.3631656320084,-6.268708362341788,1.7524347509784004,"McCoy, Mr. Bernard",male,16.400678551973893,2.2736380982992763,2.406200009375678,2665,6.680539781181503,,C
758.8655554811432,2.5538968034061638,9.082558795103328,"Chibnall, Mrs. (Edith Martha Bowerman)",male,49.86360397855687,-6.084819353567451,3.7025784855763715,113510,77.10132182651635,A6,C
767.3344843096422,-7.039262830781863,-5.939904328181731,"Porter, Mr. Walter Chamberlain",female,,7.347580679316051,-7.909114901469452,382652,40.1834879131304,,S
765.7752321646035,3.0071858633418245,4.999152417183195,"Kantor, Mrs. Sinai (Miriam Sternin)",female,38.42904120058236,-4.7675252437675,5.415342187172429,2699,4.945096029474259,A24,C
763.8806361694399,0.5144863699650634,-3.716441710494869,"Kraeff, Mr. Theodor",female,,7.11424325717546,1.5682484663349687,364500,25.905266093446784,E77,S
776.7272664772033,9.54780719829569,2.567066646708107,"Widegren, Mr. Carl/Charles Peter",male,32.25591084547542,4.086175463925945,4.04312553602294,C.A. 34260,14.170852528157258,,S
777.9159813635429,-4.400542214897223,1.2654900593832492,"Cumings, Mrs. John Bradley (Florence Briggs Thayer)",male,22.50622813460194,2.3093309671387203,1.5486471164654505,345572,4.245487563983347,,S
777.4368824011824,-0.41064836416253175,-5.3401131867195115,"Wells, Miss. Joan",male,52.42402516601115,-3.419939123633526,0.19569929872062478,330979,3.3416130516317315,,S
774.0208536674235,7.193150803692251,3.5561503617350523,"Shutes, Miss. Elizabeth W",male,55.68432051866649,0.6063593792780917,-1.1012368494482183,17421,8.567365778810773,,S
779.4025004838106,4.7655585611656575,1.4798477512312165,"Nilsson, Miss. Helmina Josefina",female,,-1.8836856425794393,1.4685775075448217,2223,5.477817759568681,B35,S
775.0482127224074,-1.784848206319599,-6.396825370244976,"Doharr, Mr. Tannous",male,57.91437145465986,1.1161582860211672,1.7530083643817915,C 17369,30.99386349898372,B49,S
776.8111891075911,0.895869713493791,6.358272363097008,"Hagland, Mr. Ingvald Olai Olsen",male,15.846803618733402,-0.9994890363422395,3.4715044002604496,315088,11.756836880059355,,S
772.6261145181521,0.007997425660348932,8.74002471195574,"Lundahl, Mr. Johan Svensson",female,,-8.154442026289633,-6.3458265782088015,230433,11.527289408473056,E50,S
779.5879652179954,2.1278234695766285,8.960497369186289,"Lewy, Mr. Ervin G",female,-1.3252431260439712,4.487136603938352,-2.166303447177111,349252,11.417537225946397,,S
779.2415437136976,-2.794721743939319,4.435825762605885,"Najib, Miss. Adele Kiamie ""Jane""",male,,-0.32442862619744467,8.179292993906586,250643,6.592246372852744,,S
774.7893915326622,0.6427183891970619,1.184232554308462,"Phillips, Miss. Kate Florence (""Mrs Kate Louise Phillips Marshall"")",female,50.76346775672747,-1.939201598008948,-1.5043218542895698,234686,205.53067834493842,,S
780.7952115527336,-5.392209501106855,8.312626483583188,"Hogeboom, Mrs. John C (Anna Andrews)",male,15.884901491199168,-2.241308931319071,-0.9547348922539121,248727,10.35616091219127,,S
781.6810817445728,1.5404938074723282,7.729534341360393,"Frauenthal, Mrs. Henry William (Clara Heinsheimer)",male,22.84719667018922,2.4338383054670727,-3.530323733400305,C.A. 37671,58.964218419235145,,S
790.1902446665786,1.8000826936873282,5.5342748115025,"van Billiard, Mr. Austin Blyler",female,25.615591455290676,-3.575025353177889,1.3433826915432956,A/4. 34244,35.143989458713136,E10,S
787.5768533140537,-0.909677650575536,-0.7661504089192044,"Frolicher-Stehli, Mr. Maxmillian",female,,-8.020702233896174,-0.9450595605687795,16966,22.60668114657533,,S
785.0457817563658,-6.460203562339151,3.8053794128596876,"Skoog, Mr. Wilhelm",female,21.22736030252244,1.6285192128331045,-0.7424437392282004,11767,6.482883415198412,E46,S
786.9951492392044,3.9541274514058498,4.758064577165714,"Van Impe, Mrs. Jean Baptiste (Rosalie Paula Govaert)",female,24.08893781767463,2.0764119918272868,3.3954661441402822,349227,7.930182114242543,,S
787.1768495124168,2.458100151971209,-4.238467875668917,"Gustafsson, Mr. Johan Birger",female,21.08884590941002,-0.7985272987105316,-2.7950536752592634,11769,11.063390302028381,,S
787.1883440608178,-2.9040603908039073,4.877442638483096,"Gheorgheff, Mr. Stanio",male,8.407282452413195,-0.5916115007600355,4.154444477060883,A/4 48871,23.244137511610084,,S
784.6702912104469,-0.12240178735225582,12.091967303917556,"Davies, Mr. Alfred J",female,-4.650564090404886,1.3557421635571414,5.288917262241426,113806,23.519224534953498,B20,C
789.3957924895723,-6.002677611127355,3.5597446632031655,"Penasco y Castellana, Mrs. Victor de Satode (Maria Josefa Perez de Soto y Vallejo)",female,40.739883577848985,-5.858129473254355,4.219824378877175,PC 17760,79.11801775130868,,S
788.0156069733899,-4.101640511111618,8.893652325767025,"Williams-Lambert, Mr. Fletcher Fellows",male,,-4.1089223867506375,0.5621639796721611,2666,3.5154509281852144,,S
786.9987378443075,-2.151245385428558,2.7316589205148203,"Williams, Mr. Charles Duane",male,17.96581035975836,-3.0027917460166447,12.965036307907143,11967,17.661576989383732,,S
795.0448872581901,4.913683249120605,2.7071267040647142,"Mellors, Mr. William John",male,,11.375756283566224,6.218134786168328,SOTON/OQ 392089,69.00410515248659,,S
795.5650586397329,-2.5580135635499026,2.5250855603239017,"Parkes, Mr. Francis ""Frank""",female,,-1.4504438017476684,1.2995104976273062,SC/Paris 2123,36.486651933096276,,S
787.8531699545277,2.560854637315035,-0.2633065919377304,"Knight, Mr. Robert J",male,17.41605920341574,-1.7914656471058423,-3.5036976563269406,384461,14.59453866696558,,S
795.5092614500195,-2.153264811446319,-1.8551007489375544,"Gavey, Mr. Lawrence",male,44.684303752279135,7.818770061644985,-0.3882365034965639,S.O.C. 14879,14.421504842680385,,S
800.9828055435997,1.9917902434074994,6.0652182286774625,"Abelson, Mrs. Samuel (Hannah Wizosky)",female,52.74560166805859,1.4098499887548557,5.705307907600136,240929,33.777222655368995,,S
802.2368949555853,0.4344179914247913,8.489369371466072,"Jardin, Mr. Jose Neto",male,24.81880021788497,1.3559780418993042,6.838138462505075,324669,8.51153566817302,,Q
803.103347371541,3.4922264003709738,-0.9644252623494016,"Goldenberg, Mrs. Samuel L (Edwiga Grabowska)",female,28.78719353315801,-1.4788029808350995,5.913316401760917,347470,11.042414206571124,C83,S
800.1556528276059,-2.1392453528742315,6.871995218215458,"Frost, Mr. Anthony Wood ""Archie""",male,34.382089645983235,-1.385486670547111,4.140769226918478,248706,22.34507644437429,,C
797.6198186881234,-6.290113000009764,1.6521600975759163,"Bradley, Mr. George (""George Arthur Brayton"")",male,36.201734043739144,-8.745625760068602,-5.022640825182288,29103,10.941604642863405,,S
797.6652046905677,-4.527796125454531,3.3592342979617222,"Strom, Mrs. Wilhelm (Elna Matilda Persson)",female,25.763619790448058,4.874962127694233,2.94864727130268,347088,23.539963532477454,,S
804.3784196190014,-1.1275099757710296,2.8408745577402534,"Hippach, Mrs. Louis Albert (Ida Sophia Fischer)",male,13.442968623184777,2.7932388230255167,-2.9656095122119908,STON/O 2. 3101280,111.75788421150276,,S
805.5171201374607,-3.996239882712211,6.977401872497273,"Mitkoff, Mr. Mito",male,-8.130002384322351,-0.7166639728536534,-4.949884773523034,A/5 21171,13.665069039787646,,S
810.1493244464202,2.640848062718205,3.3308728074527556,"Morley, Mr. William",female,26.108711296971155,-0.548906807345023,0.9566347383089543,2680,4.408470243447935,,Q
810.3999186013683,-1.8630726594323113,8.640647981207744,"Petterson, Mr. Johan Emil",male,35.551827077600194,2.9445770490442205,2.0927977890790017,250655,4.569244880979214,F38,S
806.4710853738753,9.498426200105726,2.237651359039699,"Jensen, Mr. Hans Peder",male,39.07357686228528,-6.218840292319412,3.613508393923219,A/5 3594,-4.719886726450702,,Q
803.0231764845565,-6.950858380548528,5.49673708987813,"Cann, Mr. Ernest Charles",female,16.004249800152216,-2.359525326215222,1.9885449615443758,2623,6.957562253854868,,S
807.7235736119565,0.8145327148392049,-1.3330503661489859,"Peuchen, Major. Arthur Godfrey",male,42.557385015089395,-4.545211451570122,2.126343942970993,3101267,20.05396924223897,,S
810.8689247792421,-3.511812094022676,9.634636042819336,"Chaffee, Mr. Herbert Fuller",male,36.89900726034632,8.086037129946984,-3.9386103399695056,350025,61.47511540329087,,C
810.1916670184423,-1.9736053615307143,4.879299692819865,"Radeff, Mr. Alexander",male,31.2401587714678,3.502622127413203,-0.41990673873866546,26360,1.2440324967916672,,C
809.6884235676894,0.5656778933621767,5.851989701380397,"Daniel, Mr. Robert Williams",male,42.49736971378555,-8.810770564541457,-6.028467142537951,7546,22.73220801609487,,C
814.0115392598796,-9.301485499497147,-4.432743244846166,"Dahlberg, Miss. Gerda Ulrika",male,39.32549917574859,-6.055046506559902,-8.013476517600783,C 7076,6.362568919625206,,C
811.9841690343576,0.9473044671521099,-0.29080809231640403,"Boulos, Mr. Hanna",female,8.931634229750138,3.470617306570055,4.9625708393722965,CA 2144,35.22835096484608,C22 C26,C
812.4877356650985,7.611629849096671,7.951534751674922,"Slabenoff, Mr. Petco",male,31.56211459646589,-1.8897608482896988,-3.012497575163835,2627,9.196374189175707,,C
817.2458113372138,-1.8137531934743714,2.147564473170419,"Aubart, Mme. Leontine Pauline",female,,-5.297528832307553,3.489994008572214,11752,-2.54627730951934,,S
815.3920296794831,1.039231427222038,-4.655118939315704,"Lefebre, Miss. Mathilde",male,22.050961123610392,7.779048950601958,4.433390311520155,371060,8.215292322364077,,S
818.9764175559134,4.099686772501597,6.153159715935276,"Ilett, Miss. Bertha",male,26.150526827761098,2.2501596559303167,-1.4772692984927907,392091,35.09452551436917,,S
820.0928160914085,-0.6558140001079862,0.8248687825891063,"Brocklebank, Mr. William Alfred",female,39.17875396472076,1.899265291452366,2.3612443782211963,372622,12.906984377499587,C85,S
815.4422839956337,-2.323840754125933,8.645267943506848,"Touma, Mrs. Darwis (Hanne Youssef Razi)",male,8.871942072259161,0.2319402030711446,-0.6446269144545664,31027,30.08783806006415,,Q
819.0750355045384,-8.102945614887009,0.6486572855852013,"Hanna, Mr. Mansour",male,52.96580863840972,3.8890965887120097,-6.383515498507296,315089,96.17929368366575,,Q
827.7511077596658,3.5639628775798933,3.81882674408212,"Mullens, Miss. Katherine ""Katie""",male,32.763250392017056,-1.5217310439280471,0.4932376177698336,111240,-2.0051699121315902,,S
818.3516819490628,-0.4526736389155889,5.715818314366594,"Penasco y Castellana, Mr. Victor de Satode",male,37.83281108849795,-1.1333726948299976,-1.883495518863043,350036,-0.2671547153152433,,C
815.5333822041179,-3.050735405552647,-0.5899718834186491,"Baclini, Miss. Helene Barbara",male,31.013905163510657,2.4440078393010394,-0.7603560423485269,2674,20.807843836236138,,C
817.55261938703,0.5063868411107743,-0.9713872313357585,"O'Leary, Miss. Hanora ""Norah""",female,6.317262625728483,-2.5159902602411988,8.901372471382102,226593,44.992016280146736,,S
826.1164397863067,-2.3347214272247254,2.214006318407571,"Stewart, Mr. Albert A",male,,6.3881114394039304,-6.103427930930687,STON/O 2. 3101274,-0.4383583436812124,,C
827.1236691121308,-2.1137045244621024,6.308691198484889,"O'Brien, Mrs. Thomas (Johanna ""Hannah"" Godfrey)",female,,0.7295568588955031,1.5314845414858842,236853,55.24209666926563,,S
827.5295565782995,3.425164624434833,-3.3235090104539626,"Sage, Miss. Stella Anna",female,0.02588783310055398,5.1237768351216975,-1.979228948579006,PC 17600,32.19812213632511,,S
833.856759315714,-4.353529645295378,-3.6721383995563865,"Pekoniemi, Mr. Edvard",male,,-4.301679026475274,3.6330456370692974,11751,14.59440624145148,C123,S
819.3086622675883,5.189261144295034,4.294883708175169,"Beckwith, Mrs. Richard Leonard (Sallie Monypeny)",male,64.54337335306373,-3.6926604961127723,1.1937249447002631,2694,80.97711312910363,,S
832.5837354977233,-4.590744652473615,0.588086749731985,"Panula, Master. Eino Viljami",male,10.238064981246579,-3.647600886399249,1.5173773967224544,14312,11.383017761074257,C2,S
838.2457528072143,-1.6508056334210552,0.43109594831886766,"Braund, Mr. Owen Harris",female,1.4760986086153869,2.0011906906593557,-2.7795584704090395,2624,18.886631774163156,,S
828.4888769404331,7.691784776266309,-4.4272416077606636,"Thayer, Mr. John Borland Jr",male,,0.26393320767298434,-3.0623516531532937,347088,-3.2002621162739358,,S
832.4807739528404,4.509419046569689,0.28408274259207156,"Doling, Miss. Elsie",male,22.275075861813196,-1.857647276924722,3.7090020293835444,349225,3.5143547861736932,,C
831.9884323310855,0.39041596998176076,2.9697308134753975,"Rouse, Mr. Richard Henry",male,19.790860120380273,-4.056276771541118,7.083190886910251,C.A. 24579,8.445774903305239,,C
832.4226158156899,-2.762120862004866,4.721511430491569,"Hoyt, Mr. Frederick Maxfield",male,41.18351535095658,-4.0663850789233695,2.9212312688967486,SC/PARIS 2167,86.54100147381328,,Q
835.6949519799078,-2.117089226799573,-0.08492066493855521,"Peter, Mrs. Catherine (Catherine Rizk)",female,16.8535084033416,-0.19393560188262393,-3.589682883085731,345764,0.8972435176106366,,S
843.7099411347381,0.2931012583427856,9.629504480929986,"Thorne, Mrs. Gertrude Maybelle",male,,-1.8623471183544005,1.355754089848273,376564,6.525378769190283,,S
846.3495467019501,1.1500929293583937,0.26177590328079736,"Behr, Mr. Karl Howell",female,26.424659391861496,-2.742427969433049,9.709888177350438,21440,60.53454295407529,G6,S
838.6562430998395,0.6365162814961486,-1.7323672063406987,"Rush, Mr. Alfred George John",female,,6.188357944526438,0.4096912428756468,113806,23.89418670250691,,S
848.6202408562579,-0.12333005633673733,9.149430207591209,"Levy, Mr. Rene Jacques",male,24.30289186997677,-0.32930271277093565,5.847363437574398,349221,8.841731339136691,,C
842.1423059079385,-0.8575004388204563,2.8458406094556685,"Hart, Mr. Henry",male,17.42702516123343,5.080171735707701,-2.961317463354848,2677,10.763898012424013,,C
850.0147641068044,-4.7679149425600515,-1.2080989160463065,"Sagesser, Mlle. Emma",male,28.782088769013892,-2.1330087307307863,-0.16834420654554713,347742,37.85752128142641,,Q
843.626805401386,-2.0660429686433313,2.379467475277626,"Becker, Miss. Marion Louise",female,36.28584408498075,0.9791051351946275,2.4782608245021702,113760,5.516955227553449,,S
845.5242313041846,3.658496215947386,8.412294310168237,"Hunt, Mr. George Henry",female,16.759631008979476,-0.22190406502533958,1.5893132330514563,110152,7.976097606499718,B19,C
847.4618978905713,-5.47333719020447,8.864811278502728,"Meek, Mrs. Thomas (Annie Louise Rowley)",male,42.05031400940733,-6.790489238072491,-3.065554720444643,28403,10.969839012658754,,S
859.7154147174701,-0.7582220461571141,-0.26717271708102386,"Heikkinen, Miss. Laina",male,,13.713353225055652,-1.2380698285223986,17474,64.24460532780262,,C
851.4051422993791,-3.279015715083376,2.8302647596835673,"Dick, Mrs. Albert Adrian (Vera Gillespie)",female,32.090529037363474,-0.5406144281296635,3.953137612410634,234360,7.012267173796566,,S
846.1709418801942,0.4454017175924453,2.360627310670292,"Lulic, Mr. Nikola",male,28.161345622218764,2.985672878531842,5.76620325060058,SW/PP 751,31.177099956637957,G6,C
853.8759914811035,-0.5545327242672726,-2.94496044206639,"Ward, Miss. Anna",female,,-2.0081148898462375,6.04857423248768,36865,88.5485527491796,B39,S
849.5526698516626,5.909574659898676,2.7772597894000226,"Hampe, Mr. Leon",male,-2.3424134984010223,3.3406224736809413,9.215721933011471,A/5 21173,34.66862579585135,B96 B98,S
850.0409992683951,2.026332616761015,3.021291441806802,"Kantor, Mr. Sinai",male,70.3181769750028,-3.467409439693419,0.5384777452903858,345778,9.991645940328693,,S
856.6344054395685,-5.247212663108845,7.5608379157469425,"Somerton, Mr. Francis William",female,15.272825788255329,5.943993931053574,-0.2447969769263736,S.O.C. 14879,12.251070765885295,,S
854.1243423510846,3.6849120464547944,5.829700113244804,"Barber, Miss. Ellen ""Nellie""",male,17.538893258340938,1.2456373898027029,6.4039637551138755,2659,39.94679681330885,,S
856.1143036580472,-3.098607425048252,0.6831624065639679,"Bowerman, Miss. Elsie Edith",male,38.70564679439444,2.4682141067235523,2.8522771274063468,2629,31.961766456402096,,S
856.0559408874611,-1.3079854855101343,2.1441874245567534,"Kenyon, Mrs. Frederick R (Marion)",female,11.838582496606357,5.432736588419916,-2.9298210346703657,237798,6.024537204810779,,S
858.3463325064217,2.2552760804284873,3.6571692082225424,"Calderhead, Mr. Edward Pennington",male,44.551344399557664,5.625365187596092,-3.1345426620756456,16988,165.44736712158806,,S
859.6998635897446,-0.966989678920539,-1.340753795708046,"Nasser, Mrs. Nicholas (Adele Achem)",male,57.24474613270593,3.0613701445451413,1.9677208054252364,349234,25.777357292245487,,S
851.2521322691783,4.571423265291822,5.354560606949611,"Pickard, Mr. Berk (Berk Trembisky)",male,23.25296746078259,-5.686909388149851,2.2909013540640015,364850,19.00627993665289,,C
862.6662906744382,-3.0980402460535816,2.6483740505231412,"Theobald, Mr. Thomas Leonard",male,,-2.7827164780667344,-0.10571981896279016,350047,0.7065695110023968,,S
857.0719223206788,-2.475786210365453,-0.8775943109544828,"Drazenoic, Mr. Jozef",male,42.40772308327463,-2.015552544045411,4.290133458840779,350052,19.751351417248816,,S
856.2308034577624,-2.6254835741924354,-1.8273468515185862,"Fortune, Mr. Charles Alexander",female,22.885001831383576,3.910134774503197,3.036148579940143,345769,8.402592396447266,C124,S
862.7663550245653,-1.2625549934201556,6.788234784124408,"Meyer, Mr. Edgar Joseph",female,42.657117962781726,0.6826077670002056,5.319492993673727,239853,30.033487880614132,E33,C
864.3359240132578,4.396766222191252,2.3743140834268055,"Zimmerman, Mr. Leo",male,,2.437950265477621,-5.726144425493466,250644,67.06449356780995,,S
862.2259753417109,2.5151851744412124,8.561416375593243,"Peduzzi, Mr. Joseph",male,22.66027185090557,-0.7549768520449102,1.0135916688848032,113505,10.497981392416959,,S
869.3241274306719,7.839775816048284,-0.05454504285964035,"Sage, Master. Thomas Henry",male,45.452369814443635,-5.976449342875114,2.778754089588827,3474,17.852493001861866,,S
861.6312993345164,10.070576815597018,3.1648208045259736,"Meanwell, Miss. (Marion Ogden)",male,23.743320072055546,0.7873740477209605,-6.106343426750736,PC 17593,17.833838413911696,,S
866.3722250049098,-4.122868127729359,10.570706892072966,"Panula, Mrs. Juha (Maria Emilia Ojala)",female,31.70819739003965,-6.621490015948739,-2.6195825652398885,111426,51.33046359585593,D33,S
866.660503460268,0.28167650930915555,-1.2295469786531168,"Moran, Mr. Daniel J",male,,2.1153099735384515,-3.361940649315676,244270,12.54460219922528,,S
869.8136509186427,-3.7048012665737318,-4.591257999599106,"Lindahl, Miss. Agda Thorilda Viktoria",female,3.383866733696534,2.5118505041362944,1.0867926842396647,248727,9.9790888789744,,S
872.1154571385889,-3.1104237109930684,8.146360525148932,"Frauenthal, Dr. Henry William",female,27.618180772344626,7.631793973387526,6.511415874776255,CA. 2343,7.86232948912444,,S
867.9684282015058,-1.5203300410226777,-2.3072364215722945,"Robins, Mrs. Alexander A (Grace Charity Laury)",male,45.93441169922996,4.39149315798937,9.090357618659603,248698,49.907702430144724,E68,C
875.8971307098249,-4.228619496553097,0.9171745435750649,"Marvin, Mr. Daniel Warner",male,30.403760987834882,-1.691657023290011,-3.257150212293129,113781,8.616259797201039,,S
874.2520094733388,-4.207549091593655,0.6563271581936605,"Olsen, Mr. Karl Siegwart Andreas",female,53.42193353117586,3.272280373097944,2.1062290019742966,12749,6.226346675330591,,S
867.4322149867523,0.42286248591898057,3.0726511238212644,"Brown, Miss. Amelia ""Mildred""",male,32.19581146544577,-4.590655523780714,2.2351914085692606,315086,29.94062537975141,,S
868.1656342384118,-3.866873673545628,-0.8021448287429687,"Kallio, Mr. Nikolai Erland",female,11.956541019807293,-3.849890414724342,1.550503086058991,3101298,5.961663326720702,,C
876.9507228282828,3.368507836550531,2.2802396484667757,"Turja, Miss. Anna Sofia",male,22.273777222378452,1.33257012830044,1.5959185389569361,SOTON/OQ 392086,9.927834256065339,,S
877.1161307288546,-3.671014149670057,4.799261306226137,"Nicholson, Mr. Arthur Ernest",male,16.029284581195387,-8.63299865099171,1.2149700098053122,A/5 2817,10.930712082617337,,S
878.5863195457015,11.238275880385569,-1.0332355450970478,"Kelly, Mr. James",male,,-0.14864313973553214,6.750280483225679,365222,7.991257684758328,,S
879.8880701738791,-0.8055378038575807,-1.8003361185835556,"Berglund, Mr. Karl Ivar Sven",female,60.1352377655959,-4.081053168473683,5.409866057472231,113509,81.96666674285876,,S
881.9022393580407,1.288070567668209,0.6104686656058729,"Blank, Mr. Henry",male,18.18360149741038,0.4052282206130542,-3.2406155903930687,CA. 2343,25.879906208766116,C65,S
885.7905984393932,-5.181364737864141,-2.715261736905113,"Andrew, Mr. Edgardo Samuel",male,36.70742365430616,-4.310945432189054,3.182884323522197,1601,11.471073414230336,D26,Q
878.5555803963298,6.824367032510557,1.3097560688050145,"Bishop, Mr. Dickinson H",female,20.989110749707766,1.696992549820755,3.5694934980458086,237565,7.865291111453178,,C
879.3121136283968,4.478002723211665,2.4751861596116074,"Futrelle, Mr. Jacques Heath",male,27.153813587677885,0.07730969466955848,1.2598691486071556,PC 17585,9.99505197090694,,S
880.6267045684505,1.1876634829444501,1.4018042336462861,"Sdycoff, Mr. Todor",male,26.639004878493157,5.601463667525322,4.5256974820109175,349909,7.091146909349901,,S
887.1556666686748,-5.3872101951182625,1.9144940282731018,"Webber, Mr. James",female,41.32479524797701,0.026938136406488483,5.752296137196149,C.A. 29395,32.583340782110625,,C
891.9797895145858,0.8426675108984811,1.9203933163736586,"Olsen, Mr. Ole Martin",male,23.694627292684366,-3.0745712198458652,0.801870884305003,367230,12.600618504514253,,S
886.2746422470419,-3.48572418406902,-1.6229738497292558,"Clarke, Mrs. Charles V (Ada Maria Winfield)",female,21.870902435000254,-0.9875434233091316,0.4849621787081732,374910,37.23319637797489,,S
878.9932006233614,5.849421053893443,5.764250263467509,"Jalsevac, Mr. Ivan",male,,-4.376945588066926,-6.072976343198675,113804,22.82384568913962,,C
883.1840285495585,4.236778927412691,6.743912499207103,"Guggenheim, Mr. Benjamin",female,20.975780828527846,1.62454901882176,-0.321593575623496,363291,29.04926544637888,,S
887.667853108816,0.3817561539509445,1.1424784312182061,"O'Sullivan, Miss. Bridget Mary",male,31.320502065681044,2.359400985261089,-2.673002297818283,CA 2144,7.065871513529073,,S
