default,account_check_status,duration_in_month,credit_history,purpose,credit_amount,savings,present_emp_since,installment_as_income_perc,personal_status_sex,other_debtors,present_res_since,property,age,other_installment_plans,housing,credits_this_bank,job,people_under_maintenance,telephone,foreign_worker
0.914151239263294,0 <= ... < 200 DM,5.822152061922203,delay in paying off in the past,car (new),1167.6441470604395,... < 100 DM,4 <= ... < 7 years,7.747068090620485,male : single,none,4.75961353088605,"if not A121/A122 : car or other, not in attribute 6",66.22614372027681,none,own,2.6753501811152076,skilled employee / official,-3.382175917915852,"yes, registered under the customers name ",yes
-2.1199523187214866,no checking account,45.812139190879016,critical account/ other credits existing (not at this bank),car (new),5949.002366866639,... < 100 DM,.. >= 7 years,4.063076555353346,male : single,none,4.685655206678541,"if not A121/A122 : car or other, not in attribute 6",21.101542327625154,none,rent,0.8399711132598162,skilled employee / official,-1.671824891022755,none,yes
2.2513535874193717,no checking account,10.756580802492424,critical account/ other credits existing (not at this bank),car (new),2097.30202947035,... < 100 DM,... < 1 year ,7.898382414126771,male : single,none,3.819963769610623,"if not A121/A122 : car or other, not in attribute 6",46.91002026248366,none,own,3.592130878222691,skilled employee / official,-0.15756068788882294,"yes, registered under the customers name ",yes
2.8216941491736414,< 0 DM,43.901731133201224,critical account/ other credits existing (not at this bank),domestic appliances,7882.755563245885,... < 100 DM,.. >= 7 years,-2.643498498219734,female : divorced/separated/married,none,10.716494999243272,"if not A121/A122 : car or other, not in attribute 6",46.2854487859675,none,own,2.8201995322351796,skilled employee / official,1.3765334338388704,none,yes
-4.853105565961509,no checking account,24.008979873599866,critical account/ other credits existing (not at this bank),car (new),4865.785625357169,unknown/ no savings account,... < 1 year ,2.2039196750572363,male : single,none,8.289362357411255,real estate,53.70393856311428,none,rent,-6.957467602329771,unskilled - resident,-0.2831017108803575,none,yes
-3.9065385205869543,no checking account,37.02062993060501,critical account/ other credits existing (not at this bank),radio/television,9058.368034763691,... < 100 DM,1 <= ... < 4 years,0.6124358481715237,female : divorced/separated/married,none,3.077416705848953,real estate,30.228050905191747,none,own,2.6357266132853705,unskilled - resident,4.121122175290699,"yes, registered under the customers name ",yes
0.3835212095018561,0 <= ... < 200 DM,26.01023772660657,existing credits paid back duly till now,domestic appliances,2834.7174162739475,... < 100 DM,.. >= 7 years,-2.9210480292258048,female : divorced/separated/married,none,3.0459176985787924,if not A121 : building society savings agreement/ life insurance,48.045422014281925,none,own,-2.0104382285122515,skilled employee / official,-3.8153996043752523,"yes, registered under the customers name ",yes
-0.9487277770307466,0 <= ... < 200 DM,34.87547561130717,no credits taken/ all credits paid back duly,business,6944.667206714353,500 <= ... < 1000 DM ,.. >= 7 years,5.180981614339082,female : divorced/separated/married,none,3.40909015845606,unknown / no property,36.27405335961726,none,own,-3.265186224346097,skilled employee / official,-3.7391560915832738,none,yes
-0.050403472512866386,no checking account,14.268744490889418,existing credits paid back duly till now,domestic appliances,3062.5663523430617,... < 100 DM,... < 1 year ,1.1888103325899246,male : single,none,1.4859424587229446,if not A121 : building society savings agreement/ life insurance,58.5541407136164,none,own,0.4345797688793088,unemployed/ unskilled - non-resident,-0.0016664345343870846,none,yes
-1.55913178272074,0 <= ... < 200 DM,31.136527810375185,critical account/ other credits existing (not at this bank),radio/television,5235.877026714788,... < 100 DM,1 <= ... < 4 years,6.218893614959686,male : married/widowed,none,5.498864919597461,"if not A121/A122 : car or other, not in attribute 6",28.906123465300972,none,own,3.2329133270900345,skilled employee / official,0.4730415875804299,"yes, registered under the customers name ",yes
3.6381939245884856,0 <= ... < 200 DM,8.295560739265564,existing credits paid back duly till now,(vacation - does not exist?),1291.2063740241563,... < 100 DM,4 <= ... < 7 years,10.079315802988836,male : married/widowed,none,2.0848015655307512,"if not A121/A122 : car or other, not in attribute 6",27.342794734327565,none,rent,-3.9222038308604734,management/ self-employed/ highly qualified employee/ officer,-3.363931618574311,none,yes
3.333375806286845,< 0 DM,52.326914373558736,existing credits paid back duly till now,business,4313.331548520773,unknown/ no savings account,.. >= 7 years,1.9402689245171751,male : married/widowed,none,4.769376732575599,"if not A121/A122 : car or other, not in attribute 6",20.18714148778332,bank,own,3.1137292511726544,skilled employee / official,-0.8202465279426945,"yes, registered under the customers name ",yes
0.19809209268364814,0 <= ... < 200 DM,10.497765768729252,existing credits paid back duly till now,domestic appliances,1568.9763921050985,unknown/ no savings account,1 <= ... < 4 years,-0.2634589479714655,male : single,none,3.060861003312449,if not A121 : building society savings agreement/ life insurance,17.765388236271445,none,rent,3.2900165425948,skilled employee / official,-0.2031314522572678,"yes, registered under the customers name ",yes
4.381723620904099,0 <= ... < 200 DM,19.03471397044445,existing credits paid back duly till now,domestic appliances,1198.9694116531248,... < 100 DM,unemployed,4.355992509171988,male : single,none,9.168489650107176,"if not A121/A122 : car or other, not in attribute 6",65.02329504718588,none,own,2.1409285888984932,unskilled - resident,-0.1798938410664368,"yes, registered under the customers name ",yes
1.4025280267561369,< 0 DM,11.864868871241093,critical account/ other credits existing (not at this bank),car (new),1407.7706564168654,100 <= ... < 500 DM,.. >= 7 years,4.961742058950229,female : divorced/separated/married,none,4.512866056562515,if not A121 : building society savings agreement/ life insurance,29.054712348887378,stores,own,-1.602870890681146,unskilled - resident,1.4556444498678744,none,yes
-1.5778773886497146,0 <= ... < 200 DM,20.936864517965034,existing credits paid back duly till now,business,1282.477893351489,... < 100 DM,.. >= 7 years,2.2998609240695504,male : single,none,1.6608788873858469,unknown / no property,30.742278029980188,none,own,-1.9381340125678759,skilled employee / official,-0.9847366532706858,"yes, registered under the customers name ",yes
1.1062523522474965,< 0 DM,24.156519955972602,existing credits paid back duly till now,(vacation - does not exist?),2423.9157507746877,... < 100 DM,1 <= ... < 4 years,2.107115208603608,male : single,none,8.526158869967734,unknown / no property,50.19817864206121,none,rent,5.077796394740682,skilled employee / official,5.433508900024821,"yes, registered under the customers name ",no
-2.8766478024869966,no checking account,29.17844848336129,critical account/ other credits existing (not at this bank),car (new),8070.019099651934,500 <= ... < 1000 DM ,1 <= ... < 4 years,5.171567810724097,male : married/widowed,none,5.902651247973406,unknown / no property,23.46867745327816,none,own,-1.5336680594877148,skilled employee / official,2.464613919200717,none,yes
3.6353509039218177,>= 200 DM / salary assignments for at least 1 year,22.98950409707822,critical account/ other credits existing (not at this bank),domestic appliances,12580.745551317921,unknown/ no savings account,1 <= ... < 4 years,5.135917971514107,female : divorced/separated/married,none,1.0370604788488331,if not A121 : building society savings agreement/ life insurance,40.42828299166007,none,own,4.193411382457535,unskilled - resident,-1.4213405619239659,"yes, registered under the customers name ",yes
-0.14977773295875868,0 <= ... < 200 DM,25.85910589644744,critical account/ other credits existing (not at this bank),car (used),3431.429808901972,unknown/ no savings account,.. >= 7 years,-3.134184789014462,male : single,none,2.0155593459770604,real estate,33.65023652227177,none,own,0.5044025226086899,management/ self-employed/ highly qualified employee/ officer,2.283534480102719,"yes, registered under the customers name ",yes
-0.5545870906357817,>= 200 DM / salary assignments for at least 1 year,10.01962608357811,all credits at this bank paid back duly,domestic appliances,2134.0440404196693,.. >= 1000 DM ,.. >= 7 years,0.32382460159267534,male : single,none,4.586142747816396,"if not A121/A122 : car or other, not in attribute 6",45.669746539181034,none,own,2.7124965010714286,skilled employee / official,1.372045955816815,"yes, registered under the customers name ",yes
-2.042788633211824,no checking account,6.948143611932859,existing credits paid back duly till now,car (new),2644.630040938397,... < 100 DM,1 <= ... < 4 years,6.503707591481631,male : single,none,4.0854388338149485,if not A121 : building society savings agreement/ life insurance,47.2806037646488,none,rent,-4.124263116239975,management/ self-employed/ highly qualified employee/ officer,5.6441644234933435,none,yes
3.6676240160220908,no checking account,11.229485371986078,existing credits paid back duly till now,domestic appliances,2241.389789562498,... < 100 DM,4 <= ... < 7 years,2.2057848492364376,female : divorced/separated/married,none,-1.0697995528173418,"if not A121/A122 : car or other, not in attribute 6",46.798113240689965,none,rent,1.5598501096142403,unskilled - resident,0.19885271325094678,none,yes
-0.4635884462064065,< 0 DM,13.848404004006715,existing credits paid back duly till now,domestic appliances,1803.7906036427137,... < 100 DM,1 <= ... < 4 years,0.7134122068882531,male : single,none,-0.6274538234046805,real estate,40.86994944914805,none,own,2.8407565480341277,skilled employee / official,3.30201609316172,none,yes
-1.2849834664893216,no checking account,3.676139974667671,existing credits paid back duly till now,domestic appliances,2064.999577043797,... < 100 DM,... < 1 year ,1.4887710282950537,female : divorced/separated/married,none,-1.662170066007361,unknown / no property,24.721095235958597,none,own,-2.009230263555944,skilled employee / official,1.1255634273474329,"yes, registered under the customers name ",yes
-1.0564006514646889,no checking account,4.906685243206616,critical account/ other credits existing (not at this bank),domestic appliances,1369.5845629460275,500 <= ... < 1000 DM ,.. >= 7 years,1.0397100184050105,male : divorced/separated,none,-0.8942153290340267,"if not A121/A122 : car or other, not in attribute 6",28.127499667495748,none,for free,2.4959076017555364,skilled employee / official,5.474699549346298,none,yes
1.596927556660046,0 <= ... < 200 DM,-0.5406301934684219,critical account/ other credits existing (not at this bank),car (new),427.6954601364293,... < 100 DM,4 <= ... < 7 years,6.207200080840492,female : divorced/separated/married,none,2.0685279580824925,real estate,38.63769426997798,none,own,1.267036761037068,skilled employee / official,4.872674357918224,"yes, registered under the customers name ",yes
1.096332193092235,< 0 DM,12.108179780393387,critical account/ other credits existing (not at this bank),domestic appliances,401.19433505484494,unknown/ no savings account,1 <= ... < 4 years,-1.0747901845763685,male : single,guarantor,4.904131926270013,"if not A121/A122 : car or other, not in attribute 6",41.48964242660952,bank,own,0.06873315850307948,unemployed/ unskilled - non-resident,1.590937913777801,none,yes
1.2381978347879652,0 <= ... < 200 DM,6.986101083326964,existing credits paid back duly till now,car (new),2415.616231580884,.. >= 1000 DM ,4 <= ... < 7 years,0.4771525839886257,male : single,none,1.4932125310257849,real estate,36.47422823964391,bank,rent,3.564019259473913,skilled employee / official,0.21315213695181834,none,yes
2.292463009023648,no checking account,63.13659682436904,critical account/ other credits existing (not at this bank),radio/television,6834.565750826739,... < 100 DM,.. >= 7 years,3.8188672645901667,male : single,co-applicant,4.589183815030565,if not A121 : building society savings agreement/ life insurance,57.34108521604986,none,for free,-4.606770306935669,management/ self-employed/ highly qualified employee/ officer,2.519817729038367,none,no
6.424942802611383,< 0 DM,21.562903178163364,existing credits paid back duly till now,car (used),1916.9247398206398,... < 100 DM,... < 1 year ,2.700496258513649,female : divorced/separated/married,none,-0.6729102301267851,if not A121 : building society savings agreement/ life insurance,39.485599082590646,bank,own,2.040042246231127,skilled employee / official,0.4586499186185019,none,yes
-1.2192450491538467,no checking account,24.608325144757103,no credits taken/ all credits paid back duly,car (new),4018.5195953725383,unknown/ no savings account,... < 1 year ,3.7155775479101294,male : single,none,0.6150733912371646,real estate,29.46179788499297,none,own,5.858305474219876,skilled employee / official,6.040921317935005,none,yes
-1.536728187214612,no checking account,16.498916767809302,delay in paying off in the past,(vacation - does not exist?),5867.978452642756,... < 100 DM,1 <= ... < 4 years,-1.6885221920787936,male : single,none,3.761772985234521,"if not A121/A122 : car or other, not in attribute 6",33.75613069109599,bank,own,6.319829417301985,unemployed/ unskilled - non-resident,1.235410234531036,none,yes
-2.441318184743633,0 <= ... < 200 DM,13.455483337637213,existing credits paid back duly till now,car (used),1262.8092584762867,500 <= ... < 1000 DM ,... < 1 year ,5.071386028813963,male : single,none,5.7848573745304055,"if not A121/A122 : car or other, not in attribute 6",56.84183587198759,none,own,2.1694201616155677,skilled employee / official,-0.2169278975385116,"yes, registered under the customers name ",yes
1.8479382677264868,0 <= ... < 200 DM,10.41624708802706,existing credits paid back duly till now,domestic appliances,1474.3412444604585,... < 100 DM,4 <= ... < 7 years,7.274750858132417,female : divorced/separated/married,none,-1.1737214845637238,real estate,36.04169050230826,none,own,0.09495767160746238,skilled employee / official,-0.37884525822177695,none,yes
4.386916878162674,0 <= ... < 200 DM,44.995822045669954,critical account/ other credits existing (not at this bank),car (new),4748.21050959276,unknown/ no savings account,.. >= 7 years,5.46045564144785,male : divorced/separated,none,2.4849871591386608,unknown / no property,20.586267895279285,bank,own,0.09259233035710746,skilled employee / official,-2.639106755596122,"yes, registered under the customers name ",yes
-0.3418423729646252,0 <= ... < 200 DM,50.9584089508823,delay in paying off in the past,car (used),6108.612332851027,unknown/ no savings account,4 <= ... < 7 years,1.4173352192847757,male : single,none,9.596543560446996,real estate,33.1391426956136,none,own,0.09122261828307376,unskilled - resident,2.669677384279969,"yes, registered under the customers name ",yes
-1.5204694308875841,no checking account,16.32668596203173,critical account/ other credits existing (not at this bank),domestic appliances,2102.9896646534953,... < 100 DM,4 <= ... < 7 years,3.7123491923020873,female : divorced/separated/married,none,1.9472062122330855,"if not A121/A122 : car or other, not in attribute 6",34.68651171370016,none,own,2.6314217437537186,skilled employee / official,-1.4600336079185077,none,yes
-2.4734436470737187,no checking account,12.417035917727503,existing credits paid back duly till now,furniture/equipment,1222.0189063686805,... < 100 DM,1 <= ... < 4 years,-0.5045534583145055,female : divorced/separated/married,none,-0.0795608384273363,real estate,32.04579450273119,stores,own,-1.4217314163782486,unskilled - resident,4.294444756563241,none,yes
1.9517783634741033,0 <= ... < 200 DM,11.032204106076907,existing credits paid back duly till now,radio/television,458.88377852767513,... < 100 DM,1 <= ... < 4 years,3.7840042226806347,male : single,none,2.478712831913519,if not A121 : building society savings agreement/ life insurance,20.62757844550692,none,own,3.272271454151143,skilled employee / official,-2.8788051620047197,"yes, registered under the customers name ",yes
2.2297625136103267,no checking account,27.135624548607534,critical account/ other credits existing (not at this bank),business,2335.7679191683637,... < 100 DM,.. >= 7 years,7.779117558641218,male : single,none,2.276531322580499,if not A121 : building society savings agreement/ life insurance,30.01659341588781,none,own,7.399481554009972,skilled employee / official,1.3817243469197509,none,yes
1.629462804915585,>= 200 DM / salary assignments for at least 1 year,14.921682384652204,existing credits paid back duly till now,business,1159.980112475371,... < 100 DM,... < 1 year ,2.6429144801996243,male : single,none,0.5464948579283518,"if not A121/A122 : car or other, not in attribute 6",23.52710237534719,none,own,0.8143502946178149,skilled employee / official,4.45067127549236,"yes, registered under the customers name ",yes
-1.9965291218660828,no checking account,20.095699036114514,existing credits paid back duly till now,domestic appliances,6209.749334630206,... < 100 DM,.. >= 7 years,-0.6694119680452304,male : divorced/separated,none,3.905935897970495,unknown / no property,45.1282205950874,none,own,-3.033184409849916,unskilled - resident,-4.456741193870909,none,yes
0.6964839692001593,no checking account,30.305777662117972,existing credits paid back duly till now,car (used),6184.709682048068,... < 100 DM,... < 1 year ,-0.476741266296159,male : single,none,-0.3303403908105187,"if not A121/A122 : car or other, not in attribute 6",18.575287334987948,none,for free,-2.0342342389492387,skilled employee / official,7.054796631376558,none,yes
1.3500574274221846,no checking account,45.713029625917045,existing credits paid back duly till now,business,6138.862552245954,... < 100 DM,.. >= 7 years,4.60255089182779,male : single,none,1.1121085747421464,"if not A121/A122 : car or other, not in attribute 6",51.61870736915242,none,own,4.329696655134726,unskilled - resident,-0.27585559159432815,none,yes
0.6560657901870388,< 0 DM,8.42238194427329,existing credits paid back duly till now,business,1390.0169946745145,... < 100 DM,4 <= ... < 7 years,2.8794580084574593,male : single,none,3.551994288785507,real estate,39.11716230243073,none,own,1.8207614631186693,skilled employee / official,1.423286146486418,"yes, registered under the customers name ",yes
2.6142863338445697,< 0 DM,34.387012269290935,delay in paying off in the past,radio/television,2300.981327699645,.. >= 1000 DM ,... < 1 year ,5.455909849189422,female : divorced/separated/married,none,3.50419608993269,real estate,41.711400388204304,none,for free,3.6304926881921586,management/ self-employed/ highly qualified employee/ officer,2.7143476765490315,none,yes
0.6707866463240468,>= 200 DM / salary assignments for at least 1 year,7.62778338987588,critical account/ other credits existing (not at this bank),car (new),1353.493768802808,unknown/ no savings account,.. >= 7 years,2.568531282247091,male : single,none,0.3014321754199982,"if not A121/A122 : car or other, not in attribute 6",19.852109492258577,none,for free,-0.6009027474780486,skilled employee / official,3.178387168346661,"yes, registered under the customers name ",yes
2.0367406892156845,0 <= ... < 200 DM,8.133124497795807,critical account/ other credits existing (not at this bank),retraining,7228.306769978943,... < 100 DM,1 <= ... < 4 years,3.6669495412139446,male : single,none,3.468959241770689,real estate,38.99100106958838,none,own,4.491870642619495,skilled employee / official,1.8216518147790466,none,yes
0.20273720846667437,0 <= ... < 200 DM,13.31253674585961,critical account/ other credits existing (not at this bank),car (used),2069.6311288526786,unknown/ no savings account,unemployed,8.270678416795098,female : divorced/separated/married,none,2.183044566242616,if not A121 : building society savings agreement/ life insurance,31.05852118060397,bank,for free,0.5251024796508236,unskilled - resident,3.992153751119103,none,yes
0.8673581960699525,< 0 DM,20.27473341336482,existing credits paid back duly till now,car (used),2335.300601879987,100 <= ... < 500 DM,... < 1 year ,6.987576173117082,female : divorced/separated/married,none,4.668240369573576,"if not A121/A122 : car or other, not in attribute 6",30.257601824871816,none,own,-1.1975121659718475,skilled employee / official,2.557212138765438,none,yes
1.8938646775156212,< 0 DM,26.387794246683452,all credits at this bank paid back duly,car (new),5961.325885667048,unknown/ no savings account,1 <= ... < 4 years,-1.8027171924438798,female : divorced/separated/married,none,1.7023647943218474,real estate,30.444669288550436,none,own,0.7970045635928464,skilled employee / official,6.282643420096911,none,yes
-4.371467459567,no checking account,12.328943263722026,existing credits paid back duly till now,(vacation - does not exist?),1265.4768487471306,unknown/ no savings account,... < 1 year ,0.2893966602711835,female : divorced/separated/married,none,3.19730961589476,unknown / no property,28.28546224393779,none,own,-2.5911630662697096,skilled employee / official,2.5669826285637916,none,yes
-0.959013649071904,< 0 DM,25.33539043517675,critical account/ other credits existing (not at this bank),car (used),3386.5723152694195,500 <= ... < 1000 DM ,1 <= ... < 4 years,1.7726855706205267,male : single,none,-0.624800904301763,real estate,28.80786257439634,none,own,6.9680786757448345,management/ self-employed/ highly qualified employee/ officer,6.8939065596492615,"yes, registered under the customers name ",yes
-0.41111796287838653,no checking account,31.868053033438898,critical account/ other credits existing (not at this bank),domestic appliances,2226.099353439715,... < 100 DM,1 <= ... < 4 years,2.6464739282817566,female : divorced/separated/married,none,5.716287170795446,"if not A121/A122 : car or other, not in attribute 6",57.093535345993885,none,own,1.7108545593245388,skilled employee / official,3.703236520712968,none,yes
-1.9166335447300258,0 <= ... < 200 DM,10.4160436994704,existing credits paid back duly till now,domestic appliances,784.7493244069732,100 <= ... < 500 DM,.. >= 7 years,-2.414980180882828,male : single,none,3.12719089283707,"if not A121/A122 : car or other, not in attribute 6",25.946454085122824,none,for free,2.933542266046588,unskilled - resident,-3.4172503773047875,none,yes
0.17457324631994875,no checking account,12.44952724196184,existing credits paid back duly till now,radio/television,6466.521420693313,... < 100 DM,.. >= 7 years,0.6749246174810173,male : married/widowed,none,3.5974510095394585,"if not A121/A122 : car or other, not in attribute 6",51.181713856986875,bank,own,-0.6106073986123979,management/ self-employed/ highly qualified employee/ officer,8.833308035163524,"yes, registered under the customers name ",yes
4.484823933703188,no checking account,37.233515754047886,critical account/ other credits existing (not at this bank),domestic appliances,9560.56936003674,unknown/ no savings account,1 <= ... < 4 years,0.576461199142883,female : divorced/separated/married,none,4.140381387333464,if not A121 : building society savings agreement/ life insurance,29.830583465737742,none,for free,-1.1557834659394697,unskilled - resident,-0.7230323254316566,none,yes
-2.5974933470797295,< 0 DM,18.355043740164614,critical account/ other credits existing (not at this bank),radio/television,1959.1918419109093,... < 100 DM,1 <= ... < 4 years,0.9844567807163824,male : single,none,3.7662068686434385,"if not A121/A122 : car or other, not in attribute 6",23.218604713485473,none,rent,0.2983584672461944,management/ self-employed/ highly qualified employee/ officer,5.486632045605205,none,yes
3.9048350637744424,< 0 DM,37.3341804545857,no credits taken/ all credits paid back duly,radio/television,6225.721314276704,unknown/ no savings account,1 <= ... < 4 years,3.052631541534983,female : divorced/separated/married,none,3.704747774026659,"if not A121/A122 : car or other, not in attribute 6",23.103222487956582,none,rent,5.303577600137595,unskilled - resident,1.0803803293583152,none,yes
-5.048609314847415,no checking account,8.538944686913947,critical account/ other credits existing (not at this bank),domestic appliances,1386.658986270755,... < 100 DM,.. >= 7 years,5.535352550954993,female : divorced/separated/married,none,1.7348176811334044,"if not A121/A122 : car or other, not in attribute 6",23.854717072396422,none,own,-0.5621953741948509,management/ self-employed/ highly qualified employee/ officer,4.183270772807739,none,yes
-1.0046550899573246,< 0 DM,19.362150544372376,existing credits paid back duly till now,radio/television,1542.167079825987,... < 100 DM,... < 1 year ,4.597714123747718,male : married/widowed,guarantor,7.19052678535458,real estate,52.405387729701346,none,rent,-0.6115959181882462,management/ self-employed/ highly qualified employee/ officer,-1.065436732597382,"yes, registered under the customers name ",yes
1.4882591953150168,no checking account,34.630586567325835,existing credits paid back duly till now,car (used),1953.8185875540773,100 <= ... < 500 DM,1 <= ... < 4 years,11.415427228166408,male : single,none,2.043776291791617,"if not A121/A122 : car or other, not in attribute 6",58.070844376701224,bank,own,1.4663927331074305,skilled employee / official,2.8772336292687637,none,yes
2.7586669940778346,no checking account,51.39670371653774,existing credits paid back duly till now,domestic appliances,14422.139062741842,... < 100 DM,1 <= ... < 4 years,2.511524558058948,male : single,none,0.11477666390940322,"if not A121/A122 : car or other, not in attribute 6",24.34529966635848,none,for free,2.497067802153232,skilled employee / official,0.24042836381678367,"yes, registered under the customers name ",no
2.133679739378565,0 <= ... < 200 DM,22.066898639360932,existing credits paid back duly till now,radio/television,3180.072932904411,... < 100 DM,1 <= ... < 4 years,3.129802678188245,female : divorced/separated/married,none,4.544294193851086,if not A121 : building society savings agreement/ life insurance,25.114158581839845,none,own,5.9285445065595495,skilled employee / official,5.737009334769666,"yes, registered under the customers name ",yes
2.380041705599776,0 <= ... < 200 DM,26.81924446079614,critical account/ other credits existing (not at this bank),radio/television,5189.48138675267,... < 100 DM,1 <= ... < 4 years,4.0123986479645986,male : divorced/separated,none,5.245839070796361,"if not A121/A122 : car or other, not in attribute 6",49.07431083797765,none,for free,5.061251435117485,skilled employee / official,3.316004502251028,none,yes
-1.0461752167453127,no checking account,8.784112343129342,critical account/ other credits existing (not at this bank),domestic appliances,2173.893652046718,... < 100 DM,1 <= ... < 4 years,2.76947593533062,male : single,none,-0.47231949779201354,real estate,22.642688179348,none,own,2.931978035593705,skilled employee / official,3.8078279239046986,none,yes
-1.3870553779937014,no checking account,13.36507116104256,existing credits paid back duly till now,car (used),1006.9029886439143,... < 100 DM,4 <= ... < 7 years,5.305761871513191,male : single,none,0.7757123097600749,if not A121 : building society savings agreement/ life insurance,24.672729444788374,none,own,3.1578257107609646,skilled employee / official,-5.492230614419211,none,yes
3.5739276437714613,no checking account,40.3353778707796,critical account/ other credits existing (not at this bank),car (new),1820.5920818140742,unknown/ no savings account,... < 1 year ,10.230133977577072,male : married/widowed,none,3.7180036773136456,"if not A121/A122 : car or other, not in attribute 6",34.96902895716351,none,own,-2.459046145797891,management/ self-employed/ highly qualified employee/ officer,0.7432819606341242,none,yes
-0.5739129746448447,< 0 DM,35.76793146053744,existing credits paid back duly till now,education,2393.411987106465,.. >= 1000 DM ,... < 1 year ,1.464038605067294,male : single,guarantor,-2.645840346810412,"if not A121/A122 : car or other, not in attribute 6",28.659889884331164,none,for free,-1.8899962114086328,skilled employee / official,2.2316549051748873,none,yes
-3.8270589700137654,no checking account,35.40934290388827,critical account/ other credits existing (not at this bank),radio/television,8131.973541327804,unknown/ no savings account,4 <= ... < 7 years,3.5771381745332067,male : single,none,1.3412180322237208,"if not A121/A122 : car or other, not in attribute 6",28.56550522645154,none,own,-2.251688868816951,skilled employee / official,1.6708447193191216,"yes, registered under the customers name ",yes
-3.3998616420104417,no checking account,3.6561491107962194,no credits taken/ all credits paid back duly,car (new),725.7792575031945,... < 100 DM,1 <= ... < 4 years,4.623251792842371,female : divorced/separated/married,none,1.5280465014546012,if not A121 : building society savings agreement/ life insurance,45.85346924279797,bank,own,-1.9964372670749366,skilled employee / official,3.8834716411535517,"yes, registered under the customers name ",yes
-2.758356858004834,no checking account,7.312122039343076,existing credits paid back duly till now,radio/television,1158.0667528128986,... < 100 DM,.. >= 7 years,-1.713293227711853,male : divorced/separated,none,3.5191211715309425,if not A121 : building society savings agreement/ life insurance,56.74135812020527,bank,own,4.386379624611211,skilled employee / official,0.9022872645876365,none,yes
1.4914822321612922,0 <= ... < 200 DM,37.22161722083542,existing credits paid back duly till now,business,5953.215314296801,unknown/ no savings account,1 <= ... < 4 years,4.31209634628429,male : single,none,5.247742823731804,real estate,40.167985373619,none,rent,2.870150274991266,management/ self-employed/ highly qualified employee/ officer,1.1463613151038918,none,yes
1.4272772082116958,no checking account,33.261366039843516,existing credits paid back duly till now,business,1977.1694900759796,... < 100 DM,1 <= ... < 4 years,7.802870682411714,male : married/widowed,none,0.352605104473374,unknown / no property,43.716549654020376,none,rent,1.2384881892743487,skilled employee / official,4.543680293244975,none,yes
2.0714560622033047,no checking account,12.680358138327406,no credits taken/ all credits paid back duly,radio/television,1522.1416098898737,unknown/ no savings account,4 <= ... < 7 years,1.4284707886677106,female : divorced/separated/married,none,1.526132286386162,if not A121 : building society savings agreement/ life insurance,66.11713525669369,none,own,-5.778149546206806,skilled employee / official,-5.836067010336071,"yes, registered under the customers name ",yes
-0.2817579390096028,no checking account,45.95703959322419,existing credits paid back duly till now,car (used),3964.896575404896,... < 100 DM,1 <= ... < 4 years,3.9731983963240878,female : divorced/separated/married,none,-4.836587394958002,"if not A121/A122 : car or other, not in attribute 6",35.24625649088047,stores,own,7.1664305758558555,unskilled - resident,2.768051504915024,"yes, registered under the customers name ",no
0.4756190732301427,< 0 DM,19.42763258368851,existing credits paid back duly till now,car (new),4771.161257688971,... < 100 DM,.. >= 7 years,-3.1760627860231105,male : married/widowed,none,2.557250001477578,"if not A121/A122 : car or other, not in attribute 6",51.20987576823412,none,own,-1.682816012460667,unskilled - resident,-0.0016544779806597631,none,yes
1.87677118190201,no checking account,52.2402447447873,existing credits paid back duly till now,radio/television,9429.531975981821,100 <= ... < 500 DM,... < 1 year ,-1.7764193790530092,male : single,none,0.8130693376219971,if not A121 : building society savings agreement/ life insurance,41.54355487890037,none,own,7.155438267816873,management/ self-employed/ highly qualified employee/ officer,-0.7369543736608639,none,yes
-0.9280396191607152,< 0 DM,34.30590046993632,critical account/ other credits existing (not at this bank),car (new),3829.2546260215613,... < 100 DM,1 <= ... < 4 years,5.144088732851758,male : single,none,-0.5299315290027686,unknown / no property,19.943405161440847,none,own,-3.3477244419539485,management/ self-employed/ highly qualified employee/ officer,2.0096326728279403,none,yes
2.3703257126722344,0 <= ... < 200 DM,24.731257441204942,critical account/ other credits existing (not at this bank),(vacation - does not exist?),5944.221791681206,unknown/ no savings account,.. >= 7 years,-0.39924951802230346,female : divorced/separated/married,none,4.32303201845128,if not A121 : building society savings agreement/ life insurance,41.047854430942444,none,own,-0.4372034756696106,skilled employee / official,4.682353890425967,"yes, registered under the customers name ",yes
-1.9857778231999537,< 0 DM,14.546257059760872,existing credits paid back duly till now,radio/television,1214.1611761881873,... < 100 DM,4 <= ... < 7 years,0.6735910751858825,female : divorced/separated/married,none,5.581852567010889,"if not A121/A122 : car or other, not in attribute 6",45.08427142886894,none,own,-5.608548147528889,skilled employee / official,4.117431494452543,none,no
-1.0891615396952155,< 0 DM,19.297783355178456,existing credits paid back duly till now,radio/television,1564.5389752508008,... < 100 DM,4 <= ... < 7 years,3.688381093375289,female : divorced/separated/married,none,4.233570172801913,"if not A121/A122 : car or other, not in attribute 6",24.299131128972274,bank,for free,2.0863749278280928,unemployed/ unskilled - non-resident,0.5946609072801141,none,yes
-1.1452136819949872,no checking account,24.18574945103988,existing credits paid back duly till now,domestic appliances,1755.4753441514993,100 <= ... < 500 DM,1 <= ... < 4 years,2.4327627057069305,female : divorced/separated/married,none,2.8881608393804132,real estate,57.337543643349015,none,own,-2.3037704624336968,unskilled - resident,3.6272228912828455,none,yes
-3.587518936767119,no checking account,10.331187176836655,critical account/ other credits existing (not at this bank),domestic appliances,2318.0672216760813,... < 100 DM,.. >= 7 years,1.5875350266733919,male : single,none,7.078569004320592,real estate,54.13082462941353,bank,own,-2.219000462295063,skilled employee / official,3.6042036953375325,none,yes
1.4609174423567455,< 0 DM,10.775000511519993,delay in paying off in the past,radio/television,1414.3312188769728,unknown/ no savings account,1 <= ... < 4 years,6.21797807702471,male : single,none,1.940726420492445,real estate,32.91419509946456,none,own,-2.117542651523192,management/ self-employed/ highly qualified employee/ officer,0.7378861885204995,"yes, registered under the customers name ",yes
-1.4082070206081716,no checking account,13.805671020603448,existing credits paid back duly till now,domestic appliances,1294.7141426389583,... < 100 DM,.. >= 7 years,0.5147999231969602,male : single,co-applicant,-1.4548101167553735,if not A121 : building society savings agreement/ life insurance,24.072484988294974,none,rent,4.332065188213589,unskilled - resident,-1.0792416559646236,none,yes
1.0374823561830624,no checking account,31.369124392433754,critical account/ other credits existing (not at this bank),car (new),12610.596071060027,100 <= ... < 500 DM,unemployed,-1.7160956380454966,male : single,none,-1.148746032453655,unknown / no property,44.7981536251582,none,own,3.134390954702641,unskilled - resident,0.0942979066330103,none,yes
1.442239976717727,< 0 DM,19.959734649843682,existing credits paid back duly till now,car (new),2247.1119665469964,unknown/ no savings account,1 <= ... < 4 years,4.462239976446606,female : divorced/separated/married,none,1.676056518312952,real estate,25.69128174506144,none,rent,6.436101673236356,skilled employee / official,4.513560046604411,none,yes
2.339593528089832,0 <= ... < 200 DM,11.169899729742859,delay in paying off in the past,car (new),1109.403459348729,... < 100 DM,4 <= ... < 7 years,6.908229372244616,female : divorced/separated/married,none,5.263930851517825,if not A121 : building society savings agreement/ life insurance,34.091118972277314,stores,for free,-0.05711986321892004,skilled employee / official,0.8735595588619279,none,yes
1.9961553269183587,< 0 DM,10.2117333010315,existing credits paid back duly till now,car (new),618.5853119194287,unknown/ no savings account,... < 1 year ,7.714480904469549,female : divorced/separated/married,none,10.829616068629269,unknown / no property,56.91400849736548,bank,own,1.656458113140401,skilled employee / official,-2.138546659191765,none,yes
-0.2954564535282708,no checking account,12.02551688016946,critical account/ other credits existing (not at this bank),domestic appliances,1410.8882120183066,... < 100 DM,1 <= ... < 4 years,2.004814838915131,male : single,none,3.1848310385684275,if not A121 : building society savings agreement/ life insurance,55.439406960154734,none,own,-2.8680055922058547,skilled employee / official,-4.054588506527375,none,yes
-0.2698949361324612,no checking account,14.384796758746884,existing credits paid back duly till now,domestic appliances,797.3956214393635,... < 100 DM,.. >= 7 years,6.812130900758944,female : divorced/separated/married,none,0.703933454639087,unknown / no property,28.979374844906857,none,own,-0.005117068205954034,management/ self-employed/ highly qualified employee/ officer,4.4954943562891385,"yes, registered under the customers name ",yes
-0.23915463271919715,no checking account,24.541091829079196,existing credits paid back duly till now,(vacation - does not exist?),3619.4562918510424,... < 100 DM,1 <= ... < 4 years,1.6475731195887735,male : single,none,0.44510437514735823,real estate,19.996490032979377,bank,own,0.44346406015646744,management/ self-employed/ highly qualified employee/ officer,-0.6403352667926714,none,yes
-5.062003301874089,< 0 DM,10.031835190077098,existing credits paid back duly till now,domestic appliances,1318.283777598873,unknown/ no savings account,4 <= ... < 7 years,9.4786280407204,female : divorced/separated/married,none,5.655864688916797,"if not A121/A122 : car or other, not in attribute 6",55.52774395323926,bank,for free,2.3933498724862625,unemployed/ unskilled - non-resident,1.991163266967945,none,yes
-3.341337417269262,0 <= ... < 200 DM,57.678878866946846,critical account/ other credits existing (not at this bank),car (new),15947.354066148395,... < 100 DM,... < 1 year ,-0.4013130762591852,male : married/widowed,none,-1.293848157152805,real estate,57.24172692839672,none,rent,4.051065419254574,skilled employee / official,4.7191207212073705,"yes, registered under the customers name ",yes
-3.968098837063207,no checking account,16.737556508944895,critical account/ other credits existing (not at this bank),car (new),2014.6124683111,100 <= ... < 500 DM,4 <= ... < 7 years,7.9854364323751925,male : single,none,3.651035304214665,unknown / no property,64.22711687447918,none,own,3.9732000724944996,skilled employee / official,-2.9267734305604556,none,yes
-2.9917404828044454,< 0 DM,19.48366996596856,critical account/ other credits existing (not at this bank),domestic appliances,2619.5864201093254,... < 100 DM,unemployed,2.0305416795438282,male : single,none,6.453134818788737,real estate,40.93549337692849,none,rent,-1.5284368166528326,skilled employee / official,0.8645878584614652,"yes, registered under the customers name ",yes
1.1993226801703099,>= 200 DM / salary assignments for at least 1 year,38.92099053403227,existing credits paid back duly till now,education,2331.575567859388,... < 100 DM,4 <= ... < 7 years,10.0397393643838,male : married/widowed,none,5.308838359698592,"if not A121/A122 : car or other, not in attribute 6",33.158811518718146,bank,own,3.9954037138689986,skilled employee / official,0.4879175613433909,none,yes
-2.7164371660801825,< 0 DM,23.725879990441435,existing credits paid back duly till now,domestic appliances,7061.630478568044,... < 100 DM,1 <= ... < 4 years,4.773962186557453,male : single,none,3.3410149841843277,real estate,32.93373826206991,none,rent,1.8677445886766089,skilled employee / official,3.139228626883882,"yes, registered under the customers name ",yes
-1.1344876621181692,no checking account,27.39029794921354,delay in paying off in the past,domestic appliances,1469.7699761921367,unknown/ no savings account,... < 1 year ,0.9519504117753339,female : divorced/separated/married,none,5.694821960640444,real estate,38.36673180341427,bank,own,0.02620931230895507,skilled employee / official,4.717479995261304,none,yes
3.8976848933581962,no checking account,37.84229753133787,existing credits paid back duly till now,domestic appliances,2317.8565423135115,... < 100 DM,4 <= ... < 7 years,2.4332845613724796,male : single,none,4.5128151133848995,unknown / no property,28.818597480049473,none,own,-1.1255344604567554,unskilled - resident,-2.9883554439872237,"yes, registered under the customers name ",no
-1.0687919131842778,>= 200 DM / salary assignments for at least 1 year,7.795041141224648,existing credits paid back duly till now,car (new),929.8585415083438,500 <= ... < 1000 DM ,4 <= ... < 7 years,5.343543615671225,female : divorced/separated/married,none,-0.3343715255817754,real estate,27.127065951089055,none,for free,-0.6798073830846563,skilled employee / official,2.709393846117301,none,yes
2.2125467054012598,< 0 DM,10.558981720039508,existing credits paid back duly till now,education,1921.3156228771095,... < 100 DM,.. >= 7 years,7.157933252846684,female : divorced/separated/married,none,8.551236967125078,unknown / no property,34.59341654661905,none,own,6.2269415385887,skilled employee / official,4.094571324981104,none,yes
-2.800853040029631,0 <= ... < 200 DM,8.70798697635887,existing credits paid back duly till now,domestic appliances,2444.1609695066013,unknown/ no savings account,1 <= ... < 4 years,1.7878532248266121,male : single,none,2.944961861168451,"if not A121/A122 : car or other, not in attribute 6",26.10967899320262,none,own,1.9222322994820706,unskilled - resident,0.4408688081296519,"yes, registered under the customers name ",yes
0.3836873263971099,0 <= ... < 200 DM,26.102169470578758,critical account/ other credits existing (not at this bank),car (new),11936.463815742043,... < 100 DM,.. >= 7 years,2.133974842890399,female : divorced/separated/married,none,5.327256901349728,unknown / no property,36.55036912140984,none,own,2.5238355425036145,skilled employee / official,1.5876590213206292,none,yes
-1.8500661647317438,no checking account,13.932558086620338,existing credits paid back duly till now,retraining,6462.202645580939,... < 100 DM,1 <= ... < 4 years,4.275059097932196,female : divorced/separated/married,none,-3.255842848087144,unknown / no property,41.67008147322955,none,own,1.2132594243891597,skilled employee / official,3.255348106954767,none,yes
-1.0170992277016875,< 0 DM,9.616201634624835,existing credits paid back duly till now,retraining,6074.858138560849,.. >= 1000 DM ,4 <= ... < 7 years,2.3953952810324597,male : single,co-applicant,5.829412648342787,"if not A121/A122 : car or other, not in attribute 6",30.860294527674338,none,rent,8.337935834314084,skilled employee / official,2.0344512336693645,none,no
2.5209244123721866,no checking account,27.91069520342426,critical account/ other credits existing (not at this bank),domestic appliances,7718.605539926735,... < 100 DM,4 <= ... < 7 years,-2.880514578015127,male : single,none,6.406291233963746,"if not A121/A122 : car or other, not in attribute 6",29.219770381635,none,own,4.915031466539274,management/ self-employed/ highly qualified employee/ officer,2.7470578221013677,none,yes
-5.181961269577046,no checking account,16.52066048808259,existing credits paid back duly till now,retraining,1410.6341594251448,... < 100 DM,unemployed,-1.438922073920542,male : single,none,2.0895013613799147,"if not A121/A122 : car or other, not in attribute 6",36.82636931458777,none,rent,-1.1631863443963781,skilled employee / official,2.68384157920365,none,yes
1.303270930637572,no checking account,10.462194869057587,existing credits paid back duly till now,car (new),1450.1713647961617,... < 100 DM,1 <= ... < 4 years,1.7053598294549952,male : single,none,3.6763131042132753,real estate,30.436015185750335,bank,own,1.1791548358861275,skilled employee / official,-0.9459169168469534,"yes, registered under the customers name ",yes
0.7132068069968337,no checking account,14.184976848938124,existing credits paid back duly till now,(vacation - does not exist?),393.4890291030222,unknown/ no savings account,.. >= 7 years,7.646447249493081,male : single,none,5.675545544822688,real estate,22.295102019506462,bank,own,0.3572663698872689,skilled employee / official,3.9707994931148303,none,yes
-1.7824498670903832,no checking account,14.543253476169697,existing credits paid back duly till now,domestic appliances,6262.733714133707,100 <= ... < 500 DM,.. >= 7 years,7.847947272486143,female : divorced/separated/married,co-applicant,1.0716492910778272,unknown / no property,28.031725616587224,bank,rent,1.4376159348477984,skilled employee / official,4.500349486570714,none,yes
-3.3381735631653635,no checking account,35.27868840878897,critical account/ other credits existing (not at this bank),domestic appliances,7855.595735862044,... < 100 DM,4 <= ... < 7 years,6.338588262314351,female : divorced/separated/married,none,3.6413669163180207,real estate,27.38606624137923,none,own,-0.10367797789430577,unskilled - resident,1.5582486810708946,none,yes
0.21638852314160856,no checking account,12.306093891721723,existing credits paid back duly till now,business,1681.4681518168152,unknown/ no savings account,1 <= ... < 4 years,3.8618722831090913,female : divorced/separated/married,none,-1.425891409617666,"if not A121/A122 : car or other, not in attribute 6",39.939479226451496,none,own,2.31644957008509,unskilled - resident,-3.482465919649001,none,yes
-1.5884781271914072,< 0 DM,48.23696614902003,delay in paying off in the past,(vacation - does not exist?),3577.2223722220547,500 <= ... < 1000 DM ,.. >= 7 years,6.246441657947431,male : single,none,-0.8262707709359782,"if not A121/A122 : car or other, not in attribute 6",48.75645869673825,none,for free,5.356264396117943,management/ self-employed/ highly qualified employee/ officer,0.6557628819997283,none,yes
1.6980286340641118,< 0 DM,45.401041436270106,existing credits paid back duly till now,domestic appliances,7174.18809490971,500 <= ... < 1000 DM ,... < 1 year ,1.999747449379433,male : single,none,6.380829429636896,real estate,32.4099426708728,none,rent,-2.9408843270124896,skilled employee / official,1.583217630821705,none,yes
0.06555643657032864,no checking account,8.916188724989663,existing credits paid back duly till now,domestic appliances,2132.322602540161,... < 100 DM,... < 1 year ,1.5403071192253575,female : divorced/separated/married,none,5.923973072100608,if not A121 : building society savings agreement/ life insurance,26.400437813696627,stores,own,-1.384440211276201,skilled employee / official,-2.4338007133604513,"yes, registered under the customers name ",yes
5.8053366739627466,< 0 DM,34.05610341540877,existing credits paid back duly till now,domestic appliances,4281.645294407457,... < 100 DM,.. >= 7 years,-1.47239216401843,female : divorced/separated/married,none,1.8808734936526221,if not A121 : building society savings agreement/ life insurance,20.87660641049385,none,own,0.5505243341080792,skilled employee / official,-0.08041419073104028,none,yes
-0.7180668824190728,>= 200 DM / salary assignments for at least 1 year,9.034118551696181,existing credits paid back duly till now,radio/television,2368.317619422748,... < 100 DM,... < 1 year ,-0.7462278321231346,male : single,none,0.7992709694968783,if not A121 : building society savings agreement/ life insurance,37.961958696705345,none,for free,-0.31038668032348893,skilled employee / official,-3.2281081626756256,none,yes
-2.070492477865595,no checking account,22.35095183413144,existing credits paid back duly till now,car (new),1836.6654370458346,... < 100 DM,1 <= ... < 4 years,4.0006470349086145,male : single,guarantor,0.06321019262698346,real estate,25.513722473801714,none,for free,7.995397624237793,skilled employee / official,2.821876674959332,none,yes
0.5378269048689485,< 0 DM,24.00932565055691,critical account/ other credits existing (not at this bank),car (new),3868.1326510087006,500 <= ... < 1000 DM ,4 <= ... < 7 years,4.556539919754231,female : divorced/separated/married,none,4.197918699396473,if not A121 : building society savings agreement/ life insurance,36.73211405375075,stores,rent,5.005127660044517,unskilled - resident,1.4978659447061538,none,yes
0.6599900519152955,no checking account,9.750559985146447,existing credits paid back duly till now,car (used),1765.5726220451768,unknown/ no savings account,4 <= ... < 7 years,5.062957453527039,male : single,none,-0.9999543424311912,"if not A121/A122 : car or other, not in attribute 6",23.015791129723205,none,own,3.8329670563547924,unskilled - resident,-3.937349494442733,none,yes
4.077562725721309,no checking account,9.292511913475442,critical account/ other credits existing (not at this bank),domestic appliances,781.2030137741881,100 <= ... < 500 DM,1 <= ... < 4 years,5.638335492677342,male : single,none,5.070137917107858,if not A121 : building society savings agreement/ life insurance,62.751308929555336,none,rent,1.2069029194597984,skilled employee / official,2.0543945847459417,none,no
3.5053337377437357,no checking account,17.447472760454335,delay in paying off in the past,domestic appliances,1923.9159466453127,unknown/ no savings account,1 <= ... < 4 years,4.727932813971586,male : single,none,5.240540431902884,real estate,25.468626398914562,none,own,0.14105977963955763,skilled employee / official,0.8304731578291262,none,yes
1.0706131774485281,0 <= ... < 200 DM,11.189534611988712,critical account/ other credits existing (not at this bank),domestic appliances,2121.5795447394394,unknown/ no savings account,4 <= ... < 7 years,5.669849997032663,female : divorced/separated/married,none,1.7352636491206996,if not A121 : building society savings agreement/ life insurance,34.44520678362638,none,own,-2.355116241296196,skilled employee / official,2.5492428482632143,"yes, registered under the customers name ",yes
4.389908673658685,0 <= ... < 200 DM,17.31402372680305,existing credits paid back duly till now,domestic appliances,707.6195759214212,unknown/ no savings account,.. >= 7 years,3.87195071131757,male : married/widowed,none,5.0301910905947835,"if not A121/A122 : car or other, not in attribute 6",41.43951711070665,bank,own,3.345220684143452,skilled employee / official,-0.17459730126628337,none,yes
-2.5662891629685527,< 0 DM,11.70466199307636,all credits at this bank paid back duly,domestic appliances,637.4286816643763,... < 100 DM,.. >= 7 years,5.238674185667202,male : single,none,1.0870694915306227,real estate,34.11952475366594,none,own,2.473163814426356,unskilled - resident,-1.4044382022290725,"yes, registered under the customers name ",yes
-1.919254598249243,no checking account,11.268311669467987,existing credits paid back duly till now,car (new),1861.266867057376,... < 100 DM,.. >= 7 years,1.821566791940921,female : divorced/separated/married,none,1.3584331970182568,"if not A121/A122 : car or other, not in attribute 6",34.79027578495648,bank,rent,5.85799209403485,skilled employee / official,-1.3125338793734205,"yes, registered under the customers name ",yes
-1.7797278242165748,no checking account,5.707647127169575,existing credits paid back duly till now,car (new),3502.205386201733,unknown/ no savings account,.. >= 7 years,4.10911777691739,male : single,none,-0.9317386933955696,unknown / no property,29.244163509275232,none,rent,1.3675108599314982,unemployed/ unskilled - non-resident,-0.6145106496452142,none,yes
-1.169429409467304,0 <= ... < 200 DM,45.31737794406157,existing credits paid back duly till now,business,8487.294005742298,unknown/ no savings account,.. >= 7 years,3.005253055858028,male : single,none,5.051532042860616,real estate,21.190206547169254,none,own,0.5746625613988093,skilled employee / official,1.056475289743141,none,yes
-3.1300584426689264,< 0 DM,35.21077972663094,existing credits paid back duly till now,radio/television,6894.013535357516,unknown/ no savings account,.. >= 7 years,1.9909557157833908,female : divorced/separated/married,none,0.7004386590633889,if not A121 : building society savings agreement/ life insurance,29.0357885995897,none,own,1.5101365856819071,skilled employee / official,1.4438753962743762,"yes, registered under the customers name ",yes
1.905452840443213,no checking account,12.942441971470071,critical account/ other credits existing (not at this bank),radio/television,2706.8658821248055,100 <= ... < 500 DM,4 <= ... < 7 years,2.1554962969785403,female : divorced/separated/married,guarantor,4.049315453145177,if not A121 : building society savings agreement/ life insurance,27.03916177702632,none,rent,4.675692726521286,management/ self-employed/ highly qualified employee/ officer,0.42784036657569147,"yes, registered under the customers name ",yes
-0.6666680912963201,0 <= ... < 200 DM,22.14512278013339,critical account/ other credits existing (not at this bank),car (used),1984.97226766696,100 <= ... < 500 DM,... < 1 year ,2.1291924711119212,male : single,none,3.7860517986221955,if not A121 : building society savings agreement/ life insurance,42.8986583478973,none,own,-2.4106468662924367,unskilled - resident,-0.2699586469895574,none,yes
-4.412418883507973,no checking account,59.505186673811345,existing credits paid back duly till now,repairs,10141.603582765321,... < 100 DM,... < 1 year ,0.4204799104516552,male : single,none,0.841650810665012,real estate,19.381417590688816,none,own,3.208168401215124,management/ self-employed/ highly qualified employee/ officer,-0.05420980401644537,"yes, registered under the customers name ",yes
-3.0467372436226245,< 0 DM,15.865332747954756,all credits at this bank paid back duly,domestic appliances,1238.9454257945702,.. >= 1000 DM ,4 <= ... < 7 years,0.6252119346935361,female : divorced/separated/married,none,0.17269056853003772,"if not A121/A122 : car or other, not in attribute 6",37.030152204450914,none,own,1.9385133134815085,skilled employee / official,8.523174356520798,none,yes
0.9405415423505858,< 0 DM,27.185113902151105,all credits at this bank paid back duly,car (new),8613.74680173119,500 <= ... < 1000 DM ,1 <= ... < 4 years,5.797324775499667,female : divorced/separated/married,none,6.148616717122202,unknown / no property,28.240438632167166,none,own,-1.175911803861089,skilled employee / official,-1.3121754544946262,none,yes
3.5143797036831432,no checking account,12.11168350926473,critical account/ other credits existing (not at this bank),business,768.5389121869232,unknown/ no savings account,4 <= ... < 7 years,7.1970555241601435,female : divorced/separated/married,co-applicant,3.6049726279034413,real estate,67.38405033595711,none,rent,-5.253817257962199,skilled employee / official,-0.6739160256385777,none,yes
5.99019267507536,no checking account,14.733610656862497,existing credits paid back duly till now,car (new),2728.9572845020707,unknown/ no savings account,.. >= 7 years,5.612301562682012,male : single,none,-1.0274510241005257,if not A121 : building society savings agreement/ life insurance,33.256044554104385,bank,own,2.59057886436494,skilled employee / official,10.881562325104445,"yes, registered under the customers name ",yes
8.741587398021988,>= 200 DM / salary assignments for at least 1 year,12.011388754864377,no credits taken/ all credits paid back duly,radio/television,1884.7773445480043,... < 100 DM,... < 1 year ,7.916587855831442,male : single,none,2.9159848620460753,unknown / no property,45.40660880762565,none,own,5.34313894982221,skilled employee / official,2.263039907381658,"yes, registered under the customers name ",yes
1.243228299827989,no checking account,11.156385009149577,no credits taken/ all credits paid back duly,car (used),708.715104068222,.. >= 1000 DM ,1 <= ... < 4 years,1.432262910294825,female : divorced/separated/married,none,1.5616579052163646,real estate,26.45376321195445,none,own,6.024054000224185,unemployed/ unskilled - non-resident,-3.1399419977110874,"yes, registered under the customers name ",yes
-2.9686143600955925,no checking account,29.041167819746345,critical account/ other credits existing (not at this bank),domestic appliances,4794.003494410483,... < 100 DM,... < 1 year ,13.095287245331903,female : divorced/separated/married,co-applicant,11.362139206732545,unknown / no property,21.39113992543513,none,rent,2.0661286320102894,skilled employee / official,3.52806161193179,"yes, registered under the customers name ",yes
-6.396138842193928,< 0 DM,20.995362766683964,existing credits paid back duly till now,(vacation - does not exist?),3424.111955321838,500 <= ... < 1000 DM ,.. >= 7 years,2.317411753910339,female : divorced/separated/married,none,2.8553715240268174,real estate,25.545893904145373,none,rent,6.886016991526743,skilled employee / official,-1.730116667603443,"yes, registered under the customers name ",yes
1.8031343870315073,no checking account,16.370487506831658,existing credits paid back duly till now,domestic appliances,2463.1827129483263,500 <= ... < 1000 DM ,... < 1 year ,2.765580055268049,female : divorced/separated/married,none,0.8581254588009064,"if not A121/A122 : car or other, not in attribute 6",25.236965920427135,bank,own,0.8711767511297653,skilled employee / official,3.7271845234152914,"yes, registered under the customers name ",yes
-2.4388232859309777,< 0 DM,21.043583645812706,delay in paying off in the past,radio/television,2285.8415553620644,100 <= ... < 500 DM,1 <= ... < 4 years,2.8066662581793755,male : single,none,8.260083753361313,unknown / no property,17.95458273011696,none,own,3.8599106549283433,skilled employee / official,0.36711316188795573,none,yes
-1.246071780539056,0 <= ... < 200 DM,50.07031327429204,critical account/ other credits existing (not at this bank),radio/television,3563.9172087132556,... < 100 DM,1 <= ... < 4 years,5.116976680180915,male : single,none,-3.5231085018785366,real estate,30.33807360124662,none,own,-0.3536926667192817,unskilled - resident,-0.31938754846822204,"yes, registered under the customers name ",yes
-1.8362903971794242,0 <= ... < 200 DM,7.419261594082426,delay in paying off in the past,domestic appliances,857.171960256406,100 <= ... < 500 DM,... < 1 year ,3.5068447836587335,male : single,none,4.282960469143292,real estate,43.75578364255586,none,own,0.45620348214755424,unskilled - resident,5.827494906482748,none,yes
-0.4223726592491558,0 <= ... < 200 DM,10.847262261358289,existing credits paid back duly till now,car (new),684.8097080675703,100 <= ... < 500 DM,1 <= ... < 4 years,3.658250820840748,male : single,none,8.983285484043218,"if not A121/A122 : car or other, not in attribute 6",48.71816114096856,none,rent,-0.032527350641908814,unskilled - resident,2.6992040579777345,"yes, registered under the customers name ",yes
3.1979406923629305,< 0 DM,39.05713107972529,existing credits paid back duly till now,business,5369.90686812132,unknown/ no savings account,4 <= ... < 7 years,8.330159541352863,male : single,none,1.6514021469207378,if not A121 : building society savings agreement/ life insurance,28.00644724128306,none,own,-4.181586841372937,skilled employee / official,3.918968312347622,none,yes
0.47114570233603387,0 <= ... < 200 DM,21.090586209458195,existing credits paid back duly till now,domestic appliances,1582.3820874269695,unknown/ no savings account,1 <= ... < 4 years,4.717447853900382,female : divorced/separated/married,none,-1.199903133944236,unknown / no property,42.087951228316236,none,own,5.861276779840735,skilled employee / official,2.304759038559839,none,yes
-0.4759045111160649,0 <= ... < 200 DM,6.5521734938146965,existing credits paid back duly till now,car (new),1345.8094739766852,... < 100 DM,.. >= 7 years,2.8114561583305973,female : divorced/separated/married,none,2.8122461067682067,if not A121 : building society savings agreement/ life insurance,46.881693424990715,none,own,-0.9248973174140489,skilled employee / official,0.6666664286207045,none,yes
-3.106961258477435,0 <= ... < 200 DM,12.887972717460524,no credits taken/ all credits paid back duly,business,1926.1944772238228,unknown/ no savings account,.. >= 7 years,-1.7269930835411524,male : single,none,8.36355412287711,unknown / no property,37.750002119010155,stores,own,-1.404316339265589,skilled employee / official,2.834063260774624,none,yes
-5.024048834113071,no checking account,36.81793579029639,critical account/ other credits existing (not at this bank),furniture/equipment,5845.459767721348,... < 100 DM,.. >= 7 years,5.255497223651154,female : divorced/separated/married,none,2.128208788962313,unknown / no property,24.139880528382054,none,own,-2.5399150448380263,unskilled - resident,4.627646178053382,none,yes
-1.4589237272199926,0 <= ... < 200 DM,22.31555091965135,existing credits paid back duly till now,domestic appliances,7754.773283141571,... < 100 DM,1 <= ... < 4 years,1.5979183375719033,male : single,co-applicant,1.483431671462447,real estate,33.062901396516864,none,own,0.386921690391151,unskilled - resident,1.4042141305526603,"yes, registered under the customers name ",yes
-0.16134765245496147,< 0 DM,26.093450517000015,critical account/ other credits existing (not at this bank),domestic appliances,6967.672891921545,unknown/ no savings account,... < 1 year ,2.1752808119881393,male : single,none,1.9442715784629279,real estate,37.98443518393644,bank,own,6.290476931679228,unskilled - resident,6.404927813039518,none,yes
6.303789740739649,no checking account,12.331839367736032,existing credits paid back duly till now,domestic appliances,1283.8028778540997,100 <= ... < 500 DM,unemployed,-0.32942322444509164,male : single,none,2.3208991865505597,if not A121 : building society savings agreement/ life insurance,17.37311380250978,none,own,7.281336552468153,unskilled - resident,3.5514616096057257,"yes, registered under the customers name ",yes
0.3908235644186575,< 0 DM,9.00401954026346,critical account/ other credits existing (not at this bank),car (new),1288.9975969392929,100 <= ... < 500 DM,.. >= 7 years,11.015290139270055,male : single,none,5.083593652161989,"if not A121/A122 : car or other, not in attribute 6",46.058166227738056,bank,for free,-2.9826006274062493,unskilled - resident,2.6359476493148355,none,yes
2.9482185330691726,< 0 DM,16.418860716568723,critical account/ other credits existing (not at this bank),business,336.57163881270804,... < 100 DM,.. >= 7 years,3.209568249462894,female : divorced/separated/married,none,5.01458839881596,if not A121 : building society savings agreement/ life insurance,46.484793913569895,none,own,-0.0633439879288471,unskilled - resident,1.7544595930534537,"yes, registered under the customers name ",yes
-1.4978867956174562,< 0 DM,16.64738361437974,existing credits paid back duly till now,car (used),3514.0324545262743,... < 100 DM,... < 1 year ,-2.370956262343803,female : divorced/separated/married,none,6.157269038397513,"if not A121/A122 : car or other, not in attribute 6",36.12763683481118,none,own,-1.1030733102810957,skilled employee / official,1.4117113869028741,none,yes
-3.5548312992510738,0 <= ... < 200 DM,1.7469474895212906,critical account/ other credits existing (not at this bank),car (new),1895.768417218713,100 <= ... < 500 DM,.. >= 7 years,-1.0946643791977175,male : single,none,3.368036546327385,"if not A121/A122 : car or other, not in attribute 6",27.64827006363842,none,rent,4.965013223634559,skilled employee / official,-1.7537163567849747,none,yes
-2.8953502866971155,>= 200 DM / salary assignments for at least 1 year,20.43878872087689,critical account/ other credits existing (not at this bank),car (new),2870.435384065641,100 <= ... < 500 DM,... < 1 year ,2.845296481571359,female : divorced/separated/married,none,0.005065719827550552,real estate,35.840277604082765,none,own,1.8597806418817802,skilled employee / official,1.7297834125741847,none,yes
-2.1756781936072596,< 0 DM,16.910218057293584,existing credits paid back duly till now,radio/television,1052.168139425834,... < 100 DM,1 <= ... < 4 years,5.640001097849455,male : single,none,-2.9837975419803238,"if not A121/A122 : car or other, not in attribute 6",25.55936201662557,none,own,0.09029201786049512,unskilled - resident,1.6635594560235014,"yes, registered under the customers name ",yes
6.385409197305494,no checking account,14.23617549070191,critical account/ other credits existing (not at this bank),radio/television,1265.9034750459562,... < 100 DM,1 <= ... < 4 years,5.664389565175941,male : single,none,4.599756063641291,unknown / no property,40.84884526069118,none,own,2.217719241773057,skilled employee / official,-0.24825536379958635,none,yes
-2.4641600376731585,no checking account,5.478023056680858,existing credits paid back duly till now,radio/television,7309.900264623082,... < 100 DM,.. >= 7 years,4.029843655329576,male : single,none,-0.036413293798682744,real estate,70.53036291328945,bank,own,-0.43225586422312556,unskilled - resident,2.0130310561140847,"yes, registered under the customers name ",yes
2.5154676112090346,< 0 DM,33.04452590306752,critical account/ other credits existing (not at this bank),radio/television,910.8149801270366,100 <= ... < 500 DM,.. >= 7 years,2.0654190800880112,male : single,guarantor,3.3232989367941874,real estate,33.28447482976927,none,own,5.84273828312469,skilled employee / official,1.0639224710653332,"yes, registered under the customers name ",yes
-2.708781534261079,no checking account,3.4174749644292897,existing credits paid back duly till now,domestic appliances,2981.7416342634274,... < 100 DM,.. >= 7 years,2.0213213305046365,female : divorced/separated/married,none,2.912451338558531,"if not A121/A122 : car or other, not in attribute 6",29.904102756012637,none,rent,2.640878545048115,skilled employee / official,3.3210756732963054,"yes, registered under the customers name ",yes
3.7947190386227323,no checking account,25.372272276227676,critical account/ other credits existing (not at this bank),radio/television,1139.4379477447162,... < 100 DM,.. >= 7 years,1.3718216076682648,male : single,none,-1.4127819860880662,"if not A121/A122 : car or other, not in attribute 6",27.33180723637824,bank,own,3.009470262749314,skilled employee / official,2.9893371431971936,none,yes
1.1548528983175894,< 0 DM,16.40522584324144,existing credits paid back duly till now,radio/television,1571.8723216882695,... < 100 DM,4 <= ... < 7 years,2.141071050957965,male : single,none,-2.0727870030765905,unknown / no property,16.70161433965849,stores,own,-7.000752434098693,skilled employee / official,1.5014598627545237,none,yes
-0.4699136929742712,no checking account,22.764751746946054,existing credits paid back duly till now,car (used),3969.7848702573688,... < 100 DM,.. >= 7 years,-0.7531269235007785,female : divorced/separated/married,none,3.717636806296544,if not A121 : building society savings agreement/ life insurance,28.048969607622098,none,rent,0.7996339635135675,unskilled - resident,-3.1016386739059953,"yes, registered under the customers name ",yes
0.8777124215936979,< 0 DM,22.909250129079602,existing credits paid back duly till now,domestic appliances,1933.1514747474764,.. >= 1000 DM ,1 <= ... < 4 years,0.4348334362051913,female : divorced/separated/married,none,5.5109508625721615,real estate,37.69535843647718,none,for free,8.249632877177103,skilled employee / official,6.372168216043512,"yes, registered under the customers name ",yes
-0.9643630862881714,>= 200 DM / salary assignments for at least 1 year,11.552388008435118,existing credits paid back duly till now,domestic appliances,947.4475411328519,... < 100 DM,.. >= 7 years,7.1926284665740265,male : divorced/separated,none,6.18455631124127,if not A121 : building society savings agreement/ life insurance,35.17918953959688,bank,own,5.9783872101100535,skilled employee / official,1.5743270042865702,"yes, registered under the customers name ",yes
1.3382166044462416,0 <= ... < 200 DM,6.2756087603242,existing credits paid back duly till now,domestic appliances,759.7672502571888,unknown/ no savings account,... < 1 year ,6.0658351029366635,male : single,none,2.8211603043116558,if not A121 : building society savings agreement/ life insurance,25.72387238413691,none,own,-4.54126875776091,unskilled - resident,0.7573406389146047,none,yes
-0.3649504410223401,no checking account,23.64935944077443,existing credits paid back duly till now,car (used),2063.101040807834,... < 100 DM,1 <= ... < 4 years,5.92999610993439,male : married/widowed,none,2.2209697849765835,"if not A121/A122 : car or other, not in attribute 6",32.70412187303825,bank,own,0.0597225019492178,skilled employee / official,-0.02756254609816322,none,yes
-3.6768172913017443,< 0 DM,5.006444050267923,existing credits paid back duly till now,car (new),1410.3501888541318,unknown/ no savings account,.. >= 7 years,4.1179391980728886,male : married/widowed,none,-0.23858426067114813,if not A121 : building society savings agreement/ life insurance,30.13051255927091,bank,own,-2.604558397756164,skilled employee / official,-0.4652349681966095,none,yes
-2.833812722958858,no checking account,20.74544840501397,existing credits paid back duly till now,car (new),3415.0051271026123,unknown/ no savings account,1 <= ... < 4 years,4.33042309659544,male : single,none,-2.2127209875335576,unknown / no property,32.17929769801922,none,own,7.133304681088611,skilled employee / official,5.632174144001572,none,yes
1.5177637531663586,no checking account,25.199382452869568,critical account/ other credits existing (not at this bank),business,7485.155094964286,... < 100 DM,... < 1 year ,-1.2838682139276347,male : married/widowed,none,-0.5326312649874427,"if not A121/A122 : car or other, not in attribute 6",52.43375389440688,bank,own,1.7328348468277255,skilled employee / official,5.158132961158239,"yes, registered under the customers name ",yes
4.7372737692313045,0 <= ... < 200 DM,9.714076625069227,existing credits paid back duly till now,car (new),2578.443085994291,100 <= ... < 500 DM,... < 1 year ,4.589262554136065,female : divorced/separated/married,none,2.2298067549417016,real estate,48.346889490187515,none,for free,-1.303386679194308,unskilled - resident,2.3331802107330124,none,yes
0.4799748407203147,0 <= ... < 200 DM,6.445881285908492,delay in paying off in the past,domestic appliances,339.52318535491474,... < 100 DM,... < 1 year ,4.531359490015091,male : single,none,5.009871119882028,unknown / no property,56.18055852883018,stores,own,2.102473830622367,unskilled - resident,0.6774995367078237,none,yes
-0.3559149783296477,no checking account,13.098628793351812,existing credits paid back duly till now,car (new),1964.80902056028,... < 100 DM,... < 1 year ,5.881328800447497,male : single,none,-4.299705957175368,if not A121 : building society savings agreement/ life insurance,25.77761070596118,bank,own,-5.8220965872054515,skilled employee / official,3.857353955041259,none,yes
0.8574784188076287,< 0 DM,22.252415876226042,existing credits paid back duly till now,car (used),569.8797731895284,... < 100 DM,1 <= ... < 4 years,5.140069897145839,male : single,none,1.6429689151974909,"if not A121/A122 : car or other, not in attribute 6",63.00214281272213,none,own,-1.2548839103697298,unskilled - resident,1.2213909453081182,"yes, registered under the customers name ",yes
4.918005225120474,no checking account,32.03853304752889,critical account/ other credits existing (not at this bank),domestic appliances,9578.3634302079,... < 100 DM,1 <= ... < 4 years,-1.96116546361066,male : single,none,4.613522654818468,"if not A121/A122 : car or other, not in attribute 6",25.992864627478532,none,own,2.1093311774789285,skilled employee / official,0.4293312450307034,"yes, registered under the customers name ",yes
1.658147504091569,no checking account,38.564057190406686,existing credits paid back duly till now,repairs,4455.7032933494465,unknown/ no savings account,1 <= ... < 4 years,-2.4941193261731396,male : single,none,2.2376451434124185,real estate,29.76046090768278,none,rent,4.537026105359967,skilled employee / official,2.0143177645189905,none,yes
-0.2327816925012116,< 0 DM,18.59936491019445,existing credits paid back duly till now,domestic appliances,1641.4125457421255,... < 100 DM,1 <= ... < 4 years,1.8638375014511102,male : divorced/separated,none,-2.2510267393089576,real estate,39.819057240658736,bank,own,-3.8239423617920227,skilled employee / official,0.6765267591636654,none,yes
3.3188661301796665,no checking account,25.89857374382192,existing credits paid back duly till now,domestic appliances,3773.992872762701,... < 100 DM,.. >= 7 years,5.694751843818737,male : single,none,11.067463544794453,unknown / no property,58.98871728619443,bank,rent,-0.1434659231072879,unskilled - resident,1.7567927920102975,"yes, registered under the customers name ",yes
2.2862693153848404,0 <= ... < 200 DM,17.968083970145422,existing credits paid back duly till now,car (new),878.7784910329166,unknown/ no savings account,4 <= ... < 7 years,6.070274245526186,male : single,none,3.913174803055706,if not A121 : building society savings agreement/ life insurance,32.768316376575726,none,own,4.029057215556465,skilled employee / official,2.6126627768649064,none,yes
4.607267975987976,no checking account,10.870837502766157,all credits at this bank paid back duly,car (used),1360.052003887454,... < 100 DM,4 <= ... < 7 years,-0.10382683214558863,male : single,none,3.153001877940224,real estate,31.68690980699317,none,own,-2.3543599731198164,unskilled - resident,2.8088080637737733,"yes, registered under the customers name ",yes
1.5497033116657184,no checking account,8.051406886256435,existing credits paid back duly till now,domestic appliances,5128.63458432784,... < 100 DM,.. >= 7 years,-0.9432981024046438,male : single,guarantor,5.1985742681354035,real estate,75.84952322740341,none,own,1.6875485043525194,skilled employee / official,0.14258912757317344,none,no
-3.673407095161501,no checking account,17.0960912261913,existing credits paid back duly till now,radio/television,1173.5947229063017,... < 100 DM,4 <= ... < 7 years,-0.16970705782251816,male : married/widowed,none,1.8972136015194419,if not A121 : building society savings agreement/ life insurance,67.99528398659241,none,own,3.1979235093180103,unskilled - resident,3.1304090586296223,none,yes
-3.104477597736995,0 <= ... < 200 DM,13.838896141423797,existing credits paid back duly till now,business,680.0327783372015,... < 100 DM,1 <= ... < 4 years,2.9280848191995528,male : single,none,-1.1827210454641826,"if not A121/A122 : car or other, not in attribute 6",20.330541733344074,none,own,6.143140961069808,unskilled - resident,-1.7189344788515157,"yes, registered under the customers name ",yes
4.9527837966937485,< 0 DM,17.577036307666745,existing credits paid back duly till now,domestic appliances,3245.646948622231,500 <= ... < 1000 DM ,1 <= ... < 4 years,-3.0861524925579564,female : divorced/separated/married,none,10.365024955197821,real estate,29.865573317080237,bank,rent,1.309591420665087,skilled employee / official,-0.717699954863716,"yes, registered under the customers name ",yes
6.170997162349892,no checking account,28.59533667180316,no credits taken/ all credits paid back duly,business,4593.178295084339,100 <= ... < 500 DM,... < 1 year ,-2.266155298420398,male : single,none,6.009617608853252,if not A121 : building society savings agreement/ life insurance,54.31945858380804,none,own,2.485198204874789,skilled employee / official,-0.5867751774372323,"yes, registered under the customers name ",yes
0.4614423601521981,no checking account,51.022532312959676,existing credits paid back duly till now,radio/television,3841.2067795361736,.. >= 1000 DM ,4 <= ... < 7 years,1.534494110777338,male : divorced/separated,none,6.4658116033260296,if not A121 : building society savings agreement/ life insurance,35.534196988523114,none,own,3.5648792594940657,unskilled - resident,-1.2161553171210349,none,yes
-0.14956196340796324,< 0 DM,26.230037650800742,existing credits paid back duly till now,car (new),3912.002565326007,100 <= ... < 500 DM,1 <= ... < 4 years,4.258761508675017,male : divorced/separated,none,3.728867575154632,if not A121 : building society savings agreement/ life insurance,36.98280175281339,bank,own,-2.9790460041480338,skilled employee / official,5.046986850156989,none,yes
4.3843328767266065,no checking account,8.250365436410833,existing credits paid back duly till now,domestic appliances,2108.1104164972908,500 <= ... < 1000 DM ,1 <= ... < 4 years,-1.541783019260472,female : divorced/separated/married,none,-1.0099521710850539,"if not A121/A122 : car or other, not in attribute 6",30.710602711736275,none,own,0.33735038034742404,skilled employee / official,-1.9071574285693917,"yes, registered under the customers name ",yes
-2.321137046130464,< 0 DM,50.80138045556456,delay in paying off in the past,radio/television,3031.5190214189565,unknown/ no savings account,1 <= ... < 4 years,3.6525894700847017,male : single,none,7.832590575220821,"if not A121/A122 : car or other, not in attribute 6",25.237823701908695,none,own,-0.3671750325215317,skilled employee / official,-1.0967490122200152,none,yes
-1.6841810568674793,0 <= ... < 200 DM,14.881453802349082,delay in paying off in the past,car (new),1495.4310652986567,... < 100 DM,.. >= 7 years,5.175658448425446,male : single,none,0.4706020259647521,real estate,36.810899625743026,none,own,1.5832645618846994,unskilled - resident,4.766223131459927,none,yes
1.9299803840671332,no checking account,2.3160003575325074,delay in paying off in the past,domestic appliances,1381.4590789314514,100 <= ... < 500 DM,1 <= ... < 4 years,-2.90533921224053,male : single,none,1.8498603944519372,real estate,28.21388384049231,none,own,4.545219346888514,skilled employee / official,-0.7117481055609514,"yes, registered under the customers name ",yes
-0.1838153685787689,>= 200 DM / salary assignments for at least 1 year,9.220400666528548,existing credits paid back duly till now,car (new),951.0422162486205,... < 100 DM,1 <= ... < 4 years,3.3806627247683814,female : divorced/separated/married,none,-0.9181697163937068,real estate,23.484724944350166,none,own,5.662484455246519,skilled employee / official,0.43557194458571,none,yes
-0.015365600160213887,0 <= ... < 200 DM,28.454756360201554,existing credits paid back duly till now,car (new),2759.3545525026866,... < 100 DM,1 <= ... < 4 years,7.074270201252318,female : divorced/separated/married,none,-2.122576551942559,real estate,34.19998417586664,none,own,-1.246046925586029,unskilled - resident,-2.0360870027496074,"yes, registered under the customers name ",yes
0.5096713044264622,no checking account,14.825156847487088,existing credits paid back duly till now,domestic appliances,4294.55982876296,... < 100 DM,.. >= 7 years,2.745194828908572,male : single,none,3.9548736079593443,if not A121 : building society savings agreement/ life insurance,39.34110654424775,bank,own,1.4100976099816374,skilled employee / official,3.4988536228680536,none,yes
1.0127236463968008,< 0 DM,5.032376600124963,existing credits paid back duly till now,radio/television,934.3813944542366,unknown/ no savings account,1 <= ... < 4 years,2.2789909274247435,male : single,none,-0.4272978015847242,unknown / no property,52.757037494024345,none,own,6.471324842301573,skilled employee / official,3.5402087325731952,"yes, registered under the customers name ",yes
4.22244558394115,0 <= ... < 200 DM,10.54141760790286,critical account/ other credits existing (not at this bank),radio/television,1167.4694224192815,unknown/ no savings account,.. >= 7 years,7.490487442919421,female : divorced/separated/married,none,-2.96750271389182,unknown / no property,25.565001715501815,none,rent,-1.4940970963919158,skilled employee / official,3.2168377123703404,"yes, registered under the customers name ",yes
0.27175472070523665,>= 200 DM / salary assignments for at least 1 year,28.260680128423758,existing credits paid back duly till now,radio/television,5117.27240007083,500 <= ... < 1000 DM ,1 <= ... < 4 years,2.0813937630853565,male : single,none,5.621828508841227,unknown / no property,23.192800402446945,none,rent,2.435500341191038,skilled employee / official,2.612589484581831,none,yes
2.9318163798305736,no checking account,11.692809880166712,critical account/ other credits existing (not at this bank),car (used),903.8143747476518,... < 100 DM,1 <= ... < 4 years,7.313485075616704,male : single,none,10.360242313152368,unknown / no property,17.435403932638987,none,own,0.4205179691841143,skilled employee / official,1.22076733305843,none,yes
-6.150516303093068,< 0 DM,10.048309138783225,existing credits paid back duly till now,car (used),1498.2425686148526,100 <= ... < 500 DM,1 <= ... < 4 years,5.286896173381596,male : single,none,5.168680775740185,unknown / no property,33.04646672283341,stores,own,1.810984952489669,skilled employee / official,0.42686999918604673,none,yes
-0.14615520579035385,< 0 DM,27.977362614826472,existing credits paid back duly till now,car (new),10622.116956829419,... < 100 DM,... < 1 year ,1.9714660412704899,male : married/widowed,none,3.2280463442029825,"if not A121/A122 : car or other, not in attribute 6",37.29514788867629,none,own,-1.891972866748202,unskilled - resident,-0.4449079199980628,none,yes
-2.5296908108786136,no checking account,9.862988806761873,critical account/ other credits existing (not at this bank),domestic appliances,1933.631531411654,unknown/ no savings account,4 <= ... < 7 years,5.439071591792591,male : married/widowed,none,4.026535920090837,if not A121 : building society savings agreement/ life insurance,38.59100367378908,none,own,7.232288562936613,unskilled - resident,4.8697165802850115,none,yes
-3.6564391812708843,0 <= ... < 200 DM,9.361471114023171,existing credits paid back duly till now,radio/television,1425.3129670206029,... < 100 DM,... < 1 year ,4.961348541538113,male : single,none,5.66311877035174,real estate,22.998422947527825,none,for free,-1.3230557026645497,skilled employee / official,3.29441281517977,none,yes
-2.6344571007862525,< 0 DM,30.844898631828187,existing credits paid back duly till now,car (used),6569.832534749233,... < 100 DM,1 <= ... < 4 years,5.062648463007422,male : single,none,5.36638405950472,real estate,19.81829438146709,stores,for free,4.078215910460599,skilled employee / official,-1.079912681601273,"yes, registered under the customers name ",yes
-1.0023703221024363,< 0 DM,12.892533213556664,existing credits paid back duly till now,car (new),1411.6973987002234,unknown/ no savings account,... < 1 year ,1.3549633864049446,male : single,none,0.9693928435229038,if not A121 : building society savings agreement/ life insurance,50.9922480718257,none,own,-0.8641298241425335,skilled employee / official,1.1194953046694034,none,yes
2.7477076270680394,>= 200 DM / salary assignments for at least 1 year,11.660277163214216,existing credits paid back duly till now,radio/television,3076.3711804308987,500 <= ... < 1000 DM ,unemployed,1.1236182003448592,female : divorced/separated/married,co-applicant,2.1025331471737227,unknown / no property,34.13925656549609,none,for free,0.12348604431271948,skilled employee / official,1.0996547210449603,none,yes
-3.979178153218692,0 <= ... < 200 DM,34.53276759564323,existing credits paid back duly till now,domestic appliances,3837.9387560234677,... < 100 DM,... < 1 year ,1.8154529611860877,male : single,none,4.901844420293609,real estate,47.22066919081706,bank,own,4.6393697513964005,skilled employee / official,-2.384632117117251,"yes, registered under the customers name ",yes
1.0918944777832524,>= 200 DM / salary assignments for at least 1 year,26.442129968441854,no credits taken/ all credits paid back duly,radio/television,5296.875059396976,unknown/ no savings account,4 <= ... < 7 years,4.112444424919355,male : single,none,5.661628960836495,real estate,48.351718940673805,none,own,4.981653810433773,skilled employee / official,1.5329541298639073,"yes, registered under the customers name ",yes
-0.4525083000007355,no checking account,27.859338055888934,existing credits paid back duly till now,domestic appliances,1913.3349627201594,... < 100 DM,1 <= ... < 4 years,0.9244624166674731,female : divorced/separated/married,none,3.600770673966199,"if not A121/A122 : car or other, not in attribute 6",64.68891807717,stores,for free,1.6259976968919485,unskilled - resident,-0.2464779927175873,none,yes
-0.9830192830858826,< 0 DM,28.044874995242395,all credits at this bank paid back duly,business,3339.4007515840217,... < 100 DM,1 <= ... < 4 years,7.050931144713568,male : single,none,1.6397442647937672,real estate,52.61228931041723,none,own,3.2834516494189594,skilled employee / official,-1.8576099988870567,none,yes
3.0082734759138123,no checking account,1.865972169456401,existing credits paid back duly till now,radio/television,932.0416946279976,... < 100 DM,1 <= ... < 4 years,2.39898631651125,male : single,none,7.139496989263165,if not A121 : building society savings agreement/ life insurance,36.85801470829596,bank,rent,1.1343416592308002,skilled employee / official,-3.437397662425286,none,yes
1.6143463110117782,no checking account,12.568143960058816,existing credits paid back duly till now,car (new),3104.0338330898558,... < 100 DM,4 <= ... < 7 years,-0.9507752208988389,male : single,co-applicant,4.6285621073286585,unknown / no property,28.651798265208114,bank,for free,0.9748971168433302,management/ self-employed/ highly qualified employee/ officer,-3.691410500617014,none,yes
4.012194322328231,no checking account,29.250648666145178,existing credits paid back duly till now,car (new),3912.7057792944024,500 <= ... < 1000 DM ,1 <= ... < 4 years,5.624788476441501,male : single,none,3.432231720308265,"if not A121/A122 : car or other, not in attribute 6",26.58949543455887,stores,own,-0.9848731773914574,management/ self-employed/ highly qualified employee/ officer,-0.11427838308391847,none,yes
-0.46351703774970143,>= 200 DM / salary assignments for at least 1 year,20.413923077105693,existing credits paid back duly till now,(vacation - does not exist?),3019.0522112411695,... < 100 DM,.. >= 7 years,8.702279242393194,female : divorced/separated/married,co-applicant,7.157327210068786,"if not A121/A122 : car or other, not in attribute 6",26.65256321613836,stores,own,3.712194847900779,skilled employee / official,0.7447150887252532,"yes, registered under the customers name ",yes
-2.087827835012109,< 0 DM,13.974867038144893,critical account/ other credits existing (not at this bank),domestic appliances,1359.5433139903068,... < 100 DM,.. >= 7 years,5.005501908648224,male : single,none,2.840662713320749,if not A121 : building society savings agreement/ life insurance,65.80465000703175,bank,for free,-1.0802399935020572,unskilled - resident,-1.6259024304869483,none,yes
-0.6715764506414985,no checking account,11.866691496886936,critical account/ other credits existing (not at this bank),domestic appliances,625.278038338087,... < 100 DM,4 <= ... < 7 years,8.280954301679408,female : divorced/separated/married,none,5.868920345888141,if not A121 : building society savings agreement/ life insurance,28.77693386418228,none,own,5.455469034813559,skilled employee / official,2.952218282971683,none,yes
0.7274903738136648,0 <= ... < 200 DM,15.871691286963522,delay in paying off in the past,retraining,1197.6949330213563,... < 100 DM,1 <= ... < 4 years,4.256114144807764,male : single,none,5.627546330606652,"if not A121/A122 : car or other, not in attribute 6",17.068163823897912,none,own,0.05249749504052692,skilled employee / official,0.803360374651113,"yes, registered under the customers name ",yes
0.5297200753611331,0 <= ... < 200 DM,13.232947730702627,delay in paying off in the past,car (new),707.2579804422429,... < 100 DM,.. >= 7 years,-0.9845147592155303,male : single,none,11.813078366643769,real estate,34.06150664037932,none,rent,2.061525692049003,skilled employee / official,2.7306559317959502,"yes, registered under the customers name ",yes
-3.2531642167000996,no checking account,26.347676477145477,critical account/ other credits existing (not at this bank),car (used),2975.6178693749034,... < 100 DM,.. >= 7 years,-1.5323613535025746,male : single,guarantor,0.4225542196525667,real estate,33.17618634975123,none,own,4.2761840619630025,unskilled - resident,1.4512676294368767,"yes, registered under the customers name ",yes
0.2714693448836226,no checking account,12.297309014086274,existing credits paid back duly till now,business,4653.701024962467,... < 100 DM,1 <= ... < 4 years,3.7652461316032753,female : divorced/separated/married,none,-0.06803575665202466,"if not A121/A122 : car or other, not in attribute 6",33.0323441520172,none,own,1.071593263568746,skilled employee / official,-1.3613529056213176,"yes, registered under the customers name ",yes
0.6846849904167154,< 0 DM,37.57185286257801,critical account/ other credits existing (not at this bank),domestic appliances,2613.702895081131,... < 100 DM,.. >= 7 years,2.22406357681006,female : divorced/separated/married,co-applicant,3.256393484601643,if not A121 : building society savings agreement/ life insurance,28.161485337349088,bank,own,1.1062750571440694,skilled employee / official,1.3423527134158417,"yes, registered under the customers name ",yes
8.55242211260176,no checking account,50.18614270222304,critical account/ other credits existing (not at this bank),radio/television,10961.45276458042,unknown/ no savings account,... < 1 year ,-1.743728834982054,female : divorced/separated/married,none,3.191702158936976,real estate,27.14677447404047,none,own,1.9099296565745856,skilled employee / official,-2.7880235360549674,none,yes
6.630533833845011,0 <= ... < 200 DM,10.270058123298922,existing credits paid back duly till now,car (used),7866.737845913963,unknown/ no savings account,1 <= ... < 4 years,3.811759948093974,male : single,none,9.850416952525055,if not A121 : building society savings agreement/ life insurance,52.17407236291383,bank,for free,3.681455060672752,unskilled - resident,2.6183155619099434,none,yes
-1.55973005167646,no checking account,10.6786211118485,existing credits paid back duly till now,(vacation - does not exist?),1484.5575912992529,... < 100 DM,.. >= 7 years,5.846755863583865,male : single,none,-0.005124049898601601,real estate,23.101433130658616,none,rent,-0.9885566664101164,skilled employee / official,-1.8114476195394014,none,yes
-0.8621500846475283,0 <= ... < 200 DM,25.6985632757245,existing credits paid back duly till now,car (new),3149.8318685936324,100 <= ... < 500 DM,1 <= ... < 4 years,-0.358272640286442,male : single,none,3.714755556081653,if not A121 : building society savings agreement/ life insurance,21.064756273286342,none,own,0.6212889781802057,management/ self-employed/ highly qualified employee/ officer,3.7546975796003466,none,yes
-3.3903260055110094,no checking account,34.35134213660975,existing credits paid back duly till now,car (new),4211.455245301192,.. >= 1000 DM ,... < 1 year ,2.6533671391588456,male : divorced/separated,none,5.487389014045987,real estate,28.603628300195336,none,rent,1.0308601820124261,unskilled - resident,-0.015367238725744192,"yes, registered under the customers name ",yes
-1.7721210418904594,no checking account,5.631694703187015,existing credits paid back duly till now,car (new),2503.767316013398,... < 100 DM,4 <= ... < 7 years,6.529612049360946,female : divorced/separated/married,none,6.113943496661943,unknown / no property,46.2406300663434,none,own,3.593755586582969,unemployed/ unskilled - non-resident,4.187600548929751,"yes, registered under the customers name ",yes
0.9468150107710215,0 <= ... < 200 DM,8.447615004305183,existing credits paid back duly till now,domestic appliances,2137.139277678391,.. >= 1000 DM ,... < 1 year ,-0.22586514066412366,male : single,none,-1.88298902577296,unknown / no property,33.375272414617164,none,own,0.7004638783856902,unskilled - resident,-2.367869565764946,"yes, registered under the customers name ",yes
3.6175608626647007,< 0 DM,18.259516625764384,critical account/ other credits existing (not at this bank),(vacation - does not exist?),870.74848834032,... < 100 DM,1 <= ... < 4 years,6.609283561494869,male : divorced/separated,none,6.223276415762594,"if not A121/A122 : car or other, not in attribute 6",31.13446974542994,none,rent,6.424897283481166,unskilled - resident,-1.033309102186461,none,yes
-2.1872515132308257,< 0 DM,4.981029606367945,critical account/ other credits existing (not at this bank),domestic appliances,1541.2295606602001,... < 100 DM,1 <= ... < 4 years,0.5458077153530183,male : single,none,4.687974793946241,"if not A121/A122 : car or other, not in attribute 6",40.12175860928282,none,own,2.5303842668547145,skilled employee / official,3.142804840545712,none,yes
-0.9624393202033896,0 <= ... < 200 DM,21.622422508626258,existing credits paid back duly till now,repairs,1819.868167785594,unknown/ no savings account,1 <= ... < 4 years,5.637381279549858,male : single,none,3.798753559371132,unknown / no property,29.283948830809567,none,own,0.28694908478416026,skilled employee / official,5.511491280280265,"yes, registered under the customers name ",yes
-5.441867089215965,0 <= ... < 200 DM,6.0797560239782955,existing credits paid back duly till now,car (new),14554.88270323635,... < 100 DM,4 <= ... < 7 years,4.291982521608602,male : single,none,2.6130430616268625,if not A121 : building society savings agreement/ life insurance,20.352257199949772,bank,own,0.4869036351468048,unskilled - resident,5.999826724944767,none,yes
0.512002238365277,no checking account,22.711611108415457,critical account/ other credits existing (not at this bank),car (used),2766.7294227598677,... < 100 DM,4 <= ... < 7 years,6.223845300955064,male : single,none,2.6783240301331137,if not A121 : building society savings agreement/ life insurance,62.00753701865747,bank,rent,-1.9499242859740304,skilled employee / official,1.1240984910426184,none,yes
-3.1872432355786895,no checking account,13.854572143995902,existing credits paid back duly till now,business,1288.29248048067,100 <= ... < 500 DM,1 <= ... < 4 years,6.72747880664163,male : single,none,1.7637926232818668,"if not A121/A122 : car or other, not in attribute 6",32.791205329573415,bank,own,-1.1101805402760547,skilled employee / official,6.5132368923602675,none,yes
-1.5883182820982213,0 <= ... < 200 DM,34.655640360367464,no credits taken/ all credits paid back duly,car (new),2521.0850803438607,... < 100 DM,.. >= 7 years,-2.4547806002238683,male : single,none,4.922355402757925,if not A121 : building society savings agreement/ life insurance,38.44316719557885,none,own,-0.5920006692172799,unskilled - resident,1.1310063505237085,none,yes
-1.6305823345027646,no checking account,27.83094249659413,existing credits paid back duly till now,domestic appliances,918.6881271529503,... < 100 DM,.. >= 7 years,7.3409791202238965,male : single,none,2.0934045588349326,unknown / no property,31.54659960810521,none,own,4.407489546550389,skilled employee / official,4.296302867088918,none,yes
-0.282787662757671,< 0 DM,2.9961257017303677,critical account/ other credits existing (not at this bank),car (new),1592.5820191735047,... < 100 DM,1 <= ... < 4 years,0.4419206560955402,female : divorced/separated/married,none,-0.5455749260579239,real estate,48.90370974355555,none,own,0.9006218219139697,skilled employee / official,-0.8265429908779156,none,yes
-4.273185174069894,< 0 DM,53.05075862861407,existing credits paid back duly till now,domestic appliances,4600.818982546902,... < 100 DM,1 <= ... < 4 years,3.7786252967146154,female : divorced/separated/married,none,0.8542250655172241,if not A121 : building society savings agreement/ life insurance,26.365833357795662,none,own,0.5460674311528804,management/ self-employed/ highly qualified employee/ officer,3.2606015205897627,none,yes
-4.4011357361729715,< 0 DM,10.407070486332856,no credits taken/ all credits paid back duly,domestic appliances,1187.8277808626995,... < 100 DM,1 <= ... < 4 years,3.774738560991681,male : single,none,-0.2561087609568764,"if not A121/A122 : car or other, not in attribute 6",29.46668794668107,none,rent,5.679604236819786,unskilled - resident,-6.025079122569337,none,yes
6.387741336084894,0 <= ... < 200 DM,15.134618437363283,critical account/ other credits existing (not at this bank),car (new),3448.4768907358143,unknown/ no savings account,.. >= 7 years,5.455367676608743,male : single,none,3.6663967276483556,real estate,38.16486828415788,none,for free,5.653531398676782,management/ self-employed/ highly qualified employee/ officer,-1.3647730349593714,none,yes
-3.862267743822093,no checking account,24.203959878153267,critical account/ other credits existing (not at this bank),domestic appliances,1256.138444138054,... < 100 DM,.. >= 7 years,5.010870028180571,female : divorced/separated/married,none,0.9191324906943781,unknown / no property,25.42162298475412,none,own,4.766147382723281,management/ self-employed/ highly qualified employee/ officer,2.4000303942422945,none,yes
-3.290356735363919,0 <= ... < 200 DM,10.763551864629097,existing credits paid back duly till now,domestic appliances,712.2534989516192,... < 100 DM,1 <= ... < 4 years,1.4685700644258306,female : divorced/separated/married,none,4.646031379866248,if not A121 : building society savings agreement/ life insurance,61.72377723093036,none,rent,0.44073000829452713,unemployed/ unskilled - non-resident,-2.93731655660157,none,yes
5.510740584963942,no checking account,0.5769094206752019,critical account/ other credits existing (not at this bank),car (used),1201.7661299306842,.. >= 1000 DM ,1 <= ... < 4 years,-0.049602236887148266,male : single,none,2.502439400638333,real estate,38.16360108962625,none,own,-0.48574586058096725,unskilled - resident,2.280848832367554,"yes, registered under the customers name ",yes
8.71520150772122,0 <= ... < 200 DM,23.485306469350956,existing credits paid back duly till now,car (new),1924.835886689452,... < 100 DM,.. >= 7 years,4.617046039885306,female : divorced/separated/married,guarantor,0.11803722224936308,if not A121 : building society savings agreement/ life insurance,26.97463287322048,none,for free,6.441208210944157,skilled employee / official,3.7193743624370903,none,yes
-2.5146998864760253,< 0 DM,13.321850294083173,critical account/ other credits existing (not at this bank),(vacation - does not exist?),436.49701626965145,... < 100 DM,... < 1 year ,3.5575037325567465,male : single,none,8.396980505036044,real estate,19.372226757754795,none,own,1.723419076000066,management/ self-employed/ highly qualified employee/ officer,-0.5039605781548344,"yes, registered under the customers name ",yes
-1.1047468703640917,no checking account,8.901897707528317,existing credits paid back duly till now,car (used),662.890254075391,unknown/ no savings account,1 <= ... < 4 years,6.448130522873454,female : divorced/separated/married,none,3.1968675188575766,real estate,38.708822622377575,none,own,1.1971188053117643,skilled employee / official,-1.9068588670225939,none,yes
1.0246666528215287,0 <= ... < 200 DM,16.550377971417745,existing credits paid back duly till now,business,2250.7464403554654,100 <= ... < 500 DM,.. >= 7 years,0.865801197436396,male : single,none,0.6997190456554732,real estate,50.2789809307001,none,own,3.1550438839925117,skilled employee / official,-0.4225598475642165,none,yes
6.186092933216777,>= 200 DM / salary assignments for at least 1 year,27.60926703210993,existing credits paid back duly till now,retraining,2152.0254339796847,... < 100 DM,.. >= 7 years,-0.21549308203088113,male : single,none,3.447158711997357,real estate,29.128603846878807,none,for free,4.021897202074337,unskilled - resident,-1.8974369575525567,none,yes
-2.9605712352847124,0 <= ... < 200 DM,24.905912227557813,delay in paying off in the past,(vacation - does not exist?),4143.856197979634,... < 100 DM,1 <= ... < 4 years,4.898389043012319,female : divorced/separated/married,none,-2.5095306071252184,if not A121 : building society savings agreement/ life insurance,39.43498730132069,bank,own,0.28565128721520683,unskilled - resident,0.6963593259522469,none,yes
-0.7358335378263292,< 0 DM,6.823825433976074,existing credits paid back duly till now,car (new),2033.1013585038168,... < 100 DM,1 <= ... < 4 years,0.8888881710166789,male : single,none,-1.3716033491687578,real estate,26.35557692018886,none,own,1.6583198758597946,skilled employee / official,1.3062718746642452,"yes, registered under the customers name ",yes
2.332012728185232,< 0 DM,58.11454580958963,critical account/ other credits existing (not at this bank),car (new),7414.452648283381,... < 100 DM,.. >= 7 years,2.0260103722630634,male : married/widowed,guarantor,3.943218396075499,"if not A121/A122 : car or other, not in attribute 6",23.233019381113284,bank,own,3.7796802076511753,unskilled - resident,0.08196963070957375,none,yes
1.304298223399856,no checking account,26.323484111596116,existing credits paid back duly till now,business,2684.995986480371,... < 100 DM,unemployed,2.057621714561442,male : single,none,-3.2122657871863325,real estate,36.46148545347701,none,for free,-1.4808614378795593,management/ self-employed/ highly qualified employee/ officer,6.023077720560465,"yes, registered under the customers name ",yes
-0.1284682136902977,< 0 DM,11.884385214469763,critical account/ other credits existing (not at this bank),car (used),2149.7400494488325,... < 100 DM,1 <= ... < 4 years,8.932905130701071,male : single,none,4.352722590799468,"if not A121/A122 : car or other, not in attribute 6",25.275792865841005,none,own,1.0370363722784195,skilled employee / official,-1.1582114590609258,none,yes
-0.40146889354812343,0 <= ... < 200 DM,20.218944125793037,no credits taken/ all credits paid back duly,car (new),3815.2537591743917,... < 100 DM,.. >= 7 years,-1.6296944725495908,male : single,none,8.533409699077405,unknown / no property,18.537586419857725,bank,own,-2.343168959152146,management/ self-employed/ highly qualified employee/ officer,5.174299537765937,none,yes
-4.124687425109945,no checking account,9.553302563891236,existing credits paid back duly till now,radio/television,1155.6527731426806,... < 100 DM,.. >= 7 years,2.9877107376814758,male : married/widowed,none,2.8916339865287553,if not A121 : building society savings agreement/ life insurance,57.717476053731716,none,own,0.04925850921956698,skilled employee / official,-2.123717708936341,"yes, registered under the customers name ",yes
-0.7145212319239957,0 <= ... < 200 DM,14.998008997423467,existing credits paid back duly till now,car (used),1649.8681285248101,100 <= ... < 500 DM,4 <= ... < 7 years,2.322346108091949,female : divorced/separated/married,none,2.8754383022789303,"if not A121/A122 : car or other, not in attribute 6",28.56959834180925,none,own,-0.6893002324409123,skilled employee / official,1.2183327098246468,"yes, registered under the customers name ",yes
-0.7991624700268654,no checking account,24.292240238873347,delay in paying off in the past,(vacation - does not exist?),1600.645662258532,500 <= ... < 1000 DM ,.. >= 7 years,0.7234530187391255,male : married/widowed,none,7.35726125455308,unknown / no property,57.710131295442416,none,own,2.431358613638411,management/ self-employed/ highly qualified employee/ officer,4.549316225644208,none,no
0.6965096688787679,< 0 DM,20.3873340292327,critical account/ other credits existing (not at this bank),domestic appliances,5302.41461538806,.. >= 1000 DM ,4 <= ... < 7 years,2.9915585857627853,male : single,none,2.5996324358694407,real estate,37.49140872115828,none,own,2.033932114085596,skilled employee / official,4.394071456759954,none,yes
-1.6659816564570482,no checking account,10.658527028010159,existing credits paid back duly till now,domestic appliances,2747.4150603416406,... < 100 DM,4 <= ... < 7 years,6.83573143240247,male : single,none,6.603326561578545,real estate,58.594757957228246,none,own,1.0547456250947818,skilled employee / official,-0.2607736931007052,none,yes
1.414615567635417,0 <= ... < 200 DM,9.851323487345251,existing credits paid back duly till now,business,1232.4328321892704,... < 100 DM,1 <= ... < 4 years,1.5286135179188687,female : divorced/separated/married,none,1.9865536146079852,unknown / no property,29.04604224502287,none,own,2.154663689974878,skilled employee / official,3.665209160214035,"yes, registered under the customers name ",yes
4.0381474534594854,< 0 DM,14.653503362103196,critical account/ other credits existing (not at this bank),business,804.3680996670091,500 <= ... < 1000 DM ,1 <= ... < 4 years,5.185428457095177,male : single,none,1.567193120000462,"if not A121/A122 : car or other, not in attribute 6",36.685069945946,none,own,-2.440888184799289,skilled employee / official,3.263537250992678,none,yes
0.4662879830053981,< 0 DM,33.49182865546264,existing credits paid back duly till now,car (new),6305.825355209289,100 <= ... < 500 DM,.. >= 7 years,-4.248306158115666,male : single,none,1.601990607025079,unknown / no property,31.47864964309654,none,own,3.2864096535017304,skilled employee / official,-0.6198175357782196,"yes, registered under the customers name ",yes
1.0552692251976103,0 <= ... < 200 DM,25.98624460374526,critical account/ other credits existing (not at this bank),car (new),1532.3571751723366,... < 100 DM,1 <= ... < 4 years,3.883212398545478,male : single,none,4.027941597584411,"if not A121/A122 : car or other, not in attribute 6",31.989892611799412,none,own,4.39416028587493,skilled employee / official,2.8478498114442226,"yes, registered under the customers name ",yes
1.159466042733602,0 <= ... < 200 DM,15.950747016735093,existing credits paid back duly till now,(vacation - does not exist?),8972.460988966639,500 <= ... < 1000 DM ,.. >= 7 years,0.06087314222138396,female : divorced/separated/married,none,7.473907157696648,"if not A121/A122 : car or other, not in attribute 6",47.221928129529225,none,rent,0.7623878770359653,skilled employee / official,6.587476516157118,none,yes
0.0002531792742425413,0 <= ... < 200 DM,25.7806640847167,existing credits paid back duly till now,domestic appliances,997.6335562534356,100 <= ... < 500 DM,4 <= ... < 7 years,1.5445071927688452,male : married/widowed,none,1.447661203648507,real estate,22.740626818627124,stores,own,1.392053020099375,skilled employee / official,2.415101995187892,"yes, registered under the customers name ",yes
-2.164674100628542,< 0 DM,22.610896961752935,critical account/ other credits existing (not at this bank),domestic appliances,2663.249104444417,500 <= ... < 1000 DM ,unemployed,7.2443514088855965,male : married/widowed,none,-0.8137474797372093,if not A121 : building society savings agreement/ life insurance,34.61749550642916,none,rent,2.120321059646708,skilled employee / official,2.6990691372120126,none,yes
0.9494827850199241,no checking account,16.34803440370891,existing credits paid back duly till now,radio/television,1398.7286582423485,100 <= ... < 500 DM,... < 1 year ,2.0212689551285155,male : married/widowed,none,0.7518795331395527,"if not A121/A122 : car or other, not in attribute 6",40.32504273364012,none,own,-5.085408256494635,skilled employee / official,3.0164649346021224,"yes, registered under the customers name ",yes
-0.2918597952404684,no checking account,46.875165930452596,critical account/ other credits existing (not at this bank),domestic appliances,12170.893824190365,... < 100 DM,4 <= ... < 7 years,3.4675675387192375,female : divorced/separated/married,none,5.183798264111621,real estate,34.14204802613041,none,own,2.6104523697936024,management/ self-employed/ highly qualified employee/ officer,-3.382929822065421,"yes, registered under the customers name ",yes
7.279504926791784,< 0 DM,49.119156955302536,critical account/ other credits existing (not at this bank),car (new),3062.725179891802,... < 100 DM,.. >= 7 years,2.8684213756327868,male : single,none,9.532349240182807,"if not A121/A122 : car or other, not in attribute 6",29.770933283665897,none,rent,11.30565741123459,skilled employee / official,2.3806740196188665,none,yes
5.720064707425728,no checking account,28.129197932225363,existing credits paid back duly till now,domestic appliances,11998.380600928887,unknown/ no savings account,4 <= ... < 7 years,-4.750447615295229,male : single,guarantor,2.1811749979431925,"if not A121/A122 : car or other, not in attribute 6",32.01652981415908,none,own,0.6319713366558388,skilled employee / official,-2.0502787245155822,none,yes
1.1575396576695023,no checking account,9.070065948343666,critical account/ other credits existing (not at this bank),car (used),2687.8086604010628,... < 100 DM,4 <= ... < 7 years,-2.395959320230883,male : single,none,0.839310348046242,"if not A121/A122 : car or other, not in attribute 6",26.462363376119526,none,own,0.6426248988510079,skilled employee / official,0.23033917790660063,none,yes
-2.2891716290843025,no checking account,16.200751652643405,existing credits paid back duly till now,domestic appliances,2400.1657349118645,... < 100 DM,1 <= ... < 4 years,4.883280458360649,female : divorced/separated/married,guarantor,4.298551900550852,"if not A121/A122 : car or other, not in attribute 6",26.369928213327377,none,own,4.23082100029905,unskilled - resident,7.485825343565509,none,yes
-3.337234415950254,>= 200 DM / salary assignments for at least 1 year,16.860210927408154,critical account/ other credits existing (not at this bank),domestic appliances,1267.6585674756682,... < 100 DM,... < 1 year ,-4.329851940639916,male : single,none,3.2815040932397608,real estate,47.58737836085272,none,own,5.935998004593886,management/ self-employed/ highly qualified employee/ officer,0.24021517102357004,none,yes
4.5734288592665955,no checking account,7.091094451028889,existing credits paid back duly till now,radio/television,4609.360386620915,unknown/ no savings account,4 <= ... < 7 years,-1.2989460488471165,female : divorced/separated/married,co-applicant,2.865144347907381,"if not A121/A122 : car or other, not in attribute 6",30.679732968238604,none,own,3.924903533302405,skilled employee / official,-1.2205223128826819,none,yes
0.7882476754414155,0 <= ... < 200 DM,23.345912615686732,critical account/ other credits existing (not at this bank),radio/television,1895.047570330613,unknown/ no savings account,1 <= ... < 4 years,2.8008398311307086,male : single,none,1.1246226829142092,unknown / no property,34.92602935353658,none,own,-5.4668206357506515,skilled employee / official,4.457747736704176,"yes, registered under the customers name ",yes
1.4404302101748325,no checking account,18.58085571556913,no credits taken/ all credits paid back duly,car (used),3371.7057421649306,... < 100 DM,4 <= ... < 7 years,8.230865601874696,male : single,none,8.225346532739067,real estate,18.422429051801984,stores,own,3.6901965129882406,skilled employee / official,-1.8430310085271309,none,yes
-5.233757960922578,no checking account,5.488153770613765,existing credits paid back duly till now,radio/television,1574.040066774631,unknown/ no savings account,.. >= 7 years,6.305811296489107,female : divorced/separated/married,none,-5.617623752486991,"if not A121/A122 : car or other, not in attribute 6",51.148613406114414,none,own,8.715790435725024,skilled employee / official,-0.3422574325690315,"yes, registered under the customers name ",yes
2.782315444674542,no checking account,11.95769221540413,critical account/ other credits existing (not at this bank),radio/television,1448.3148214668731,... < 100 DM,... < 1 year ,2.3284884188407013,male : single,none,6.393577600837808,"if not A121/A122 : car or other, not in attribute 6",46.01557828856575,none,own,2.8673231402783954,skilled employee / official,4.7471565039585,none,yes
1.3632610146430888,< 0 DM,17.387515965659322,delay in paying off in the past,business,1520.8308760256582,... < 100 DM,1 <= ... < 4 years,7.913541091346653,male : married/widowed,guarantor,2.608765186607389,real estate,65.72478422780198,none,own,-2.463805739815249,skilled employee / official,1.1283026959238782,"yes, registered under the customers name ",yes
-3.331292053243434,0 <= ... < 200 DM,24.181405344352104,critical account/ other credits existing (not at this bank),radio/television,3879.3756774086364,... < 100 DM,4 <= ... < 7 years,1.7784525384966412,male : single,none,0.7689778056451619,unknown / no property,37.895293708525195,none,own,1.8454888732558419,skilled employee / official,-3.684791135379588,none,yes
-1.4145744223498469,no checking account,47.75133890078228,existing credits paid back duly till now,car (new),10723.089027743143,... < 100 DM,unemployed,4.027299411202017,female : divorced/separated/married,none,6.076945468353437,real estate,36.13803304754184,none,own,-2.842061754023201,skilled employee / official,2.631968842967857,none,yes
0.7911516130695587,0 <= ... < 200 DM,44.020811690044354,existing credits paid back duly till now,radio/television,4790.092464935763,100 <= ... < 500 DM,1 <= ... < 4 years,-0.07663173776904664,male : married/widowed,none,0.8576067233998459,"if not A121/A122 : car or other, not in attribute 6",23.16533114719322,none,own,4.698411067806579,skilled employee / official,0.8106023538604736,none,yes
0.15740039506873088,no checking account,47.930298867448904,delay in paying off in the past,domestic appliances,7588.832291345669,... < 100 DM,.. >= 7 years,5.2197734953674715,male : single,none,1.9597925379147694,"if not A121/A122 : car or other, not in attribute 6",28.70323626013503,bank,for free,-1.8676477640837765,management/ self-employed/ highly qualified employee/ officer,5.619554459590735,none,yes
-0.8765135574106651,< 0 DM,18.010528231204027,critical account/ other credits existing (not at this bank),car (new),1094.9130190078777,... < 100 DM,1 <= ... < 4 years,2.781599063587043,male : single,none,3.608817283241409,real estate,51.78175152203766,none,own,2.222730904076069,unskilled - resident,-0.8185608429024009,none,yes
0.6895351958021174,< 0 DM,26.47259885938759,existing credits paid back duly till now,car (used),1019.2589820464634,100 <= ... < 500 DM,1 <= ... < 4 years,0.9144872771761907,male : single,none,5.241542157436715,if not A121 : building society savings agreement/ life insurance,53.31239316518269,none,for free,-1.5733400059755431,skilled employee / official,4.153677921177779,none,no
-0.7559321346206561,no checking account,12.509119635428437,critical account/ other credits existing (not at this bank),domestic appliances,1077.3399845458366,... < 100 DM,1 <= ... < 4 years,1.3485691607710577,female : divorced/separated/married,none,0.6744326531213918,"if not A121/A122 : car or other, not in attribute 6",27.44092345167256,none,own,-0.6393441726439728,skilled employee / official,6.3270940970971425,"yes, registered under the customers name ",yes
1.4576875363074058,0 <= ... < 200 DM,34.682838269685185,existing credits paid back duly till now,domestic appliances,9401.42444230431,... < 100 DM,1 <= ... < 4 years,1.8320325391606445,male : single,none,-0.7215767916076565,"if not A121/A122 : car or other, not in attribute 6",25.3077378376857,none,own,5.458451937581485,skilled employee / official,-1.5528296714347118,none,yes
4.414475918979472,no checking account,22.81628144439182,no credits taken/ all credits paid back duly,car (new),6422.608102419608,... < 100 DM,1 <= ... < 4 years,0.5157547084228635,male : single,none,1.402905457354704,"if not A121/A122 : car or other, not in attribute 6",45.0168155673862,none,own,2.310371494681092,skilled employee / official,1.4203609377254216,"yes, registered under the customers name ",yes
-7.699975322793893,no checking account,35.61240633239995,existing credits paid back duly till now,car (new),4794.720185050823,... < 100 DM,4 <= ... < 7 years,5.661860517985971,male : single,none,7.8440015693935585,"if not A121/A122 : car or other, not in attribute 6",63.28241613301283,none,rent,-0.6776074211771603,skilled employee / official,2.1658758224333514,"yes, registered under the customers name ",yes
-0.7105507935290527,0 <= ... < 200 DM,48.77292126276348,all credits at this bank paid back duly,radio/television,7632.494833335564,... < 100 DM,... < 1 year ,2.2510183490077975,male : single,none,2.2243303674065342,if not A121 : building society savings agreement/ life insurance,46.30726843215673,none,own,-1.4356839126601684,skilled employee / official,-0.5720372576625232,"yes, registered under the customers name ",yes
1.5295372641173408,>= 200 DM / salary assignments for at least 1 year,50.53644932544556,existing credits paid back duly till now,domestic appliances,9962.783227198654,... < 100 DM,1 <= ... < 4 years,2.8611171817940737,male : single,none,3.3532618511114665,"if not A121/A122 : car or other, not in attribute 6",30.385522578180797,none,own,-4.615104459198309,skilled employee / official,1.8108848401234916,"yes, registered under the customers name ",yes
0.8879819690612984,0 <= ... < 200 DM,7.273142018488155,existing credits paid back duly till now,car (new),4682.717552310909,... < 100 DM,unemployed,2.3266661861097986,male : single,none,3.2157363784808872,unknown / no property,17.779011902483866,none,own,-2.75384190056806,skilled employee / official,0.32523913748202316,"yes, registered under the customers name ",yes
-1.1157437439638695,< 0 DM,8.015749323079552,delay in paying off in the past,domestic appliances,1284.7499947912545,unknown/ no savings account,.. >= 7 years,3.817230835876195,male : single,none,0.02150691148019135,unknown / no property,44.87374184509084,stores,own,1.335877724333134,unskilled - resident,0.2647972852199044,"yes, registered under the customers name ",yes
-5.270165347435748,< 0 DM,14.527606103299734,delay in paying off in the past,radio/television,2513.4777982707988,500 <= ... < 1000 DM ,1 <= ... < 4 years,1.6758530629021506,male : single,guarantor,9.032708349626233,if not A121 : building society savings agreement/ life insurance,44.85869561837663,none,own,3.940701306167991,unemployed/ unskilled - non-resident,1.1468151781243348,"yes, registered under the customers name ",yes
0.9839864511423289,< 0 DM,18.10394641557371,existing credits paid back duly till now,car (new),2744.08164285462,... < 100 DM,1 <= ... < 4 years,3.4546223872957986,female : divorced/separated/married,none,1.435424428846758,"if not A121/A122 : car or other, not in attribute 6",33.19198492478859,none,own,0.3189455227333968,unskilled - resident,1.2137941467356925,none,yes
5.182050642492555,no checking account,6.1604448804657,existing credits paid back duly till now,radio/television,670.5293335498836,... < 100 DM,4 <= ... < 7 years,2.650761229101098,male : single,none,2.669890361418619,"if not A121/A122 : car or other, not in attribute 6",51.70083395966652,stores,own,5.711630802157043,skilled employee / official,1.4916423072281209,none,yes
-3.6015842147484127,no checking account,29.746793535034577,critical account/ other credits existing (not at this bank),domestic appliances,3801.329937750709,100 <= ... < 500 DM,4 <= ... < 7 years,10.185397458194824,male : single,none,4.288427099066019,if not A121 : building society savings agreement/ life insurance,39.5714476286082,bank,own,-1.1525012666846806,skilled employee / official,-0.7964790363703527,"yes, registered under the customers name ",yes
3.591484041094565,< 0 DM,25.84281131507119,critical account/ other credits existing (not at this bank),car (used),1335.7119734829787,500 <= ... < 1000 DM ,unemployed,6.818261265394543,male : single,co-applicant,-0.16708107660215576,"if not A121/A122 : car or other, not in attribute 6",39.964853209307975,none,own,1.2859648313603622,management/ self-employed/ highly qualified employee/ officer,0.3344848269507399,none,yes
-0.9855756693686817,< 0 DM,12.261565209801047,existing credits paid back duly till now,car (new),1036.6959015788307,unknown/ no savings account,1 <= ... < 4 years,6.927969849447524,male : single,none,1.2158179686780097,if not A121 : building society savings agreement/ life insurance,52.574652437950434,none,own,-1.2387301610117558,skilled employee / official,0.6442372335255087,"yes, registered under the customers name ",yes
0.8160269625134581,no checking account,47.24669223588926,existing credits paid back duly till now,furniture/equipment,10128.1080741791,... < 100 DM,1 <= ... < 4 years,11.26553658458085,male : single,none,2.030740052050694,"if not A121/A122 : car or other, not in attribute 6",48.53643067436576,none,own,3.9722852037035676,skilled employee / official,0.8657270762926145,none,yes
-3.158695532111847,no checking account,-1.4421255299536249,existing credits paid back duly till now,domestic appliances,1541.5203344634822,... < 100 DM,.. >= 7 years,5.547875430303533,male : single,none,2.000810312264539,"if not A121/A122 : car or other, not in attribute 6",38.4117914497586,none,own,7.2925318421337035,unskilled - resident,-0.31654801983985026,none,yes
-1.00336851706763,no checking account,27.010744121992833,existing credits paid back duly till now,domestic appliances,4816.806143550587,... < 100 DM,unemployed,3.453930533935107,male : single,none,4.778834043709643,real estate,24.403858308967788,none,own,-4.285450882808593,skilled employee / official,1.9718189262580548,none,yes
4.900133784096876,0 <= ... < 200 DM,15.69870580230809,existing credits paid back duly till now,car (new),727.0401274381476,... < 100 DM,1 <= ... < 4 years,6.112045222964962,female : divorced/separated/married,none,9.275007268186464,"if not A121/A122 : car or other, not in attribute 6",32.06640226730522,none,rent,-0.038486205904094906,management/ self-employed/ highly qualified employee/ officer,-4.44428524602559,none,yes
2.747965725963121,0 <= ... < 200 DM,-0.3339828421857174,existing credits paid back duly till now,car (used),1240.8730871655523,... < 100 DM,... < 1 year ,-0.026897932764759602,male : single,none,5.008744739057112,unknown / no property,28.052972816335405,none,for free,4.794339541150105,unskilled - resident,-1.1913987767268548,none,yes
5.196934816229833,0 <= ... < 200 DM,7.957429763419443,existing credits paid back duly till now,car (used),276.7842612381899,... < 100 DM,1 <= ... < 4 years,2.6682950907437313,male : single,none,-3.134161888252401,if not A121 : building society savings agreement/ life insurance,24.13920784555476,none,own,-3.3408365642768043,skilled employee / official,0.16021652139143638,"yes, registered under the customers name ",yes
3.532235666933081,>= 200 DM / salary assignments for at least 1 year,44.45999766459822,existing credits paid back duly till now,business,5383.47922192968,... < 100 DM,1 <= ... < 4 years,1.481492199922998,female : divorced/separated/married,none,4.9788968302946826,"if not A121/A122 : car or other, not in attribute 6",37.052634223997224,none,own,2.700051720913259,skilled employee / official,-1.5683455610918147,"yes, registered under the customers name ",yes
1.3172600367887286,no checking account,26.41371090475451,existing credits paid back duly till now,radio/television,5511.837724661801,... < 100 DM,1 <= ... < 4 years,5.942841931658685,male : single,none,1.1136399834687964,unknown / no property,21.899093003443266,none,own,4.664416600622712,management/ self-employed/ highly qualified employee/ officer,5.887594044426674,none,yes
5.231803578503376,0 <= ... < 200 DM,21.974658143569616,delay in paying off in the past,business,3753.1063538957105,unknown/ no savings account,... < 1 year ,1.477476313336404,female : divorced/separated/married,none,4.130350073054373,real estate,27.475790604068926,none,for free,1.2346864430705116,skilled employee / official,1.0565855401748552,none,yes
2.3169794762148963,>= 200 DM / salary assignments for at least 1 year,13.211862062206835,critical account/ other credits existing (not at this bank),radio/television,685.1678180503972,500 <= ... < 1000 DM ,.. >= 7 years,2.4146702764229087,male : married/widowed,none,3.7378419281885122,if not A121 : building society savings agreement/ life insurance,24.468176015548,none,for free,2.650789212820398,skilled employee / official,1.53030903467771,none,yes
2.4839645303911766,no checking account,5.696381257507279,existing credits paid back duly till now,domestic appliances,1495.4883621242664,100 <= ... < 500 DM,.. >= 7 years,4.262363860445394,male : single,none,1.9139651369756019,real estate,28.920710135777906,bank,own,6.282707158382822,unskilled - resident,0.5503078761036178,"yes, registered under the customers name ",yes
0.11028713939587487,no checking account,41.50867751919006,existing credits paid back duly till now,repairs,2747.09899880095,... < 100 DM,1 <= ... < 4 years,6.5894522161124165,male : married/widowed,none,3.842163720833833,"if not A121/A122 : car or other, not in attribute 6",34.21760009413058,none,own,6.845279662303439,skilled employee / official,0.9526632388811171,"yes, registered under the customers name ",yes
0.19963744757761448,>= 200 DM / salary assignments for at least 1 year,11.391174168973889,critical account/ other credits existing (not at this bank),domestic appliances,707.1351436256181,100 <= ... < 500 DM,.. >= 7 years,1.514836990876259,male : single,none,4.839132629312358,real estate,40.27711143495511,none,rent,0.814098360896551,unskilled - resident,-1.645760392908202,"yes, registered under the customers name ",no
-2.0922714699008305,no checking account,25.128133108867836,existing credits paid back duly till now,car (new),4352.214946956774,... < 100 DM,.. >= 7 years,-1.0099852906346674,female : divorced/separated/married,none,2.373757608416497,real estate,51.9896197452553,bank,own,-0.5971335478976996,skilled employee / official,0.49054889171477967,"yes, registered under the customers name ",yes
2.968751803784559,no checking account,7.544833562617692,existing credits paid back duly till now,domestic appliances,707.7031587385931,... < 100 DM,... < 1 year ,7.405824194959566,male : single,none,-0.8430590069175268,real estate,26.2053916808799,none,own,-0.7599403332210892,skilled employee / official,-1.8110252857872675,"yes, registered under the customers name ",yes
-3.5349108693445968,0 <= ... < 200 DM,18.571240689881233,existing credits paid back duly till now,repairs,3642.1888091737137,... < 100 DM,1 <= ... < 4 years,3.3216735427295974,male : single,none,13.071344357867174,"if not A121/A122 : car or other, not in attribute 6",27.760193751663603,none,for free,4.930892451286137,skilled employee / official,0.16778924573151244,"yes, registered under the customers name ",yes
3.347051027252984,0 <= ... < 200 DM,27.718473455785904,existing credits paid back duly till now,car (new),4250.25839467856,100 <= ... < 500 DM,1 <= ... < 4 years,-0.8187704548861472,male : divorced/separated,none,-0.1475723313437003,if not A121 : building society savings agreement/ life insurance,30.084065567191622,none,own,-2.1153266733729046,unskilled - resident,-6.679749698907491,none,yes
0.4280468274845216,0 <= ... < 200 DM,22.317737507736762,critical account/ other credits existing (not at this bank),business,1941.7733368526083,... < 100 DM,1 <= ... < 4 years,3.0605381832751575,female : divorced/separated/married,none,3.3004287373802295,real estate,27.42024242993695,none,own,0.24227788602639289,skilled employee / official,-2.384009625330577,"yes, registered under the customers name ",yes
3.513741280401958,< 0 DM,23.93325661545237,critical account/ other credits existing (not at this bank),car (new),2913.420759842833,unknown/ no savings account,4 <= ... < 7 years,2.4965463860502872,male : single,none,-3.486980752626102,"if not A121/A122 : car or other, not in attribute 6",32.03531307607008,none,own,1.3080693128633978,skilled employee / official,5.391779213543,none,yes
2.2526069661937793,no checking account,13.311346963980451,existing credits paid back duly till now,car (new),2659.035149253158,100 <= ... < 500 DM,1 <= ... < 4 years,6.336489151363094,male : single,none,2.3494052451542657,unknown / no property,25.478544513013244,none,own,-0.5090075381562635,skilled employee / official,3.4911932473226273,"yes, registered under the customers name ",yes
5.461938472940405,< 0 DM,18.686310086786815,existing credits paid back duly till now,domestic appliances,1020.8498338911279,... < 100 DM,.. >= 7 years,6.730304484819314,male : single,none,0.2003233479319948,"if not A121/A122 : car or other, not in attribute 6",36.06509451317975,none,rent,2.839460795057372,management/ self-employed/ highly qualified employee/ officer,4.957118007745693,none,yes
2.1923240734159344,no checking account,10.902398818775033,delay in paying off in the past,car (new),3399.5501084559455,... < 100 DM,.. >= 7 years,1.8517180035264205,male : single,none,2.672581171449967,if not A121 : building society savings agreement/ life insurance,43.88356190608219,none,own,9.693539954878275,skilled employee / official,5.163163809012771,none,yes
-4.7161207669597225,0 <= ... < 200 DM,12.878801470491874,all credits at this bank paid back duly,domestic appliances,5794.341577224131,... < 100 DM,... < 1 year ,3.755742594076568,male : single,none,7.135193997313372,unknown / no property,55.067768213994704,none,own,0.6352042289603728,skilled employee / official,3.018962272493432,"yes, registered under the customers name ",yes
-0.2008595186946025,no checking account,19.233307307463825,critical account/ other credits existing (not at this bank),radio/television,1529.4098116928237,100 <= ... < 500 DM,... < 1 year ,4.192410407134461,female : divorced/separated/married,none,4.416028705134221,if not A121 : building society savings agreement/ life insurance,31.55713734078015,bank,own,-0.3062168822821689,unskilled - resident,0.6413939438625951,none,yes
-3.5160215777844477,< 0 DM,35.62857211701102,critical account/ other credits existing (not at this bank),car (new),4473.50842161358,... < 100 DM,4 <= ... < 7 years,1.978444935458318,male : single,none,3.7052285737244572,unknown / no property,32.579671751480724,none,own,4.045995473145558,unskilled - resident,-2.1117528387968685,"yes, registered under the customers name ",yes
-1.554839527098824,0 <= ... < 200 DM,8.226086708938471,existing credits paid back duly till now,radio/television,1070.999022059616,... < 100 DM,4 <= ... < 7 years,3.2162068268762383,female : divorced/separated/married,none,-1.3136145151755887,"if not A121/A122 : car or other, not in attribute 6",29.676393556426945,stores,own,1.7187509324365657,skilled employee / official,5.440233816349091,none,yes
4.533685299830164,< 0 DM,18.36603370210228,existing credits paid back duly till now,business,6612.293666585457,100 <= ... < 500 DM,.. >= 7 years,2.056973559920325,male : divorced/separated,none,9.510685509487038,"if not A121/A122 : car or other, not in attribute 6",76.16287731454425,none,own,6.318007313634129,management/ self-employed/ highly qualified employee/ officer,1.1937039231621716,"yes, registered under the customers name ",yes
2.912601432693088,>= 200 DM / salary assignments for at least 1 year,14.775701958546858,existing credits paid back duly till now,car (new),1859.3424775800997,... < 100 DM,1 <= ... < 4 years,3.8959622499442306,male : single,none,-1.575643932825625,if not A121 : building society savings agreement/ life insurance,31.196938904217703,none,own,2.4940628594591554,skilled employee / official,8.48206844914572,"yes, registered under the customers name ",yes
-1.0967912857362387,no checking account,62.62963081224456,existing credits paid back duly till now,car (new),7408.782263152423,500 <= ... < 1000 DM ,4 <= ... < 7 years,-1.6567187133304113,female : divorced/separated/married,none,6.585682442881595,"if not A121/A122 : car or other, not in attribute 6",24.911227507353985,none,rent,0.2547303760869002,unskilled - resident,-0.09529392803226244,none,yes
-2.041152099321197,0 <= ... < 200 DM,48.81028630259186,existing credits paid back duly till now,radio/television,11589.89918968013,... < 100 DM,.. >= 7 years,0.8075499952117062,male : single,none,7.064631597944459,"if not A121/A122 : car or other, not in attribute 6",29.06271036241926,none,own,-3.3511746642836657,management/ self-employed/ highly qualified employee/ officer,6.91868756434144,none,yes
1.0983462786287823,no checking account,25.23591474638026,delay in paying off in the past,radio/television,4108.525377521529,... < 100 DM,4 <= ... < 7 years,3.168616959267456,male : single,none,5.73199822535404,unknown / no property,26.30739954310417,stores,for free,-2.8592040814352204,skilled employee / official,1.5296246279127343,none,yes
-2.6496804481433833,< 0 DM,11.578484422869934,all credits at this bank paid back duly,domestic appliances,3384.253983842198,... < 100 DM,.. >= 7 years,0.155890024282897,female : divorced/separated/married,none,1.4350456572748556,unknown / no property,40.8195383072052,none,own,-4.507096071281308,skilled employee / official,5.008145791776101,"yes, registered under the customers name ",yes
-2.0134208321897433,no checking account,14.405658335518607,existing credits paid back duly till now,domestic appliances,2109.302307676097,... < 100 DM,.. >= 7 years,1.2595286134652428,male : single,none,4.454769534458569,real estate,25.38716324264165,stores,own,2.1380174988527187,management/ self-employed/ highly qualified employee/ officer,6.090075211697364,none,yes
1.9360284146537317,no checking account,16.97366403129954,existing credits paid back duly till now,business,1277.5035766421072,.. >= 1000 DM ,.. >= 7 years,5.463974112413762,female : divorced/separated/married,co-applicant,0.5872357680654205,if not A121 : building society savings agreement/ life insurance,26.67712012353436,none,own,-3.0867484396023785,management/ self-employed/ highly qualified employee/ officer,-2.068849784542137,none,yes
3.4659361083200886,0 <= ... < 200 DM,32.13223658165498,existing credits paid back duly till now,car (new),4172.14849581759,.. >= 1000 DM ,unemployed,0.7631284388540984,male : married/widowed,none,4.087118714515875,"if not A121/A122 : car or other, not in attribute 6",28.944901861455367,none,own,4.766732097758149,unskilled - resident,-0.4549942348726057,none,no
1.8262844166733192,< 0 DM,9.358586325728528,critical account/ other credits existing (not at this bank),car (new),1523.5318106746602,500 <= ... < 1000 DM ,.. >= 7 years,-0.8841266418536335,male : single,none,1.2503832227433205,"if not A121/A122 : car or other, not in attribute 6",34.39427311150819,none,own,1.0907396945678611,skilled employee / official,-2.0989376770955923,none,yes
-6.8738685257943,no checking account,21.606351709144516,existing credits paid back duly till now,car (used),5747.438386431557,500 <= ... < 1000 DM ,.. >= 7 years,0.9554906274899755,male : single,none,-2.115831519717225,unknown / no property,24.564222102897112,bank,own,1.2674392426949934,unskilled - resident,-2.6898334647746704,none,yes
0.9131001870907793,0 <= ... < 200 DM,22.2833891947414,critical account/ other credits existing (not at this bank),business,3598.429784981298,... < 100 DM,1 <= ... < 4 years,3.292343216505369,female : divorced/separated/married,guarantor,7.365352452953764,real estate,26.601403163228753,none,for free,-1.5315652256130141,skilled employee / official,3.0012005515748497,none,yes
0.21610071969773376,0 <= ... < 200 DM,19.316973088166684,critical account/ other credits existing (not at this bank),domestic appliances,3206.835716076974,... < 100 DM,1 <= ... < 4 years,6.062659118459916,male : single,none,2.7566785303519166,"if not A121/A122 : car or other, not in attribute 6",25.36372163403113,none,for free,2.8667762448106187,skilled employee / official,0.4101148892529354,none,yes
1.2416708561180791,0 <= ... < 200 DM,16.419853824161375,critical account/ other credits existing (not at this bank),radio/television,4438.434241600982,... < 100 DM,... < 1 year ,3.34638471728422,female : divorced/separated/married,none,-0.4544011985067111,"if not A121/A122 : car or other, not in attribute 6",26.945267742600993,none,own,-1.4134934586272343,skilled employee / official,1.1570989695704086,none,yes
4.848629044953622,no checking account,6.902808941335458,existing credits paid back duly till now,car (used),3951.4352071299895,... < 100 DM,1 <= ... < 4 years,-3.404791279606542,male : single,none,-0.6809816984893031,if not A121 : building society savings agreement/ life insurance,36.75880481828238,none,own,-1.9561340122096422,skilled employee / official,3.66871740491984,"yes, registered under the customers name ",yes
-6.189714830414228,no checking account,21.929533266270234,critical account/ other credits existing (not at this bank),domestic appliances,1456.0905988146549,100 <= ... < 500 DM,4 <= ... < 7 years,3.3028982818696866,male : single,none,3.0753787291003043,"if not A121/A122 : car or other, not in attribute 6",40.99524827663629,none,rent,4.565049761816046,skilled employee / official,-4.572160501144744,none,yes
-1.7733102755733168,no checking account,13.980530411164068,existing credits paid back duly till now,radio/television,881.470902148532,... < 100 DM,4 <= ... < 7 years,4.769903143244588,female : divorced/separated/married,none,1.3187309851165834,"if not A121/A122 : car or other, not in attribute 6",19.440656065422328,none,own,3.063863482325068,management/ self-employed/ highly qualified employee/ officer,4.860298011871164,none,yes
1.772718968380064,no checking account,21.803143855793774,delay in paying off in the past,domestic appliances,3755.924690770993,... < 100 DM,1 <= ... < 4 years,1.5327733507707766,male : single,none,-2.76552667542213,if not A121 : building society savings agreement/ life insurance,27.302054854218568,bank,own,0.2952117152551833,skilled employee / official,-0.0472824900197526,none,yes
-4.7447831983618265,no checking account,8.747790906838796,delay in paying off in the past,car (new),1747.5060877555293,... < 100 DM,1 <= ... < 4 years,2.617913658828622,male : single,none,3.2213894096248286,real estate,35.51262255560337,none,own,3.9242989542011495,skilled employee / official,2.5972039187135723,none,yes
5.427847144160527,no checking account,8.672564545315996,all credits at this bank paid back duly,car (new),1138.2483710462197,... < 100 DM,1 <= ... < 4 years,1.2488531606177178,male : single,none,4.557308993870465,real estate,31.910506757166356,none,own,2.0267956193320957,skilled employee / official,3.862138517685641,"yes, registered under the customers name ",yes
1.1050698381019752,no checking account,8.241355661046507,critical account/ other credits existing (not at this bank),car (new),1237.9546218619319,unknown/ no savings account,1 <= ... < 4 years,1.1948292626522279,male : single,none,3.401104525967101,unknown / no property,21.30558994669272,none,own,2.1490394513550513,skilled employee / official,5.112389682291521,"yes, registered under the customers name ",yes
3.539751957530212,>= 200 DM / salary assignments for at least 1 year,10.68681861574348,all credits at this bank paid back duly,domestic appliances,960.8648039393629,... < 100 DM,.. >= 7 years,2.260968489328387,female : divorced/separated/married,guarantor,-1.4437086255700269,unknown / no property,29.88850875388622,none,own,-1.4505437071263652,management/ self-employed/ highly qualified employee/ officer,0.6854278366508995,"yes, registered under the customers name ",yes
-1.7128309845653837,no checking account,14.12435319530493,existing credits paid back duly till now,domestic appliances,3228.8882522423437,... < 100 DM,unemployed,4.477012859910978,male : single,none,4.266806622667856,"if not A121/A122 : car or other, not in attribute 6",40.97430827995254,stores,own,7.211195826731867,management/ self-employed/ highly qualified employee/ officer,-5.370912377128793,"yes, registered under the customers name ",yes
3.4412910698986314,no checking account,13.057881611751517,existing credits paid back duly till now,car (new),6199.592668847583,... < 100 DM,.. >= 7 years,1.582845500161624,male : single,none,-2.393597104940766,"if not A121/A122 : car or other, not in attribute 6",25.519102469359176,none,own,0.2611400969713249,skilled employee / official,1.1713828403606825,none,yes
3.2054146679671147,no checking account,15.738864423195256,existing credits paid back duly till now,car (new),723.4444462584031,500 <= ... < 1000 DM ,1 <= ... < 4 years,2.964529398271306,male : single,none,0.9183082099370221,real estate,45.98551488317017,none,rent,5.668048980849932,management/ self-employed/ highly qualified employee/ officer,1.6021205744848035,none,yes
1.698634060411505,0 <= ... < 200 DM,25.39853298659193,existing credits paid back duly till now,car (used),1239.4406740637482,... < 100 DM,.. >= 7 years,-4.11145304022002,male : single,none,-0.2520938095124836,if not A121 : building society savings agreement/ life insurance,25.604199496553516,stores,own,0.43339345208657054,skilled employee / official,-2.102782577420352,none,no
0.7032026780960878,no checking account,10.871363688649607,delay in paying off in the past,(vacation - does not exist?),2331.450243391035,... < 100 DM,... < 1 year ,-0.8643859027333225,female : divorced/separated/married,none,6.531817212674668,unknown / no property,43.19199661274761,none,own,3.421291346964887,unskilled - resident,1.442471963298816,"yes, registered under the customers name ",yes
1.8110297178451775,0 <= ... < 200 DM,34.478684158715275,critical account/ other credits existing (not at this bank),domestic appliances,4463.971970768816,.. >= 1000 DM ,1 <= ... < 4 years,2.426755321086871,female : divorced/separated/married,none,0.9121671486892486,if not A121 : building society savings agreement/ life insurance,25.82729071278379,none,own,4.202670497078409,skilled employee / official,-0.0830553041788753,none,yes
-2.590035794218145,0 <= ... < 200 DM,10.768980079964672,existing credits paid back duly till now,domestic appliances,779.6277937052761,unknown/ no savings account,.. >= 7 years,0.941246475497671,male : single,none,0.6564007646706183,if not A121 : building society savings agreement/ life insurance,26.712125888357384,stores,own,4.440555265450137,management/ self-employed/ highly qualified employee/ officer,-3.0282618478475314,none,yes
0.5574139592789412,0 <= ... < 200 DM,29.238111965856657,critical account/ other credits existing (not at this bank),domestic appliances,2410.7140074482472,.. >= 1000 DM ,unemployed,4.4968364506979555,male : single,none,9.86407754623374,unknown / no property,22.598510426734897,none,own,-1.5218711214924343,skilled employee / official,3.0144546850278515,none,yes
-0.4575675973570764,>= 200 DM / salary assignments for at least 1 year,16.866580401725184,existing credits paid back duly till now,domestic appliances,1243.709995454997,... < 100 DM,1 <= ... < 4 years,3.8321637038641954,female : divorced/separated/married,none,5.057387491566142,real estate,59.49511433088429,none,own,4.226906203836586,skilled employee / official,-0.6911754526933882,none,yes
1.1501815930604853,no checking account,14.7489343232237,delay in paying off in the past,car (new),3396.0059292201186,... < 100 DM,4 <= ... < 7 years,-4.777641632732834,male : single,none,4.016983531424478,if not A121 : building society savings agreement/ life insurance,37.412873815621886,none,own,6.539319552734321,skilled employee / official,-0.2191376442112074,none,yes
2.9994727407308837,0 <= ... < 200 DM,6.800372690373051,existing credits paid back duly till now,domestic appliances,2245.9432048951508,100 <= ... < 500 DM,1 <= ... < 4 years,2.6465239079052694,male : single,none,0.8908977643736753,real estate,41.770881661268156,none,own,1.2239210622744288,unskilled - resident,-0.3877365418612535,none,yes
-3.175608245935228,no checking account,8.586000151236401,existing credits paid back duly till now,car (new),1767.4410028876441,100 <= ... < 500 DM,... < 1 year ,-1.7849723923670822,male : single,none,0.2108849970896669,if not A121 : building society savings agreement/ life insurance,20.028232578214347,none,rent,1.1041182014263673,skilled employee / official,4.7064357923924405,"yes, registered under the customers name ",yes
0.6249729090412671,no checking account,16.860940424572316,critical account/ other credits existing (not at this bank),domestic appliances,2480.5957140332266,... < 100 DM,1 <= ... < 4 years,5.457066877571545,female : divorced/separated/married,guarantor,-5.559219320051452,"if not A121/A122 : car or other, not in attribute 6",25.87513302728232,none,own,-0.5703399274404624,management/ self-employed/ highly qualified employee/ officer,0.8772515146798231,none,yes
4.44436664297692,no checking account,13.130843357086118,existing credits paid back duly till now,(vacation - does not exist?),1546.4402976111417,... < 100 DM,4 <= ... < 7 years,-1.845553743185996,male : single,none,6.906221595770675,"if not A121/A122 : car or other, not in attribute 6",41.98423925522734,none,own,-0.03930875655529986,management/ self-employed/ highly qualified employee/ officer,1.2372994616374644,"yes, registered under the customers name ",yes
-2.230764686437692,< 0 DM,14.619036269397409,existing credits paid back duly till now,education,3853.358191485995,unknown/ no savings account,.. >= 7 years,3.0900196155928206,female : divorced/separated/married,none,2.344929117269137,if not A121 : building society savings agreement/ life insurance,25.349953264882334,none,own,7.134268396797471,skilled employee / official,-0.3219084631591911,none,yes
-2.466750051870961,no checking account,21.985893200548308,delay in paying off in the past,domestic appliances,3648.836636133352,... < 100 DM,... < 1 year ,0.1505100133404822,male : single,none,3.46250202035976,if not A121 : building society savings agreement/ life insurance,27.44402604678691,none,own,-2.0127035783906124,unskilled - resident,2.388600466764716,none,yes
1.6069185754935806,no checking account,39.73690488051562,no credits taken/ all credits paid back duly,domestic appliances,3443.3504011065347,100 <= ... < 500 DM,... < 1 year ,4.909305654850991,male : married/widowed,none,1.588319894491233,if not A121 : building society savings agreement/ life insurance,42.015969019881325,none,own,-1.826356465552316,skilled employee / official,6.047954145352016,none,yes
2.5331555714559606,no checking account,20.87877157725022,existing credits paid back duly till now,radio/television,3003.3667236501497,500 <= ... < 1000 DM ,1 <= ... < 4 years,2.3740918329540404,male : single,none,6.208432786783165,if not A121 : building society savings agreement/ life insurance,45.34568867759478,none,own,5.832702809243131,skilled employee / official,2.943582452459519,none,yes
0.034278166681977994,0 <= ... < 200 DM,31.455735672619383,delay in paying off in the past,car (new),3075.698016207297,... < 100 DM,.. >= 7 years,3.2345074749356364,male : single,none,-0.6641302192395591,if not A121 : building society savings agreement/ life insurance,38.25060337483896,none,own,2.873645277665087,skilled employee / official,3.060600884004568,"yes, registered under the customers name ",yes
3.9868817713109674,< 0 DM,20.487363213198158,existing credits paid back duly till now,domestic appliances,6069.284690947059,... < 100 DM,1 <= ... < 4 years,-1.6088169421327336,male : single,none,2.2303560053385834,unknown / no property,33.92132508774726,none,own,8.361110747127572,skilled employee / official,2.8186906176530364,none,yes
2.5703819476995804,0 <= ... < 200 DM,11.214565262907126,critical account/ other credits existing (not at this bank),(vacation - does not exist?),2145.6556661529944,unknown/ no savings account,1 <= ... < 4 years,-3.4316238903830945,male : single,none,-0.4089085886775914,real estate,22.80310795434024,bank,rent,0.6486840865224401,skilled employee / official,-3.1407279299334894,"yes, registered under the customers name ",yes
2.5254602006701856,0 <= ... < 200 DM,55.184186258602296,existing credits paid back duly till now,domestic appliances,13760.778736267368,unknown/ no savings account,.. >= 7 years,0.248339182723343,female : divorced/separated/married,none,9.314527847460239,real estate,61.127875680362365,none,own,1.3788434117127082,management/ self-employed/ highly qualified employee/ officer,-1.6283564950974152,"yes, registered under the customers name ",yes
2.6623495039722798,< 0 DM,59.927107848687555,existing credits paid back duly till now,domestic appliances,14780.935908091122,100 <= ... < 500 DM,1 <= ... < 4 years,2.975160348211239,female : divorced/separated/married,none,6.626966595559902,"if not A121/A122 : car or other, not in attribute 6",60.22737464989306,stores,own,0.017969168684586645,management/ self-employed/ highly qualified employee/ officer,0.38503781920262115,none,yes
7.982959301038255,< 0 DM,49.09360346709979,existing credits paid back duly till now,domestic appliances,7677.682251084282,.. >= 1000 DM ,unemployed,0.17525615840264885,female : divorced/separated/married,none,-2.6080779234060927,if not A121 : building society savings agreement/ life insurance,39.69208437706007,none,own,1.4299035059430878,skilled employee / official,-1.1775921274796768,"yes, registered under the customers name ",yes
-0.6154850665981326,no checking account,19.668225821469452,existing credits paid back duly till now,car (new),2321.5133339429876,unknown/ no savings account,1 <= ... < 4 years,3.8756357917383966,male : single,none,-1.5412848799199264,if not A121 : building society savings agreement/ life insurance,33.96066570700999,none,own,-3.3222900918529117,management/ self-employed/ highly qualified employee/ officer,-2.193611074267994,"yes, registered under the customers name ",yes
-6.010566876199542,no checking account,7.531784100846567,critical account/ other credits existing (not at this bank),domestic appliances,843.9029344406882,... < 100 DM,.. >= 7 years,2.162337242364949,male : single,none,3.602962979927541,unknown / no property,35.05013158481443,none,rent,3.0548636699650245,skilled employee / official,-4.6165272226117215,"yes, registered under the customers name ",yes
5.812763084551423,no checking account,36.87369425054214,existing credits paid back duly till now,domestic appliances,14318.127893073313,... < 100 DM,1 <= ... < 4 years,1.1049618256614693,female : divorced/separated/married,none,0.5826793637827259,"if not A121/A122 : car or other, not in attribute 6",56.24765239746668,bank,own,1.9704222504770144,skilled employee / official,-3.0395876394024235,none,yes
-1.373098292870477,< 0 DM,10.420834176759286,existing credits paid back duly till now,domestic appliances,361.73988589747364,... < 100 DM,... < 1 year ,3.165711121036272,male : single,none,0.026853375769334775,"if not A121/A122 : car or other, not in attribute 6",54.97742984074916,none,own,1.8273360126022433,skilled employee / official,0.230423327972199,"yes, registered under the customers name ",yes
0.32364133302909914,< 0 DM,23.678101729732038,no credits taken/ all credits paid back duly,business,2211.178888012547,.. >= 1000 DM ,... < 1 year ,4.677579508949657,female : divorced/separated/married,none,9.834286712951467,"if not A121/A122 : car or other, not in attribute 6",42.67548436529957,none,rent,-0.17109297379899413,skilled employee / official,0.7917208995433465,"yes, registered under the customers name ",yes
4.928652054581581,< 0 DM,9.39883513865177,existing credits paid back duly till now,business,12978.371021745354,... < 100 DM,.. >= 7 years,3.974654156473753,male : single,none,4.937619741947738,"if not A121/A122 : car or other, not in attribute 6",35.99854845869489,none,own,-1.6842619621042987,skilled employee / official,-1.3791613283917266,"yes, registered under the customers name ",yes
-4.8067786231767755,0 <= ... < 200 DM,21.047684335486952,existing credits paid back duly till now,domestic appliances,1278.4014053649419,unknown/ no savings account,4 <= ... < 7 years,9.635137395979388,female : divorced/separated/married,none,5.4244489685892745,if not A121 : building society savings agreement/ life insurance,22.99423642765753,none,own,3.1831387360982832,unskilled - resident,1.236775638049678,none,yes
-3.7549416423184185,< 0 DM,11.506046917368145,all credits at this bank paid back duly,business,1328.448957325137,500 <= ... < 1000 DM ,.. >= 7 years,1.9932719799897418,male : single,none,-1.0760448476966413,real estate,27.138076759001336,none,rent,-2.5132699571102197,skilled employee / official,-0.30150092272512885,none,yes
-4.8038338113565615,< 0 DM,24.743704281819085,critical account/ other credits existing (not at this bank),car (used),4274.0521137393525,... < 100 DM,4 <= ... < 7 years,1.7795640152287988,male : single,none,4.166822441534007,if not A121 : building society savings agreement/ life insurance,30.582596194271765,none,own,3.5356877361477292,skilled employee / official,4.271720762121545,none,no
-2.3824088700762713,no checking account,18.282549174696936,critical account/ other credits existing (not at this bank),education,2236.157745673967,... < 100 DM,... < 1 year ,3.278371840458279,male : married/widowed,none,-0.14129828294603541,unknown / no property,28.43797092493768,none,rent,8.223354184428372,unskilled - resident,0.515122707925488,none,yes
1.3189098180509806,< 0 DM,21.74627331723152,all credits at this bank paid back duly,domestic appliances,1121.17357987219,unknown/ no savings account,.. >= 7 years,3.929731122397554,female : divorced/separated/married,none,1.1499704788775018,if not A121 : building society savings agreement/ life insurance,17.244443363460263,none,rent,5.456564465932894,skilled employee / official,3.088992644205146,"yes, registered under the customers name ",yes
1.5725635284383128,no checking account,14.74029642122823,existing credits paid back duly till now,radio/television,7376.0056660297705,... < 100 DM,.. >= 7 years,2.4981455620340407,male : single,none,5.833005879475779,"if not A121/A122 : car or other, not in attribute 6",39.20777209002441,none,for free,-2.5153838280119594,skilled employee / official,1.6096412868840777,none,yes
0.8288225379856613,0 <= ... < 200 DM,16.009202816069617,existing credits paid back duly till now,domestic appliances,2329.369283891325,... < 100 DM,unemployed,-2.647771529032731,male : single,none,-0.8869926951808988,"if not A121/A122 : car or other, not in attribute 6",24.208189335931465,none,own,-0.6102141810299084,unskilled - resident,-3.2062131177321653,none,yes
-4.238297651677099,0 <= ... < 200 DM,6.2525295681106865,critical account/ other credits existing (not at this bank),domestic appliances,1448.865014377071,... < 100 DM,1 <= ... < 4 years,1.4674963228409532,male : single,none,6.791083579552948,"if not A121/A122 : car or other, not in attribute 6",26.197462434254227,none,own,3.2643522216660132,unskilled - resident,0.7280254727884736,"yes, registered under the customers name ",yes
-6.930310309897932,no checking account,15.984263928960969,no credits taken/ all credits paid back duly,business,1814.1174632045913,... < 100 DM,unemployed,-1.2211072381534027,female : divorced/separated/married,none,2.547167644171627,unknown / no property,34.813229988106066,none,for free,0.7891542339569495,skilled employee / official,-2.7068722979860507,"yes, registered under the customers name ",yes
0.1630607561711468,0 <= ... < 200 DM,16.432180902510105,critical account/ other credits existing (not at this bank),car (new),985.1179092400964,... < 100 DM,.. >= 7 years,-4.179820043371335,male : single,none,7.8428326263412735,if not A121 : building society savings agreement/ life insurance,14.732198053650949,none,rent,-3.1982171548472635,management/ self-employed/ highly qualified employee/ officer,0.6756374853492363,"yes, registered under the customers name ",no
-1.4153281009150072,no checking account,34.37232653966453,critical account/ other credits existing (not at this bank),domestic appliances,3244.0203363557407,... < 100 DM,... < 1 year ,-0.38703652501175956,male : single,none,0.7737407301435448,if not A121 : building society savings agreement/ life insurance,34.14340412015943,none,own,2.1559478544204733,management/ self-employed/ highly qualified employee/ officer,-0.2353924516920678,none,yes
1.3781573151498354,< 0 DM,7.386637467031874,critical account/ other credits existing (not at this bank),domestic appliances,1957.9263978305446,... < 100 DM,1 <= ... < 4 years,-2.1412751622993635,female : divorced/separated/married,none,1.2305046279154208,"if not A121/A122 : car or other, not in attribute 6",28.51433753969919,none,own,0.969949314651102,skilled employee / official,2.1458891004544247,none,yes
2.1058608786638104,0 <= ... < 200 DM,3.386345651817039,critical account/ other credits existing (not at this bank),radio/television,2403.3376085257737,... < 100 DM,1 <= ... < 4 years,3.7513596358788446,female : divorced/separated/married,none,-0.4857006647994364,real estate,31.861931807727977,none,rent,6.742976225811345,skilled employee / official,-3.027063012398604,none,yes
0.4147242961760458,no checking account,44.58695268418464,existing credits paid back duly till now,radio/television,11756.5204821427,unknown/ no savings account,.. >= 7 years,3.803275512242881,male : single,none,3.7508930179945166,if not A121 : building society savings agreement/ life insurance,33.86226446192227,none,own,0.24031389214765997,skilled employee / official,1.0441054758383117,none,yes
2.2803992561275614,< 0 DM,13.807957338919497,critical account/ other credits existing (not at this bank),domestic appliances,2576.674269948761,100 <= ... < 500 DM,1 <= ... < 4 years,0.2883621312573754,male : single,none,4.197949905754738,if not A121 : building society savings agreement/ life insurance,56.312345304584596,none,rent,4.504010155979773,skilled employee / official,2.7172467476895816,"yes, registered under the customers name ",yes
0.6876341223452053,>= 200 DM / salary assignments for at least 1 year,35.452500472049216,existing credits paid back duly till now,domestic appliances,2347.4501073307183,unknown/ no savings account,1 <= ... < 4 years,2.2193141083106367,female : divorced/separated/married,none,0.6067645423064585,if not A121 : building society savings agreement/ life insurance,49.52705620969305,none,for free,-1.8012652093899266,skilled employee / official,3.722786707926986,none,yes
2.5901941168044003,0 <= ... < 200 DM,13.726639529999684,existing credits paid back duly till now,radio/television,1221.0673752488406,100 <= ... < 500 DM,.. >= 7 years,-4.5747279863376065,male : married/widowed,none,-2.0422075786558382,unknown / no property,40.710743217298216,none,own,-1.084027893689525,management/ self-employed/ highly qualified employee/ officer,-1.2925032736526685,"yes, registered under the customers name ",no
-2.1140197886096472,0 <= ... < 200 DM,19.770541713156568,critical account/ other credits existing (not at this bank),car (used),1517.7661098346455,... < 100 DM,.. >= 7 years,2.5169801494519177,female : divorced/separated/married,none,-2.799788809192527,unknown / no property,46.56500961507681,none,own,4.16498587942847,skilled employee / official,1.0532529166215254,none,yes
-0.5388342414943756,no checking account,21.547592225257972,existing credits paid back duly till now,domestic appliances,1471.6617918646234,... < 100 DM,4 <= ... < 7 years,4.196945702107037,female : divorced/separated/married,none,3.854548298588032,if not A121 : building society savings agreement/ life insurance,38.063714039861125,none,rent,4.251192341822124,unskilled - resident,1.5524409187347206,none,yes
0.5903282899708717,no checking account,17.02804567351071,existing credits paid back duly till now,car (new),1889.9405726150155,... < 100 DM,unemployed,6.474813668842309,male : single,none,2.6032396612341997,if not A121 : building society savings agreement/ life insurance,30.194482929414605,none,own,-0.872178178223177,skilled employee / official,5.641378838628304,none,yes
3.4615854262522565,no checking account,23.387791454854696,critical account/ other credits existing (not at this bank),car (used),8648.84351949693,... < 100 DM,... < 1 year ,-0.13914124507394154,female : divorced/separated/married,none,-0.05682097707478695,"if not A121/A122 : car or other, not in attribute 6",23.029723719710386,bank,own,2.072232219451735,skilled employee / official,-3.4439901822504106,"yes, registered under the customers name ",yes
-1.1812235166737164,< 0 DM,12.525033155103547,critical account/ other credits existing (not at this bank),domestic appliances,799.9073283802111,unknown/ no savings account,.. >= 7 years,7.155564581582559,male : single,none,6.641268458394829,real estate,27.01487009102721,none,own,-2.144737520587234,management/ self-employed/ highly qualified employee/ officer,-1.733307635213147,"yes, registered under the customers name ",yes
1.563501767196338,0 <= ... < 200 DM,16.258045791763244,critical account/ other credits existing (not at this bank),car (new),2896.402180348503,500 <= ... < 1000 DM ,1 <= ... < 4 years,-0.5470757645404145,male : single,none,3.753022965421798,real estate,43.70881231176704,none,own,0.4563405210835618,management/ self-employed/ highly qualified employee/ officer,10.41338747820824,"yes, registered under the customers name ",yes
0.20248362425386301,< 0 DM,26.084011834885224,existing credits paid back duly till now,car (new),2034.0575111028577,... < 100 DM,4 <= ... < 7 years,-2.7428833974313775,female : divorced/separated/married,none,4.810128801780776,if not A121 : building society savings agreement/ life insurance,25.467253112495253,none,own,3.5107683568723775,skilled employee / official,0.1807081481320757,none,yes
-0.35262650198439105,no checking account,24.767720550312667,existing credits paid back duly till now,radio/television,2197.8721995336005,... < 100 DM,4 <= ... < 7 years,6.128985596913629,female : divorced/separated/married,none,2.4002434519519102,unknown / no property,38.2442361321767,none,for free,0.6951245025915656,skilled employee / official,-3.6729814297098233,none,yes
2.488557126072219,no checking account,16.95524442420912,existing credits paid back duly till now,domestic appliances,1051.936237358246,unknown/ no savings account,.. >= 7 years,9.013363685689741,male : single,none,2.7343288513959707,"if not A121/A122 : car or other, not in attribute 6",27.09225764560471,none,own,0.2528958821685916,skilled employee / official,-0.7476504300444979,"yes, registered under the customers name ",yes
-5.9791811131624675,< 0 DM,23.973615931543286,critical account/ other credits existing (not at this bank),radio/television,3227.8834134158096,100 <= ... < 500 DM,1 <= ... < 4 years,4.480295964551086,male : married/widowed,none,1.8335719512309954,if not A121 : building society savings agreement/ life insurance,22.74429412657357,none,own,-2.3893861948881554,skilled employee / official,-7.306619664393086,"yes, registered under the customers name ",yes
-2.889416984224283,< 0 DM,13.539599433231544,critical account/ other credits existing (not at this bank),domestic appliances,937.3928553816918,... < 100 DM,.. >= 7 years,3.878972840397963,female : divorced/separated/married,none,-3.0928669285543684,unknown / no property,29.516488132624826,none,own,1.0549247591252229,skilled employee / official,1.7227621373684594,none,yes
-4.446556192328462,< 0 DM,22.743453768224885,existing credits paid back duly till now,car (used),1964.2968979122352,unknown/ no savings account,... < 1 year ,-2.585551239566626,male : married/widowed,none,8.285014918791738,if not A121 : building society savings agreement/ life insurance,22.331649609368377,none,own,6.274332748643015,skilled employee / official,3.429354280834656,none,yes
-7.000848359544914,< 0 DM,39.689195524228644,critical account/ other credits existing (not at this bank),car (used),7257.727032776512,... < 100 DM,unemployed,-3.0673411681304383,male : single,none,1.5945391789027523,if not A121 : building society savings agreement/ life insurance,38.86151072752426,none,own,2.2187746751513986,management/ self-employed/ highly qualified employee/ officer,-1.7349871285062597,"yes, registered under the customers name ",yes
-1.0347933204655302,0 <= ... < 200 DM,7.296208750708504,delay in paying off in the past,business,2286.89166416432,unknown/ no savings account,unemployed,4.388228610687607,female : divorced/separated/married,none,4.239254658898881,real estate,40.39491163707488,bank,rent,-1.0069232999517945,skilled employee / official,-0.4121717667545206,none,yes
2.248301699183221,< 0 DM,13.782811970688954,critical account/ other credits existing (not at this bank),radio/television,1592.6759476007978,... < 100 DM,... < 1 year ,1.9258119912864764,male : married/widowed,none,-0.2560861673846784,real estate,42.781679457066375,bank,rent,0.05568415024602513,management/ self-employed/ highly qualified employee/ officer,4.770962466106738,none,yes
0.14534780085227572,no checking account,28.10372235216291,critical account/ other credits existing (not at this bank),car (used),1384.329908929317,unknown/ no savings account,unemployed,0.6824944535436464,male : divorced/separated,none,1.505466855260706,real estate,39.08270476243116,none,own,-3.792282863499686,unskilled - resident,-4.250646394538212,none,yes
0.5933702458255564,>= 200 DM / salary assignments for at least 1 year,33.44352358210322,existing credits paid back duly till now,car (new),5846.070289472392,... < 100 DM,... < 1 year ,2.196597742490152,male : married/widowed,none,-0.6005570797700641,unknown / no property,30.0702590904336,none,rent,-1.042479076420637,skilled employee / official,-1.9647136365986366,"yes, registered under the customers name ",yes
4.267652490132377,no checking account,18.68782083166792,existing credits paid back duly till now,education,2576.7650511838233,100 <= ... < 500 DM,... < 1 year ,4.345394102523429,male : divorced/separated,none,4.7079954482901805,"if not A121/A122 : car or other, not in attribute 6",34.83703476029535,none,own,5.08101921713936,unskilled - resident,1.3156544548530809,none,yes
3.9830583968030746,0 <= ... < 200 DM,20.986470848835953,existing credits paid back duly till now,radio/television,8469.103742531574,... < 100 DM,1 <= ... < 4 years,3.8332476056208176,male : single,none,2.9342280423520273,unknown / no property,25.875533761340318,none,own,1.5725527268401849,skilled employee / official,-1.2570045124004552,none,yes
-0.20741380417841865,< 0 DM,23.913417020468735,critical account/ other credits existing (not at this bank),domestic appliances,2783.84870618966,500 <= ... < 1000 DM ,.. >= 7 years,1.4098068490381024,male : single,none,3.1011605800426647,if not A121 : building society savings agreement/ life insurance,30.22382084083769,none,own,6.672190528303618,skilled employee / official,0.11839930757923667,"yes, registered under the customers name ",yes
5.060757668708192,< 0 DM,18.08406656107763,critical account/ other credits existing (not at this bank),domestic appliances,1035.0187006091642,unknown/ no savings account,4 <= ... < 7 years,7.685183105003153,female : divorced/separated/married,none,6.074552441314937,if not A121 : building society savings agreement/ life insurance,29.367679267424673,none,own,0.7139564845118322,unskilled - resident,-2.7912509582195657,none,yes
0.2763799753023276,no checking account,14.348321525343971,delay in paying off in the past,radio/television,3180.416418946483,... < 100 DM,.. >= 7 years,2.02398208864644,male : single,none,6.469023890697069,if not A121 : building society savings agreement/ life insurance,22.828867268328988,none,own,0.8920639114255122,skilled employee / official,1.642940457764523,"yes, registered under the customers name ",yes
-2.512194671482386,< 0 DM,11.371773518881175,critical account/ other credits existing (not at this bank),domestic appliances,2027.1577997974478,... < 100 DM,unemployed,3.6539950155779914,male : single,guarantor,4.296027608408856,if not A121 : building society savings agreement/ life insurance,26.40147351732673,none,own,2.9226824756263703,management/ self-employed/ highly qualified employee/ officer,0.5523007444600339,"yes, registered under the customers name ",yes
-1.7832010565962055,no checking account,13.171591788958551,existing credits paid back duly till now,car (used),962.6496716983874,... < 100 DM,... < 1 year ,5.192936558741547,female : divorced/separated/married,none,-1.2651820411123884,if not A121 : building society savings agreement/ life insurance,46.464945696467296,none,own,-6.017762746658203,skilled employee / official,3.6475714826990986,"yes, registered under the customers name ",yes
-4.441609537695049,no checking account,25.203558825101688,all credits at this bank paid back duly,car (new),1589.6928097354998,.. >= 1000 DM ,unemployed,1.0646773598756964,male : single,none,0.9129626414499494,unknown / no property,33.87962782659001,none,own,2.6148179709607247,management/ self-employed/ highly qualified employee/ officer,1.6011985014408774,none,yes
-1.664401561200957,no checking account,12.543942653584258,existing credits paid back duly till now,car (new),2762.3028103752054,... < 100 DM,1 <= ... < 4 years,9.443342359798484,male : single,none,-1.0116644080340582,if not A121 : building society savings agreement/ life insurance,27.146614155111997,none,own,0.8530405358171449,skilled employee / official,1.6200702174880706,"yes, registered under the customers name ",yes
-1.0740500642232875,< 0 DM,15.26566913058813,existing credits paid back duly till now,domestic appliances,2782.401367817692,100 <= ... < 500 DM,4 <= ... < 7 years,2.1257724345002074,female : divorced/separated/married,none,5.182601080877397,real estate,19.120105321462404,none,own,5.458116680545443,unskilled - resident,-3.338922063590341,none,yes
2.4107550581358046,>= 200 DM / salary assignments for at least 1 year,30.47328118715494,existing credits paid back duly till now,domestic appliances,2749.3206541998343,... < 100 DM,unemployed,5.1424877585130195,male : divorced/separated,none,2.5119558252501544,"if not A121/A122 : car or other, not in attribute 6",26.946248933516436,stores,for free,4.894038182490852,unskilled - resident,2.4777746549346165,"yes, registered under the customers name ",yes
5.162309493497951,no checking account,20.763452239184378,existing credits paid back duly till now,radio/television,1147.269454580555,... < 100 DM,4 <= ... < 7 years,5.575287921917793,male : divorced/separated,none,-1.1715373008917842,unknown / no property,46.29674643628933,none,rent,-1.4010750566404022,management/ self-employed/ highly qualified employee/ officer,0.007400794586673642,"yes, registered under the customers name ",yes
-4.14654454613112,no checking account,10.963978585343359,existing credits paid back duly till now,car (new),1312.9494898287996,... < 100 DM,1 <= ... < 4 years,6.631409425994927,female : divorced/separated/married,none,3.4337673609663173,"if not A121/A122 : car or other, not in attribute 6",23.01917143285925,none,rent,4.726415855882742,skilled employee / official,0.5002050770511466,"yes, registered under the customers name ",yes
2.178482404779757,0 <= ... < 200 DM,20.236496719574948,existing credits paid back duly till now,education,1195.4661656640285,.. >= 1000 DM ,4 <= ... < 7 years,4.377522235017819,male : single,none,-0.4823370071563353,"if not A121/A122 : car or other, not in attribute 6",61.86235000195944,none,own,2.2130564232570142,management/ self-employed/ highly qualified employee/ officer,5.144793129172429,"yes, registered under the customers name ",yes
-3.121631817472603,< 0 DM,4.187215609526576,existing credits paid back duly till now,car (new),3443.4334021744257,... < 100 DM,4 <= ... < 7 years,-3.815167937011771,male : divorced/separated,guarantor,3.8405305357907205,"if not A121/A122 : car or other, not in attribute 6",69.47755640066367,none,own,-1.7133596788881351,management/ self-employed/ highly qualified employee/ officer,-1.1583066695506856,none,yes
2.424091265389606,no checking account,21.21303249860826,delay in paying off in the past,domestic appliances,11331.082743211662,... < 100 DM,.. >= 7 years,6.210411154302513,female : divorced/separated/married,none,-1.9661175119615546,"if not A121/A122 : car or other, not in attribute 6",29.946026053359734,none,own,2.591309752613607,skilled employee / official,5.053552985377002,none,yes
-0.39325995206317976,< 0 DM,3.3954197080776605,existing credits paid back duly till now,radio/television,1868.9450534029163,... < 100 DM,.. >= 7 years,2.977310261664948,female : divorced/separated/married,none,5.586482480153839,unknown / no property,32.740394921297124,none,own,2.3916919330085453,skilled employee / official,5.3334258981192795,none,yes
-5.492717477542591,< 0 DM,19.093610254626427,existing credits paid back duly till now,education,2058.3074171013095,100 <= ... < 500 DM,.. >= 7 years,4.321465218517971,female : divorced/separated/married,co-applicant,3.133887878102221,"if not A121/A122 : car or other, not in attribute 6",36.05643372962023,none,own,6.615395942085572,skilled employee / official,3.258353312093116,none,yes
2.784890974705453,< 0 DM,9.71084583463785,existing credits paid back duly till now,radio/television,2135.2721428577993,unknown/ no savings account,1 <= ... < 4 years,-0.8377619165257997,male : divorced/separated,guarantor,7.723845480040644,"if not A121/A122 : car or other, not in attribute 6",22.1843663580723,none,own,2.0218660854736297,skilled employee / official,-1.9418624323022655,none,yes
-0.815002138426193,no checking account,11.74965365032022,existing credits paid back duly till now,radio/television,1481.1259651978962,... < 100 DM,.. >= 7 years,3.578606054371687,female : divorced/separated/married,none,3.5436198684920273,"if not A121/A122 : car or other, not in attribute 6",22.976055345453027,none,own,1.6169767626580174,skilled employee / official,-5.558879736880796,none,yes
-1.6017007151206637,no checking account,4.680036886410874,existing credits paid back duly till now,domestic appliances,657.0506942170251,... < 100 DM,1 <= ... < 4 years,0.045877129797343486,male : single,none,2.7312572325324918,real estate,21.23218742280801,none,own,3.7019412485663192,unemployed/ unskilled - non-resident,4.236504742779823,none,yes
-3.20925723386907,no checking account,15.13314352696479,critical account/ other credits existing (not at this bank),car (new),1287.8292430927613,500 <= ... < 1000 DM ,.. >= 7 years,4.300508913980421,male : single,none,6.454210279823458,"if not A121/A122 : car or other, not in attribute 6",36.77140318384059,none,own,5.278614854278136,skilled employee / official,1.334155183993239,"yes, registered under the customers name ",yes
-1.9628498300626664,>= 200 DM / salary assignments for at least 1 year,38.25804759091749,existing credits paid back duly till now,business,3396.986617984488,... < 100 DM,1 <= ... < 4 years,3.147702983917651,male : single,none,-0.19299164283553516,if not A121 : building society savings agreement/ life insurance,65.96959279057612,none,own,4.350815282891897,skilled employee / official,-1.2355924124643871,"yes, registered under the customers name ",yes
2.2836713220847518,no checking account,15.3625219542095,critical account/ other credits existing (not at this bank),domestic appliances,608.6107913904345,... < 100 DM,1 <= ... < 4 years,9.775038405207557,female : divorced/separated/married,none,-1.8874178110432562,if not A121 : building society savings agreement/ life insurance,27.451104180825542,none,own,5.25839041844486,skilled employee / official,4.520687031266808,none,yes
-0.5677330228092166,0 <= ... < 200 DM,10.006121999810606,critical account/ other credits existing (not at this bank),car (used),1884.2103394761996,unknown/ no savings account,1 <= ... < 4 years,9.946780900436769,male : single,none,4.99942759622533,real estate,38.98269736145165,none,rent,2.8260472387413653,skilled employee / official,-1.5846766426334282,none,yes
0.9859860068474431,0 <= ... < 200 DM,13.081775032970524,existing credits paid back duly till now,radio/television,1621.713522198873,100 <= ... < 500 DM,1 <= ... < 4 years,2.1395395106442243,female : divorced/separated/married,none,-3.474748988243782,unknown / no property,26.010326932678257,none,rent,1.5029543941801053,unskilled - resident,-0.27246577469282807,none,yes
1.085765561786531,0 <= ... < 200 DM,15.827943710074232,critical account/ other credits existing (not at this bank),domestic appliances,2626.085143680961,... < 100 DM,4 <= ... < 7 years,2.191933134106564,male : single,none,2.888517645198351,real estate,31.18335845093057,bank,own,5.717516186264088,skilled employee / official,2.5746710929509824,"yes, registered under the customers name ",yes
4.961984966584501,0 <= ... < 200 DM,16.316116447077693,existing credits paid back duly till now,radio/television,721.2190775252387,... < 100 DM,4 <= ... < 7 years,2.879671100951455,male : single,none,0.9392101236447381,real estate,40.84112400901092,none,own,0.7273115797535838,skilled employee / official,-1.340808494844632,"yes, registered under the customers name ",yes
-0.02835845259313796,< 0 DM,47.567917019835974,existing credits paid back duly till now,radio/television,5098.45802929118,... < 100 DM,unemployed,5.3180188745083585,male : married/widowed,none,3.3039211654597906,"if not A121/A122 : car or other, not in attribute 6",33.485204370044094,none,own,1.0997395490339847,management/ self-employed/ highly qualified employee/ officer,0.6715572711787978,none,yes
-4.430573450537196,no checking account,9.870121189450606,no credits taken/ all credits paid back duly,car (used),1251.8108788962513,500 <= ... < 1000 DM ,.. >= 7 years,3.0132403889998685,male : single,none,0.76679092585821,if not A121 : building society savings agreement/ life insurance,38.87678366156019,bank,own,7.164730751890744,management/ self-employed/ highly qualified employee/ officer,4.267411551740084,none,yes
4.201667249715949,>= 200 DM / salary assignments for at least 1 year,42.97733937564506,existing credits paid back duly till now,domestic appliances,1840.8716874283214,100 <= ... < 500 DM,.. >= 7 years,2.735988176062902,male : married/widowed,none,5.272744412365566,"if not A121/A122 : car or other, not in attribute 6",29.193175817947015,none,own,5.865772383865694,skilled employee / official,1.63333223086339,"yes, registered under the customers name ",yes
-0.994464516291764,< 0 DM,11.549320301768212,existing credits paid back duly till now,car (new),2574.6257545949957,... < 100 DM,... < 1 year ,4.935778590994893,male : single,none,2.0579822710021687,"if not A121/A122 : car or other, not in attribute 6",34.897921991950774,bank,for free,0.9754725792300315,management/ self-employed/ highly qualified employee/ officer,4.742279010471042,"yes, registered under the customers name ",yes
3.343777333732131,0 <= ... < 200 DM,11.080303136138827,existing credits paid back duly till now,domestic appliances,1426.3068976147213,... < 100 DM,1 <= ... < 4 years,1.3851027140500518,female : divorced/separated/married,co-applicant,8.201097750643992,unknown / no property,58.88785806485279,bank,own,-0.36065473191685027,skilled employee / official,4.400807074017994,"yes, registered under the customers name ",yes
2.1501313395474115,>= 200 DM / salary assignments for at least 1 year,13.220339445388923,existing credits paid back duly till now,domestic appliances,1514.4573125067363,... < 100 DM,1 <= ... < 4 years,2.886734896654408,female : divorced/separated/married,none,3.0202036023048664,"if not A121/A122 : car or other, not in attribute 6",61.48282640984815,bank,own,6.389520500625496,skilled employee / official,1.0232150032648581,none,yes
-0.39341259061003475,< 0 DM,35.0233649654414,critical account/ other credits existing (not at this bank),car (new),11052.39473853987,100 <= ... < 500 DM,1 <= ... < 4 years,-0.7439323445329782,male : single,none,-0.30592841488439904,real estate,29.400990602481432,none,own,3.4012550737456424,skilled employee / official,-6.010224129072165,none,yes
1.0463276821388854,0 <= ... < 200 DM,7.529694745429607,existing credits paid back duly till now,car (used),516.7905119692099,unknown/ no savings account,.. >= 7 years,5.1125710353695,male : married/widowed,none,0.25934243251815126,"if not A121/A122 : car or other, not in attribute 6",26.3889589470277,none,own,1.946743762592089,skilled employee / official,-2.31731688564592,none,yes
5.853037680378899,0 <= ... < 200 DM,11.684327597247387,existing credits paid back duly till now,car (new),2760.623392514654,unknown/ no savings account,1 <= ... < 4 years,7.822600817545606,male : single,none,-0.032709191050194875,if not A121 : building society savings agreement/ life insurance,39.27329940004247,none,rent,1.0343818694301663,skilled employee / official,3.290002337153468,none,yes
6.23094158716126,< 0 DM,22.814267564989585,existing credits paid back duly till now,car (used),2667.517247277796,... < 100 DM,1 <= ... < 4 years,6.163676118399376,male : single,none,5.21841176411632,"if not A121/A122 : car or other, not in attribute 6",31.91119221534566,none,own,1.9950897361437816,skilled employee / official,-3.6507542608558614,none,yes
1.208143405398336,< 0 DM,28.401543752127125,existing credits paid back duly till now,car (new),4815.768398035955,... < 100 DM,.. >= 7 years,6.385397502641915,male : married/widowed,none,4.769550738945817,real estate,28.82381722711528,none,own,0.9348746203368922,management/ self-employed/ highly qualified employee/ officer,0.019922234239150072,none,yes
0.4805717799512259,0 <= ... < 200 DM,23.657370324666488,existing credits paid back duly till now,domestic appliances,2679.268778302105,... < 100 DM,1 <= ... < 4 years,1.4616935914680074,male : single,none,8.407588110078454,if not A121 : building society savings agreement/ life insurance,30.71010258825207,bank,rent,-0.9930145387189873,unskilled - resident,2.015441841067097,"yes, registered under the customers name ",yes
3.2287204723991567,0 <= ... < 200 DM,17.898767279111958,critical account/ other credits existing (not at this bank),car (used),3907.9878160544667,... < 100 DM,... < 1 year ,2.708972846084602,male : single,none,0.13449202818678563,"if not A121/A122 : car or other, not in attribute 6",30.43193793033963,none,own,2.3871269857617055,skilled employee / official,6.408712087284531,none,yes
-1.5369830983020414,< 0 DM,12.27222769125652,existing credits paid back duly till now,radio/television,3384.1862041514614,... < 100 DM,.. >= 7 years,0.17052022689183133,male : married/widowed,none,3.196616278974452,real estate,38.82377199614402,none,rent,1.7962721369188224,unskilled - resident,-0.7250590893632423,none,yes
0.9992111178547654,no checking account,11.355955182674183,critical account/ other credits existing (not at this bank),(vacation - does not exist?),337.47284661390796,... < 100 DM,.. >= 7 years,3.3167033632559715,female : divorced/separated/married,none,-0.727275573314647,"if not A121/A122 : car or other, not in attribute 6",28.872579342652067,none,own,-0.12618520076069295,skilled employee / official,-0.930463127249388,none,yes
-0.0775885438615692,0 <= ... < 200 DM,19.07195826813188,critical account/ other credits existing (not at this bank),business,4588.250207597445,.. >= 1000 DM ,unemployed,5.316634432057515,male : single,none,2.636341103393672,if not A121 : building society savings agreement/ life insurance,34.69769321543333,none,own,3.7114770658285527,skilled employee / official,0.8426627005134986,"yes, registered under the customers name ",yes
0.9417246343726609,< 0 DM,38.88888171974834,existing credits paid back duly till now,radio/television,3616.2217607998814,... < 100 DM,4 <= ... < 7 years,1.305461839309896,female : divorced/separated/married,none,3.145071603438841,"if not A121/A122 : car or other, not in attribute 6",38.674351035848964,none,own,4.866497176932967,unskilled - resident,3.0527389094303072,"yes, registered under the customers name ",yes
-2.500106417848217,no checking account,12.826166845446828,existing credits paid back duly till now,business,1717.0604968454002,... < 100 DM,4 <= ... < 7 years,-2.2379230678036652,female : divorced/separated/married,none,2.8398754667144677,"if not A121/A122 : car or other, not in attribute 6",35.51662944763089,none,own,3.909693080966238,management/ self-employed/ highly qualified employee/ officer,0.5372595178117179,"yes, registered under the customers name ",no
-4.768702479926906,no checking account,9.438722332237765,critical account/ other credits existing (not at this bank),car (new),3016.5361677241403,... < 100 DM,.. >= 7 years,-0.9450873166132601,female : divorced/separated/married,none,4.2589777506190964,"if not A121/A122 : car or other, not in attribute 6",30.81055386953373,none,own,0.17125484435801575,skilled employee / official,4.147805046657432,"yes, registered under the customers name ",yes
-6.218950307973875,no checking account,13.379117865044963,critical account/ other credits existing (not at this bank),car (new),750.4333595392072,... < 100 DM,.. >= 7 years,-0.14349179447232174,female : divorced/separated/married,none,2.1490614887356676,if not A121 : building society savings agreement/ life insurance,37.57977367632512,none,own,4.267464512565116,unskilled - resident,-1.3974314990854158,"yes, registered under the customers name ",yes
-3.3521523389688235,no checking account,20.965659727395945,existing credits paid back duly till now,domestic appliances,1947.8917351205364,100 <= ... < 500 DM,.. >= 7 years,5.474357769818771,male : divorced/separated,none,3.9585221436721363,unknown / no property,31.074291064742095,none,own,2.2338841923801205,management/ self-employed/ highly qualified employee/ officer,1.3604828001371305,"yes, registered under the customers name ",yes
-1.376025854817999,< 0 DM,24.120769506001388,all credits at this bank paid back duly,radio/television,2921.677742345054,... < 100 DM,.. >= 7 years,9.191683606970004,male : single,none,5.615493560923247,"if not A121/A122 : car or other, not in attribute 6",64.45846593022915,none,own,-2.7072379356978553,skilled employee / official,3.335638130741057,none,yes
0.12042524005371447,0 <= ... < 200 DM,20.14081999474891,critical account/ other credits existing (not at this bank),domestic appliances,1657.678476417456,100 <= ... < 500 DM,1 <= ... < 4 years,8.087374732000638,male : single,none,1.9639102403031605,real estate,31.420339491644306,none,own,3.0181881354932374,skilled employee / official,-0.20069842971757001,none,yes
5.811693487288551,no checking account,43.91922490113202,critical account/ other credits existing (not at this bank),domestic appliances,7241.967512994569,... < 100 DM,... < 1 year ,-2.687955597438193,male : single,none,2.0551900777285637,"if not A121/A122 : car or other, not in attribute 6",36.430425893594624,none,own,2.4383949228708444,skilled employee / official,4.5191298096799,none,yes
3.317980109721894,< 0 DM,28.718590793441276,delay in paying off in the past,car (new),2765.9858427682916,... < 100 DM,... < 1 year ,6.263227814209352,male : divorced/separated,none,9.280003276194108,real estate,27.11530292165859,none,own,9.780644006207922,skilled employee / official,1.4468756237270486,"yes, registered under the customers name ",yes
-2.886273349024882,< 0 DM,18.69713366118186,critical account/ other credits existing (not at this bank),business,4679.048388245828,... < 100 DM,4 <= ... < 7 years,5.809201251043941,male : married/widowed,none,0.5489740477737617,"if not A121/A122 : car or other, not in attribute 6",37.77372606978556,bank,rent,6.37181258983568,unskilled - resident,3.3665371394568218,none,yes
2.0431253573528707,0 <= ... < 200 DM,24.32845607834126,existing credits paid back duly till now,domestic appliances,3090.6169211582574,... < 100 DM,1 <= ... < 4 years,-1.6358998365862734,male : single,none,2.8937995309052438,if not A121 : building society savings agreement/ life insurance,21.108565788309573,bank,own,3.1334504708035724,skilled employee / official,1.5823123241464958,none,yes
-0.2212347090509752,0 <= ... < 200 DM,9.375131765124076,delay in paying off in the past,(vacation - does not exist?),446.70030203013096,... < 100 DM,.. >= 7 years,3.0903951498685074,male : single,none,1.7493427892736024,"if not A121/A122 : car or other, not in attribute 6",21.565168585975414,bank,own,1.7475115038645388,unskilled - resident,2.129213714461684,none,yes
0.1469084858797146,0 <= ... < 200 DM,8.959752639225574,critical account/ other credits existing (not at this bank),business,654.9832394098559,... < 100 DM,... < 1 year ,7.286567234487428,male : single,none,8.356862245863917,unknown / no property,29.421015672450405,stores,for free,1.4911667651740546,unskilled - resident,-0.897175270548066,none,yes
0.5559769482461461,no checking account,-0.7812442720135575,existing credits paid back duly till now,business,1239.752507220057,... < 100 DM,... < 1 year ,5.651300532804356,female : divorced/separated/married,none,6.660478986397611,real estate,34.840581381849276,none,own,-2.0110682108993228,skilled employee / official,0.10768488442632984,none,yes
2.8575133509261796,0 <= ... < 200 DM,17.427718618996355,existing credits paid back duly till now,radio/television,1242.2771474816982,... < 100 DM,4 <= ... < 7 years,0.07271484283604313,male : single,co-applicant,-0.03504963652343207,if not A121 : building society savings agreement/ life insurance,33.807557366482975,none,own,-4.216961681599733,skilled employee / official,4.673189439786331,none,yes
-0.01777545165204608,< 0 DM,17.511603010102178,existing credits paid back duly till now,car (new),3114.1094422668425,... < 100 DM,1 <= ... < 4 years,2.8322264673885824,male : single,none,5.537784980293685,"if not A121/A122 : car or other, not in attribute 6",22.816423431993737,none,own,-1.6176773272446954,skilled employee / official,2.906531333560997,"yes, registered under the customers name ",yes
3.1915545982030755,< 0 DM,45.287996250676315,existing credits paid back duly till now,domestic appliances,2562.9051412940107,unknown/ no savings account,.. >= 7 years,-2.412501788241763,male : single,none,4.773087163829667,real estate,21.355116952571098,bank,for free,0.8568489454887088,skilled employee / official,-2.0688954986672052,"yes, registered under the customers name ",yes
-3.425814678427212,< 0 DM,19.62858626124133,critical account/ other credits existing (not at this bank),(vacation - does not exist?),5152.635141352512,... < 100 DM,1 <= ... < 4 years,3.331533472728366,female : divorced/separated/married,co-applicant,0.4501257140757837,"if not A121/A122 : car or other, not in attribute 6",26.90622790305487,none,own,-5.316617834626952,skilled employee / official,1.5425902739644943,none,yes
0.019017187086805325,no checking account,10.827967192202413,existing credits paid back duly till now,domestic appliances,1039.286447725876,... < 100 DM,1 <= ... < 4 years,6.4138703082001465,male : single,none,6.27449265168452,unknown / no property,41.66007022621829,bank,own,-0.6329653768182473,skilled employee / official,-6.121328160606277,none,yes
7.793021179787496,>= 200 DM / salary assignments for at least 1 year,20.117558041633693,no credits taken/ all credits paid back duly,radio/television,1477.1597941193575,100 <= ... < 500 DM,.. >= 7 years,4.055182646713959,male : single,none,5.16791617331323,"if not A121/A122 : car or other, not in attribute 6",41.04303149309996,none,own,1.2571609006267221,management/ self-employed/ highly qualified employee/ officer,0.27817950890175025,"yes, registered under the customers name ",yes
0.6692392278758253,0 <= ... < 200 DM,13.349935024039643,existing credits paid back duly till now,business,3578.44958098842,... < 100 DM,.. >= 7 years,-0.4968126498858376,male : single,none,1.647096141657857,"if not A121/A122 : car or other, not in attribute 6",25.01184293151926,none,own,0.35372033954362614,unskilled - resident,3.8830830298597174,"yes, registered under the customers name ",yes
4.2996435198185186,no checking account,25.689939220549274,delay in paying off in the past,car (new),1198.356284657692,500 <= ... < 1000 DM ,... < 1 year ,6.668038761317048,male : single,none,0.8742408662730137,real estate,24.401792980894175,none,own,-0.9851707945644343,unskilled - resident,0.6245632338665215,none,yes
0.27456053451962453,0 <= ... < 200 DM,30.343753311071634,existing credits paid back duly till now,radio/television,3622.6523212459097,unknown/ no savings account,4 <= ... < 7 years,6.924255445259744,male : single,none,5.293163477798954,"if not A121/A122 : car or other, not in attribute 6",57.04951552860093,bank,rent,0.975458556855799,unskilled - resident,1.3537380089980937,none,yes
1.74233128598939,no checking account,15.989830615971794,all credits at this bank paid back duly,car (used),959.8925257600022,... < 100 DM,1 <= ... < 4 years,6.930119078600851,male : married/widowed,none,2.6881629844773784,real estate,34.25083324737194,none,for free,7.171681484371586,unskilled - resident,-8.049143739560634,none,yes
-0.1703495831780746,no checking account,14.332828590835607,existing credits paid back duly till now,retraining,1162.6991069976698,unknown/ no savings account,4 <= ... < 7 years,6.6230272853391625,female : divorced/separated/married,none,4.177279999075052,real estate,46.422461702068844,none,rent,2.986435844471809,skilled employee / official,-0.17676085440845513,"yes, registered under the customers name ",yes
0.4887772565073867,< 0 DM,3.5715410433217007,existing credits paid back duly till now,business,1208.6570334959858,... < 100 DM,... < 1 year ,7.24412438181144,male : single,none,2.0769522520373096,"if not A121/A122 : car or other, not in attribute 6",49.387615964066576,none,for free,-0.6809023306944493,management/ self-employed/ highly qualified employee/ officer,2.0148166714816376,none,no
-2.338447190176259,0 <= ... < 200 DM,14.6341757367246,existing credits paid back duly till now,domestic appliances,3077.3213150900283,... < 100 DM,1 <= ... < 4 years,4.198725672312603,male : divorced/separated,none,9.081298722287478,if not A121 : building society savings agreement/ life insurance,57.7263710753709,none,own,0.79495663491411,skilled employee / official,2.395869626195019,none,yes
1.2909040768726596,0 <= ... < 200 DM,19.88099094934338,existing credits paid back duly till now,domestic appliances,3759.543876230391,... < 100 DM,1 <= ... < 4 years,4.796585947349416,male : married/widowed,none,0.8487401699543589,real estate,59.888361976850604,none,own,0.9150599930431993,skilled employee / official,3.8870671340030927,"yes, registered under the customers name ",yes
-2.554611567557304,no checking account,10.985103918494614,existing credits paid back duly till now,car (new),1422.1332087088242,... < 100 DM,... < 1 year ,3.268526999291442,female : divorced/separated/married,guarantor,3.282908656639235,unknown / no property,32.04237507502236,none,own,-1.3038663012204532,skilled employee / official,0.3692267446797153,"yes, registered under the customers name ",yes
1.9967557089402874,< 0 DM,6.536222889858982,delay in paying off in the past,car (used),3517.9932492664875,... < 100 DM,.. >= 7 years,1.288220842707794,male : single,none,2.0392777730957015,"if not A121/A122 : car or other, not in attribute 6",23.833633189314227,none,rent,-1.3073906532315638,unskilled - resident,0.5030325621275525,none,yes
3.25586101333773,0 <= ... < 200 DM,10.151120735423676,critical account/ other credits existing (not at this bank),furniture/equipment,1936.4459482165148,unknown/ no savings account,4 <= ... < 7 years,-1.6371048791791774,male : single,none,7.278641808347899,"if not A121/A122 : car or other, not in attribute 6",25.236496839780155,none,own,5.031572060980139,management/ self-employed/ highly qualified employee/ officer,-2.9963522882295868,none,yes
2.0995942217116896,no checking account,26.93194417402306,existing credits paid back duly till now,domestic appliances,8315.8946991612,... < 100 DM,... < 1 year ,-0.8659345264594265,male : single,none,1.2895523883284783,unknown / no property,34.93634815712432,stores,own,0.7406468674495519,skilled employee / official,0.3864353824804059,none,yes
-0.8587462006670756,no checking account,4.13237954200334,delay in paying off in the past,radio/television,1239.2978663581787,... < 100 DM,.. >= 7 years,0.15395655419437104,male : single,none,-1.205789785280996,real estate,26.37771528990957,none,for free,-1.2840891610926146,unskilled - resident,-2.784725187193396,"yes, registered under the customers name ",yes
1.3618967379260882,< 0 DM,2.784896019414767,existing credits paid back duly till now,radio/television,365.71402542851905,... < 100 DM,1 <= ... < 4 years,4.724356478807288,female : divorced/separated/married,co-applicant,1.090545810214524,real estate,36.36628780431526,none,own,0.870578967791672,skilled employee / official,-4.543610359416251,"yes, registered under the customers name ",yes
-0.9260191666392379,no checking account,10.939155775159067,existing credits paid back duly till now,domestic appliances,2125.2719798082644,... < 100 DM,4 <= ... < 7 years,7.32243779401279,male : single,none,2.9703951528518306,"if not A121/A122 : car or other, not in attribute 6",41.3512793021934,none,rent,2.354029259387371,skilled employee / official,-1.255538110331735,none,yes
3.806641376395448,>= 200 DM / salary assignments for at least 1 year,20.688034093885015,existing credits paid back duly till now,domestic appliances,3002.63192263218,... < 100 DM,.. >= 7 years,1.8746083163734624,male : single,guarantor,-0.11915197870592564,"if not A121/A122 : car or other, not in attribute 6",21.05725813703012,none,own,-4.918112672581506,unskilled - resident,5.526054723411915,none,yes
-4.494218252645371,no checking account,36.968392392279746,existing credits paid back duly till now,car (new),9033.633748336086,unknown/ no savings account,... < 1 year ,7.010428872632992,male : single,none,-0.4355854842732989,unknown / no property,27.19791011669199,none,rent,0.877760926548421,skilled employee / official,0.18831639546017032,"yes, registered under the customers name ",no
-1.0068221043559387,no checking account,20.549743517542908,existing credits paid back duly till now,(vacation - does not exist?),1578.4223695275778,... < 100 DM,... < 1 year ,7.237946969296362,male : divorced/separated,none,-3.4570974685628544,if not A121 : building society savings agreement/ life insurance,41.76988253608871,none,own,4.603939803044781,skilled employee / official,1.6596320890700973,none,yes
-5.972435985371993,no checking account,20.135931068973154,all credits at this bank paid back duly,domestic appliances,1299.3557812002655,500 <= ... < 1000 DM ,... < 1 year ,3.3056596069336273,male : single,guarantor,2.7212640623842717,real estate,34.16978917947131,none,own,2.3536881565654992,unskilled - resident,-0.5404887535941683,"yes, registered under the customers name ",yes
-4.485182490681615,no checking account,2.45556279621354,critical account/ other credits existing (not at this bank),domestic appliances,1326.695625402868,... < 100 DM,1 <= ... < 4 years,3.7840706341105514,female : divorced/separated/married,none,2.4993554237312123,real estate,25.69436263062577,none,own,8.689385345584913,skilled employee / official,-3.371653058355692,none,yes
5.091586689441728,no checking account,22.30111525325698,no credits taken/ all credits paid back duly,domestic appliances,3124.6592303610755,... < 100 DM,4 <= ... < 7 years,3.2694158748254156,male : single,none,-3.464170231795559,if not A121 : building society savings agreement/ life insurance,25.520927233852746,bank,own,4.753328446936537,unemployed/ unskilled - non-resident,3.808339374789122,none,yes
2.685554945915058,0 <= ... < 200 DM,34.12618977535446,critical account/ other credits existing (not at this bank),domestic appliances,5493.746740796025,500 <= ... < 1000 DM ,1 <= ... < 4 years,5.966407682235431,female : divorced/separated/married,none,7.256828208922176,if not A121 : building society savings agreement/ life insurance,35.32391043870605,none,for free,5.346802074252561,skilled employee / official,-4.516594419566767,none,yes
-2.158440699854371,no checking account,12.975440186624517,existing credits paid back duly till now,furniture/equipment,1129.0260050678646,... < 100 DM,.. >= 7 years,3.9075300147977967,male : single,none,0.0769993048451818,"if not A121/A122 : car or other, not in attribute 6",45.72802007689214,none,rent,9.40025780774298,unskilled - resident,-0.6643780303749753,"yes, registered under the customers name ",yes
-3.5075103681226913,< 0 DM,24.990869836849775,all credits at this bank paid back duly,car (new),1217.4533603177454,... < 100 DM,1 <= ... < 4 years,0.42854873593493403,female : divorced/separated/married,none,6.390831070084646,real estate,35.77259131872926,none,own,4.274468785323793,skilled employee / official,1.8361553574498166,"yes, registered under the customers name ",yes
-7.893586513524953,no checking account,23.364798592366817,critical account/ other credits existing (not at this bank),car (new),1210.6531755623535,... < 100 DM,1 <= ... < 4 years,4.48457395646154,female : divorced/separated/married,none,1.8968775280365868,"if not A121/A122 : car or other, not in attribute 6",24.222498529818065,none,own,1.489210623798103,skilled employee / official,1.6914689302895656,"yes, registered under the customers name ",no
-0.6304865237979036,< 0 DM,11.496158323209169,existing credits paid back duly till now,car (new),1311.758271029941,... < 100 DM,4 <= ... < 7 years,8.944336485471638,male : single,none,8.804714133686279,if not A121 : building society savings agreement/ life insurance,24.163851961920553,bank,own,3.921220880293996,skilled employee / official,-1.1794088135866097,"yes, registered under the customers name ",yes
7.261245036742207,0 <= ... < 200 DM,8.678422958010936,all credits at this bank paid back duly,education,2364.565101358211,... < 100 DM,... < 1 year ,1.4563068963598966,male : single,none,4.248651616778439,"if not A121/A122 : car or other, not in attribute 6",34.45964403885267,bank,own,-0.6777093001849812,skilled employee / official,-4.513884449164923,"yes, registered under the customers name ",yes
2.304652814390942,no checking account,14.870599231077279,critical account/ other credits existing (not at this bank),business,6851.0763882517185,unknown/ no savings account,4 <= ... < 7 years,2.3431450902852045,male : married/widowed,none,-1.0241436126220842,if not A121 : building society savings agreement/ life insurance,30.324007955252203,none,own,1.323058958484908,unskilled - resident,-0.4032798770063146,"yes, registered under the customers name ",yes
-1.6787168581484684,0 <= ... < 200 DM,29.992542533414287,critical account/ other credits existing (not at this bank),car (new),1415.715778204482,unknown/ no savings account,.. >= 7 years,5.637636513217435,male : single,none,-0.7512476566309187,"if not A121/A122 : car or other, not in attribute 6",28.513341695593812,none,own,-0.943182929234941,skilled employee / official,-1.2462739628589872,none,yes
1.3952406285009187,no checking account,39.397039519208015,delay in paying off in the past,domestic appliances,8587.078618780743,... < 100 DM,.. >= 7 years,0.8901313025061985,male : single,none,3.81657561567293,real estate,46.277143783754724,none,own,2.193953672688645,skilled employee / official,-1.319280485465241,none,yes
-3.6828750589833286,< 0 DM,12.203739507508006,existing credits paid back duly till now,domestic appliances,757.195617565323,... < 100 DM,unemployed,5.532123847640541,female : divorced/separated/married,guarantor,1.2128656078694995,unknown / no property,27.207096045259465,none,own,-0.9557272640594605,skilled employee / official,3.91017577062281,"yes, registered under the customers name ",yes
-0.8919700880929062,no checking account,37.64438513892659,no credits taken/ all credits paid back duly,domestic appliances,4691.120302921257,... < 100 DM,... < 1 year ,-2.181505456103877,male : single,none,1.4919724789359035,if not A121 : building society savings agreement/ life insurance,32.037083395715776,none,own,-1.060785499585153,skilled employee / official,-2.640808334417427,"yes, registered under the customers name ",yes
0.29843241904721546,< 0 DM,17.686815729943035,existing credits paid back duly till now,car (new),2687.648614028968,... < 100 DM,1 <= ... < 4 years,0.12312768079581171,female : divorced/separated/married,none,7.816716585316294,real estate,21.37678101049582,none,own,2.240419879316513,skilled employee / official,1.9029378233144767,"yes, registered under the customers name ",yes
-0.2583019554631455,0 <= ... < 200 DM,6.007599921330421,existing credits paid back duly till now,car (new),587.4146416975872,... < 100 DM,1 <= ... < 4 years,7.227168902482576,male : single,none,1.7539333798901304,if not A121 : building society savings agreement/ life insurance,18.140139008321448,none,for free,1.5868656776582983,skilled employee / official,1.4748911116537473,none,yes
2.3724183650702417,0 <= ... < 200 DM,18.953020554626917,existing credits paid back duly till now,business,2255.371220043234,... < 100 DM,1 <= ... < 4 years,5.070268870925074,male : divorced/separated,none,1.2738813165263634,if not A121 : building society savings agreement/ life insurance,52.77807998304455,bank,own,-4.782563407150241,skilled employee / official,3.88136523241501,"yes, registered under the customers name ",yes
1.033935678708157,0 <= ... < 200 DM,6.63087387325844,delay in paying off in the past,domestic appliances,607.2404530472401,unknown/ no savings account,... < 1 year ,3.086566576760419,female : divorced/separated/married,none,5.863883380956918,real estate,35.79011406123812,none,rent,-2.366670763936269,skilled employee / official,0.6006043847892063,none,yes
2.004978054323991,>= 200 DM / salary assignments for at least 1 year,3.855370314307471,delay in paying off in the past,(vacation - does not exist?),1361.0329486777473,... < 100 DM,4 <= ... < 7 years,3.3393830637355624,male : married/widowed,none,6.427352465156801,real estate,40.22494365396951,none,for free,-2.44179947438439,skilled employee / official,4.373392901592676,"yes, registered under the customers name ",yes
-1.0651168466922782,>= 200 DM / salary assignments for at least 1 year,39.93607578665974,existing credits paid back duly till now,domestic appliances,7131.307982053303,... < 100 DM,... < 1 year ,1.8197232567346058,male : single,none,3.5211619974379826,real estate,27.27662411711306,none,own,-0.648915718341923,skilled employee / official,0.48333958571770586,none,yes
2.6934462252316442,0 <= ... < 200 DM,5.054476830344329,existing credits paid back duly till now,domestic appliances,1204.6657202228382,unknown/ no savings account,4 <= ... < 7 years,3.0377355070555,male : single,none,1.1332823574420252,real estate,45.436288638053796,none,rent,2.2432699884359146,unskilled - resident,2.3031775797544007,none,yes
4.8868108428719745,< 0 DM,0.19640779286064625,all credits at this bank paid back duly,car (used),694.8655805208086,... < 100 DM,unemployed,5.970455580160413,male : single,none,-1.2164463875627947,real estate,33.03744666045392,none,own,2.6568165412149076,skilled employee / official,-3.508823261741722,"yes, registered under the customers name ",yes
-2.9104485589542377,< 0 DM,20.19595824946801,critical account/ other credits existing (not at this bank),car (used),5506.354266630272,unknown/ no savings account,.. >= 7 years,0.8178967780226043,male : single,none,0.8312650220044127,real estate,46.0352086258899,none,own,5.195838115097597,skilled employee / official,-6.914834228873326,"yes, registered under the customers name ",yes
-1.6630869671436792,< 0 DM,9.750971941108274,existing credits paid back duly till now,car (new),3195.346881378114,... < 100 DM,.. >= 7 years,2.121009216664072,male : single,none,2.9550776797242007,real estate,25.92090710299721,none,for free,3.2584054688253135,skilled employee / official,2.1326405606975603,none,yes
5.007353008960699,0 <= ... < 200 DM,47.297623388151266,critical account/ other credits existing (not at this bank),business,7118.35860941445,100 <= ... < 500 DM,1 <= ... < 4 years,2.0631954161800414,female : divorced/separated/married,none,3.5863534331732914,"if not A121/A122 : car or other, not in attribute 6",50.5817975811453,none,own,5.215708868547973,skilled employee / official,3.2935493781176888,"yes, registered under the customers name ",yes
-0.5740319600851809,>= 200 DM / salary assignments for at least 1 year,23.43484761820685,existing credits paid back duly till now,radio/television,3482.5985639247974,100 <= ... < 500 DM,1 <= ... < 4 years,-1.7568101238007667,male : single,none,4.224781235698679,real estate,25.546597767906317,none,own,2.8251885743773686,skilled employee / official,2.4265069994556474,none,yes
4.211464176199671,no checking account,16.726611870654306,critical account/ other credits existing (not at this bank),business,1118.6791466562677,.. >= 1000 DM ,.. >= 7 years,1.2386327312521006,male : married/widowed,none,7.117760828902181,if not A121 : building society savings agreement/ life insurance,25.51887009216421,none,own,1.629037927274469,skilled employee / official,0.4252024557359624,"yes, registered under the customers name ",yes
-1.3276071356765518,< 0 DM,29.236637117089217,delay in paying off in the past,business,7968.047177529438,100 <= ... < 500 DM,1 <= ... < 4 years,6.7046193411914965,male : single,none,-0.5619693271868234,real estate,25.770139529956666,none,own,5.298055226862966,skilled employee / official,5.469166756631118,none,yes
4.365136728812134,0 <= ... < 200 DM,18.595559509550082,critical account/ other credits existing (not at this bank),domestic appliances,1531.7899614235616,... < 100 DM,... < 1 year ,5.1541699437557025,male : divorced/separated,none,2.29145909330205,real estate,32.365608173911426,bank,own,3.758238375220299,management/ self-employed/ highly qualified employee/ officer,-0.37963344721106584,"yes, registered under the customers name ",yes
0.39445745041635655,0 <= ... < 200 DM,3.4888347299316664,existing credits paid back duly till now,radio/television,1501.8857467917537,... < 100 DM,1 <= ... < 4 years,-1.9707649042041675,male : single,none,1.566132890233653,real estate,42.650885470843576,none,own,3.1282861026619737,unskilled - resident,3.2626370590171083,none,yes
1.7746864699680855,0 <= ... < 200 DM,29.595918997569434,existing credits paid back duly till now,radio/television,2305.2470557893753,500 <= ... < 1000 DM ,1 <= ... < 4 years,-0.6210631275452316,female : divorced/separated/married,co-applicant,1.887520187276452,unknown / no property,30.316967112442516,bank,own,4.813215612580427,skilled employee / official,2.7839086750122357,none,yes
4.694154065009713,0 <= ... < 200 DM,7.851844741476775,existing credits paid back duly till now,car (new),660.3740497993214,... < 100 DM,1 <= ... < 4 years,2.663508299668248,male : single,none,8.29443134178225,"if not A121/A122 : car or other, not in attribute 6",40.8876407450501,none,own,-6.03736472751019,skilled employee / official,7.156220479247332,"yes, registered under the customers name ",yes
-1.0853114323325137,no checking account,37.66608068552573,existing credits paid back duly till now,car (used),2276.444769273548,... < 100 DM,1 <= ... < 4 years,7.683559599529447,male : single,none,3.7257604048394426,if not A121 : building society savings agreement/ life insurance,29.842743563334615,none,own,1.1286104775786505,skilled employee / official,1.0489111406304992,"yes, registered under the customers name ",yes
-1.823366287774875,>= 200 DM / salary assignments for at least 1 year,15.928174710470834,existing credits paid back duly till now,car (new),2632.626585857173,... < 100 DM,1 <= ... < 4 years,1.4397255955869421,female : divorced/separated/married,none,4.870399981266266,"if not A121/A122 : car or other, not in attribute 6",29.83039151139133,none,own,1.082628603044807,skilled employee / official,-0.9595787186874585,none,yes
-1.345692624085063,0 <= ... < 200 DM,14.944439247924347,existing credits paid back duly till now,radio/television,1503.7340457764622,... < 100 DM,.. >= 7 years,7.920998660212048,male : divorced/separated,none,9.382695337985758,if not A121 : building society savings agreement/ life insurance,40.86964809647322,none,own,4.458048632444711,skilled employee / official,-3.494436153245969,"yes, registered under the customers name ",yes
1.357001851929416,0 <= ... < 200 DM,20.50551571061688,existing credits paid back duly till now,car (new),1311.4365444160069,... < 100 DM,1 <= ... < 4 years,5.0557923124559725,male : single,none,-1.4966858388304267,"if not A121/A122 : car or other, not in attribute 6",26.499346531844683,none,own,5.714184990852308,skilled employee / official,5.657101019987419,none,yes
-4.6972772165415435,< 0 DM,30.026266158555416,existing credits paid back duly till now,radio/television,3104.4750958898576,100 <= ... < 500 DM,4 <= ... < 7 years,5.413751373537681,male : divorced/separated,none,1.9768211566829548,unknown / no property,26.071425773286617,none,rent,-2.3505381106307874,skilled employee / official,2.2642327211456204,"yes, registered under the customers name ",yes
2.9124127079533646,no checking account,18.121716740574396,existing credits paid back duly till now,domestic appliances,2322.1369203606278,unknown/ no savings account,.. >= 7 years,-2.0071615279137083,male : single,none,2.0990109068021834,unknown / no property,29.536243156721024,bank,own,5.233501522447828,management/ self-employed/ highly qualified employee/ officer,2.3591833176829065,none,yes
-1.6163139528532295,no checking account,8.247668781602563,existing credits paid back duly till now,domestic appliances,1371.4039715036945,... < 100 DM,1 <= ... < 4 years,6.812568765249273,female : divorced/separated/married,co-applicant,0.25633485961823377,real estate,72.31715093435385,none,own,-2.5143355580788067,skilled employee / official,10.35011272397176,none,yes
3.4434379822006904,0 <= ... < 200 DM,12.937956916759944,all credits at this bank paid back duly,car (new),3607.1342246195095,unknown/ no savings account,1 <= ... < 4 years,1.9952038881791783,male : single,none,4.902143625453185,unknown / no property,30.370166621151373,none,own,-2.423645736682468,management/ self-employed/ highly qualified employee/ officer,1.9751342235588982,none,yes
-6.182780914701414,no checking account,45.20920593818985,critical account/ other credits existing (not at this bank),domestic appliances,7764.843320368677,... < 100 DM,unemployed,6.589277360832725,male : single,none,0.6802525186363657,real estate,43.69422677547122,none,own,0.29714289301790586,skilled employee / official,-2.9069642153000967,none,yes
-2.359697325312506,>= 200 DM / salary assignments for at least 1 year,22.54910594017601,existing credits paid back duly till now,car (new),3050.8937149842013,... < 100 DM,.. >= 7 years,-1.442509945958339,male : single,none,3.0716719548227593,real estate,41.3633699287597,none,own,0.04538058360224628,skilled employee / official,0.4122892750210716,none,no
-4.059404453702306,no checking account,11.21730053099745,critical account/ other credits existing (not at this bank),car (used),1535.4407234575353,... < 100 DM,1 <= ... < 4 years,1.5311480425297375,male : single,guarantor,4.17350430438672,real estate,23.397709129686955,none,rent,-3.6752518391506293,skilled employee / official,-1.9243472265459598,none,yes
-2.478688399091858,< 0 DM,26.519767815398396,existing credits paid back duly till now,radio/television,2033.223185108854,.. >= 1000 DM ,unemployed,5.056008861812894,female : divorced/separated/married,none,4.8170002033849855,"if not A121/A122 : car or other, not in attribute 6",61.112964674818656,stores,own,3.9496339204777007,skilled employee / official,-0.18760518374831725,"yes, registered under the customers name ",yes
1.7429977033268294,< 0 DM,30.71086616615774,no credits taken/ all credits paid back duly,radio/television,6349.038378864987,.. >= 1000 DM ,1 <= ... < 4 years,3.5379000502724005,male : single,none,-1.5583934451948371,"if not A121/A122 : car or other, not in attribute 6",32.80705851667756,none,own,3.0382072741798063,skilled employee / official,-0.20776880826382182,none,yes
0.46232012365073527,no checking account,17.685125531999482,existing credits paid back duly till now,car (used),2866.3624481131565,... < 100 DM,1 <= ... < 4 years,3.21363557925847,male : single,none,-1.9003805634981035,if not A121 : building society savings agreement/ life insurance,30.387949258491822,none,rent,4.1621247884910115,skilled employee / official,0.23892682679885135,"yes, registered under the customers name ",yes
-0.7601327068440449,no checking account,16.091550974798068,existing credits paid back duly till now,business,1254.8633256197363,... < 100 DM,unemployed,3.2008087744224736,male : single,none,5.6941300096394825,"if not A121/A122 : car or other, not in attribute 6",60.80451514557792,none,own,0.6996340106664045,skilled employee / official,-3.179847516066191,none,no
0.5224453858598176,< 0 DM,23.290023526044298,critical account/ other credits existing (not at this bank),car (used),1331.5386593175544,... < 100 DM,... < 1 year ,2.052820740876162,male : single,none,2.0635959305370974,real estate,48.01084126236324,none,rent,1.881251855082654,skilled employee / official,6.777504901016888,"yes, registered under the customers name ",yes
0.6101647218598303,0 <= ... < 200 DM,18.65778567730959,critical account/ other credits existing (not at this bank),business,2021.0643260632337,... < 100 DM,4 <= ... < 7 years,8.816450148381893,male : married/widowed,none,-4.082007853077464,"if not A121/A122 : car or other, not in attribute 6",42.14294403995295,none,for free,0.908718505292072,skilled employee / official,1.8965441333151813,"yes, registered under the customers name ",yes
-3.025608125829323,0 <= ... < 200 DM,21.590279724144885,no credits taken/ all credits paid back duly,radio/television,1558.0619190963275,unknown/ no savings account,.. >= 7 years,6.146858599084327,male : single,none,4.728491151604722,real estate,34.96196928208085,bank,own,6.063986324405393,skilled employee / official,1.3235838958992852,none,yes
3.1205489226971523,< 0 DM,13.653575186105083,delay in paying off in the past,business,620.7950717538637,... < 100 DM,1 <= ... < 4 years,1.7174057648554695,female : divorced/separated/married,co-applicant,4.409969518761497,if not A121 : building society savings agreement/ life insurance,25.012479416456518,none,own,-7.502734347899654,unskilled - resident,3.272913488547229,none,no
1.9879979111564516,0 <= ... < 200 DM,49.186527319087524,delay in paying off in the past,car (used),8859.499364312887,... < 100 DM,4 <= ... < 7 years,3.7053329167838385,male : divorced/separated,none,-1.4572239920001353,real estate,31.98468083346387,none,rent,-0.8708330469673102,skilled employee / official,2.413201824548173,none,yes
1.155113812968303,no checking account,7.298825249293685,existing credits paid back duly till now,repairs,990.9626687171288,unknown/ no savings account,1 <= ... < 4 years,1.771963435896541,male : single,none,6.984866792699993,"if not A121/A122 : car or other, not in attribute 6",25.15586487617316,none,own,2.016622528375393,unskilled - resident,1.8270721982261426,"yes, registered under the customers name ",yes
1.6696003282537895,0 <= ... < 200 DM,3.8269724417753967,no credits taken/ all credits paid back duly,domestic appliances,1749.6752999850312,... < 100 DM,4 <= ... < 7 years,-1.5540539309869725,male : single,none,1.9673799612793035,"if not A121/A122 : car or other, not in attribute 6",44.52593631375948,none,own,-2.256710704746509,skilled employee / official,4.054994218300481,none,yes
1.8892540024259785,>= 200 DM / salary assignments for at least 1 year,46.25483595239326,critical account/ other credits existing (not at this bank),business,6997.699117544537,100 <= ... < 500 DM,.. >= 7 years,4.101428324196929,male : single,none,-1.065356352812644,real estate,35.68158482581853,none,for free,1.2250389281866478,unskilled - resident,1.4018042312759698,none,yes
6.105219908193202,no checking account,10.903591217657326,existing credits paid back duly till now,car (used),1988.7449151099604,... < 100 DM,4 <= ... < 7 years,-1.1122988769422175,female : divorced/separated/married,none,2.0750579530421085,"if not A121/A122 : car or other, not in attribute 6",25.10146963544365,none,for free,0.6217733908902718,skilled employee / official,3.0106643709747742,none,yes
-0.2612825131575297,no checking account,4.8722592341953455,existing credits paid back duly till now,repairs,1200.1671127713014,.. >= 1000 DM ,... < 1 year ,6.780567740729623,male : single,none,9.343115377726885,real estate,66.48120066148022,bank,rent,0.026941673622593587,skilled employee / official,3.2593369026333256,"yes, registered under the customers name ",yes
0.07875034499626976,0 <= ... < 200 DM,10.114886675641564,existing credits paid back duly till now,(vacation - does not exist?),1329.8598858134235,... < 100 DM,1 <= ... < 4 years,1.2418330622808245,male : married/widowed,none,5.8707615339186585,"if not A121/A122 : car or other, not in attribute 6",22.492442080229274,none,for free,1.1934067783080176,skilled employee / official,1.4881562050984092,none,yes
-1.2605827410721338,0 <= ... < 200 DM,15.814168544221417,all credits at this bank paid back duly,car (used),2271.7023809723164,... < 100 DM,.. >= 7 years,2.3653601907584143,female : divorced/separated/married,none,4.07913449671232,unknown / no property,28.738834274481576,none,for free,3.8844478332734402,skilled employee / official,0.33881651951165304,none,yes
-2.0967880117335103,0 <= ... < 200 DM,23.314599779285757,critical account/ other credits existing (not at this bank),radio/television,5005.518704272323,... < 100 DM,.. >= 7 years,2.229253658869869,male : married/widowed,none,5.387156976550959,real estate,30.481168143380746,none,own,1.291200664906994,skilled employee / official,5.591193404361727,none,yes
-2.733415362803226,>= 200 DM / salary assignments for at least 1 year,26.42736393297073,existing credits paid back duly till now,radio/television,3556.3050185339666,unknown/ no savings account,.. >= 7 years,4.743596435982758,female : divorced/separated/married,none,6.3744967962544745,unknown / no property,25.262415046425303,bank,for free,-0.359584201906207,skilled employee / official,-0.4337046193203007,"yes, registered under the customers name ",yes
-1.6663919396927556,< 0 DM,17.56256862573355,critical account/ other credits existing (not at this bank),radio/television,1932.4703730268898,... < 100 DM,... < 1 year ,-0.4790295304867245,male : single,co-applicant,-1.7709510261080474,if not A121 : building society savings agreement/ life insurance,26.97014664366939,none,for free,1.5027052500383835,skilled employee / official,2.173940801282037,"yes, registered under the customers name ",yes
-0.21204114495621396,no checking account,22.823880612387807,existing credits paid back duly till now,business,2965.0768693219543,unknown/ no savings account,1 <= ... < 4 years,6.15317682625019,male : single,co-applicant,5.932445011455948,real estate,53.87435511969939,none,own,0.9776909600632319,management/ self-employed/ highly qualified employee/ officer,3.2417252322172,none,yes
2.002885385493143,< 0 DM,24.41977293611734,existing credits paid back duly till now,business,1546.1381744157313,unknown/ no savings account,.. >= 7 years,4.340111614075671,male : single,co-applicant,1.7977795955694154,if not A121 : building society savings agreement/ life insurance,31.467762507070073,none,rent,-4.220958696003265,skilled employee / official,-0.8286735567909067,"yes, registered under the customers name ",yes
0.15342617565648536,< 0 DM,3.550274677633275,existing credits paid back duly till now,radio/television,686.9844698626874,... < 100 DM,1 <= ... < 4 years,-1.7681643786041144,male : single,none,1.955434200389742,"if not A121/A122 : car or other, not in attribute 6",30.342262133607136,none,for free,2.3846617538838357,skilled employee / official,-1.42346715593448,none,yes
-1.296605832289139,< 0 DM,32.55950375349768,critical account/ other credits existing (not at this bank),business,12394.04715075602,100 <= ... < 500 DM,... < 1 year ,0.49037654926078245,male : single,none,3.317597117177988,"if not A121/A122 : car or other, not in attribute 6",33.02802371580967,none,own,-0.3530036883403831,skilled employee / official,-0.06155606260955304,none,yes
2.7005536920598896,no checking account,21.17933637322285,existing credits paid back duly till now,radio/television,4715.400706108627,100 <= ... < 500 DM,.. >= 7 years,8.143837046676778,male : married/widowed,co-applicant,3.503624981342643,if not A121 : building society savings agreement/ life insurance,34.68041464947137,none,own,5.784605224433154,unskilled - resident,-0.47665055952682334,"yes, registered under the customers name ",yes
2.2182380169028426,< 0 DM,22.09556050808563,critical account/ other credits existing (not at this bank),business,1550.1753871933106,... < 100 DM,4 <= ... < 7 years,8.029784394737089,male : married/widowed,guarantor,2.35431039501938,real estate,24.527352707152907,none,own,3.773160426927424,skilled employee / official,-3.3743916849165956,"yes, registered under the customers name ",yes
0.521055077733949,no checking account,8.509578600623186,existing credits paid back duly till now,radio/television,1372.6040345596448,unknown/ no savings account,... < 1 year ,4.152045372826032,male : single,none,-6.2190908124639,"if not A121/A122 : car or other, not in attribute 6",40.02334683504386,none,rent,4.510199212658965,skilled employee / official,-0.9544852475578267,none,yes
-1.9587484339941361,0 <= ... < 200 DM,24.486178677188626,existing credits paid back duly till now,car (new),2579.318548432874,... < 100 DM,.. >= 7 years,-1.5710304645051103,female : divorced/separated/married,none,2.5366751351155417,"if not A121/A122 : car or other, not in attribute 6",30.361328096374432,bank,rent,-2.033011381144725,skilled employee / official,1.7986689539036866,none,yes
1.6452837624893986,no checking account,50.189147021351125,existing credits paid back duly till now,radio/television,3973.571149093248,... < 100 DM,4 <= ... < 7 years,5.471820707367664,female : divorced/separated/married,none,2.926458856897788,if not A121 : building society savings agreement/ life insurance,40.627001537453296,none,own,0.8858400764377203,skilled employee / official,5.797830752445796,"yes, registered under the customers name ",yes
1.5639207624583134,0 <= ... < 200 DM,43.238705097605276,critical account/ other credits existing (not at this bank),car (new),6759.408081978862,... < 100 DM,... < 1 year ,5.552582711577578,female : divorced/separated/married,none,3.337785045015361,"if not A121/A122 : car or other, not in attribute 6",31.587796193331908,none,own,-2.7273754623722275,unskilled - resident,2.6631740055209,none,yes
-3.3443817782451433,>= 200 DM / salary assignments for at least 1 year,24.0753861336481,existing credits paid back duly till now,(vacation - does not exist?),3240.8189754779382,... < 100 DM,1 <= ... < 4 years,6.177123949956166,female : divorced/separated/married,none,3.692242161374261,if not A121 : building society savings agreement/ life insurance,25.593735353857625,none,own,-1.1155736267879783,skilled employee / official,-6.798603495110715,"yes, registered under the customers name ",yes
-0.2039407679532147,no checking account,29.340192614200994,existing credits paid back duly till now,car (used),5955.919808497402,... < 100 DM,.. >= 7 years,5.354862866063755,male : single,none,6.926485075791218,real estate,36.96919671679886,none,rent,4.7563162735257745,skilled employee / official,2.9239111442719827,"yes, registered under the customers name ",no
0.786107436223143,no checking account,25.02452605661041,existing credits paid back duly till now,radio/television,5437.420239244325,... < 100 DM,4 <= ... < 7 years,3.0897892377425924,male : single,none,4.934119387364984,real estate,21.308555926034227,none,own,5.462471733767486,skilled employee / official,-0.6744553576871533,none,yes
-2.6990843594632614,no checking account,14.961183695689236,critical account/ other credits existing (not at this bank),domestic appliances,806.5487441903861,... < 100 DM,... < 1 year ,3.782762983508369,male : single,none,5.313019900579318,"if not A121/A122 : car or other, not in attribute 6",23.863592678358707,none,rent,-2.4443998844133796,unskilled - resident,2.359240224063289,none,yes
0.569530178512329,0 <= ... < 200 DM,4.639202160205107,critical account/ other credits existing (not at this bank),domestic appliances,1081.7803450280485,unknown/ no savings account,... < 1 year ,2.174897512287945,male : single,none,7.1334756821517065,if not A121 : building society savings agreement/ life insurance,30.374387895513713,none,own,0.6251669950481493,skilled employee / official,0.9575942223681158,none,yes
-4.364467455773367,< 0 DM,11.212832103428504,existing credits paid back duly till now,domestic appliances,2789.143814170243,... < 100 DM,1 <= ... < 4 years,-3.693806555504489,male : single,none,4.087778999089796,"if not A121/A122 : car or other, not in attribute 6",23.75222561476452,none,own,1.7714129839281525,unskilled - resident,0.4219371217395167,"yes, registered under the customers name ",yes
4.008558300036513,no checking account,12.088270726754919,critical account/ other credits existing (not at this bank),domestic appliances,2927.552520056047,unknown/ no savings account,.. >= 7 years,3.0189253001400527,male : single,guarantor,-1.6940532602426108,unknown / no property,28.215720273919295,none,own,2.7568169254293435,skilled employee / official,0.6932928161135762,none,yes
3.7438499551782956,< 0 DM,27.08634275923653,existing credits paid back duly till now,car (new),1924.108674438297,... < 100 DM,unemployed,3.5581585309565655,male : married/widowed,none,-5.3150122413388665,real estate,31.576526311718787,none,own,-3.279430790609478,skilled employee / official,0.9327270751906599,none,yes
0.24244799709110576,0 <= ... < 200 DM,29.35743788687099,existing credits paid back duly till now,car (new),2823.798913671508,... < 100 DM,.. >= 7 years,5.672727528474448,female : divorced/separated/married,none,2.5686372939457556,real estate,24.462681615822316,bank,own,-2.809000244585315,skilled employee / official,5.033214916270731,"yes, registered under the customers name ",yes
1.0903630135172195,no checking account,25.03717973940474,existing credits paid back duly till now,car (new),941.1170270285995,unknown/ no savings account,unemployed,-0.012631079878682172,female : divorced/separated/married,none,5.28283657764335,"if not A121/A122 : car or other, not in attribute 6",30.079277041641657,none,own,3.468878431617207,skilled employee / official,0.9410194387447377,"yes, registered under the customers name ",yes
-6.229765897399625,no checking account,21.56886601586293,no credits taken/ all credits paid back duly,repairs,1053.026681053238,unknown/ no savings account,1 <= ... < 4 years,4.9350500679451805,male : married/widowed,none,1.9407110057465826,real estate,31.162487543443383,none,rent,-3.8471157067537733,management/ self-employed/ highly qualified employee/ officer,4.256608399543601,"yes, registered under the customers name ",yes
-3.4690429807959986,no checking account,11.540922371381361,critical account/ other credits existing (not at this bank),(vacation - does not exist?),3126.9039964136614,100 <= ... < 500 DM,1 <= ... < 4 years,7.163635283862331,male : divorced/separated,none,5.403535116845188,real estate,50.47110579820565,none,own,0.6596077815833892,unskilled - resident,4.819717597536972,"yes, registered under the customers name ",yes
-0.8813367604563894,< 0 DM,10.650607488079322,no credits taken/ all credits paid back duly,car (new),1387.739120073182,unknown/ no savings account,1 <= ... < 4 years,4.235350392333734,female : divorced/separated/married,none,2.4461845277608187,unknown / no property,30.50634544398384,none,for free,1.486275425676522,unskilled - resident,3.001136642750959,none,yes
-2.2163990642805773,no checking account,33.89079275730659,existing credits paid back duly till now,car (new),2385.019425723471,500 <= ... < 1000 DM ,1 <= ... < 4 years,3.8150040423803775,male : married/widowed,none,4.8641982107865545,real estate,29.83547299704428,none,rent,2.2469979097993518,skilled employee / official,-4.359856460389032,none,yes
2.1431894478919764,>= 200 DM / salary assignments for at least 1 year,11.641901402169369,delay in paying off in the past,domestic appliances,2134.3806559183054,... < 100 DM,... < 1 year ,4.927007068257103,male : single,none,3.1143498786380164,"if not A121/A122 : car or other, not in attribute 6",50.34392119552173,none,own,0.5748457133685039,unskilled - resident,4.34989796848482,"yes, registered under the customers name ",yes
6.991889592243982,>= 200 DM / salary assignments for at least 1 year,13.137259445075546,critical account/ other credits existing (not at this bank),(vacation - does not exist?),2041.9830514043729,... < 100 DM,1 <= ... < 4 years,7.0970110741310135,male : single,none,5.402844479703064,real estate,20.47380004650409,none,own,-0.0972701571425918,skilled employee / official,-0.3737038824067642,none,yes
-3.529844158287906,no checking account,1.9669700747433785,delay in paying off in the past,car (new),2799.2481546055897,100 <= ... < 500 DM,1 <= ... < 4 years,-1.0709432850996725,female : divorced/separated/married,none,3.5176551936060774,"if not A121/A122 : car or other, not in attribute 6",34.30706028671627,none,own,4.533712579149438,skilled employee / official,4.147181843224317,none,yes
-2.5123902122555783,no checking account,14.828297403675826,all credits at this bank paid back duly,business,1293.2304859859057,... < 100 DM,4 <= ... < 7 years,4.609620800181715,female : divorced/separated/married,none,5.504805617893579,if not A121 : building society savings agreement/ life insurance,23.34940960581735,none,own,1.8556177790972725,skilled employee / official,-1.9175984997212403,none,yes
1.7063451049297909,< 0 DM,15.045015216826673,existing credits paid back duly till now,business,1217.9282385192798,... < 100 DM,4 <= ... < 7 years,1.6010277331070677,male : single,none,-2.119911919002834,unknown / no property,46.43780233728805,bank,for free,-0.9410498658543798,management/ self-employed/ highly qualified employee/ officer,-2.5552221299097675,none,yes
5.833348445498863,no checking account,10.633416464989708,critical account/ other credits existing (not at this bank),domestic appliances,2247.8725528174086,unknown/ no savings account,... < 1 year ,1.3589858374650152,male : married/widowed,none,1.6247751763405271,"if not A121/A122 : car or other, not in attribute 6",57.02240157750843,stores,own,2.113168690046715,unskilled - resident,6.929166210493598,"yes, registered under the customers name ",yes
-3.6671229376197094,< 0 DM,7.84067324018942,existing credits paid back duly till now,domestic appliances,382.5002122253883,... < 100 DM,1 <= ... < 4 years,3.851229076354182,male : single,none,5.545548316165512,"if not A121/A122 : car or other, not in attribute 6",58.197315025562986,none,own,5.149507067968578,skilled employee / official,-1.8709492005143429,none,yes
0.7471083669208259,no checking account,19.77009089074837,critical account/ other credits existing (not at this bank),domestic appliances,1971.4759770321145,unknown/ no savings account,.. >= 7 years,8.041969724840676,male : single,none,8.637689439335944,unknown / no property,42.51101631242037,none,own,7.154711724354144,management/ self-employed/ highly qualified employee/ officer,4.438319917155242,"yes, registered under the customers name ",yes
5.463896552439326,no checking account,20.478486899716152,existing credits paid back duly till now,car (new),1573.409474769615,... < 100 DM,... < 1 year ,9.402971802066212,male : single,none,4.720214537926241,real estate,38.80404618868899,bank,own,3.358971004874738,skilled employee / official,1.3552609643095632,"yes, registered under the customers name ",yes
-3.955277444537802,0 <= ... < 200 DM,21.811268417593062,existing credits paid back duly till now,business,2720.1389922760354,unknown/ no savings account,1 <= ... < 4 years,4.344426433880119,male : married/widowed,none,3.121887506735539,"if not A121/A122 : car or other, not in attribute 6",21.179422709442274,none,own,4.643670567861831,management/ self-employed/ highly qualified employee/ officer,-0.26036017508051446,none,yes
-2.843207620537496,< 0 DM,25.133912993984097,existing credits paid back duly till now,domestic appliances,1353.1754425663653,... < 100 DM,1 <= ... < 4 years,2.8702158309295442,male : single,none,5.271355106023334,"if not A121/A122 : car or other, not in attribute 6",41.383439174079506,none,rent,-0.8318221888988901,management/ self-employed/ highly qualified employee/ officer,0.8655133470093804,"yes, registered under the customers name ",yes
-0.27081981938251465,no checking account,7.357615256938775,existing credits paid back duly till now,education,928.5318939307627,.. >= 1000 DM ,... < 1 year ,8.478216599915555,female : divorced/separated/married,none,3.606108025695049,"if not A121/A122 : car or other, not in attribute 6",32.96087505202168,none,rent,-0.5725487187650078,skilled employee / official,-2.9032834895939335,none,yes
-0.5617652385662331,0 <= ... < 200 DM,24.96254893897382,existing credits paid back duly till now,domestic appliances,1445.7136510637563,... < 100 DM,1 <= ... < 4 years,2.7173365560114395,male : married/widowed,none,2.9210149639980783,"if not A121/A122 : car or other, not in attribute 6",22.43533243612421,none,own,1.2938600215610296,unskilled - resident,0.9587368611723084,none,yes
3.4378038632609336,no checking account,24.71580237278533,existing credits paid back duly till now,car (new),4241.860673354878,... < 100 DM,.. >= 7 years,-0.7134077430792121,male : single,guarantor,4.990921936532638,"if not A121/A122 : car or other, not in attribute 6",33.851342654666205,none,own,2.569282060085508,management/ self-employed/ highly qualified employee/ officer,-2.2482209416878787,"yes, registered under the customers name ",yes
1.7249791594625141,0 <= ... < 200 DM,22.733304614795657,existing credits paid back duly till now,car (new),2769.258660795513,... < 100 DM,4 <= ... < 7 years,-3.3248291337361806,male : single,none,5.541581787235908,real estate,31.866515054978127,none,own,-1.0240748734086713,skilled employee / official,-0.18633138294195684,"yes, registered under the customers name ",yes
-5.324886178926385,no checking account,20.797218692865343,existing credits paid back duly till now,car (new),3866.1148697869517,... < 100 DM,4 <= ... < 7 years,5.18827470773423,female : divorced/separated/married,none,7.671376979823355,"if not A121/A122 : car or other, not in attribute 6",31.00062570234908,none,own,4.797800879670454,unskilled - resident,3.7758986919087283,"yes, registered under the customers name ",yes
1.5462312087024326,< 0 DM,6.835195401391247,all credits at this bank paid back duly,furniture/equipment,2327.3686515869417,500 <= ... < 1000 DM ,.. >= 7 years,3.9047367771138823,male : single,co-applicant,3.2278148777058755,"if not A121/A122 : car or other, not in attribute 6",50.06946786132305,none,rent,3.650054913276376,skilled employee / official,1.7625720296729719,none,yes
-0.7326166620669516,0 <= ... < 200 DM,12.398069461558766,critical account/ other credits existing (not at this bank),(vacation - does not exist?),922.2339509576301,... < 100 DM,1 <= ... < 4 years,11.253416608349337,male : single,none,1.1324166899967794,unknown / no property,34.02654688431966,none,own,0.08296641609547839,skilled employee / official,-3.4465114966415644,none,yes
4.823341650823718,>= 200 DM / salary assignments for at least 1 year,27.79361942801411,existing credits paid back duly till now,domestic appliances,1836.736492964189,unknown/ no savings account,... < 1 year ,-0.16857005665437796,male : single,none,3.8377744718862754,"if not A121/A122 : car or other, not in attribute 6",35.898517397054825,none,own,2.9251319470415607,skilled employee / official,3.554464380741609,none,yes
-0.882762609310759,0 <= ... < 200 DM,31.73470905196628,existing credits paid back duly till now,radio/television,3349.6141200580614,... < 100 DM,... < 1 year ,8.374512422437329,female : divorced/separated/married,none,3.6721896715808686,if not A121 : building society savings agreement/ life insurance,29.135400817878956,bank,own,1.6686974890115138,unskilled - resident,0.9787007142725723,"yes, registered under the customers name ",yes
-1.909845849306707,< 0 DM,9.06293367503239,critical account/ other credits existing (not at this bank),car (new),1278.536863735775,... < 100 DM,4 <= ... < 7 years,4.210406555098382,female : divorced/separated/married,none,1.6529814725616494,if not A121 : building society savings agreement/ life insurance,22.736122847056468,none,for free,3.159483942794124,skilled employee / official,-0.626555805228016,none,yes
1.6233948324135943,0 <= ... < 200 DM,28.07436328760178,existing credits paid back duly till now,radio/television,2825.307521087436,... < 100 DM,... < 1 year ,6.418300650400409,female : divorced/separated/married,none,4.568921497067165,real estate,18.216628805958596,none,own,-3.03292137057689,skilled employee / official,3.2400289117267933,none,yes
2.2887794470108096,0 <= ... < 200 DM,25.524237315597198,critical account/ other credits existing (not at this bank),radio/television,4523.021459576498,... < 100 DM,.. >= 7 years,-1.9433314233134134,female : divorced/separated/married,none,-1.1736287935926244,"if not A121/A122 : car or other, not in attribute 6",73.3514833300341,none,rent,0.5630167804076954,management/ self-employed/ highly qualified employee/ officer,0.4983794890689929,none,yes
2.3442980918086107,no checking account,36.58578909443932,critical account/ other credits existing (not at this bank),car (new),2670.4105047388057,... < 100 DM,1 <= ... < 4 years,8.404245467995892,male : single,none,7.891171589473477,unknown / no property,50.30420010021577,none,own,0.825884416282614,skilled employee / official,-2.4969840197171385,"yes, registered under the customers name ",yes
-5.056791952154425,< 0 DM,17.34694591969603,existing credits paid back duly till now,radio/television,2053.4815183988635,unknown/ no savings account,1 <= ... < 4 years,6.359550253995492,male : single,none,-2.420554181446035,real estate,33.68836942333399,bank,own,2.870926298834954,skilled employee / official,6.543429134348813,"yes, registered under the customers name ",yes
1.6141033197847532,>= 200 DM / salary assignments for at least 1 year,13.848597222876764,existing credits paid back duly till now,radio/television,1296.0073682421596,... < 100 DM,.. >= 7 years,3.8832698956413476,female : divorced/separated/married,none,2.703664718640962,"if not A121/A122 : car or other, not in attribute 6",46.408609101047475,none,own,-0.8853128035464,skilled employee / official,1.9481376713270369,"yes, registered under the customers name ",yes
-2.1029241550231967,< 0 DM,12.864657189270973,all credits at this bank paid back duly,car (used),735.9958962003327,unknown/ no savings account,1 <= ... < 4 years,5.935338062983364,male : single,none,3.2927797825554412,"if not A121/A122 : car or other, not in attribute 6",24.763990593633054,stores,for free,-6.499792172247188,skilled employee / official,0.7558443865533486,"yes, registered under the customers name ",yes
1.7058283347647905,no checking account,9.24287762504655,no credits taken/ all credits paid back duly,domestic appliances,1242.4711627811314,... < 100 DM,.. >= 7 years,-1.2964859031267473,female : divorced/separated/married,none,9.972960639665917,if not A121 : building society savings agreement/ life insurance,45.9235377849214,none,own,-2.245099153048762,skilled employee / official,0.7846844848082302,none,no
-4.27120330619718,0 <= ... < 200 DM,20.87226413686667,existing credits paid back duly till now,car (new),3355.191065062299,... < 100 DM,.. >= 7 years,2.261679743254902,male : single,guarantor,0.7319510454430178,if not A121 : building society savings agreement/ life insurance,26.950773178372966,none,own,0.816856042867278,skilled employee / official,4.539897218372768,none,yes
1.338966442629191,0 <= ... < 200 DM,24.235796118345114,existing credits paid back duly till now,car (used),3630.8233219612393,unknown/ no savings account,1 <= ... < 4 years,-0.3903338408761887,male : single,co-applicant,2.001952558118811,real estate,26.352570039229477,bank,own,1.1916526765099948,skilled employee / official,-0.5746355244261205,none,yes
-1.4197967129221176,no checking account,15.965785414519502,existing credits paid back duly till now,business,1802.4295687941794,... < 100 DM,1 <= ... < 4 years,-1.558183585070834,male : single,none,-0.6524507520013814,real estate,24.312944767579445,none,own,6.051244367874953,management/ self-employed/ highly qualified employee/ officer,-3.634939576434814,"yes, registered under the customers name ",yes
-3.847903950781565,< 0 DM,49.59638812164432,delay in paying off in the past,car (new),12201.963062056944,... < 100 DM,1 <= ... < 4 years,4.585275482610101,female : divorced/separated/married,none,6.976691502833937,unknown / no property,46.82768717360003,bank,own,2.748239321974297,skilled employee / official,-1.0360329856879358,none,yes
2.1414604094471983,no checking account,68.74273394524626,critical account/ other credits existing (not at this bank),car (used),9156.977298110107,.. >= 1000 DM ,1 <= ... < 4 years,5.574780842547699,female : divorced/separated/married,none,-6.437040980518063,if not A121 : building society savings agreement/ life insurance,26.67836649314329,none,own,1.244590837694468,management/ self-employed/ highly qualified employee/ officer,4.980323801364378,none,yes
0.7249335650302539,no checking account,0.669040082021775,existing credits paid back duly till now,education,3678.7911335728686,500 <= ... < 1000 DM ,1 <= ... < 4 years,-1.104032449291525,male : single,none,-0.008214036445760797,"if not A121/A122 : car or other, not in attribute 6",36.691858159975304,bank,own,2.902826169655687,unskilled - resident,4.496396484371352,"yes, registered under the customers name ",yes
-0.8419304041786915,0 <= ... < 200 DM,30.97203757256994,existing credits paid back duly till now,car (new),3438.686309501296,... < 100 DM,1 <= ... < 4 years,3.0446090478344563,male : single,none,12.193866127478655,real estate,21.09472236684415,none,own,4.3125501465090785,management/ self-employed/ highly qualified employee/ officer,0.23495304202041656,"yes, registered under the customers name ",yes
4.353536547063193,no checking account,9.719429734143283,existing credits paid back duly till now,car (used),644.9721283606975,.. >= 1000 DM ,1 <= ... < 4 years,3.203378576112291,male : single,none,3.7726462204749107,real estate,50.41804927671584,none,own,-0.7703313564723144,management/ self-employed/ highly qualified employee/ officer,5.119765424921423,"yes, registered under the customers name ",yes
-1.3219572647092273,0 <= ... < 200 DM,22.73220773255775,critical account/ other credits existing (not at this bank),domestic appliances,3649.9463319274605,.. >= 1000 DM ,.. >= 7 years,2.9848218862430915,male : single,none,-0.31795484801765994,unknown / no property,34.604978238299495,none,own,1.5791486367782035,skilled employee / official,3.2438266864656478,none,yes
1.096323021912804,< 0 DM,18.139672419983583,existing credits paid back duly till now,domestic appliances,1527.9507245952445,... < 100 DM,1 <= ... < 4 years,1.1172682763669124,male : single,none,1.8742460534756855,if not A121 : building society savings agreement/ life insurance,32.56926968348796,none,rent,-1.2677743604149048,skilled employee / official,0.20023190909617983,none,yes
1.8067403430358029,no checking account,50.28556432212739,existing credits paid back duly till now,domestic appliances,3918.6120726556933,... < 100 DM,1 <= ... < 4 years,1.3497245317370927,male : single,none,2.202363698203585,"if not A121/A122 : car or other, not in attribute 6",39.987794451275754,none,rent,5.2567181460859125,skilled employee / official,0.5022704346967608,"yes, registered under the customers name ",yes
-1.858997802385841,no checking account,15.526519729526338,critical account/ other credits existing (not at this bank),domestic appliances,1858.6343804570918,unknown/ no savings account,1 <= ... < 4 years,7.156224658071228,male : divorced/separated,none,3.5383757377168177,"if not A121/A122 : car or other, not in attribute 6",16.94056988142957,none,for free,2.177496811004841,management/ self-employed/ highly qualified employee/ officer,1.9879531958363026,none,yes
2.413408880199788,no checking account,18.577263353304545,delay in paying off in the past,radio/television,2598.343925812965,... < 100 DM,... < 1 year ,3.808388244626522,male : married/widowed,none,9.518506008467691,"if not A121/A122 : car or other, not in attribute 6",63.54530002166349,none,own,-0.12256988801183777,unskilled - resident,-1.4956608489914474,none,yes
-1.6003570414941732,>= 200 DM / salary assignments for at least 1 year,18.396156865242535,existing credits paid back duly till now,domestic appliances,1978.5346006064583,... < 100 DM,4 <= ... < 7 years,10.066326852560428,female : divorced/separated/married,co-applicant,3.1656550438376465,unknown / no property,38.68644500814982,none,for free,0.6566349690450761,unskilled - resident,1.0135151965280529,none,yes
-1.2349149666486277,no checking account,-1.0328936813660317,existing credits paid back duly till now,domestic appliances,2120.0592207326263,... < 100 DM,1 <= ... < 4 years,2.1389298943824198,female : divorced/separated/married,none,0.3806350909611176,real estate,42.20694617406985,bank,rent,2.5289522896188408,unemployed/ unskilled - non-resident,1.925540093839871,none,yes
5.087927919410023,< 0 DM,13.77135689374807,existing credits paid back duly till now,car (new),1441.398608458877,... < 100 DM,.. >= 7 years,-0.7782341210514767,male : divorced/separated,none,5.361253326294612,real estate,15.83265624540549,none,own,0.24784326183317373,skilled employee / official,-4.060898715825619,"yes, registered under the customers name ",yes
-3.1217581575372995,no checking account,43.12518645567702,existing credits paid back duly till now,domestic appliances,4039.549620462189,... < 100 DM,... < 1 year ,7.680822629307817,male : single,none,1.9052419094114166,if not A121 : building society savings agreement/ life insurance,38.02206960694859,none,for free,0.39658813486219735,skilled employee / official,0.43203903229630647,"yes, registered under the customers name ",yes
-7.238340992788471,>= 200 DM / salary assignments for at least 1 year,12.233530067235545,delay in paying off in the past,domestic appliances,3831.8726985697626,... < 100 DM,1 <= ... < 4 years,2.8924004924380595,female : divorced/separated/married,none,0.8999875120329119,real estate,69.75449318388631,none,own,-0.9628210579529943,management/ self-employed/ highly qualified employee/ officer,0.09083144390293518,none,yes
4.8328109850356835,>= 200 DM / salary assignments for at least 1 year,20.340372765475436,delay in paying off in the past,domestic appliances,3660.2704704830026,... < 100 DM,... < 1 year ,4.180618591089271,male : single,none,-1.2797266158693352,if not A121 : building society savings agreement/ life insurance,22.01227724164062,none,own,2.0168856977233443,skilled employee / official,4.0842040598809675,"yes, registered under the customers name ",yes
8.647983857821009,< 0 DM,15.507690355183993,critical account/ other credits existing (not at this bank),radio/television,1550.0412796684502,... < 100 DM,... < 1 year ,7.571802036603756,female : divorced/separated/married,none,-1.6953851835012026,real estate,48.55816302693654,none,rent,-0.07416283763205533,management/ self-employed/ highly qualified employee/ officer,-4.533490981433102,"yes, registered under the customers name ",yes
-1.2158077963479954,no checking account,15.437814882434322,existing credits paid back duly till now,domestic appliances,1443.83294484205,... < 100 DM,4 <= ... < 7 years,2.0416111184626162,female : divorced/separated/married,none,-1.689335468372816,if not A121 : building society savings agreement/ life insurance,14.684133108122216,none,own,-0.3612732042882385,skilled employee / official,-0.14451805911113258,none,yes
-4.810514121860556,0 <= ... < 200 DM,8.94888633198761,existing credits paid back duly till now,domestic appliances,1980.015968581355,.. >= 1000 DM ,1 <= ... < 4 years,1.6182400730441373,male : single,none,-1.5333693031026132,real estate,21.81399683516024,bank,own,-2.008185265166217,skilled employee / official,-0.44526394209376075,"yes, registered under the customers name ",yes
0.06854807141216868,< 0 DM,24.849205764029968,critical account/ other credits existing (not at this bank),domestic appliances,1358.4206284368101,... < 100 DM,4 <= ... < 7 years,2.4856505055366203,male : single,none,4.939709582124152,real estate,24.97405412196328,none,rent,1.232921729581509,unemployed/ unskilled - non-resident,3.8802128917648018,none,yes
-0.8586688495220076,0 <= ... < 200 DM,15.2535454827899,delay in paying off in the past,business,1396.6222750849336,.. >= 1000 DM ,... < 1 year ,0.1277603892531447,male : single,guarantor,0.40179452252789405,real estate,39.95008635426615,none,own,2.4563296836242756,skilled employee / official,1.869360291905322,"yes, registered under the customers name ",yes
-0.5697715230667711,no checking account,18.704339054091452,all credits at this bank paid back duly,car (used),1375.012371804923,unknown/ no savings account,1 <= ... < 4 years,3.2092295495252694,male : married/widowed,none,-8.430998906074231,"if not A121/A122 : car or other, not in attribute 6",29.33841348171936,none,own,0.03505495407410597,skilled employee / official,6.388283936957109,none,yes
-3.340164125765545,no checking account,62.921457215151925,existing credits paid back duly till now,car (used),15652.358140568418,.. >= 1000 DM ,.. >= 7 years,6.009138373630472,male : single,none,0.8682646762316031,unknown / no property,24.452519247456177,none,for free,2.5963120324661553,skilled employee / official,2.9866401457191594,"yes, registered under the customers name ",yes
1.7386834274294323,no checking account,12.024845729873782,critical account/ other credits existing (not at this bank),car (used),1494.9928769061669,... < 100 DM,1 <= ... < 4 years,4.712014311381541,male : single,none,1.584421056835742,unknown / no property,35.09166101146472,none,own,3.2440067882076935,unskilled - resident,0.7693310174314429,none,yes
2.5735221258582586,< 0 DM,41.38865441662636,existing credits paid back duly till now,domestic appliances,4368.244434653219,... < 100 DM,4 <= ... < 7 years,-1.0381839835349638,female : divorced/separated/married,none,0.1836515363841038,real estate,27.75448291117884,none,for free,4.104696415821405,skilled employee / official,2.718976089676876,none,yes
-3.4832168594579196,no checking account,13.586654296845328,existing credits paid back duly till now,domestic appliances,751.7659204552122,... < 100 DM,1 <= ... < 4 years,-0.6675182349948052,male : single,none,5.558574037927553,real estate,25.764971662982816,none,for free,2.658185502699288,skilled employee / official,-0.06220642810837429,none,yes
2.0975901950846634,< 0 DM,16.509146005130596,existing credits paid back duly till now,radio/television,1307.7362805378923,... < 100 DM,.. >= 7 years,8.994328176244814,male : single,none,2.1593723221325494,if not A121 : building society savings agreement/ life insurance,32.415830734336936,none,own,1.2779891640928362,skilled employee / official,3.5781882714712605,none,yes
7.158054945837673,no checking account,7.757676446906888,existing credits paid back duly till now,car (new),4620.0918042667845,unknown/ no savings account,... < 1 year ,2.72904296923461,male : single,none,4.642770389597594,unknown / no property,42.07559206701119,none,for free,-0.7009950078237259,unskilled - resident,-2.9965931398730365,none,yes
0.5158809973111795,< 0 DM,25.945182033716137,critical account/ other credits existing (not at this bank),education,1848.129489861361,... < 100 DM,.. >= 7 years,2.057769382895148,male : single,none,1.943052200957415,"if not A121/A122 : car or other, not in attribute 6",38.24926175833889,none,own,-1.1317469239673121,management/ self-employed/ highly qualified employee/ officer,-1.4710879297140003,"yes, registered under the customers name ",yes
-1.0119754862055181,0 <= ... < 200 DM,13.523682493581024,existing credits paid back duly till now,car (used),1884.3411760880933,100 <= ... < 500 DM,... < 1 year ,3.1780247053089905,male : single,none,0.8730858229822038,unknown / no property,35.388742562682374,none,own,0.22053047798575398,unskilled - resident,2.3670697556647635,none,yes
0.573990356777436,no checking account,36.160373737852424,existing credits paid back duly till now,domestic appliances,7979.53073556257,... < 100 DM,unemployed,-0.43192326295199646,female : divorced/separated/married,none,1.493859133455889,"if not A121/A122 : car or other, not in attribute 6",21.036372511195964,none,own,2.0589502854097086,unskilled - resident,4.677269346170863,none,yes
1.8457703009056838,no checking account,29.64249348801624,critical account/ other credits existing (not at this bank),domestic appliances,4587.9210622816945,100 <= ... < 500 DM,1 <= ... < 4 years,6.269285448534859,male : single,none,1.8236520452576985,real estate,27.455316778367198,none,own,-0.35885836495744794,management/ self-employed/ highly qualified employee/ officer,-5.605905788417596,none,yes
-4.192014816521654,0 <= ... < 200 DM,15.508614441881651,existing credits paid back duly till now,domestic appliances,1384.4590912178553,.. >= 1000 DM ,1 <= ... < 4 years,0.8208411872419112,male : single,guarantor,-0.29528838069225083,real estate,23.46209677460798,none,own,1.2881714173523289,skilled employee / official,5.1234136479712475,"yes, registered under the customers name ",yes
1.4931721089319068,< 0 DM,23.46403449295833,existing credits paid back duly till now,car (new),947.8736156033945,unknown/ no savings account,unemployed,8.102204583215265,male : single,none,3.5100729427637116,"if not A121/A122 : car or other, not in attribute 6",33.22107364615957,bank,own,-1.896370033735593,skilled employee / official,1.5795946147159814,"yes, registered under the customers name ",yes
-0.17139184838843025,no checking account,9.917584316563003,existing credits paid back duly till now,domestic appliances,691.1780301690548,... < 100 DM,4 <= ... < 7 years,4.154955143341946,male : single,none,3.2912511021289355,unknown / no property,40.13256975866812,none,own,-3.9829756670210665,management/ self-employed/ highly qualified employee/ officer,-3.651624885811489,none,yes
5.543475038868136,no checking account,46.48019191208639,no credits taken/ all credits paid back duly,car (new),7472.827839766011,... < 100 DM,1 <= ... < 4 years,8.28859592370532,male : divorced/separated,none,-1.8338837995748007,if not A121 : building society savings agreement/ life insurance,51.180247415541565,none,own,3.458218362594385,unskilled - resident,-8.005183525668016,"yes, registered under the customers name ",yes
0.4774817985851264,no checking account,15.818648306263992,existing credits paid back duly till now,radio/television,1916.3065565003008,... < 100 DM,4 <= ... < 7 years,4.7700834971292565,male : married/widowed,none,4.975683019101786,if not A121 : building society savings agreement/ life insurance,32.7092401502729,none,own,-0.42324378609753377,management/ self-employed/ highly qualified employee/ officer,-3.588158197424839,none,yes
6.003662833358559,0 <= ... < 200 DM,25.60889090754268,existing credits paid back duly till now,business,2306.8597703938617,500 <= ... < 1000 DM ,1 <= ... < 4 years,6.559697988607228,male : single,none,2.280521440064276,if not A121 : building society savings agreement/ life insurance,47.331385377826585,none,own,-1.5111009596716736,unskilled - resident,0.9408854324637947,"yes, registered under the customers name ",yes
-2.3112220933460215,no checking account,34.843110055430515,critical account/ other credits existing (not at this bank),radio/television,8083.519572683821,... < 100 DM,1 <= ... < 4 years,4.157279138265011,female : divorced/separated/married,none,2.6558117975732554,if not A121 : building society savings agreement/ life insurance,43.80331183206004,none,rent,0.7184585761076847,skilled employee / official,0.8023058865733461,none,yes
1.7617775004083767,no checking account,23.29066074010646,all credits at this bank paid back duly,furniture/equipment,2345.937880907681,... < 100 DM,1 <= ... < 4 years,5.869873198755912,male : divorced/separated,none,3.43647914110593,"if not A121/A122 : car or other, not in attribute 6",33.35552262546889,bank,own,3.2691079241912013,skilled employee / official,2.8996013041279296,none,yes
0.9582007913736865,0 <= ... < 200 DM,9.298468728243659,existing credits paid back duly till now,business,3971.2422453686454,... < 100 DM,1 <= ... < 4 years,2.043803431548132,male : single,none,3.748532435494109,"if not A121/A122 : car or other, not in attribute 6",21.482434042048048,none,own,5.124723134403902,unskilled - resident,-0.6484615326828906,none,yes
-1.6071417435943474,< 0 DM,13.165422602554623,existing credits paid back duly till now,radio/television,888.804488342866,500 <= ... < 1000 DM ,1 <= ... < 4 years,3.3014478516532453,female : divorced/separated/married,none,1.3972271882101786,if not A121 : building society savings agreement/ life insurance,35.150596473040906,bank,for free,-0.2092215830184332,unemployed/ unskilled - non-resident,-1.3241216393385127,none,yes
0.5321883439108213,no checking account,42.7205528769136,all credits at this bank paid back duly,car (new),10219.148391378443,500 <= ... < 1000 DM ,.. >= 7 years,9.74630407471858,female : divorced/separated/married,none,3.2114886870634916,if not A121 : building society savings agreement/ life insurance,36.003213531138776,none,rent,0.35330987601225483,skilled employee / official,-0.23925916298267902,"yes, registered under the customers name ",yes
3.637556510494801,no checking account,32.25538939750637,existing credits paid back duly till now,radio/television,4220.46017973635,unknown/ no savings account,1 <= ... < 4 years,-0.720810955287702,male : single,none,-0.8630352644221233,if not A121 : building society savings agreement/ life insurance,28.02215492239098,none,own,5.214895519667217,skilled employee / official,1.100830860734732,none,yes
-0.971375112859802,< 0 DM,18.3858647774738,existing credits paid back duly till now,business,6362.349445979669,... < 100 DM,4 <= ... < 7 years,2.012922927029479,male : single,none,-1.8348015068602979,real estate,41.50624278568457,none,own,-4.431337113074937,unskilled - resident,1.692318384865832,"yes, registered under the customers name ",yes
-5.0758879475092895,< 0 DM,19.16085539872177,critical account/ other credits existing (not at this bank),domestic appliances,1293.9750733411772,... < 100 DM,4 <= ... < 7 years,3.0446576256227864,male : single,none,-0.8683019907995746,real estate,24.13663073606052,none,for free,6.900605928738001,skilled employee / official,-1.3674940978172176,none,yes
0.9473115205676623,no checking account,8.699593338827082,critical account/ other credits existing (not at this bank),domestic appliances,897.8997479110624,... < 100 DM,1 <= ... < 4 years,5.207322260030565,female : divorced/separated/married,none,0.9241779393841079,"if not A121/A122 : car or other, not in attribute 6",23.732725229691717,none,for free,8.332300906979109,skilled employee / official,3.704340101006079,none,yes
-2.7072692843775377,< 0 DM,20.692013726878102,critical account/ other credits existing (not at this bank),car (new),2239.9578514992045,unknown/ no savings account,1 <= ... < 4 years,2.711582062316497,female : divorced/separated/married,none,3.7009119787511704,real estate,49.20696890820299,none,rent,-6.119012588260249,skilled employee / official,-0.8641903151721007,none,yes
-1.0270228159916472,no checking account,11.394863102769188,delay in paying off in the past,domestic appliances,1045.7135536973212,... < 100 DM,.. >= 7 years,4.9442389167687635,female : divorced/separated/married,none,-1.083978060136579,real estate,35.85858482766295,none,own,1.707490313249729,skilled employee / official,-1.6091520869747113,none,yes
-0.24476330905536292,0 <= ... < 200 DM,9.574168920874243,critical account/ other credits existing (not at this bank),car (new),1045.7323170516038,... < 100 DM,1 <= ... < 4 years,1.4934722443911017,male : single,none,11.562126076473909,real estate,53.00609597993074,none,own,-1.1568410956086908,management/ self-employed/ highly qualified employee/ officer,-0.6271745284048695,none,yes
-5.116956648046552,>= 200 DM / salary assignments for at least 1 year,21.9113638452603,existing credits paid back duly till now,domestic appliances,6314.356389619708,... < 100 DM,.. >= 7 years,-0.7458575523136979,female : divorced/separated/married,none,4.657056960958197,"if not A121/A122 : car or other, not in attribute 6",26.713505780071067,none,own,1.2056846872857985,skilled employee / official,4.224520527107821,none,yes
-4.846975017962034,0 <= ... < 200 DM,30.671902285120343,critical account/ other credits existing (not at this bank),radio/television,3494.801353175235,... < 100 DM,... < 1 year ,4.02865685877054,male : single,none,5.912990397981434,"if not A121/A122 : car or other, not in attribute 6",34.95278467249503,none,own,-0.2551552088477702,skilled employee / official,1.601610641178022,none,yes
1.4462005065765757,no checking account,48.00599806924526,existing credits paid back duly till now,radio/television,3608.185870521205,... < 100 DM,.. >= 7 years,-2.3016959990904553,male : single,none,3.3857290362212757,if not A121 : building society savings agreement/ life insurance,26.441486812007646,none,own,3.435277295438075,skilled employee / official,-1.0835405092093158,none,yes
-0.5681560885090411,no checking account,12.845867602182471,critical account/ other credits existing (not at this bank),(vacation - does not exist?),4842.94029498728,... < 100 DM,4 <= ... < 7 years,-2.203157287346703,female : divorced/separated/married,none,9.558594924815718,real estate,41.059723250561284,none,own,1.6622902790960277,skilled employee / official,3.778323251345631,none,yes
-7.694233025461701,0 <= ... < 200 DM,27.90395869204551,delay in paying off in the past,business,3015.032769612703,... < 100 DM,.. >= 7 years,4.4106199620681545,male : single,none,1.6389940495823736,real estate,48.56863900075281,none,rent,-1.73272164259987,skilled employee / official,7.428245619846239,none,yes
2.3545321098244054,no checking account,23.732038791897796,all credits at this bank paid back duly,car (new),4141.073187697601,... < 100 DM,... < 1 year ,4.4636500260586995,female : divorced/separated/married,none,-4.682212156975865,if not A121 : building society savings agreement/ life insurance,25.334322167489383,none,for free,1.4834445161146272,management/ self-employed/ highly qualified employee/ officer,1.629047902926843,none,yes
0.8171092658227195,no checking account,31.20584287416986,all credits at this bank paid back duly,domestic appliances,5746.307934374406,... < 100 DM,.. >= 7 years,3.580094126313729,female : divorced/separated/married,none,0.6616231749413508,"if not A121/A122 : car or other, not in attribute 6",32.15844070297657,none,own,3.544352710887229,unskilled - resident,4.7015273825963,none,yes
-2.1416244721094517,no checking account,60.40537035560425,critical account/ other credits existing (not at this bank),car (new),10364.606858823414,.. >= 1000 DM ,4 <= ... < 7 years,3.7015121210590824,male : single,none,5.674655726642612,real estate,42.08476611453013,none,rent,-2.5511639832958455,skilled employee / official,4.108233851724369,none,yes
-3.9504906331747245,0 <= ... < 200 DM,7.350062020265496,critical account/ other credits existing (not at this bank),domestic appliances,2081.4555946944333,... < 100 DM,... < 1 year ,-4.797767062821832,male : married/widowed,none,2.4545509152439355,real estate,23.08819597043957,none,own,-3.9387010669099416,skilled employee / official,-0.8169192549749988,none,yes
3.5074236889430113,no checking account,20.317741762068348,no credits taken/ all credits paid back duly,car (used),2579.281148533696,... < 100 DM,unemployed,-0.08305078372240882,male : single,none,2.826417832903351,"if not A121/A122 : car or other, not in attribute 6",40.01557150356002,none,own,6.978228402505961,skilled employee / official,2.0799025414286976,"yes, registered under the customers name ",yes
1.0480518676812887,no checking account,25.154847328245637,critical account/ other credits existing (not at this bank),(vacation - does not exist?),4531.096462035115,... < 100 DM,.. >= 7 years,9.920564310441012,male : single,none,7.962730008009617,unknown / no property,24.475637022752938,none,own,-0.9272800391253089,management/ self-employed/ highly qualified employee/ officer,-2.847633889111962,none,no
7.14780684805222,< 0 DM,26.965595588554386,existing credits paid back duly till now,domestic appliances,5154.69733859361,.. >= 1000 DM ,.. >= 7 years,0.8583737197688919,male : single,none,5.146172723387499,real estate,28.06259648373296,none,own,0.5879410392414317,skilled employee / official,0.38517320091509477,none,no
2.260565796174812,< 0 DM,73.0935751139784,critical account/ other credits existing (not at this bank),domestic appliances,5596.525978629054,... < 100 DM,.. >= 7 years,3.8325230934100674,male : single,none,4.396738782773065,"if not A121/A122 : car or other, not in attribute 6",25.148685285485076,none,own,-0.19338621747671803,management/ self-employed/ highly qualified employee/ officer,-0.878571107377172,none,yes
1.1631094237860444,0 <= ... < 200 DM,21.82195470689707,existing credits paid back duly till now,domestic appliances,2378.6797563835707,unknown/ no savings account,1 <= ... < 4 years,1.939187135002462,male : single,none,1.1813117744417232,"if not A121/A122 : car or other, not in attribute 6",64.69464047583496,none,own,2.644263112246426,skilled employee / official,-0.20865787152690496,"yes, registered under the customers name ",yes
-0.5007837903256954,0 <= ... < 200 DM,17.15819865948581,existing credits paid back duly till now,radio/television,1454.3619868943408,... < 100 DM,.. >= 7 years,3.2390182178026934,male : single,none,-2.2861810676481102,real estate,28.54901075734548,bank,own,6.318369769273131,management/ self-employed/ highly qualified employee/ officer,-1.24968509414101,none,yes
2.450327601602373,no checking account,1.4979917916544832,existing credits paid back duly till now,business,1541.698591229927,... < 100 DM,unemployed,-0.8997626068207822,female : divorced/separated/married,none,6.842341769073463,unknown / no property,54.40562929307961,none,own,2.739801525187853,skilled employee / official,0.1387095754132982,none,yes
1.8752556037444612,0 <= ... < 200 DM,8.923769616666288,existing credits paid back duly till now,car (used),2278.335211490006,unknown/ no savings account,1 <= ... < 4 years,5.684623463858935,male : divorced/separated,none,4.302704605441203,"if not A121/A122 : car or other, not in attribute 6",42.686150876430005,stores,own,-3.5550954426199732,unskilled - resident,2.5966980587947432,none,yes
3.7551750256955847,>= 200 DM / salary assignments for at least 1 year,13.386565960928582,delay in paying off in the past,domestic appliances,1480.9869044183536,.. >= 1000 DM ,... < 1 year ,4.410322351950097,female : divorced/separated/married,none,1.1303124496615955,if not A121 : building society savings agreement/ life insurance,31.8607921564511,none,own,-2.15237028102559,unskilled - resident,0.641524268680013,"yes, registered under the customers name ",yes
-1.5639687559118542,no checking account,27.685262436840453,critical account/ other credits existing (not at this bank),(vacation - does not exist?),5100.929653376545,100 <= ... < 500 DM,.. >= 7 years,1.655130679067299,male : single,none,1.1358165193586456,if not A121 : building society savings agreement/ life insurance,44.37467107341591,none,own,1.8031056740192506,unskilled - resident,-4.593119593266157,"yes, registered under the customers name ",yes
-1.306222418831887,0 <= ... < 200 DM,34.08148982733757,existing credits paid back duly till now,car (new),9852.543382521433,... < 100 DM,1 <= ... < 4 years,-2.150516359042131,female : divorced/separated/married,none,1.0526306350852273,if not A121 : building society savings agreement/ life insurance,28.018945240472007,stores,own,1.1953004014002002,skilled employee / official,-0.23836169469545831,"yes, registered under the customers name ",yes
-1.4373095127359403,< 0 DM,61.920640977986274,existing credits paid back duly till now,business,6527.423507056498,500 <= ... < 1000 DM ,1 <= ... < 4 years,4.803322592477533,male : divorced/separated,none,1.8731229368624747,real estate,28.798232790311012,none,own,-4.165853808639802,skilled employee / official,-2.5581980576747565,none,yes
2.3724051635369676,0 <= ... < 200 DM,8.38505139141526,existing credits paid back duly till now,car (used),1341.730569837761,unknown/ no savings account,.. >= 7 years,0.36184360287222983,male : single,none,-1.8494434078109796,unknown / no property,31.597883677179382,none,own,4.458022760523322,skilled employee / official,1.7321806779453033,"yes, registered under the customers name ",yes
4.495123320890196,0 <= ... < 200 DM,36.74384268255562,existing credits paid back duly till now,domestic appliances,2861.280686961319,500 <= ... < 1000 DM ,unemployed,5.282443126362516,male : single,none,-1.5012612066615256,if not A121 : building society savings agreement/ life insurance,34.11320217230599,none,own,-2.2589616736444356,skilled employee / official,2.509952092162562,none,yes
-1.376521479447902,no checking account,8.575813493568594,existing credits paid back duly till now,car (new),2756.8605267879366,... < 100 DM,1 <= ... < 4 years,10.8794547271107,male : single,none,3.4149868670367427,"if not A121/A122 : car or other, not in attribute 6",36.802235488654276,none,own,5.4799046863772665,management/ self-employed/ highly qualified employee/ officer,1.7696446655624951,"yes, registered under the customers name ",no
-1.2743211833792738,no checking account,14.61916980027823,all credits at this bank paid back duly,car (new),3645.270711282761,... < 100 DM,.. >= 7 years,5.050510153786036,female : divorced/separated/married,none,1.2212223890388016,real estate,28.311733576672662,none,own,6.461897791617162,skilled employee / official,-0.36221317989816226,none,yes
0.9422316716093976,no checking account,13.395565985344327,critical account/ other credits existing (not at this bank),car (new),971.1615096122583,... < 100 DM,1 <= ... < 4 years,4.155043660682488,male : married/widowed,none,6.321477856329886,"if not A121/A122 : car or other, not in attribute 6",30.43380304467736,none,own,1.2552394021034678,management/ self-employed/ highly qualified employee/ officer,1.7405617873936485,none,yes
-0.7372845000387043,< 0 DM,10.282415249992678,existing credits paid back duly till now,radio/television,2627.903903264515,... < 100 DM,4 <= ... < 7 years,2.743178106776557,male : married/widowed,none,2.8792299598007496,"if not A121/A122 : car or other, not in attribute 6",23.94484251543503,none,own,2.3169179212545545,skilled employee / official,-0.4103427673066251,"yes, registered under the customers name ",yes
2.85616095941967,< 0 DM,19.854152905909103,existing credits paid back duly till now,car (used),2895.810040420867,... < 100 DM,... < 1 year ,-3.816257881010576,male : single,none,1.7959530402339494,"if not A121/A122 : car or other, not in attribute 6",28.19292250632004,none,rent,-2.695841666252605,skilled employee / official,-2.4146763492507572,"yes, registered under the customers name ",yes
-6.75533187185714,no checking account,4.404367518171728,existing credits paid back duly till now,domestic appliances,4714.902849643061,... < 100 DM,1 <= ... < 4 years,-2.966859187700553,male : single,guarantor,0.7706387773366483,real estate,48.31177724130823,none,own,3.871028979437343,skilled employee / official,4.225789759126791,"yes, registered under the customers name ",yes
-2.4801151407506836,< 0 DM,20.25282008796584,existing credits paid back duly till now,(vacation - does not exist?),2288.1974091450884,100 <= ... < 500 DM,4 <= ... < 7 years,7.84837856830814,male : single,none,1.636914752660073,"if not A121/A122 : car or other, not in attribute 6",29.976731753442618,none,own,-0.49457727030311016,management/ self-employed/ highly qualified employee/ officer,3.4540832611713155,"yes, registered under the customers name ",yes
-2.3472490018843377,no checking account,7.230636047038654,existing credits paid back duly till now,car (new),1238.863044987275,... < 100 DM,4 <= ... < 7 years,-0.3692682403743395,male : married/widowed,none,5.083003310894322,real estate,56.603309416263784,bank,own,-2.2617059647650604,unskilled - resident,3.846686443250518,"yes, registered under the customers name ",yes
-6.961068037158435,no checking account,10.602695505425766,critical account/ other credits existing (not at this bank),car (used),1104.485818838206,... < 100 DM,1 <= ... < 4 years,1.90224370550786,male : single,none,5.148587219138026,real estate,29.746166780957058,none,rent,1.1319950352410473,unskilled - resident,-0.8250458000973686,none,yes
-2.8909153331064124,no checking account,19.123819650079295,existing credits paid back duly till now,car (used),926.4368909430317,... < 100 DM,... < 1 year ,0.5030485729479357,female : divorced/separated/married,none,1.7183245204449036,real estate,36.808907601263826,none,own,-0.3972440252160889,skilled employee / official,4.538086938079236,none,yes
-2.7454683475377784,no checking account,12.786856214588603,existing credits paid back duly till now,car (used),1801.1796893309545,... < 100 DM,1 <= ... < 4 years,0.8138612234603357,male : single,none,5.237371337972627,"if not A121/A122 : car or other, not in attribute 6",22.164585349620612,bank,own,1.024521790988737,skilled employee / official,-0.48074675398420275,none,yes
-0.603313963556491,no checking account,15.610899536129404,existing credits paid back duly till now,(vacation - does not exist?),1902.4140529340598,... < 100 DM,1 <= ... < 4 years,0.3196937963450912,male : single,none,4.023967926723828,real estate,34.459011468428116,none,own,3.8490397084490766,skilled employee / official,2.960503964615539,"yes, registered under the customers name ",yes
4.338897674980791,< 0 DM,8.616140929482993,delay in paying off in the past,radio/television,1125.57163106067,100 <= ... < 500 DM,1 <= ... < 4 years,3.8485777816557345,male : single,none,6.37854135555304,"if not A121/A122 : car or other, not in attribute 6",28.164212681581386,none,rent,-1.3559227779071978,skilled employee / official,-0.5327379853000258,none,yes
0.26481804642789286,< 0 DM,46.51979597885197,critical account/ other credits existing (not at this bank),car (used),6327.663867236923,unknown/ no savings account,unemployed,1.3254116359838912,male : single,none,2.530443374232549,"if not A121/A122 : car or other, not in attribute 6",49.43378001648214,none,own,7.205068999321628,unskilled - resident,0.32805350876268746,none,yes
-3.092441160813461,no checking account,24.424258420021633,critical account/ other credits existing (not at this bank),domestic appliances,1379.5061309817067,... < 100 DM,... < 1 year ,1.7769442606633152,male : single,guarantor,-3.437765099705925,"if not A121/A122 : car or other, not in attribute 6",48.79650251796821,bank,for free,-2.975178898476061,management/ self-employed/ highly qualified employee/ officer,-6.263533572167569,"yes, registered under the customers name ",yes
-0.17086362364058694,< 0 DM,23.02388587537714,existing credits paid back duly till now,car (new),2506.5584275063566,... < 100 DM,4 <= ... < 7 years,1.6564269215589822,male : single,none,2.805076964055568,"if not A121/A122 : car or other, not in attribute 6",41.06092401968122,none,own,6.8462908195357866,skilled employee / official,0.09426035674925304,"yes, registered under the customers name ",yes
3.147520864324048,no checking account,27.71047835036408,existing credits paid back duly till now,car (new),2528.632593806264,.. >= 1000 DM ,... < 1 year ,5.567080641503406,female : divorced/separated/married,none,3.175972189439877,real estate,29.015196668551013,none,own,-2.0495318657200814,management/ self-employed/ highly qualified employee/ officer,2.273269900355082,"yes, registered under the customers name ",yes
-2.9278764483447146,no checking account,20.7087223868225,existing credits paid back duly till now,domestic appliances,5323.471360823114,.. >= 1000 DM ,4 <= ... < 7 years,0.30362292851392814,female : divorced/separated/married,none,5.726041995422708,"if not A121/A122 : car or other, not in attribute 6",35.68061905403821,none,own,0.996960302390153,skilled employee / official,-0.23014885209151625,none,yes
-1.7317246517643459,< 0 DM,46.63968510489422,existing credits paid back duly till now,furniture/equipment,6561.200929724929,unknown/ no savings account,1 <= ... < 4 years,2.4642840963184387,male : single,none,3.26655998431232,if not A121 : building society savings agreement/ life insurance,27.03844111558612,none,own,-0.4705883404340594,skilled employee / official,6.268564204255418,"yes, registered under the customers name ",yes
2.67564687782267,0 <= ... < 200 DM,12.779423570416528,all credits at this bank paid back duly,car (new),2960.415444889698,unknown/ no savings account,1 <= ... < 4 years,5.79083769192665,male : divorced/separated,none,1.954239102135038,if not A121 : building society savings agreement/ life insurance,26.292157769409954,none,own,0.9688139853864361,management/ self-employed/ highly qualified employee/ officer,-2.487398255975829,none,yes
-0.6646083471924016,0 <= ... < 200 DM,12.074765079376197,existing credits paid back duly till now,car (used),1206.9067746554563,... < 100 DM,1 <= ... < 4 years,3.5738811753011794,female : divorced/separated/married,none,1.579761245663223,real estate,25.500205508900077,none,own,3.4040717090666464,unskilled - resident,-0.6907437113117774,none,yes
1.942454072128423,no checking account,8.508139499919011,critical account/ other credits existing (not at this bank),domestic appliances,2117.6599380064804,... < 100 DM,1 <= ... < 4 years,1.1652386946284814,female : divorced/separated/married,none,3.6551848071313415,real estate,34.60912704015638,none,for free,5.499480391686432,skilled employee / official,-0.7146178299575601,none,yes
-0.04094037538589028,no checking account,16.25711943440555,critical account/ other credits existing (not at this bank),business,628.8481156608291,... < 100 DM,1 <= ... < 4 years,5.4113510667105125,female : divorced/separated/married,none,4.279342248594825,real estate,34.60154544233604,none,own,5.571574114866926,skilled employee / official,-0.6913309369864136,"yes, registered under the customers name ",yes
3.1049909442687014,0 <= ... < 200 DM,-0.8272092111652567,critical account/ other credits existing (not at this bank),car (used),1200.1195975386934,... < 100 DM,.. >= 7 years,6.004593530672893,male : single,none,2.317302727468521,"if not A121/A122 : car or other, not in attribute 6",25.604285543767457,none,rent,-0.21456899702554333,skilled employee / official,4.094239188822115,"yes, registered under the customers name ",yes
-3.1052343421219226,no checking account,22.92297215818492,critical account/ other credits existing (not at this bank),radio/television,2475.775693235306,100 <= ... < 500 DM,4 <= ... < 7 years,3.5587795014741874,male : single,none,7.328272567576171,real estate,47.148537126595436,bank,own,1.55276566721366,unskilled - resident,5.434095382980891,"yes, registered under the customers name ",yes
-0.03625395236480232,no checking account,8.660494770813308,critical account/ other credits existing (not at this bank),car (new),1134.5793794300466,... < 100 DM,unemployed,4.241823326861565,male : single,none,1.3514034563571986,real estate,32.710965942833795,none,own,-0.34623362100508626,skilled employee / official,-1.102377832756825,"yes, registered under the customers name ",yes
0.36792995691052954,no checking account,56.96194844583552,existing credits paid back duly till now,(vacation - does not exist?),14026.575791987523,... < 100 DM,.. >= 7 years,1.6546293108000159,male : single,none,0.24942986362687858,"if not A121/A122 : car or other, not in attribute 6",22.47487983800446,none,own,-1.9746509377240846,skilled employee / official,-1.1690226281696101,"yes, registered under the customers name ",yes
-3.647672772312392,< 0 DM,30.37979013083308,delay in paying off in the past,domestic appliances,7596.202666452243,... < 100 DM,1 <= ... < 4 years,-1.5820491294935763,female : divorced/separated/married,none,8.909275637024994,real estate,62.2758916358959,none,own,-1.4389027171860063,skilled employee / official,-2.471385945781745,"yes, registered under the customers name ",yes
-4.6904338436060655,no checking account,28.248958929581455,existing credits paid back duly till now,education,3077.344801734743,100 <= ... < 500 DM,1 <= ... < 4 years,5.307442505900423,male : single,none,4.605745813201738,if not A121 : building society savings agreement/ life insurance,39.976267029625824,none,own,0.6872800790476121,management/ self-employed/ highly qualified employee/ officer,5.91885615955791,none,yes
2.0572471058239854,< 0 DM,16.414721606653423,existing credits paid back duly till now,car (used),1505.4857581018553,.. >= 1000 DM ,.. >= 7 years,5.334826187633865,male : single,none,0.9259720823269322,"if not A121/A122 : car or other, not in attribute 6",30.61225155783027,bank,own,1.748816893044826,unemployed/ unskilled - non-resident,4.363013220748908,none,yes
-1.0528571466539343,0 <= ... < 200 DM,25.818873468326125,all credits at this bank paid back duly,car (used),3151.1181071347555,... < 100 DM,... < 1 year ,4.365895315249729,male : single,none,2.8621421289306515,if not A121 : building society savings agreement/ life insurance,34.10912272767694,bank,own,-3.7354454792545138,skilled employee / official,0.6820546000336396,"yes, registered under the customers name ",yes
-3.0668408449419884,no checking account,15.984852766028467,existing credits paid back duly till now,domestic appliances,6144.741896340897,unknown/ no savings account,.. >= 7 years,3.8425630461765667,male : single,co-applicant,4.464376733571515,real estate,32.4173530430659,none,own,1.8609388922577028,management/ self-employed/ highly qualified employee/ officer,-3.1882975889206406,none,yes
0.7114631892300032,no checking account,12.141945858221275,existing credits paid back duly till now,car (new),1337.5271013684946,... < 100 DM,1 <= ... < 4 years,4.138609827444861,male : married/widowed,co-applicant,-6.236841594932134,"if not A121/A122 : car or other, not in attribute 6",34.456901117641955,none,own,6.548075373648574,skilled employee / official,-2.9199876963687563,none,yes
4.384056572047908,no checking account,1.8069415106447888,critical account/ other credits existing (not at this bank),domestic appliances,436.86978909585474,... < 100 DM,.. >= 7 years,6.089235672468307,male : single,none,-0.7194218484201449,"if not A121/A122 : car or other, not in attribute 6",26.39181768350784,none,rent,4.365733207222376,skilled employee / official,2.5118883511537797,"yes, registered under the customers name ",yes
-5.842213536115769,>= 200 DM / salary assignments for at least 1 year,10.011895774934208,delay in paying off in the past,business,1222.7961655091883,unknown/ no savings account,1 <= ... < 4 years,6.805326283068352,male : single,none,1.8474601486721554,"if not A121/A122 : car or other, not in attribute 6",24.050252127215227,none,own,-0.7555522295799975,unskilled - resident,2.6480137553394965,none,yes
-4.489916069709979,0 <= ... < 200 DM,14.76883858219973,delay in paying off in the past,car (new),790.5389400423402,... < 100 DM,... < 1 year ,6.733684015571943,male : married/widowed,guarantor,1.9301655703220815,"if not A121/A122 : car or other, not in attribute 6",75.53959346647054,bank,rent,-3.190618727848358,skilled employee / official,-5.198434415063446,"yes, registered under the customers name ",yes
-1.7686593256858028,>= 200 DM / salary assignments for at least 1 year,30.382064284927267,critical account/ other credits existing (not at this bank),retraining,2568.2438644940808,500 <= ... < 1000 DM ,... < 1 year ,2.6976662521620396,female : divorced/separated/married,none,3.7413076944912618,if not A121 : building society savings agreement/ life insurance,21.454040800970223,none,own,2.3794909193944798,skilled employee / official,0.036070268386351856,none,yes
4.383536600160987,< 0 DM,6.292811977486321,critical account/ other credits existing (not at this bank),repairs,248.8878688465807,... < 100 DM,1 <= ... < 4 years,6.160978189726514,female : divorced/separated/married,none,5.38844693884376,real estate,41.58584629546911,none,own,-4.9522847506225,skilled employee / official,5.854887668672151,none,yes
0.8477609487578895,< 0 DM,12.17840935349635,critical account/ other credits existing (not at this bank),radio/television,1313.2855774903567,... < 100 DM,4 <= ... < 7 years,2.6853820451969637,male : single,none,1.0353926460382177,real estate,41.868595851280176,none,for free,5.330462347648032,unskilled - resident,0.3474723801091436,none,no
3.3019517213836806,no checking account,16.41218307990032,critical account/ other credits existing (not at this bank),radio/television,1881.4913478528986,.. >= 1000 DM ,.. >= 7 years,5.897128577697395,male : single,none,0.8270356116314055,"if not A121/A122 : car or other, not in attribute 6",23.369649018089728,none,own,1.3592376263502786,skilled employee / official,5.4689142723718716,none,yes
-2.4204827573786916,< 0 DM,48.21982594375709,existing credits paid back duly till now,radio/television,6421.523766843281,500 <= ... < 1000 DM ,1 <= ... < 4 years,4.846263672504639,male : single,none,3.9745549755331355,real estate,62.44213304539943,none,rent,6.493900961732202,skilled employee / official,2.947138386867051,"yes, registered under the customers name ",no
-3.3586076258115787,no checking account,24.112569697018795,critical account/ other credits existing (not at this bank),education,1271.2067089164684,... < 100 DM,4 <= ... < 7 years,2.7410201224525226,female : divorced/separated/married,none,3.0201299992965893,real estate,31.99362944892038,none,own,-3.180896456729397,skilled employee / official,-2.252838802506073,"yes, registered under the customers name ",yes
1.3434411501681311,no checking account,23.72738721112211,delay in paying off in the past,domestic appliances,6399.491169992563,... < 100 DM,.. >= 7 years,-1.2072559707509591,male : single,none,1.531809497534292,if not A121 : building society savings agreement/ life insurance,26.527328477094137,bank,own,3.7544386756234998,skilled employee / official,0.12198611994443209,none,yes
1.1748229928063396,< 0 DM,23.907502457747448,existing credits paid back duly till now,radio/television,1983.0941962895095,100 <= ... < 500 DM,... < 1 year ,4.104052515034478,male : single,none,3.124678842540764,real estate,21.096946413562723,stores,rent,0.6984734895574045,skilled employee / official,1.6139172843658913,"yes, registered under the customers name ",yes
1.6462164565923798,< 0 DM,7.3568746708846575,existing credits paid back duly till now,domestic appliances,765.1822548598843,.. >= 1000 DM ,1 <= ... < 4 years,12.535883184722916,male : single,none,8.725513400032957,"if not A121/A122 : car or other, not in attribute 6",48.11223352242494,none,own,0.006848405583758543,unskilled - resident,-1.8575347042805195,none,yes
-0.5630129727853563,< 0 DM,19.67406379307996,critical account/ other credits existing (not at this bank),business,2601.612980883436,... < 100 DM,.. >= 7 years,0.8756147756297501,male : single,none,-2.722112782993835,real estate,28.127143686088377,none,own,-3.1095303956364333,unskilled - resident,-1.9096040684328237,none,yes
0.834431179363881,no checking account,2.4504677735175013,critical account/ other credits existing (not at this bank),radio/television,3379.923082818957,.. >= 1000 DM ,4 <= ... < 7 years,1.2129841462748445,female : divorced/separated/married,none,-0.16500170939793835,unknown / no property,35.99162619212097,none,own,2.787243720135149,skilled employee / official,6.520305776355682,none,yes
0.4743572547153275,no checking account,38.74387216196054,critical account/ other credits existing (not at this bank),radio/television,3988.791651176681,100 <= ... < 500 DM,.. >= 7 years,1.6613842069582128,male : single,none,1.9889329230548238,"if not A121/A122 : car or other, not in attribute 6",23.42453618677706,none,rent,3.0284121543305735,skilled employee / official,-1.9320818590788549,none,yes
3.333302167254776,0 <= ... < 200 DM,19.894997107346647,delay in paying off in the past,car (new),11557.16673136479,unknown/ no savings account,4 <= ... < 7 years,-0.4640597046858037,female : divorced/separated/married,none,1.656572523151664,"if not A121/A122 : car or other, not in attribute 6",24.35676236810658,none,own,7.355383405897669,skilled employee / official,4.235308229226041,none,yes
2.421024845833412,0 <= ... < 200 DM,17.431333465382163,existing credits paid back duly till now,domestic appliances,4379.294548060157,... < 100 DM,.. >= 7 years,7.6333484343560185,male : married/widowed,none,6.69947749638485,unknown / no property,36.98382532664913,none,rent,4.024150788581776,skilled employee / official,0.6905465649049507,"yes, registered under the customers name ",yes
-4.85961598317531,0 <= ... < 200 DM,3.540738213687468,existing credits paid back duly till now,domestic appliances,6768.37473081721,... < 100 DM,1 <= ... < 4 years,-1.018913053182394,male : single,none,5.439773036158918,real estate,39.6548025026967,none,own,0.21831401313279475,skilled employee / official,1.9230820103504827,"yes, registered under the customers name ",yes
-5.741805666022566,no checking account,30.334051288194335,existing credits paid back duly till now,radio/television,4284.176212762923,... < 100 DM,unemployed,2.577758579900916,female : divorced/separated/married,none,3.856736144534378,"if not A121/A122 : car or other, not in attribute 6",29.403597346091658,bank,for free,-1.0115877508525442,unskilled - resident,2.685533254715718,none,yes
3.0052361929545217,no checking account,22.834100456799547,existing credits paid back duly till now,business,2322.441186546623,100 <= ... < 500 DM,.. >= 7 years,-2.762478471193904,male : single,none,2.187978733968918,if not A121 : building society savings agreement/ life insurance,34.297086577676325,bank,own,-3.105474300567159,unskilled - resident,-0.7956760187140359,none,yes
3.56317527978581,no checking account,14.432180994924007,delay in paying off in the past,car (used),1049.942722309185,... < 100 DM,1 <= ... < 4 years,1.727164826373258,female : divorced/separated/married,none,3.664129497305059,real estate,26.396947827642038,none,rent,5.419673036918411,skilled employee / official,2.7037129404836,"yes, registered under the customers name ",yes
-3.0618690585400126,>= 200 DM / salary assignments for at least 1 year,22.51974946257076,critical account/ other credits existing (not at this bank),domestic appliances,3157.505431682001,... < 100 DM,1 <= ... < 4 years,-1.1251996788600431,male : single,none,2.685640039056568,unknown / no property,42.750575275500026,none,own,-1.3345228528335977,skilled employee / official,-5.139289098645147,none,yes
-5.579506219636886,>= 200 DM / salary assignments for at least 1 year,20.064590502668366,delay in paying off in the past,education,2477.670897083461,... < 100 DM,unemployed,5.895414097635786,male : single,none,3.764880915622712,"if not A121/A122 : car or other, not in attribute 6",23.961048126433955,none,own,5.440689606913922,skilled employee / official,2.3191221652439107,none,yes
0.29710446302160276,0 <= ... < 200 DM,41.0136840348411,critical account/ other credits existing (not at this bank),car (new),14182.058532752993,unknown/ no savings account,4 <= ... < 7 years,12.399091665511929,male : single,none,3.4360026954496012,"if not A121/A122 : car or other, not in attribute 6",31.562162696105215,bank,own,3.5752161225862,unskilled - resident,-6.405590373714908,"yes, registered under the customers name ",yes
2.792514679051588,0 <= ... < 200 DM,10.67604443121381,existing credits paid back duly till now,business,1800.4802785399306,unknown/ no savings account,.. >= 7 years,1.8999636190484335,male : married/widowed,none,1.7573479437771784,real estate,30.605416964503586,none,own,2.9897086447818815,management/ self-employed/ highly qualified employee/ officer,0.31945981990462746,"yes, registered under the customers name ",yes
5.392783567302944,< 0 DM,13.269010885867399,critical account/ other credits existing (not at this bank),car (used),2514.138156753144,... < 100 DM,... < 1 year ,-4.000273798970712,male : single,none,6.259636194483595,"if not A121/A122 : car or other, not in attribute 6",17.543726692628244,none,rent,0.07939506231910509,skilled employee / official,3.5627289559554742,none,yes
2.548892716304353,no checking account,12.941457060321365,existing credits paid back duly till now,business,1272.5904042523414,... < 100 DM,1 <= ... < 4 years,5.699998993289199,male : married/widowed,none,-2.6907804427957305,if not A121 : building society savings agreement/ life insurance,32.49682169913545,none,own,2.9820187390067527,unemployed/ unskilled - non-resident,2.866885918175128,"yes, registered under the customers name ",no
-1.1151500897570847,0 <= ... < 200 DM,19.524757740809594,critical account/ other credits existing (not at this bank),domestic appliances,5247.499672797994,... < 100 DM,... < 1 year ,-1.1807748767904704,male : single,none,-0.15199169769944687,if not A121 : building society savings agreement/ life insurance,23.791976299430686,none,own,0.9535877114895936,skilled employee / official,-2.8952314368858234,none,yes
-2.679391864754588,< 0 DM,17.678567448968867,existing credits paid back duly till now,domestic appliances,3031.2492966609743,unknown/ no savings account,4 <= ... < 7 years,5.8980407916606215,female : divorced/separated/married,none,-3.2455540884505707,if not A121 : building society savings agreement/ life insurance,32.61053948498234,none,own,-0.1076398744064313,management/ self-employed/ highly qualified employee/ officer,-2.5089931882805505,none,yes
0.03435387501196325,no checking account,3.676469815459814,existing credits paid back duly till now,car (new),429.17448811204434,... < 100 DM,1 <= ... < 4 years,1.153912856630166,male : single,guarantor,3.5991922010727984,if not A121 : building society savings agreement/ life insurance,50.16441076992454,bank,rent,3.0880143599446006,skilled employee / official,-1.0660161209679044,"yes, registered under the customers name ",yes
0.10220588834423083,no checking account,16.14316034222591,critical account/ other credits existing (not at this bank),radio/television,974.8190875861088,... < 100 DM,.. >= 7 years,-0.8954470672483423,male : single,none,2.7509698795713895,unknown / no property,23.97404495968655,none,own,0.5680836723366084,unskilled - resident,1.5586475870744043,none,yes
-3.0452037171864483,< 0 DM,10.030887319355674,critical account/ other credits existing (not at this bank),domestic appliances,836.1427845396455,... < 100 DM,.. >= 7 years,1.4661273327629405,female : divorced/separated/married,none,5.515802547798312,"if not A121/A122 : car or other, not in attribute 6",26.351317434368095,none,for free,-1.3950043362164806,unskilled - resident,-5.09579957013111,none,yes
6.14626695258986,no checking account,28.30308375493488,critical account/ other credits existing (not at this bank),(vacation - does not exist?),5771.341625582426,unknown/ no savings account,4 <= ... < 7 years,6.273330282808562,male : single,none,-2.2884947150904056,if not A121 : building society savings agreement/ life insurance,28.44548589574105,none,own,3.7994803263819534,management/ self-employed/ highly qualified employee/ officer,0.9603292724543254,none,yes
6.355505206216393,< 0 DM,15.297574666643438,existing credits paid back duly till now,domestic appliances,1558.2370289177084,... < 100 DM,1 <= ... < 4 years,3.317738107733031,male : single,none,9.354844368640414,if not A121 : building society savings agreement/ life insurance,52.38284467511862,none,for free,1.8080430331143043,unskilled - resident,2.9342881214001935,none,yes
4.408146050666286,0 <= ... < 200 DM,25.88638888083091,delay in paying off in the past,car (new),1281.4072351328975,... < 100 DM,4 <= ... < 7 years,2.509825891618884,female : divorced/separated/married,none,2.1734472755639267,unknown / no property,32.715728330151414,none,own,2.4667300352734136,skilled employee / official,0.15088845738704904,"yes, registered under the customers name ",yes
-2.7625511934273828,< 0 DM,11.129831862036212,existing credits paid back duly till now,radio/television,1300.916278145028,unknown/ no savings account,4 <= ... < 7 years,0.40350519106338456,female : divorced/separated/married,none,1.5046174213337675,"if not A121/A122 : car or other, not in attribute 6",71.45650535683448,stores,own,1.6384204249374406,skilled employee / official,3.5759629041591556,none,yes
3.5650579728918363,0 <= ... < 200 DM,21.802932611697763,critical account/ other credits existing (not at this bank),radio/television,1271.9946250854011,unknown/ no savings account,.. >= 7 years,-0.8155655535026547,male : married/widowed,guarantor,6.563153982035116,"if not A121/A122 : car or other, not in attribute 6",38.4352588849393,none,rent,-1.627363914042868,skilled employee / official,1.671172474978612,"yes, registered under the customers name ",yes
1.9188792284937055,< 0 DM,20.90784890420298,all credits at this bank paid back duly,(vacation - does not exist?),1395.250444789697,... < 100 DM,4 <= ... < 7 years,3.1910948068819405,male : single,none,-0.9609392673882158,real estate,31.965374107145486,none,own,6.205221887542827,skilled employee / official,-0.624962778196686,none,yes
2.327636872612159,no checking account,12.211257381981866,critical account/ other credits existing (not at this bank),domestic appliances,693.615926499157,... < 100 DM,.. >= 7 years,-1.3601797815347307,male : single,none,1.3610269244619997,if not A121 : building society savings agreement/ life insurance,24.773863770584928,none,own,6.639834232290722,skilled employee / official,-4.80856808077847,none,yes
3.7489958011313314,< 0 DM,11.471399050069701,all credits at this bank paid back duly,domestic appliances,5042.916604274224,... < 100 DM,.. >= 7 years,-0.33236436309654604,male : single,none,4.537515323802623,real estate,66.23373211891905,none,own,3.6513548837858836,skilled employee / official,1.4002392447124685,none,yes
2.906113428583832,no checking account,15.667182216755199,critical account/ other credits existing (not at this bank),domestic appliances,2119.1491217995053,... < 100 DM,.. >= 7 years,6.27815562649223,male : single,none,12.572419226394118,"if not A121/A122 : car or other, not in attribute 6",25.699226032192424,none,own,0.8365679438771805,management/ self-employed/ highly qualified employee/ officer,-1.8592260956899334,none,yes
2.2200427089130064,< 0 DM,10.109752469232992,existing credits paid back duly till now,domestic appliances,2212.3994414229514,unknown/ no savings account,1 <= ... < 4 years,4.90914484879815,female : divorced/separated/married,none,3.903374228556073,unknown / no property,22.21289017375978,none,own,0.09904608051678254,management/ self-employed/ highly qualified employee/ officer,-0.7350278745846355,"yes, registered under the customers name ",yes
2.9107188501166306,< 0 DM,17.828535377585176,existing credits paid back duly till now,car (used),12682.66738195258,unknown/ no savings account,1 <= ... < 4 years,5.770961718959171,male : single,none,8.819083451892155,real estate,35.782109265690686,none,own,5.146982337689394,unskilled - resident,2.4373726538892573,none,yes
1.0223742240063176,0 <= ... < 200 DM,20.84433818130476,no credits taken/ all credits paid back duly,car (new),2461.373988289422,... < 100 DM,.. >= 7 years,3.8048629818435726,female : divorced/separated/married,none,6.617019435575867,if not A121 : building society savings agreement/ life insurance,25.957706488541415,bank,rent,0.9385098872977604,skilled employee / official,5.252000150303053,"yes, registered under the customers name ",yes
-5.350833389142551,< 0 DM,11.567146864439236,critical account/ other credits existing (not at this bank),domestic appliances,1152.9178700284272,100 <= ... < 500 DM,... < 1 year ,6.509238542956551,male : married/widowed,none,4.104030109483556,real estate,40.39755815748417,none,rent,0.10233189095810746,unskilled - resident,0.885819629673973,none,yes
1.2508632322316717,no checking account,26.34984474484078,critical account/ other credits existing (not at this bank),car (new),3102.535948974226,... < 100 DM,... < 1 year ,4.774097590309376,female : divorced/separated/married,none,1.032412685107964,real estate,29.53865256880712,bank,rent,6.6167040269093595,skilled employee / official,2.6621945093376116,none,yes
-1.6685758765473757,no checking account,12.526380877412898,critical account/ other credits existing (not at this bank),car (new),2906.257942663653,.. >= 1000 DM ,unemployed,2.3384230127430237,male : divorced/separated,none,7.179260832454705,if not A121 : building society savings agreement/ life insurance,35.95597551233002,none,own,0.8569669551583831,skilled employee / official,-3.3334380234586725,none,yes
-3.8395228729200612,no checking account,9.246739387747457,critical account/ other credits existing (not at this bank),car (new),3619.477140924276,... < 100 DM,... < 1 year ,3.782637331940629,female : divorced/separated/married,none,-0.49433102494414083,if not A121 : building society savings agreement/ life insurance,27.68504588108236,none,own,8.305275985541536,unskilled - resident,1.7365707429851036,none,yes
5.045449857902472,no checking account,20.428706910289176,existing credits paid back duly till now,car (new),1657.3096879438242,... < 100 DM,... < 1 year ,4.251270663210731,male : single,none,8.802625371031276,real estate,63.44845230221853,none,own,-2.1951757320700063,skilled employee / official,0.8202821869685126,none,yes
5.186986022657111,>= 200 DM / salary assignments for at least 1 year,22.645846647106815,existing credits paid back duly till now,car (new),2814.9031761603383,... < 100 DM,... < 1 year ,0.6816094599593292,female : divorced/separated/married,guarantor,4.600015924654766,if not A121 : building society savings agreement/ life insurance,29.611346459076337,none,own,2.5545546483535055,skilled employee / official,4.687682741878546,"yes, registered under the customers name ",yes
5.077661800886836,0 <= ... < 200 DM,36.21605292575116,delay in paying off in the past,domestic appliances,8066.73012508463,... < 100 DM,... < 1 year ,-1.031696735074001,female : divorced/separated/married,none,-5.950670641894528,"if not A121/A122 : car or other, not in attribute 6",26.75541837238323,none,own,8.213247797649846,unskilled - resident,-0.62137542808627,none,yes
0.7656402505676239,< 0 DM,17.113976446601896,delay in paying off in the past,domestic appliances,3274.267013434461,unknown/ no savings account,1 <= ... < 4 years,2.261086377527872,male : single,none,2.978481714904483,"if not A121/A122 : car or other, not in attribute 6",35.836955804597785,none,own,1.0892522339765858,skilled employee / official,0.2750871485128876,none,yes
4.05187536285797,>= 200 DM / salary assignments for at least 1 year,29.118275274382917,existing credits paid back duly till now,(vacation - does not exist?),2222.5087076876334,... < 100 DM,... < 1 year ,5.638267692494286,male : single,none,5.9618434627688215,"if not A121/A122 : car or other, not in attribute 6",55.33117291707239,none,own,1.2079865231966114,management/ self-employed/ highly qualified employee/ officer,4.176443401398385,"yes, registered under the customers name ",yes
0.036159541805476626,0 <= ... < 200 DM,15.358502042408748,all credits at this bank paid back duly,domestic appliances,1478.7173069062237,... < 100 DM,4 <= ... < 7 years,5.271415973415696,male : single,none,3.2889283808806997,"if not A121/A122 : car or other, not in attribute 6",73.61544968828386,none,own,-0.5032557527952592,skilled employee / official,0.7238986228160516,none,yes
1.6083918306933382,0 <= ... < 200 DM,24.890747612208337,critical account/ other credits existing (not at this bank),domestic appliances,1378.904222263245,100 <= ... < 500 DM,.. >= 7 years,1.1910361748641196,male : single,none,6.14501743298072,real estate,25.952231346398264,none,for free,4.247029163305742,unskilled - resident,-2.326524143861806,none,yes
-3.280414111385949,< 0 DM,31.959592353661304,existing credits paid back duly till now,car (used),3536.6677360938984,100 <= ... < 500 DM,.. >= 7 years,1.28070682216851,male : single,guarantor,1.4499274968631135,"if not A121/A122 : car or other, not in attribute 6",37.3502802636177,none,rent,-0.31038424792206243,unskilled - resident,8.65489981987037,"yes, registered under the customers name ",yes
1.19097391349652,< 0 DM,18.63200063317386,existing credits paid back duly till now,domestic appliances,3507.608598675946,unknown/ no savings account,4 <= ... < 7 years,5.379700798923311,male : single,none,-2.9179471183628225,real estate,25.511881250857243,none,for free,0.7155743218300343,management/ self-employed/ highly qualified employee/ officer,-2.2357782900102,"yes, registered under the customers name ",yes
0.1811577852732513,no checking account,32.635706861948236,all credits at this bank paid back duly,car (new),5712.396490322499,... < 100 DM,1 <= ... < 4 years,3.78649903344074,male : single,none,1.7856637908571837,"if not A121/A122 : car or other, not in attribute 6",41.93128850249455,none,own,-1.7035068393778348,skilled employee / official,0.8058997553514289,"yes, registered under the customers name ",yes
-3.9079563505033934,no checking account,22.38706579042008,delay in paying off in the past,car (new),3868.967393246431,.. >= 1000 DM ,... < 1 year ,-3.657284831713384,male : single,none,4.094697001869744,real estate,65.20240679490124,none,own,5.670683800292298,unskilled - resident,2.0400644680768396,none,yes
0.8464086645502094,< 0 DM,41.42758419555952,critical account/ other credits existing (not at this bank),radio/television,4937.513520155768,... < 100 DM,... < 1 year ,3.1253244912625724,female : divorced/separated/married,none,0.9548469468130358,if not A121 : building society savings agreement/ life insurance,24.165047320865018,bank,for free,5.464655932177048,skilled employee / official,1.8028525270933435,none,yes
-0.23918869157042544,< 0 DM,24.28631711546321,existing credits paid back duly till now,car (used),1938.0167927125785,... < 100 DM,4 <= ... < 7 years,-1.5572687449668638,female : divorced/separated/married,none,7.681873439926577,unknown / no property,55.38767115262007,stores,own,0.9052457523606072,skilled employee / official,0.4307688879808036,none,yes
5.39268349993392,no checking account,4.6908730102580325,critical account/ other credits existing (not at this bank),radio/television,1411.5032562978674,... < 100 DM,4 <= ... < 7 years,-0.8357696556201288,female : divorced/separated/married,none,-0.5506221254171728,if not A121 : building society savings agreement/ life insurance,27.44839641208008,none,rent,-2.4624468067607843,skilled employee / official,0.4457188884210759,none,yes
3.6826399855402285,>= 200 DM / salary assignments for at least 1 year,9.049752064022908,existing credits paid back duly till now,domestic appliances,839.1979328892294,... < 100 DM,.. >= 7 years,8.055044118580321,male : single,none,2.9394968219970483,real estate,21.44659999190609,none,for free,5.607721147727896,management/ self-employed/ highly qualified employee/ officer,0.2952044011361339,"yes, registered under the customers name ",yes
0.034336317274398044,0 <= ... < 200 DM,22.06328339479962,critical account/ other credits existing (not at this bank),car (new),6469.154305632615,500 <= ... < 1000 DM ,unemployed,6.474637053421346,male : single,co-applicant,4.203909913490875,if not A121 : building society savings agreement/ life insurance,59.832189017818735,none,own,-0.09779518114144148,skilled employee / official,-2.347801575774116,"yes, registered under the customers name ",yes
0.746361929403249,0 <= ... < 200 DM,21.638651075169467,critical account/ other credits existing (not at this bank),radio/television,1941.2834099754589,... < 100 DM,4 <= ... < 7 years,0.35303089458411474,male : married/widowed,none,-2.67014785640825,if not A121 : building society savings agreement/ life insurance,40.307249977310356,none,own,-2.315614522452556,skilled employee / official,7.450657643268187,"yes, registered under the customers name ",yes
0.13263713431259416,0 <= ... < 200 DM,25.327509434476394,delay in paying off in the past,(vacation - does not exist?),2675.032406254568,... < 100 DM,1 <= ... < 4 years,2.011825387761917,male : single,none,0.04290944899446281,unknown / no property,41.60797841477567,none,rent,-4.286354037417632,skilled employee / official,0.34002724685986896,none,yes
-0.6087419543866432,no checking account,43.22396099327563,existing credits paid back duly till now,radio/television,2750.8306767093386,unknown/ no savings account,.. >= 7 years,4.127867569236118,female : divorced/separated/married,none,3.035733048745894,unknown / no property,35.26376446943062,none,own,0.06210460431867526,skilled employee / official,3.7907929784692866,"yes, registered under the customers name ",yes
-2.2472815921648603,0 <= ... < 200 DM,48.90465692043871,delay in paying off in the past,car (new),6222.269904533217,... < 100 DM,... < 1 year ,9.343680782744704,male : single,none,9.943599996060891,real estate,47.81605854390765,none,rent,-3.3639143675898193,skilled employee / official,-0.0039585730448161716,"yes, registered under the customers name ",yes
0.5468443671792123,< 0 DM,43.04654564944879,existing credits paid back duly till now,furniture/equipment,5996.651549710691,500 <= ... < 1000 DM ,1 <= ... < 4 years,2.5213931565267953,male : married/widowed,none,4.737809435696433,unknown / no property,31.124246049691962,none,own,-0.8684625095684737,skilled employee / official,-0.06429101706645057,"yes, registered under the customers name ",yes
-1.2382947699575402,no checking account,16.024993303253265,critical account/ other credits existing (not at this bank),car (new),1192.4387711209529,100 <= ... < 500 DM,1 <= ... < 4 years,0.5693479309001657,male : single,none,-1.176904475433898,"if not A121/A122 : car or other, not in attribute 6",42.37983104588758,none,own,3.233226201093146,skilled employee / official,0.6336690119910491,none,yes
-3.750946616769439,no checking account,23.97628645388029,critical account/ other credits existing (not at this bank),radio/television,6312.6743901019445,unknown/ no savings account,.. >= 7 years,7.646176675388586,male : single,none,-5.331464195358013,unknown / no property,41.08444973067261,bank,own,-0.12620049192569982,unskilled - resident,-2.6495373639677524,"yes, registered under the customers name ",yes
1.533665443642604,no checking account,6.821527194925369,critical account/ other credits existing (not at this bank),radio/television,1218.6426111918518,... < 100 DM,.. >= 7 years,-0.12436745815477401,male : single,guarantor,4.199160779013139,real estate,25.672420603383504,none,own,3.067080146341133,skilled employee / official,0.5181365796376919,none,yes
1.1737939797997048,0 <= ... < 200 DM,23.097706245459797,critical account/ other credits existing (not at this bank),domestic appliances,2890.4511072094156,unknown/ no savings account,unemployed,5.1666051268993725,male : single,none,3.711359551215403,unknown / no property,54.37479850711393,none,own,-1.1700039785966956,unskilled - resident,-0.2210229629582905,"yes, registered under the customers name ",yes
-5.360122534104233,no checking account,18.443514433796395,existing credits paid back duly till now,car (new),3065.3011120420915,... < 100 DM,... < 1 year ,-0.431428895337282,male : single,none,6.4237979085311085,real estate,29.02001861982594,none,for free,1.195507199092694,management/ self-employed/ highly qualified employee/ officer,4.514573527554331,"yes, registered under the customers name ",yes
-0.36805391248538166,0 <= ... < 200 DM,8.022905669778813,existing credits paid back duly till now,radio/television,2303.0268198994936,unknown/ no savings account,1 <= ... < 4 years,1.4863017677230212,male : single,none,1.3578462378656755,"if not A121/A122 : car or other, not in attribute 6",23.17609119417257,none,rent,6.762702466258063,unskilled - resident,-2.590100352753546,none,yes
3.9871041576997706,< 0 DM,17.01808370923493,delay in paying off in the past,car (new),7512.680987534697,... < 100 DM,.. >= 7 years,-3.978790514979214,male : single,none,5.050637493575579,real estate,57.81797697267999,bank,own,-0.0454582340806895,management/ self-employed/ highly qualified employee/ officer,0.26855846733543487,none,yes
3.1776712166889625,no checking account,11.555782786356737,critical account/ other credits existing (not at this bank),repairs,1257.2274364032705,... < 100 DM,4 <= ... < 7 years,-1.1663013428671132,male : single,none,6.538520389083589,real estate,22.616067046754374,none,own,3.1532883128589764,unskilled - resident,-1.6953214002622463,"yes, registered under the customers name ",yes
3.077510528655716,0 <= ... < 200 DM,22.30958572372479,critical account/ other credits existing (not at this bank),(vacation - does not exist?),718.7200874105189,500 <= ... < 1000 DM ,1 <= ... < 4 years,6.517604065456791,male : single,none,2.6576090853805545,if not A121 : building society savings agreement/ life insurance,51.67317156221519,none,own,-2.6965816824053155,skilled employee / official,5.327591182035427,"yes, registered under the customers name ",yes
0.1167396207043794,0 <= ... < 200 DM,7.670963540275598,existing credits paid back duly till now,business,1547.069316625148,... < 100 DM,4 <= ... < 7 years,3.850283826739862,male : single,none,0.7217432893068039,real estate,36.231106108014615,bank,rent,5.560318367250612,skilled employee / official,-1.6082253345640138,"yes, registered under the customers name ",yes
-2.535135983907453,0 <= ... < 200 DM,23.880881152959066,existing credits paid back duly till now,car (new),1596.2211579059626,... < 100 DM,unemployed,3.042682778341076,male : single,none,4.075788493295171,if not A121 : building society savings agreement/ life insurance,52.58997384295396,none,own,0.5683801131654043,management/ self-employed/ highly qualified employee/ officer,3.6868995341784103,"yes, registered under the customers name ",yes
-3.251096482074182,< 0 DM,19.327363814909134,existing credits paid back duly till now,car (used),1797.9094134621753,... < 100 DM,1 <= ... < 4 years,0.7537511280572473,female : divorced/separated/married,none,5.628029039680986,real estate,43.81765246873976,none,own,5.151600949719503,skilled employee / official,3.91048442021794,"yes, registered under the customers name ",yes
1.0338147142510725,0 <= ... < 200 DM,19.08671971143,critical account/ other credits existing (not at this bank),business,4274.622833036758,... < 100 DM,1 <= ... < 4 years,0.33803178027615177,female : divorced/separated/married,none,3.956997986464267,unknown / no property,26.10310808061632,none,own,1.6304591127232841,skilled employee / official,0.5616312657537754,none,no
1.137840103095489,no checking account,10.771053214895995,all credits at this bank paid back duly,(vacation - does not exist?),973.0542704621475,unknown/ no savings account,... < 1 year ,4.903339501302081,male : single,none,6.921989013278459,"if not A121/A122 : car or other, not in attribute 6",38.35350320164917,none,for free,3.834738095062419,management/ self-employed/ highly qualified employee/ officer,-3.1304330028214054,"yes, registered under the customers name ",yes
3.861993334815196,no checking account,12.277062114763375,existing credits paid back duly till now,radio/television,7469.433420641274,... < 100 DM,.. >= 7 years,3.9487486193852854,male : single,none,0.6141944321989101,"if not A121/A122 : car or other, not in attribute 6",23.06727998378228,none,rent,3.013037281633002,skilled employee / official,-3.092461576291071,none,yes
4.299938951026251,0 <= ... < 200 DM,30.237252222314456,existing credits paid back duly till now,car (new),9271.32610645844,... < 100 DM,.. >= 7 years,-5.875440052290407,male : single,none,-2.985185616389329,unknown / no property,22.868292977711178,none,rent,-0.357321018538151,skilled employee / official,3.579292194388239,"yes, registered under the customers name ",yes
-0.3966859695935163,< 0 DM,7.431105381679374,existing credits paid back duly till now,radio/television,595.1783971240085,... < 100 DM,.. >= 7 years,0.5047164772115709,male : single,none,8.93092610433954,real estate,23.11530382663451,none,own,4.275719307285556,skilled employee / official,-2.7817820563995723,none,yes
-3.7326176365826083,0 <= ... < 200 DM,11.998310708631124,existing credits paid back duly till now,car (used),924.253304506593,... < 100 DM,4 <= ... < 7 years,4.477288726567017,male : single,none,2.186098790372661,"if not A121/A122 : car or other, not in attribute 6",64.5501931985973,none,own,1.7230454080207012,skilled employee / official,2.176079833179737,none,yes
-0.9573197910326935,0 <= ... < 200 DM,42.11908057979269,existing credits paid back duly till now,car (new),9283.834998818711,... < 100 DM,1 <= ... < 4 years,0.7034106521131425,female : divorced/separated/married,guarantor,0.2946737488467581,real estate,53.312894851230425,stores,own,3.3338026600826285,skilled employee / official,1.3430473294617888,none,yes
1.651693584431574,no checking account,17.882202922783392,existing credits paid back duly till now,radio/television,1773.8718700052805,unknown/ no savings account,.. >= 7 years,3.210128727580175,male : single,none,0.8025900367834469,"if not A121/A122 : car or other, not in attribute 6",22.966901939890235,none,own,0.8293841175004071,skilled employee / official,2.1313974529330815,none,yes
-0.6062497361682122,< 0 DM,2.1415534098552556,existing credits paid back duly till now,radio/television,905.0970070194234,... < 100 DM,... < 1 year ,3.8026208583796617,male : divorced/separated,none,2.2015433289619435,unknown / no property,31.67650649119882,none,own,2.04867384589618,skilled employee / official,2.414754423537663,"yes, registered under the customers name ",yes
-1.7336823242329675,0 <= ... < 200 DM,0.07849839042310869,existing credits paid back duly till now,business,482.9067147458073,... < 100 DM,... < 1 year ,2.0853964110197785,male : divorced/separated,none,1.8399490725351515,real estate,29.399478450248523,none,own,-0.3859790070627829,skilled employee / official,-1.8010123532537055,none,yes
1.7586544449096966,0 <= ... < 200 DM,36.82141153597056,all credits at this bank paid back duly,domestic appliances,9627.738474969688,... < 100 DM,unemployed,2.419440412038469,male : single,guarantor,3.947698309152973,"if not A121/A122 : car or other, not in attribute 6",25.717185324088057,none,own,2.149927924119787,unskilled - resident,-1.9265845370442238,"yes, registered under the customers name ",yes
-0.5118732242318313,< 0 DM,47.978649434614454,existing credits paid back duly till now,domestic appliances,3049.3986121810226,... < 100 DM,.. >= 7 years,2.2634955307934974,female : divorced/separated/married,none,3.880713305715478,if not A121 : building society savings agreement/ life insurance,56.65019870679728,none,own,-2.2240811050753013,skilled employee / official,3.1447814023012075,none,yes
-0.8841982511761219,0 <= ... < 200 DM,48.5105308295758,critical account/ other credits existing (not at this bank),domestic appliances,3931.021621181129,... < 100 DM,unemployed,7.446227049468228,male : single,none,4.524457981062421,if not A121 : building society savings agreement/ life insurance,48.31310865027942,bank,own,1.7426709540663823,skilled employee / official,0.1119661683068105,none,yes
0.9343585029103187,0 <= ... < 200 DM,34.61361877448266,existing credits paid back duly till now,car (new),7430.394233300109,100 <= ... < 500 DM,... < 1 year ,-0.19602379871714337,female : divorced/separated/married,none,-5.072462376961948,real estate,52.76067014160986,none,own,1.132563504878758,management/ self-employed/ highly qualified employee/ officer,-7.250445476015445,none,yes
-1.2059777403876144,0 <= ... < 200 DM,7.993061022719793,no credits taken/ all credits paid back duly,education,1333.6126278454376,... < 100 DM,4 <= ... < 7 years,0.8115798305681335,male : single,none,9.642628921023547,unknown / no property,62.8176578689144,stores,rent,-0.6204606622174178,skilled employee / official,2.946265893651595,none,yes
0.7323131669350564,0 <= ... < 200 DM,8.79791652897336,delay in paying off in the past,car (new),1556.3396088375682,... < 100 DM,1 <= ... < 4 years,1.550026641995263,male : married/widowed,none,1.5581350593963275,"if not A121/A122 : car or other, not in attribute 6",23.192908547218018,bank,own,1.8349161008291115,skilled employee / official,-2.1087838642063046,none,yes
0.8196120685563681,0 <= ... < 200 DM,37.45194688185458,all credits at this bank paid back duly,car (new),15859.258616501447,unknown/ no savings account,... < 1 year ,6.681052789623374,male : divorced/separated,none,4.741867858340957,unknown / no property,44.31539087432998,none,for free,1.4020134285037296,management/ self-employed/ highly qualified employee/ officer,2.4014076337157597,"yes, registered under the customers name ",yes
-2.418287003274724,no checking account,17.21751462478625,existing credits paid back duly till now,car (new),1347.529522930068,100 <= ... < 500 DM,1 <= ... < 4 years,3.0990752252910605,male : single,none,-1.1343040246020726,if not A121 : building society savings agreement/ life insurance,27.025072657874492,none,rent,-0.8490711597953369,skilled employee / official,5.178465547950908,none,yes
-1.4437233715962365,< 0 DM,5.676931837156792,no credits taken/ all credits paid back duly,car (used),1096.3777965112079,unknown/ no savings account,... < 1 year ,5.876419968032883,male : single,none,0.5869992162522495,if not A121 : building society savings agreement/ life insurance,25.852019217407396,none,own,1.6137242728109924,management/ self-employed/ highly qualified employee/ officer,1.050287371785843,"yes, registered under the customers name ",yes
4.313330819749387,no checking account,14.307708624111385,delay in paying off in the past,car (new),3016.8967544577526,... < 100 DM,1 <= ... < 4 years,6.695938209795067,male : single,none,-1.0169475989612433,unknown / no property,20.012103831234604,none,own,-2.016655822684763,skilled employee / official,3.987297494990593,"yes, registered under the customers name ",yes
-2.486238538202861,no checking account,39.66518599865278,critical account/ other credits existing (not at this bank),domestic appliances,2714.027936567421,... < 100 DM,.. >= 7 years,1.8087372050280552,male : single,none,6.4091712935256355,real estate,41.438711170896525,none,own,8.037199116883022,unskilled - resident,2.4613930416086065,none,yes
-6.3499633469115935,no checking account,9.93367523595194,existing credits paid back duly till now,car (new),727.9063937946812,unknown/ no savings account,unemployed,3.3678430627697127,male : married/widowed,none,2.2425591794923516,"if not A121/A122 : car or other, not in attribute 6",46.3871915365781,none,own,5.177355980624555,skilled employee / official,5.762287984423442,none,yes
-5.585535459727534,0 <= ... < 200 DM,15.36107271789748,existing credits paid back duly till now,car (new),3780.027519744546,... < 100 DM,4 <= ... < 7 years,2.0128389838553518,male : single,none,4.274239960820274,if not A121 : building society savings agreement/ life insurance,29.328883256873723,none,own,2.8192823168946535,skilled employee / official,-2.1863213262713184,"yes, registered under the customers name ",yes
0.0873298397300076,no checking account,23.021383181003273,existing credits paid back duly till now,radio/television,1601.651200064069,... < 100 DM,4 <= ... < 7 years,3.2325305972722527,male : married/widowed,none,1.0487386419804146,"if not A121/A122 : car or other, not in attribute 6",31.522985306666154,none,own,5.516338782430085,skilled employee / official,0.9753550587505307,"yes, registered under the customers name ",yes
1.0927518340980966,0 <= ... < 200 DM,20.581589123884335,existing credits paid back duly till now,car (new),3971.5264519757047,... < 100 DM,unemployed,3.5627195817304984,female : divorced/separated/married,none,2.642143181038168,real estate,35.896026336728326,none,rent,-2.9377574300513336,management/ self-employed/ highly qualified employee/ officer,3.0194848151244025,"yes, registered under the customers name ",yes
0.6471674337246371,no checking account,22.67644874339726,critical account/ other credits existing (not at this bank),car (new),4170.773488111037,... < 100 DM,1 <= ... < 4 years,2.693029931766542,male : single,none,1.2633495043979421,"if not A121/A122 : car or other, not in attribute 6",43.585069425626855,stores,own,-5.673039213502019,skilled employee / official,1.4287647289698637,"yes, registered under the customers name ",yes
4.642569486785504,0 <= ... < 200 DM,33.37167022731613,delay in paying off in the past,domestic appliances,8330.006930820009,unknown/ no savings account,4 <= ... < 7 years,3.705869127509608,male : single,guarantor,7.851535380487901,real estate,45.826407490038015,none,rent,-0.19787318524971864,unskilled - resident,4.4566569899580095,none,yes
-8.018503299308813,no checking account,47.320636246367584,critical account/ other credits existing (not at this bank),domestic appliances,6688.481781017184,... < 100 DM,... < 1 year ,0.6243294688604952,female : divorced/separated/married,none,-1.6695579770903555,unknown / no property,36.3838643103528,bank,own,-3.135692430806327,skilled employee / official,0.7038813814676586,none,yes
1.1878016232924709,0 <= ... < 200 DM,26.241816153430364,existing credits paid back duly till now,car (new),2372.25432283654,... < 100 DM,... < 1 year ,1.0975297678742963,male : single,none,-1.9469906658232983,"if not A121/A122 : car or other, not in attribute 6",40.67173690868228,none,own,1.2901834266550123,unskilled - resident,8.208113454886664,"yes, registered under the customers name ",yes
5.684314605410719,< 0 DM,18.172230214314474,critical account/ other credits existing (not at this bank),car (used),1218.9420198829823,unknown/ no savings account,1 <= ... < 4 years,10.43034047433094,female : divorced/separated/married,guarantor,-2.8419154970694507,"if not A121/A122 : car or other, not in attribute 6",23.625925719461023,none,rent,1.6169699217846965,skilled employee / official,7.3665925128167355,"yes, registered under the customers name ",yes
-2.383342294675142,< 0 DM,41.64801719384617,existing credits paid back duly till now,radio/television,11818.91149394259,... < 100 DM,4 <= ... < 7 years,1.4665228241339312,male : divorced/separated,none,0.7374936407156492,if not A121 : building society savings agreement/ life insurance,29.606954541675066,none,own,4.761243495021834,skilled employee / official,1.846215988681899,none,yes
-1.1394195353696852,no checking account,25.24384885508011,critical account/ other credits existing (not at this bank),domestic appliances,5081.012929319475,unknown/ no savings account,1 <= ... < 4 years,-0.32431598673508066,male : single,none,1.5651998464236785,if not A121 : building society savings agreement/ life insurance,39.566110995639754,none,own,-2.4147919528256407,skilled employee / official,2.6578035410638505,"yes, registered under the customers name ",yes
-1.2586757516858627,no checking account,16.7359849014455,critical account/ other credits existing (not at this bank),car (used),2328.4798033815173,... < 100 DM,.. >= 7 years,6.293297496767892,male : single,none,-1.8434437622711668,real estate,24.47521035398848,none,own,2.198892058480215,management/ self-employed/ highly qualified employee/ officer,4.575014306873912,none,yes
-1.683038138232586,< 0 DM,12.263888688993006,existing credits paid back duly till now,domestic appliances,1081.6773987672018,... < 100 DM,... < 1 year ,4.845425646050656,male : single,none,1.797556760155993,"if not A121/A122 : car or other, not in attribute 6",42.06400299933193,none,rent,2.0431690794566975,unskilled - resident,-2.5615921969021,"yes, registered under the customers name ",yes
-0.9787860150691199,< 0 DM,12.658754781539832,no credits taken/ all credits paid back duly,radio/television,887.6629900138971,... < 100 DM,.. >= 7 years,5.734464750593565,male : single,none,-4.0441434428002445,if not A121 : building society savings agreement/ life insurance,23.77913024349974,none,rent,2.0425279297992542,management/ self-employed/ highly qualified employee/ officer,-2.9360000437333715,none,yes
4.2824558510535145,< 0 DM,3.2238822949428094,delay in paying off in the past,domestic appliances,601.6920169071419,... < 100 DM,4 <= ... < 7 years,0.5858587741553992,female : divorced/separated/married,none,-0.05396617130304371,real estate,20.6879622209835,none,rent,-0.5593158522607995,skilled employee / official,5.769256741572904,none,yes
5.512160026462561,0 <= ... < 200 DM,28.43483680714818,critical account/ other credits existing (not at this bank),radio/television,2960.589018456111,unknown/ no savings account,4 <= ... < 7 years,3.0439807282695877,male : divorced/separated,guarantor,7.601261199730602,real estate,62.89603094576106,none,own,6.14940541958636,skilled employee / official,1.8219654186189982,"yes, registered under the customers name ",yes
-1.0078176751204433,< 0 DM,21.29792344886197,critical account/ other credits existing (not at this bank),radio/television,2611.2261986294384,100 <= ... < 500 DM,.. >= 7 years,3.491240882508129,male : single,none,4.210764210843308,"if not A121/A122 : car or other, not in attribute 6",41.71991973610666,stores,rent,1.6894740547108213,skilled employee / official,0.3204842620606313,none,yes
6.715180642193411,0 <= ... < 200 DM,34.238037711708664,critical account/ other credits existing (not at this bank),business,5178.496377791721,... < 100 DM,.. >= 7 years,-0.14821451089588056,male : single,none,2.562403016517583,unknown / no property,27.25293920161528,none,own,6.322546670511306,skilled employee / official,1.033369908643483,"yes, registered under the customers name ",yes
0.10672943095387459,no checking account,21.03295654058258,existing credits paid back duly till now,domestic appliances,2996.2881926991718,100 <= ... < 500 DM,4 <= ... < 7 years,2.7362177717403076,male : single,none,-1.0083356688373435,"if not A121/A122 : car or other, not in attribute 6",27.16122653944742,none,for free,-0.3711659610466711,skilled employee / official,-6.158124417092208,none,yes
6.261073080103243,< 0 DM,20.636862083102677,critical account/ other credits existing (not at this bank),repairs,1944.741187894576,unknown/ no savings account,... < 1 year ,4.8880992311278515,male : single,none,-0.608254877134172,real estate,22.96612745911751,none,own,3.2284820198666604,skilled employee / official,0.4283130566289961,none,yes
-0.2798959489604753,no checking account,19.507880489716392,existing credits paid back duly till now,radio/television,1561.1954401829626,100 <= ... < 500 DM,... < 1 year ,9.551389701531262,male : single,none,0.5825317733971582,if not A121 : building society savings agreement/ life insurance,51.439197546567534,none,own,0.8209945583184142,skilled employee / official,-1.259140217579671,none,yes
0.3931734781384329,< 0 DM,14.069109750703682,critical account/ other credits existing (not at this bank),domestic appliances,3420.006239983224,... < 100 DM,1 <= ... < 4 years,4.257997195015647,male : single,none,3.870370519311955,if not A121 : building society savings agreement/ life insurance,51.31722525045866,none,own,2.016772749999709,unskilled - resident,4.754214900845247,"yes, registered under the customers name ",yes
1.0964234179285037,0 <= ... < 200 DM,14.886814476795847,critical account/ other credits existing (not at this bank),car (new),3972.8642116558044,... < 100 DM,1 <= ... < 4 years,-5.002531126630915,male : divorced/separated,none,5.604530339180005,real estate,37.19813282830807,none,rent,2.8969460214026395,skilled employee / official,3.9850923351520184,"yes, registered under the customers name ",yes
10.536561038102606,no checking account,18.098085675759812,existing credits paid back duly till now,car (used),6759.296833570242,... < 100 DM,.. >= 7 years,1.7180437016461356,male : single,none,6.707102251405962,real estate,70.88649362943873,bank,rent,1.1024795624312314,skilled employee / official,2.7300407023897315,"yes, registered under the customers name ",yes
2.5538567245343673,no checking account,20.64508254838037,existing credits paid back duly till now,(vacation - does not exist?),1247.1375358429582,unknown/ no savings account,... < 1 year ,12.218512399324919,male : single,none,3.891837087449999,"if not A121/A122 : car or other, not in attribute 6",32.338312329829414,stores,own,-6.985896011471985,skilled employee / official,2.1863759463974244,none,yes
-2.121793589854391,0 <= ... < 200 DM,7.84634966994625,existing credits paid back duly till now,car (new),1366.3585978059587,... < 100 DM,1 <= ... < 4 years,5.59909870495512,male : single,none,1.7873294077961672,real estate,60.709123644568095,none,own,-8.188604369522922,management/ self-employed/ highly qualified employee/ officer,-3.492040246160803,none,yes
3.906993610827574,no checking account,13.984134569675124,delay in paying off in the past,domestic appliances,711.9279521508821,... < 100 DM,4 <= ... < 7 years,1.5673331685742342,male : divorced/separated,none,4.073649497211964,if not A121 : building society savings agreement/ life insurance,56.889878413143016,none,rent,4.8172664808521475,skilled employee / official,2.7719292399906226,none,yes
-0.08549761125302435,< 0 DM,18.07537183765146,delay in paying off in the past,radio/television,2234.5346091314027,500 <= ... < 1000 DM ,1 <= ... < 4 years,5.77331954329167,male : married/widowed,none,1.0359724098882623,real estate,36.027335718765165,none,own,5.690775373639087,management/ self-employed/ highly qualified employee/ officer,2.8881938365701516,none,yes
-1.4692505487036274,>= 200 DM / salary assignments for at least 1 year,24.693846068230094,existing credits paid back duly till now,car (new),4046.292757056473,... < 100 DM,1 <= ... < 4 years,0.7739597253307791,male : single,none,3.3964307095157493,"if not A121/A122 : car or other, not in attribute 6",46.21902785788497,none,for free,7.66202283876784,unskilled - resident,4.73557796130619,"yes, registered under the customers name ",yes
2.7258040796763336,< 0 DM,14.101986276744833,existing credits paid back duly till now,radio/television,1475.1054081812954,... < 100 DM,unemployed,-0.06142255864057233,female : divorced/separated/married,none,10.111383690879439,if not A121 : building society savings agreement/ life insurance,36.945697513898104,none,own,1.9474152551534678,unskilled - resident,7.354629437290591,none,yes
1.0932567633134584,0 <= ... < 200 DM,20.01634294528931,delay in paying off in the past,car (used),1442.7301967492017,... < 100 DM,4 <= ... < 7 years,2.9548919102977833,female : divorced/separated/married,none,-1.2860007110108373,"if not A121/A122 : car or other, not in attribute 6",27.63611720889169,none,own,-1.8779044059936738,skilled employee / official,-3.0776820207148257,none,yes
0.8357277435354182,< 0 DM,37.42538420204403,no credits taken/ all credits paid back duly,domestic appliances,10872.534324685372,... < 100 DM,.. >= 7 years,2.274579317716584,female : divorced/separated/married,guarantor,1.2959695522332173,"if not A121/A122 : car or other, not in attribute 6",42.47561954071606,none,own,0.7412484720469956,skilled employee / official,0.83456952314536,none,yes
0.041955665595877385,< 0 DM,21.92419891147617,existing credits paid back duly till now,car (new),1478.7261299483066,... < 100 DM,.. >= 7 years,-1.6164665073001876,male : married/widowed,none,6.63524672158847,if not A121 : building society savings agreement/ life insurance,32.17543768790855,bank,rent,1.0342735460839385,skilled employee / official,-1.2267999114729342,none,yes
1.0097493798163042,no checking account,9.494044739798642,delay in paying off in the past,car (used),893.8169479469148,... < 100 DM,4 <= ... < 7 years,0.5525221283840924,male : single,none,-1.3976744851006142,"if not A121/A122 : car or other, not in attribute 6",42.3388630622077,none,own,-2.0211146728553278,unskilled - resident,1.5175215651552227,none,yes
1.2748976923084476,>= 200 DM / salary assignments for at least 1 year,18.131230193161482,existing credits paid back duly till now,car (new),3343.378495589293,... < 100 DM,... < 1 year ,4.031006689547064,female : divorced/separated/married,none,0.06875772420124893,"if not A121/A122 : car or other, not in attribute 6",27.93596074278832,none,own,5.9457241689216005,skilled employee / official,1.0402055746541161,none,yes
-4.810900798116246,< 0 DM,16.18013061076229,existing credits paid back duly till now,radio/television,3957.98118492318,... < 100 DM,1 <= ... < 4 years,1.7754804720331376,female : divorced/separated/married,none,0.41288450729708126,real estate,32.41060590035169,none,own,7.71850863893121,unskilled - resident,0.29775378075956316,none,yes
1.9997180058286008,no checking account,4.809113826746605,all credits at this bank paid back duly,furniture/equipment,3574.3306290211085,unknown/ no savings account,.. >= 7 years,2.1844338134382726,female : divorced/separated/married,none,1.3301308338380464,if not A121 : building society savings agreement/ life insurance,29.945709886232844,none,own,2.434842102190533,skilled employee / official,5.08281308420352,none,yes
-2.946058259490902,< 0 DM,25.966854183514148,critical account/ other credits existing (not at this bank),car (new),5799.594081709054,... < 100 DM,unemployed,0.35599501807431544,male : single,none,-2.7878714788186514,real estate,30.597511406031618,none,own,1.9674087599054122,skilled employee / official,-2.304242633542351,"yes, registered under the customers name ",yes
-3.326897406678234,0 <= ... < 200 DM,14.746168132691285,critical account/ other credits existing (not at this bank),car (used),2170.898604970672,100 <= ... < 500 DM,1 <= ... < 4 years,6.142341245659902,male : single,none,3.7858581810141185,unknown / no property,31.616621693440862,none,own,-2.8849009354232966,skilled employee / official,-2.1233644021778186,"yes, registered under the customers name ",yes
0.8247662684239527,no checking account,28.237539209883018,critical account/ other credits existing (not at this bank),domestic appliances,2436.64979683831,unknown/ no savings account,... < 1 year ,0.4487227088194148,male : single,co-applicant,5.998861847539432,unknown / no property,31.889018286023845,none,own,5.639301688468154,management/ self-employed/ highly qualified employee/ officer,-2.0726758132941265,none,yes
0.25194300994336283,< 0 DM,30.072296519523075,existing credits paid back duly till now,education,4535.17859368699,... < 100 DM,1 <= ... < 4 years,8.92820290581289,female : divorced/separated/married,none,3.525125975053843,if not A121 : building society savings agreement/ life insurance,33.447906498367324,none,rent,2.2289204325471395,skilled employee / official,0.9190172377220391,none,yes
-1.0805184937168422,< 0 DM,10.869656427755203,existing credits paid back duly till now,car (new),2206.7417792521624,unknown/ no savings account,1 <= ... < 4 years,-3.1472748531349497,male : single,none,-0.611121022873244,real estate,23.17741287713375,none,own,0.13250680476816323,skilled employee / official,-2.6857706477355388,"yes, registered under the customers name ",yes
2.4930955730039233,no checking account,15.471698530308581,existing credits paid back duly till now,(vacation - does not exist?),2217.2278525750557,... < 100 DM,4 <= ... < 7 years,-1.277662811150238,female : divorced/separated/married,none,4.259532372361885,"if not A121/A122 : car or other, not in attribute 6",15.052801005922404,none,own,2.4435222660236127,skilled employee / official,0.8542855336021884,none,yes
-4.02652549911272,0 <= ... < 200 DM,17.37290323191774,existing credits paid back duly till now,retraining,2390.5304161468403,... < 100 DM,1 <= ... < 4 years,5.252112409095488,female : divorced/separated/married,none,-1.6983207187072624,"if not A121/A122 : car or other, not in attribute 6",26.137586603832492,none,own,-0.7571345869675565,skilled employee / official,0.5035294161073993,"yes, registered under the customers name ",yes
-1.220831246317677,0 <= ... < 200 DM,14.035571854200084,delay in paying off in the past,radio/television,3335.587940436902,... < 100 DM,1 <= ... < 4 years,6.992699754492914,female : divorced/separated/married,none,3.002210017685462,unknown / no property,45.97421089688176,none,own,1.4406255193654556,skilled employee / official,-1.35954534199724,"yes, registered under the customers name ",yes
-1.754622404799002,0 <= ... < 200 DM,34.88766549161382,existing credits paid back duly till now,(vacation - does not exist?),7409.193768970829,... < 100 DM,1 <= ... < 4 years,3.945129108348512,male : single,none,8.460403781512634,"if not A121/A122 : car or other, not in attribute 6",38.38222603035539,none,own,-2.3274005525369796,skilled employee / official,3.6212987621685873,none,yes
-0.1397618110180181,no checking account,12.706709611919681,critical account/ other credits existing (not at this bank),radio/television,653.7167272605618,... < 100 DM,4 <= ... < 7 years,5.688573760547174,male : single,none,4.287086132788768,real estate,30.053428114817677,none,own,4.261261567757302,skilled employee / official,0.8214984151397894,none,yes
0.8365928539417163,< 0 DM,38.615803099558356,critical account/ other credits existing (not at this bank),education,7672.469357747624,500 <= ... < 1000 DM ,4 <= ... < 7 years,2.0526107050191755,male : divorced/separated,none,0.4374202720384801,real estate,40.531690435804336,stores,rent,1.6867668765929804,skilled employee / official,4.187942092095411,"yes, registered under the customers name ",yes
-3.023678848870634,< 0 DM,4.314580369423231,existing credits paid back duly till now,radio/television,1340.9674653629247,... < 100 DM,1 <= ... < 4 years,-2.07919536234558,female : divorced/separated/married,none,4.541006021991741,if not A121 : building society savings agreement/ life insurance,53.34340826077872,none,own,5.476402581902036,skilled employee / official,1.414850446386704,none,yes
2.1728480323686847,< 0 DM,22.151421780027917,all credits at this bank paid back duly,car (new),1378.7791528125872,... < 100 DM,.. >= 7 years,2.5295849552818623,male : single,none,-3.055387778189929,"if not A121/A122 : car or other, not in attribute 6",26.532563676551153,none,own,1.3965914664751418,skilled employee / official,0.9274153353059359,none,yes
0.18900710500409917,< 0 DM,11.416903557826622,existing credits paid back duly till now,car (new),868.3148624501564,... < 100 DM,1 <= ... < 4 years,0.36427084005616983,male : single,none,-2.597031177545035,"if not A121/A122 : car or other, not in attribute 6",24.06744088846121,none,own,0.5914008736480648,skilled employee / official,-0.6883472140451325,"yes, registered under the customers name ",yes
-5.675838759935731,< 0 DM,8.806581761621484,existing credits paid back duly till now,domestic appliances,3590.3509407020715,unknown/ no savings account,unemployed,-1.8361299033306149,female : divorced/separated/married,none,-1.123369407846373,if not A121 : building society savings agreement/ life insurance,25.16182973623551,stores,rent,-2.6369522848758726,skilled employee / official,1.9788603783935463,none,yes
-5.875774321191093,0 <= ... < 200 DM,5.514814065675493,critical account/ other credits existing (not at this bank),car (new),1315.2715171351688,unknown/ no savings account,... < 1 year ,5.205246757959239,male : single,none,2.6670716434129496,real estate,43.331688220878306,bank,for free,4.279270919054429,skilled employee / official,3.1366939183961393,"yes, registered under the customers name ",yes
-0.036957878787933704,< 0 DM,20.189486367046587,delay in paying off in the past,radio/television,1936.0334121017377,... < 100 DM,.. >= 7 years,-0.36953394626388514,male : divorced/separated,none,6.810906986767605,unknown / no property,34.49362461317856,none,rent,-1.6275198620692746,skilled employee / official,-0.23400269681089414,none,yes
-0.6629019533590623,no checking account,41.42674362624831,existing credits paid back duly till now,radio/television,3593.38841861796,100 <= ... < 500 DM,1 <= ... < 4 years,4.958662020170085,female : divorced/separated/married,guarantor,3.735194594050517,if not A121 : building society savings agreement/ life insurance,26.05885708177382,none,rent,-0.45926711959768585,unskilled - resident,2.5552358876039927,none,yes
0.6897396592760995,0 <= ... < 200 DM,13.275986830410917,critical account/ other credits existing (not at this bank),car (new),1419.5061424921469,... < 100 DM,1 <= ... < 4 years,-0.9054682566632932,female : divorced/separated/married,none,3.568985984741985,unknown / no property,30.843691691287717,none,own,1.0031415582476104,skilled employee / official,-1.4382408831372233,none,yes
-0.08394736959065394,0 <= ... < 200 DM,25.12174653412045,no credits taken/ all credits paid back duly,car (new),6743.189225506621,unknown/ no savings account,4 <= ... < 7 years,2.889149060350264,female : divorced/separated/married,none,-0.296773696771627,if not A121 : building society savings agreement/ life insurance,39.47466800638787,none,own,2.3636725510680696,skilled employee / official,3.2771516965666283,"yes, registered under the customers name ",yes
0.6766795185305421,< 0 DM,26.1745640146686,existing credits paid back duly till now,business,7814.916740575707,... < 100 DM,1 <= ... < 4 years,1.5339522931111125,male : single,none,1.3760569336930542,"if not A121/A122 : car or other, not in attribute 6",41.396154101632035,bank,rent,-4.118290820653277,skilled employee / official,-0.7397174819357819,none,yes
2.8429488295448992,< 0 DM,28.26631904977067,existing credits paid back duly till now,radio/television,9279.681396237806,... < 100 DM,4 <= ... < 7 years,6.219846600951934,female : divorced/separated/married,none,4.816003320649565,if not A121 : building society savings agreement/ life insurance,46.913426597835056,none,own,0.30758240353595045,management/ self-employed/ highly qualified employee/ officer,3.555039619687151,"yes, registered under the customers name ",yes
-3.3333147027526744,0 <= ... < 200 DM,28.629570057784008,existing credits paid back duly till now,car (new),2183.257151198138,... < 100 DM,1 <= ... < 4 years,4.971156686737195,male : single,none,2.115040043834761,if not A121 : building society savings agreement/ life insurance,35.847072404084244,none,own,4.38569065593114,skilled employee / official,1.182929627300995,none,yes
-3.5159147787023843,no checking account,18.30434229195015,existing credits paid back duly till now,car (new),1101.4224383680842,unknown/ no savings account,1 <= ... < 4 years,7.707348678982425,male : single,none,3.1649006790967045,"if not A121/A122 : car or other, not in attribute 6",64.82043680691244,none,own,0.8649858964282924,skilled employee / official,5.56286120017319,none,yes
-2.2799715736621478,0 <= ... < 200 DM,17.97632084758599,critical account/ other credits existing (not at this bank),(vacation - does not exist?),4056.994244799973,500 <= ... < 1000 DM ,1 <= ... < 4 years,0.7330598507244224,male : single,none,4.324076077589849,unknown / no property,45.34755454201719,none,own,0.32580473736003523,management/ self-employed/ highly qualified employee/ officer,-2.4622031787626266,"yes, registered under the customers name ",yes
1.8667500015061207,no checking account,12.800208503929925,existing credits paid back duly till now,domestic appliances,795.91040070245,100 <= ... < 500 DM,... < 1 year ,4.168430020732502,female : divorced/separated/married,guarantor,2.953681956396094,if not A121 : building society savings agreement/ life insurance,57.66069400548269,none,own,1.4872181525281798,unskilled - resident,-3.4285303199356045,none,yes
3.7348421359393367,< 0 DM,20.809320811695848,critical account/ other credits existing (not at this bank),business,2826.5345411057574,unknown/ no savings account,1 <= ... < 4 years,1.056738525651165,male : single,none,3.6781787673060755,"if not A121/A122 : car or other, not in attribute 6",35.10443966559522,none,own,1.622118702359003,skilled employee / official,0.1513482620732991,"yes, registered under the customers name ",yes
-0.29401831471853157,no checking account,48.59890505373454,critical account/ other credits existing (not at this bank),domestic appliances,15672.424970092174,unknown/ no savings account,1 <= ... < 4 years,0.7591842717667456,male : single,none,6.778185368058706,"if not A121/A122 : car or other, not in attribute 6",28.924673256072076,none,own,-2.091546507162813,unskilled - resident,-3.15383284410294,"yes, registered under the customers name ",yes
-7.5050995324789636,no checking account,31.316391233433357,critical account/ other credits existing (not at this bank),car (used),6612.808417070249,... < 100 DM,1 <= ... < 4 years,3.2136873317661125,male : single,guarantor,3.4844236030390072,"if not A121/A122 : car or other, not in attribute 6",36.691583254099186,none,own,1.8909616289992863,unskilled - resident,-3.148204683284833,"yes, registered under the customers name ",yes
-5.111978587831127,< 0 DM,29.628574673432787,existing credits paid back duly till now,radio/television,7823.00267239698,... < 100 DM,1 <= ... < 4 years,0.8224253379385824,female : divorced/separated/married,none,7.538013429157619,"if not A121/A122 : car or other, not in attribute 6",39.295601817656745,bank,own,4.982219510017688,skilled employee / official,3.8646522813796276,none,yes
-2.499110168388035,no checking account,30.07353802628007,critical account/ other credits existing (not at this bank),radio/television,2439.5473248050102,.. >= 1000 DM ,.. >= 7 years,0.3534914234629145,female : divorced/separated/married,none,5.678110201922074,if not A121 : building society savings agreement/ life insurance,45.48613421838692,stores,own,0.8464721581987282,unemployed/ unskilled - non-resident,1.987463619762025,none,yes
-1.6731866624856444,>= 200 DM / salary assignments for at least 1 year,12.650460414854496,existing credits paid back duly till now,domestic appliances,1830.2648504897295,500 <= ... < 1000 DM ,unemployed,-0.24055197095795844,female : divorced/separated/married,none,-0.4017259804603004,"if not A121/A122 : car or other, not in attribute 6",51.11782083612632,none,rent,0.8765543315425459,skilled employee / official,-0.4390429301127765,"yes, registered under the customers name ",yes
-1.2251658817641793,no checking account,8.589232255768696,delay in paying off in the past,car (new),2170.7179544777446,unknown/ no savings account,.. >= 7 years,-3.019244347122191,male : single,none,0.6935889122094272,real estate,43.994866950024004,none,rent,-2.1448939718052316,management/ self-employed/ highly qualified employee/ officer,-0.16088779191629632,"yes, registered under the customers name ",yes
0.1157433689427512,0 <= ... < 200 DM,29.531930872350056,delay in paying off in the past,domestic appliances,5798.01047874809,unknown/ no savings account,4 <= ... < 7 years,-0.16903939051037353,male : single,none,1.4992123507903106,"if not A121/A122 : car or other, not in attribute 6",37.56067403379724,none,own,4.824145851471036,management/ self-employed/ highly qualified employee/ officer,-0.7917129929790181,none,yes
-0.9352389924673414,no checking account,17.20075939777447,existing credits paid back duly till now,car (used),1167.0132655420261,100 <= ... < 500 DM,unemployed,5.882481690015533,male : married/widowed,none,0.43549524920164995,real estate,29.077023360973996,none,rent,1.7229253794863635,management/ self-employed/ highly qualified employee/ officer,5.9511075034571315,none,yes
3.1480188316302216,no checking account,34.25521819715519,delay in paying off in the past,domestic appliances,8943.368803816651,... < 100 DM,4 <= ... < 7 years,-1.7954955960398493,male : married/widowed,guarantor,1.7291307616795573,"if not A121/A122 : car or other, not in attribute 6",30.34992023783224,none,own,-1.5505989008175898,skilled employee / official,-0.2065171229291103,"yes, registered under the customers name ",yes
-2.028051917044106,no checking account,16.346941762955836,existing credits paid back duly till now,education,2608.9365240237116,500 <= ... < 1000 DM ,.. >= 7 years,-0.10436853875991492,female : divorced/separated/married,none,5.843932144245467,unknown / no property,29.728208510684173,none,for free,1.276796800429532,skilled employee / official,-2.966401694249898,"yes, registered under the customers name ",yes
-2.586953878426629,no checking account,13.359056268936515,existing credits paid back duly till now,car (new),1592.2358530085953,... < 100 DM,.. >= 7 years,8.372695713698745,female : divorced/separated/married,none,5.765475250114168,"if not A121/A122 : car or other, not in attribute 6",40.02192348581314,none,own,-2.6108006446863583,skilled employee / official,3.388151852458983,none,yes
1.436626615561385,no checking account,13.650088854406052,critical account/ other credits existing (not at this bank),car (new),2183.41159994128,100 <= ... < 500 DM,1 <= ... < 4 years,-0.909488149544762,male : married/widowed,none,4.924525266175246,"if not A121/A122 : car or other, not in attribute 6",34.30130736664336,bank,own,-2.100486594381219,unskilled - resident,0.3527331299565373,"yes, registered under the customers name ",yes
-3.606926209778358,< 0 DM,14.772792124064303,existing credits paid back duly till now,business,4155.425643248806,... < 100 DM,1 <= ... < 4 years,2.9631380274945074,male : single,none,1.6629613318403706,unknown / no property,43.363595615606435,none,own,-3.3804005895553413,skilled employee / official,7.116321066453656,"yes, registered under the customers name ",yes
2.1690751159600064,0 <= ... < 200 DM,14.336282783078659,existing credits paid back duly till now,education,2623.318653570617,... < 100 DM,1 <= ... < 4 years,3.926951439501484,female : divorced/separated/married,none,-2.246723730889623,unknown / no property,43.15419356295128,none,own,-2.2003377126721997,unskilled - resident,-0.5786169163824058,"yes, registered under the customers name ",yes
0.30765955117880056,0 <= ... < 200 DM,23.213913616788847,critical account/ other credits existing (not at this bank),radio/television,3480.7804981189634,... < 100 DM,.. >= 7 years,3.987578389343841,male : single,none,4.211768726252014,if not A121 : building society savings agreement/ life insurance,43.016326812106364,none,own,6.072012751999419,unskilled - resident,3.5379525392703757,"yes, registered under the customers name ",yes
-0.4423274697545022,< 0 DM,37.80881083126567,no credits taken/ all credits paid back duly,radio/television,10480.063666867658,unknown/ no savings account,unemployed,-2.5669426918241793,female : divorced/separated/married,none,4.077310581084974,"if not A121/A122 : car or other, not in attribute 6",41.513596480068244,none,own,-0.19935499384778765,skilled employee / official,4.246591991797915,none,yes
4.764828321447787,0 <= ... < 200 DM,14.609921815504531,delay in paying off in the past,domestic appliances,1384.3887090313017,... < 100 DM,1 <= ... < 4 years,3.306820960301529,female : divorced/separated/married,none,2.548786260616873,"if not A121/A122 : car or other, not in attribute 6",40.40627795573659,none,own,2.3986753679544366,skilled employee / official,-0.5640074966060109,none,yes
-1.8666223358841538,no checking account,25.857315055394558,existing credits paid back duly till now,(vacation - does not exist?),1276.7733027293737,unknown/ no savings account,1 <= ... < 4 years,-0.854681808555176,male : single,none,7.318720893109998,"if not A121/A122 : car or other, not in attribute 6",41.154299988719465,none,own,-1.5089042598677649,skilled employee / official,-1.2287623037271076,"yes, registered under the customers name ",yes
6.180894511572236,>= 200 DM / salary assignments for at least 1 year,8.517264130839784,existing credits paid back duly till now,domestic appliances,1107.1235400610476,500 <= ... < 1000 DM ,1 <= ... < 4 years,9.33895357673097,female : divorced/separated/married,none,5.721789638579216,unknown / no property,19.280858664407596,none,own,3.2786012372896574,skilled employee / official,4.224099592792713,"yes, registered under the customers name ",yes
-0.6762943476842979,< 0 DM,21.097110302181093,critical account/ other credits existing (not at this bank),furniture/equipment,3766.4277676683705,100 <= ... < 500 DM,4 <= ... < 7 years,-2.7846257920468,male : single,none,4.355182754749958,"if not A121/A122 : car or other, not in attribute 6",24.15783622773414,none,own,-2.078246002793947,unskilled - resident,2.724675753741792,"yes, registered under the customers name ",yes
-3.8310493349106842,0 <= ... < 200 DM,36.44196699145941,existing credits paid back duly till now,radio/television,3711.060111872599,unknown/ no savings account,4 <= ... < 7 years,-1.1435206566094607,female : divorced/separated/married,none,-0.8862313902147996,unknown / no property,24.403867018780474,bank,own,1.1176837832852693,unemployed/ unskilled - non-resident,-3.2318303021327797,none,yes
0.2097587429844759,no checking account,13.59049047450382,existing credits paid back duly till now,radio/television,3590.4026486215644,unknown/ no savings account,4 <= ... < 7 years,-2.121802564524514,male : single,co-applicant,0.46101575240976955,"if not A121/A122 : car or other, not in attribute 6",48.149893199419466,none,own,2.1585539296068466,management/ self-employed/ highly qualified employee/ officer,-2.3853069089141625,"yes, registered under the customers name ",yes
-3.2287356009563046,0 <= ... < 200 DM,10.306375007872253,critical account/ other credits existing (not at this bank),domestic appliances,3196.6316310123366,... < 100 DM,.. >= 7 years,-3.4899814301686414,male : single,guarantor,1.7154661792144936,real estate,37.10003753615485,none,for free,7.983416009279775,skilled employee / official,-6.6092900148440155,none,yes
-2.2552675434405005,0 <= ... < 200 DM,33.65869963606664,critical account/ other credits existing (not at this bank),education,4452.545030827215,... < 100 DM,4 <= ... < 7 years,8.057781729269635,male : single,none,1.673778627968939,if not A121 : building society savings agreement/ life insurance,38.87349353787027,none,own,3.8912758639404954,unskilled - resident,2.786160561936407,none,yes
2.1910999000464733,no checking account,25.529462123328354,existing credits paid back duly till now,car (new),4741.663771914588,... < 100 DM,... < 1 year ,9.267343703250488,male : single,co-applicant,5.501393574955355,if not A121 : building society savings agreement/ life insurance,25.61009357408713,none,rent,-0.7787120429878203,skilled employee / official,0.2145184205927635,"yes, registered under the customers name ",yes
1.6667462659503745,< 0 DM,31.655576314593876,existing credits paid back duly till now,radio/television,2990.9966408340065,unknown/ no savings account,.. >= 7 years,0.5727526420621478,male : single,none,5.070726547647114,if not A121 : building society savings agreement/ life insurance,26.723062849837707,none,own,3.0551468909515416,skilled employee / official,0.5135487370741539,none,yes
-1.8665031007627744,0 <= ... < 200 DM,2.2485203579088022,existing credits paid back duly till now,domestic appliances,2135.294893506304,unknown/ no savings account,... < 1 year ,-2.96126944053323,female : divorced/separated/married,none,-1.2649233791640775,unknown / no property,27.539349033489884,none,own,7.414523411455624,management/ self-employed/ highly qualified employee/ officer,-4.074332293105559,none,yes
3.962215435139202,< 0 DM,27.570917110530353,existing credits paid back duly till now,radio/television,3162.072094916467,... < 100 DM,.. >= 7 years,-2.710776496178063,female : divorced/separated/married,none,5.590450127288373,"if not A121/A122 : car or other, not in attribute 6",32.58405603908357,none,own,-3.888908271452885,skilled employee / official,-2.294307059267979,none,yes
4.472523274063402,< 0 DM,38.85710230394174,existing credits paid back duly till now,car (new),18429.83379337678,... < 100 DM,1 <= ... < 4 years,0.2676738444336956,male : single,none,2.306931001426581,unknown / no property,32.941895457497644,none,own,-1.5274461277061802,unskilled - resident,-0.43387673770269863,none,yes
4.308905269689873,no checking account,8.151852923331624,existing credits paid back duly till now,business,2852.7277608656364,... < 100 DM,.. >= 7 years,0.050903730515668544,male : single,co-applicant,-3.1872134402267536,real estate,32.174793161754465,none,rent,0.2893073226601188,unskilled - resident,-0.016976800443462725,none,yes
2.5882402213771663,0 <= ... < 200 DM,9.076044102773265,existing credits paid back duly till now,car (new),14901.49286286627,... < 100 DM,1 <= ... < 4 years,-0.9538883790804338,female : divorced/separated/married,none,3.8459714249650916,"if not A121/A122 : car or other, not in attribute 6",68.41326107683139,none,own,-0.251264681425853,skilled employee / official,1.3535082265528937,"yes, registered under the customers name ",yes
5.090286136257096,< 0 DM,23.04813982424268,existing credits paid back duly till now,car (used),2355.9407194438554,100 <= ... < 500 DM,.. >= 7 years,1.6641257619286853,female : divorced/separated/married,none,1.8436193677687145,"if not A121/A122 : car or other, not in attribute 6",34.35576685018095,none,own,0.0017299050103758429,skilled employee / official,2.750404379895442,"yes, registered under the customers name ",yes
-4.642395283922173,0 <= ... < 200 DM,19.601442052591374,delay in paying off in the past,car (new),3347.7364571879302,... < 100 DM,.. >= 7 years,5.185519428446459,male : single,none,4.918377084307222,"if not A121/A122 : car or other, not in attribute 6",38.11754269546331,none,own,-2.912696796779729,skilled employee / official,7.8088377078555915,none,yes
-0.9537196458853877,no checking account,14.718788814849988,existing credits paid back duly till now,domestic appliances,1814.8340163807898,500 <= ... < 1000 DM ,unemployed,4.9692497738137025,female : divorced/separated/married,none,0.987570790620151,real estate,27.2725096237659,none,own,6.211868160650036,skilled employee / official,0.9399489099072237,"yes, registered under the customers name ",yes
-2.601015768970279,0 <= ... < 200 DM,51.08071723896186,existing credits paid back duly till now,car (used),12749.672868198251,unknown/ no savings account,.. >= 7 years,3.0516253840945384,male : single,none,3.4838148023416218,if not A121 : building society savings agreement/ life insurance,42.12208604101466,none,own,-3.2678257954298573,unskilled - resident,4.3462079892908365,"yes, registered under the customers name ",yes
1.3576775833821761,no checking account,3.2354864083540855,existing credits paid back duly till now,radio/television,1362.181142713781,... < 100 DM,4 <= ... < 7 years,-0.30486548872278574,female : divorced/separated/married,none,4.561425960310647,"if not A121/A122 : car or other, not in attribute 6",30.131640306539147,bank,own,0.3993615711325028,skilled employee / official,-1.4899183309393242,"yes, registered under the customers name ",yes
-1.714347657590212,no checking account,15.386973302886052,existing credits paid back duly till now,domestic appliances,2000.0666327053518,... < 100 DM,1 <= ... < 4 years,4.997499293420148,male : single,none,0.054836172887261725,if not A121 : building society savings agreement/ life insurance,26.386899154397867,none,own,4.137491775282093,management/ self-employed/ highly qualified employee/ officer,-3.024838944926067,none,yes
0.5015264741508029,no checking account,23.834693702873132,existing credits paid back duly till now,business,6869.971259907909,... < 100 DM,... < 1 year ,2.0375412782645914,female : divorced/separated/married,none,-3.245500320447541,unknown / no property,51.22158638687182,none,own,0.9094454285624421,skilled employee / official,-0.05690494013037384,"yes, registered under the customers name ",yes
6.6465246406121485,0 <= ... < 200 DM,8.422814008672699,critical account/ other credits existing (not at this bank),business,699.6956658404279,... < 100 DM,.. >= 7 years,6.6650725745039505,male : single,none,5.367679610448046,"if not A121/A122 : car or other, not in attribute 6",43.12854151657555,none,for free,-0.9381825007083071,skilled employee / official,-3.7931651536227244,"yes, registered under the customers name ",yes
-0.5091593892611349,no checking account,16.250654783091928,critical account/ other credits existing (not at this bank),domestic appliances,1051.4021573650089,... < 100 DM,.. >= 7 years,6.370226648416694,male : single,none,7.587952535145307,"if not A121/A122 : car or other, not in attribute 6",20.690134754884333,none,for free,-3.046026969121873,skilled employee / official,1.0440195015073097,none,yes
2.2413769515706417,0 <= ... < 200 DM,44.94832697669508,critical account/ other credits existing (not at this bank),domestic appliances,10297.830459187993,... < 100 DM,.. >= 7 years,-0.26528620714134643,female : divorced/separated/married,none,4.968727691214169,real estate,41.68734153311177,bank,rent,2.3100024119166536,skilled employee / official,-0.3413623735259952,none,yes
-0.6968079897727056,no checking account,32.59867560257558,all credits at this bank paid back duly,(vacation - does not exist?),1862.9487357458338,500 <= ... < 1000 DM ,1 <= ... < 4 years,-0.3026666223728096,male : single,none,8.487120163540085,if not A121 : building society savings agreement/ life insurance,59.773758826144814,none,own,-1.2710886975513995,skilled employee / official,-4.862814160263756,none,yes
0.227139863870501,>= 200 DM / salary assignments for at least 1 year,14.197283429288515,existing credits paid back duly till now,car (new),1343.0650816981508,... < 100 DM,... < 1 year ,1.7333778437784146,female : divorced/separated/married,none,5.16982954712482,"if not A121/A122 : car or other, not in attribute 6",43.516093410341405,none,own,2.615693275108934,management/ self-employed/ highly qualified employee/ officer,7.208075437580532,none,yes
0.018050041308214377,< 0 DM,18.84251659837186,no credits taken/ all credits paid back duly,domestic appliances,1744.761650551172,unknown/ no savings account,... < 1 year ,0.8312037751279959,female : divorced/separated/married,none,3.050886188439163,"if not A121/A122 : car or other, not in attribute 6",25.586806640873696,none,for free,-3.204353443172539,unemployed/ unskilled - non-resident,-0.6126851393161403,none,yes
2.3449721979194784,< 0 DM,7.789223644441998,critical account/ other credits existing (not at this bank),car (new),1672.6090272700835,... < 100 DM,4 <= ... < 7 years,6.265755327928302,male : single,none,-0.7339344662010157,real estate,19.923741530114892,none,for free,3.4391072106628657,skilled employee / official,-3.912857908832594,"yes, registered under the customers name ",yes
3.495922606641531,0 <= ... < 200 DM,6.410443012967169,existing credits paid back duly till now,car (new),1227.5345545584516,unknown/ no savings account,... < 1 year ,4.053929027963753,male : single,none,6.19428625309703,"if not A121/A122 : car or other, not in attribute 6",29.267631684742142,none,rent,2.346648569493394,management/ self-employed/ highly qualified employee/ officer,3.6945153715218693,none,yes
4.942181992809989,no checking account,15.880529905378111,existing credits paid back duly till now,radio/television,525.1691567580926,... < 100 DM,1 <= ... < 4 years,7.297551981355932,female : divorced/separated/married,none,5.608904296624819,real estate,41.93971635487261,none,own,2.569509183057431,skilled employee / official,-0.18584308761785584,none,yes
0.9288602457275006,no checking account,7.949702645620737,existing credits paid back duly till now,radio/television,1495.734341741749,... < 100 DM,unemployed,5.189460452232755,male : single,none,-0.1575163238348649,"if not A121/A122 : car or other, not in attribute 6",18.247350983384443,none,own,5.3232303347200505,unskilled - resident,4.270498101071986,"yes, registered under the customers name ",yes
2.7686406581068064,no checking account,34.81268731405504,existing credits paid back duly till now,car (new),1910.7814006331316,unknown/ no savings account,... < 1 year ,4.625948745620107,male : married/widowed,none,0.9951899840841061,if not A121 : building society savings agreement/ life insurance,26.51606938583221,none,own,0.6866135048844022,management/ self-employed/ highly qualified employee/ officer,-1.2001830040341481,"yes, registered under the customers name ",yes
-2.452593527556701,0 <= ... < 200 DM,8.900115781449188,critical account/ other credits existing (not at this bank),car (new),739.6991143056098,... < 100 DM,.. >= 7 years,6.5991893410325115,male : single,none,2.7703513445415706,"if not A121/A122 : car or other, not in attribute 6",24.635301816167022,none,for free,-1.177450084199672,unskilled - resident,-0.6226930707883915,none,yes
-0.2636302272468617,< 0 DM,2.514196780859737,critical account/ other credits existing (not at this bank),business,2067.264880934247,... < 100 DM,4 <= ... < 7 years,5.409182019205145,male : single,none,-2.013177254515364,real estate,32.292324671051325,bank,own,-0.6432908850406196,skilled employee / official,2.034495128431139,none,yes
3.820868394650767,0 <= ... < 200 DM,57.96817744797217,critical account/ other credits existing (not at this bank),car (used),6286.796235182041,100 <= ... < 500 DM,... < 1 year ,4.204302890313157,female : divorced/separated/married,none,6.099019826058588,real estate,42.73606484571725,none,for free,0.4224202914302262,skilled employee / official,2.7796581421123303,none,yes
2.5979059152514594,< 0 DM,21.59514347769465,critical account/ other credits existing (not at this bank),radio/television,6839.747826145204,... < 100 DM,1 <= ... < 4 years,6.441359101792056,male : single,none,1.1392875559179196,if not A121 : building society savings agreement/ life insurance,47.83318360022183,none,own,1.727105315626014,skilled employee / official,4.305451212021795,none,yes
0.6348291983851506,no checking account,8.176144793953481,critical account/ other credits existing (not at this bank),business,3531.9279808803085,100 <= ... < 500 DM,1 <= ... < 4 years,2.34554264945837,male : single,co-applicant,4.11182432647286,"if not A121/A122 : car or other, not in attribute 6",39.48103503059261,none,rent,-1.4920932098053195,skilled employee / official,1.730776583812013,"yes, registered under the customers name ",yes
2.6591818787038575,0 <= ... < 200 DM,10.284480579191127,existing credits paid back duly till now,business,1549.795479836465,... < 100 DM,... < 1 year ,2.086978185246235,male : divorced/separated,none,0.43513898792552164,"if not A121/A122 : car or other, not in attribute 6",26.54929994184519,bank,for free,-5.0692557590991765,unskilled - resident,3.58585016466375,none,yes
1.4723001269814566,0 <= ... < 200 DM,20.31625334792447,critical account/ other credits existing (not at this bank),domestic appliances,929.0733461657594,100 <= ... < 500 DM,.. >= 7 years,1.4865302236670512,female : divorced/separated/married,none,1.2067438618258892,unknown / no property,32.98964632076949,none,own,-0.6827870026371146,skilled employee / official,3.2368858207702615,none,yes
3.6009187747779645,no checking account,-2.5410986262145663,critical account/ other credits existing (not at this bank),car (new),1454.119790726808,... < 100 DM,4 <= ... < 7 years,4.109076377136233,female : divorced/separated/married,none,-1.2707296182951944,if not A121 : building society savings agreement/ life insurance,33.663991075001846,none,own,4.079476998860669,skilled employee / official,2.601707415700549,none,yes
0.8680774708713334,no checking account,13.86097058745548,critical account/ other credits existing (not at this bank),car (new),1844.6036963615607,... < 100 DM,1 <= ... < 4 years,7.711151625527407,female : divorced/separated/married,none,0.5163117064575955,if not A121 : building society savings agreement/ life insurance,49.673888072799414,stores,own,1.4087749187604768,skilled employee / official,0.5720256602071114,"yes, registered under the customers name ",yes
-1.067094946713104,0 <= ... < 200 DM,42.59143141074635,critical account/ other credits existing (not at this bank),radio/television,8358.681488395163,100 <= ... < 500 DM,4 <= ... < 7 years,0.8482377956997098,male : single,none,6.668138638052062,"if not A121/A122 : car or other, not in attribute 6",24.530048569431628,none,rent,5.5986634094774805,management/ self-employed/ highly qualified employee/ officer,-3.335884844693391,none,yes
2.0075237707990707,>= 200 DM / salary assignments for at least 1 year,21.74351739579744,existing credits paid back duly till now,domestic appliances,3353.800141843959,500 <= ... < 1000 DM ,1 <= ... < 4 years,7.923746871339516,male : single,none,8.155178881145922,real estate,32.530034675774935,none,rent,6.866459631891366,skilled employee / official,3.797522470339967,none,yes
-8.791783127558327,0 <= ... < 200 DM,9.272691334189933,existing credits paid back duly till now,car (new),2860.2674022727115,... < 100 DM,4 <= ... < 7 years,-1.910045095914728,female : divorced/separated/married,none,5.06343686498637,if not A121 : building society savings agreement/ life insurance,35.33424612572911,none,own,3.2780013143754045,unskilled - resident,1.1265210974234525,none,yes
2.1486572091551484,< 0 DM,15.386351783922557,critical account/ other credits existing (not at this bank),car (new),1535.1780870991174,... < 100 DM,4 <= ... < 7 years,3.8336398755762557,male : single,none,0.9241172033051429,real estate,46.14671114551475,bank,own,5.147561927224678,skilled employee / official,0.7591524429478775,"yes, registered under the customers name ",yes
-9.94523847564435,0 <= ... < 200 DM,30.002889304770463,all credits at this bank paid back duly,business,3624.5078103272103,100 <= ... < 500 DM,1 <= ... < 4 years,1.8797152636866914,female : divorced/separated/married,none,6.532603572078655,real estate,40.62448274174949,none,own,4.30032287678936,unskilled - resident,4.833299090774981,none,yes
-5.170390222216254,0 <= ... < 200 DM,18.169234701508714,all credits at this bank paid back duly,radio/television,3586.490971996927,... < 100 DM,.. >= 7 years,0.8190168827779591,female : divorced/separated/married,none,6.3899111823226695,real estate,33.18046710963662,none,rent,8.129697767782151,management/ self-employed/ highly qualified employee/ officer,-2.2835008987399465,none,yes
2.3553058028229525,no checking account,36.736113026986,critical account/ other credits existing (not at this bank),domestic appliances,2147.264585677422,500 <= ... < 1000 DM ,4 <= ... < 7 years,9.15158311394562,female : divorced/separated/married,none,-1.4894551466225878,if not A121 : building society savings agreement/ life insurance,26.086131443581944,none,for free,7.552560902873803,skilled employee / official,5.932108946094659,none,yes
2.4325880118003855,< 0 DM,18.670805110973117,critical account/ other credits existing (not at this bank),business,4112.116293736015,.. >= 1000 DM ,1 <= ... < 4 years,2.8014221019337167,male : divorced/separated,none,3.7676833971033936,real estate,22.575511859218782,none,own,3.8534955123367807,unskilled - resident,0.9331801640966031,"yes, registered under the customers name ",no
-2.487286340419791,< 0 DM,34.03811059908924,existing credits paid back duly till now,car (new),10966.451714412682,500 <= ... < 1000 DM ,... < 1 year ,2.7768076851867,male : single,none,-3.4658746887042406,if not A121 : building society savings agreement/ life insurance,27.28030676665251,none,own,4.119140439273756,skilled employee / official,1.952554535508695,"yes, registered under the customers name ",yes
-2.1363061256368163,no checking account,12.645907889824535,existing credits paid back duly till now,radio/television,1886.6154913740427,... < 100 DM,.. >= 7 years,4.077886340300515,male : single,co-applicant,7.369306330782685,real estate,28.379683509344318,none,own,0.3843034841878977,skilled employee / official,-0.18513234359081254,"yes, registered under the customers name ",yes
4.111622965842396,no checking account,20.926413261260983,existing credits paid back duly till now,business,1227.945647165444,... < 100 DM,.. >= 7 years,-2.0084412155774887,male : single,none,10.195072773102567,real estate,57.38934696738553,bank,rent,1.8759881571082706,skilled employee / official,-4.001218737569991,none,yes
-1.4520903947180286,< 0 DM,32.72418853055396,existing credits paid back duly till now,(vacation - does not exist?),3657.593669685778,... < 100 DM,4 <= ... < 7 years,1.7203962239652548,female : divorced/separated/married,none,4.240247873869256,real estate,46.26494117101529,none,own,0.9864880059492136,skilled employee / official,0.5811703046026608,"yes, registered under the customers name ",yes
6.728760937208955,0 <= ... < 200 DM,5.39191024229691,existing credits paid back duly till now,radio/television,1154.3413986960209,.. >= 1000 DM ,1 <= ... < 4 years,4.9497199083362124,female : divorced/separated/married,none,-2.3750303747090493,"if not A121/A122 : car or other, not in attribute 6",39.341623328489504,bank,own,4.863754832685167,management/ self-employed/ highly qualified employee/ officer,2.0042347206783777,"yes, registered under the customers name ",yes
0.9942404404709616,0 <= ... < 200 DM,27.14090159240447,existing credits paid back duly till now,domestic appliances,4006.5531001215268,500 <= ... < 1000 DM ,.. >= 7 years,1.1131639352016758,male : married/widowed,none,3.8266715497310932,unknown / no property,40.654926486088854,none,own,-1.1610441120780455,skilled employee / official,3.0286763392077822,"yes, registered under the customers name ",yes
1.2241085306438004,< 0 DM,22.241845080073325,existing credits paid back duly till now,business,3074.85283044806,... < 100 DM,1 <= ... < 4 years,1.5133745115991855,male : single,none,1.287732501552759,if not A121 : building society savings agreement/ life insurance,33.72491178869622,none,own,0.4266813706602701,management/ self-employed/ highly qualified employee/ officer,0.4059004046832958,none,yes
4.850623195495823,no checking account,6.492961978145748,existing credits paid back duly till now,business,1736.1927311554205,... < 100 DM,... < 1 year ,5.928576909543201,male : married/widowed,none,0.009951675006619976,if not A121 : building society savings agreement/ life insurance,28.772249080169452,none,own,-5.0655096555349,skilled employee / official,-5.577619523613254,none,yes
0.39308134858025867,< 0 DM,19.078529784433723,existing credits paid back duly till now,car (used),2352.917699937449,unknown/ no savings account,4 <= ... < 7 years,5.020763202855487,male : single,none,5.879729169373011,real estate,42.791927967790734,none,own,7.169269684317529,skilled employee / official,-3.624984033747877,"yes, registered under the customers name ",yes
-3.0070319420724037,< 0 DM,14.187319118787189,existing credits paid back duly till now,repairs,3556.9133065684414,100 <= ... < 500 DM,... < 1 year ,4.550971416483425,female : divorced/separated/married,none,2.763662376538173,unknown / no property,33.784810470022094,none,rent,0.3385762522410447,management/ self-employed/ highly qualified employee/ officer,7.156058871289882,none,yes
0.6708176449171297,< 0 DM,23.291609724666042,critical account/ other credits existing (not at this bank),domestic appliances,2394.791180650385,unknown/ no savings account,.. >= 7 years,1.6346479978839983,male : married/widowed,none,0.535673673984195,unknown / no property,34.79797204157254,none,own,3.3667413120097307,skilled employee / official,-2.2776079513163467,none,yes
-0.1068322085702728,< 0 DM,3.796836727826097,existing credits paid back duly till now,radio/television,454.08498023524885,unknown/ no savings account,.. >= 7 years,2.2815868046510293,male : single,none,-0.9488168978049931,"if not A121/A122 : car or other, not in attribute 6",27.72290791132608,none,own,5.373360084134207,skilled employee / official,5.281148374717625,"yes, registered under the customers name ",yes
-4.094224956604696,0 <= ... < 200 DM,31.455281605491336,all credits at this bank paid back duly,domestic appliances,1710.200151997747,... < 100 DM,4 <= ... < 7 years,1.587550115275123,male : divorced/separated,none,1.3775081656624981,if not A121 : building society savings agreement/ life insurance,29.664068387940027,none,own,1.9008803123235394,skilled employee / official,-1.8022602122527864,none,yes
0.23250378597752985,no checking account,27.715165124512275,all credits at this bank paid back duly,radio/television,2524.229718651825,... < 100 DM,unemployed,1.0156806429140657,male : single,none,0.7716033424628974,real estate,20.605562885640694,none,own,6.333031106280294,skilled employee / official,0.45263227081639734,none,yes
-2.22657628199231,0 <= ... < 200 DM,14.734158164240498,existing credits paid back duly till now,domestic appliances,3565.955156342409,... < 100 DM,1 <= ... < 4 years,0.8667505350747029,female : divorced/separated/married,none,-1.3277114008090223,"if not A121/A122 : car or other, not in attribute 6",53.74503059718975,none,for free,-2.7252134364541005,unskilled - resident,2.875624778799712,"yes, registered under the customers name ",yes
2.773073271562302,< 0 DM,40.70862499961412,no credits taken/ all credits paid back duly,car (new),7172.094200494335,... < 100 DM,1 <= ... < 4 years,0.14583677964437758,male : single,none,3.0023104555649196,if not A121 : building society savings agreement/ life insurance,29.363113818990723,none,rent,8.192129768793107,skilled employee / official,-1.4605833397426213,"yes, registered under the customers name ",yes
0.10383562255576685,< 0 DM,13.38963209155999,critical account/ other credits existing (not at this bank),car (used),3938.902577028248,... < 100 DM,4 <= ... < 7 years,-2.104162972054235,male : single,none,3.0187778697655525,unknown / no property,44.57890959995932,none,rent,5.261330595466297,skilled employee / official,6.7766454072771625,none,yes
-0.8483872474427101,>= 200 DM / salary assignments for at least 1 year,14.292497268557456,critical account/ other credits existing (not at this bank),radio/television,1517.0841606961976,... < 100 DM,... < 1 year ,-0.6911153556294467,male : single,none,1.4656895995411,if not A121 : building society savings agreement/ life insurance,23.312553140101343,stores,own,1.627607477459923,unemployed/ unskilled - non-resident,1.227185074205233,"yes, registered under the customers name ",yes
-0.3185457918677288,< 0 DM,23.07990813652219,existing credits paid back duly till now,(vacation - does not exist?),7392.840091393026,... < 100 DM,.. >= 7 years,1.6582080092617173,female : divorced/separated/married,none,-0.24052579474455538,real estate,43.52887786328938,none,rent,5.275237997876336,skilled employee / official,3.3825525388990094,none,yes
1.6693660552184983,no checking account,24.314070089664376,existing credits paid back duly till now,radio/television,1192.9077685032184,... < 100 DM,.. >= 7 years,1.7037867426803113,male : single,none,6.967193864126618,real estate,28.400361238705077,none,own,-1.5059046579681161,skilled employee / official,0.19717897594262257,none,yes
2.850442599069339,0 <= ... < 200 DM,65.08976004891255,existing credits paid back duly till now,domestic appliances,7295.247912000334,... < 100 DM,1 <= ... < 4 years,9.10237827528495,male : married/widowed,none,-4.216434310830001,"if not A121/A122 : car or other, not in attribute 6",35.84832889243608,none,own,0.13415536369151848,skilled employee / official,2.976160861051272,none,yes
-2.999136686008144,< 0 DM,25.978931375936387,no credits taken/ all credits paid back duly,car (new),2831.357371788099,... < 100 DM,4 <= ... < 7 years,1.9949848949358922,male : single,co-applicant,0.6609045349146943,"if not A121/A122 : car or other, not in attribute 6",36.913776257034975,none,own,5.332751189207138,skilled employee / official,5.736378219549588,none,yes
-3.124762897863816,0 <= ... < 200 DM,26.309570679166065,all credits at this bank paid back duly,car (new),1258.9539960832421,unknown/ no savings account,1 <= ... < 4 years,3.8883017688698116,male : single,none,1.1394046363382524,"if not A121/A122 : car or other, not in attribute 6",57.011116052392424,none,rent,-4.601180542684894,unemployed/ unskilled - non-resident,0.606142187130357,none,yes
3.31403764620759,no checking account,0.32048651628568514,delay in paying off in the past,(vacation - does not exist?),750.6472244732545,... < 100 DM,... < 1 year ,2.938137737824405,female : divorced/separated/married,none,3.4445366336142444,if not A121 : building society savings agreement/ life insurance,62.81500818610547,none,rent,2.6813733248764144,unskilled - resident,6.189138372247709,none,yes
-1.2370106166141919,< 0 DM,18.651819474685873,existing credits paid back duly till now,radio/television,2426.6248667524205,... < 100 DM,.. >= 7 years,3.2384873166234005,male : married/widowed,none,3.6849854234082065,real estate,40.30647850315894,none,own,3.5965284795354617,skilled employee / official,-0.8347874251373537,none,yes
-3.2505262777906223,no checking account,28.725248482826192,existing credits paid back duly till now,domestic appliances,2536.169703401829,... < 100 DM,.. >= 7 years,6.233000766249028,male : single,none,7.380294424783106,unknown / no property,45.33870453849151,none,rent,7.907677450466488,skilled employee / official,4.29228811805513,none,no
2.3314381281493137,< 0 DM,16.466005573401922,existing credits paid back duly till now,domestic appliances,1270.8989922088444,... < 100 DM,... < 1 year ,4.325687560552144,female : divorced/separated/married,co-applicant,-0.13721462005648055,"if not A121/A122 : car or other, not in attribute 6",20.793712011871705,none,own,-3.748866259166709,skilled employee / official,2.4673430087291495,none,yes
2.390109418098061,< 0 DM,30.511875235619378,critical account/ other credits existing (not at this bank),car (new),8385.730807690265,... < 100 DM,... < 1 year ,2.9822332855926197,female : divorced/separated/married,none,3.759747012000445,real estate,46.74887407502057,none,own,5.8288931710949,unskilled - resident,-2.205746218047108,none,yes
-3.5921457717701193,< 0 DM,46.31865159359077,existing credits paid back duly till now,business,4848.63569645509,... < 100 DM,... < 1 year ,2.2330808848566135,female : divorced/separated/married,guarantor,2.587455163644383,real estate,37.49526082695097,none,for free,-0.6784122294467083,skilled employee / official,1.6414291139119954,none,yes
0.6884451463908189,no checking account,21.093141601465664,existing credits paid back duly till now,car (new),2922.413133007577,100 <= ... < 500 DM,... < 1 year ,-0.07259032566360513,male : married/widowed,none,-4.13461812554967,if not A121 : building society savings agreement/ life insurance,27.38020221829751,none,own,-0.34102837973556444,skilled employee / official,1.0220978135511183,none,yes
3.206749277285121,0 <= ... < 200 DM,35.24381155378993,delay in paying off in the past,car (new),8229.777862924604,unknown/ no savings account,1 <= ... < 4 years,-2.1032616963911774,male : single,none,7.701620766302329,unknown / no property,28.113235005668294,none,rent,-2.6660131608793796,skilled employee / official,-0.5595765288305352,none,yes
1.1231593551187893,< 0 DM,21.642070176205934,existing credits paid back duly till now,radio/television,2024.0359077850642,... < 100 DM,1 <= ... < 4 years,-0.41775333585307495,male : single,guarantor,-2.316325381720598,if not A121 : building society savings agreement/ life insurance,22.563730446297498,none,own,-1.2635561124007753,unskilled - resident,2.0740073025823795,none,yes
1.8959444512841859,0 <= ... < 200 DM,14.130373153575391,existing credits paid back duly till now,radio/television,1431.6587822243964,... < 100 DM,4 <= ... < 7 years,2.133977428294936,male : single,none,4.258491816929145,real estate,26.70493392689764,none,own,3.210567042361767,skilled employee / official,1.4388686383255527,none,yes
-4.212807294272247,< 0 DM,42.59514348187932,existing credits paid back duly till now,car (new),6289.6316040123675,... < 100 DM,4 <= ... < 7 years,-1.371915287288302,male : single,none,2.169879832593243,"if not A121/A122 : car or other, not in attribute 6",32.51594188689266,bank,for free,-1.3369957443440663,management/ self-employed/ highly qualified employee/ officer,0.78223915807835,"yes, registered under the customers name ",yes
0.9931204649885867,< 0 DM,10.69834879440808,existing credits paid back duly till now,car (new),1413.7580114928796,unknown/ no savings account,.. >= 7 years,3.319771900062993,female : divorced/separated/married,none,4.826910346987232,unknown / no property,62.55567993132848,none,rent,3.2208530009587464,management/ self-employed/ highly qualified employee/ officer,0.7942675928239454,none,no
-0.9078592784113397,< 0 DM,21.58115453794595,critical account/ other credits existing (not at this bank),car (new),6579.665948333029,100 <= ... < 500 DM,... < 1 year ,7.58988360696103,female : divorced/separated/married,none,0.5162693535151774,"if not A121/A122 : car or other, not in attribute 6",29.542879872263395,none,own,-0.9888981409092605,skilled employee / official,0.7299692232291419,none,yes
-1.4483704761739344,0 <= ... < 200 DM,19.919269687223476,existing credits paid back duly till now,radio/television,1747.151161083579,... < 100 DM,.. >= 7 years,1.2758127030125497,male : married/widowed,co-applicant,4.481757953421507,unknown / no property,46.51252423856392,bank,own,-1.6391014175459429,skilled employee / official,-0.10309886373898247,none,yes
2.6116668282591795,no checking account,13.172175078266688,existing credits paid back duly till now,car (new),3566.9221873306087,... < 100 DM,1 <= ... < 4 years,2.8503243072339117,male : single,none,-3.6811024218292863,"if not A121/A122 : car or other, not in attribute 6",30.628375240334933,stores,own,0.41657256092031636,skilled employee / official,2.419502285044945,none,yes
4.43782353202269,< 0 DM,16.63596978590118,critical account/ other credits existing (not at this bank),radio/television,1573.882204018394,... < 100 DM,1 <= ... < 4 years,0.8976665814108693,male : single,none,3.802513633978231,"if not A121/A122 : car or other, not in attribute 6",36.76674382351581,none,own,2.0101215752689177,skilled employee / official,0.06825736290865869,"yes, registered under the customers name ",yes
5.383110163801077,no checking account,18.694981332709553,existing credits paid back duly till now,education,1935.8228733480848,... < 100 DM,1 <= ... < 4 years,1.0852334871825136,female : divorced/separated/married,none,2.3083759703426248,unknown / no property,23.72905268404458,none,own,1.1679402142069417,management/ self-employed/ highly qualified employee/ officer,8.970428474409998,"yes, registered under the customers name ",yes
3.9444236145177154,no checking account,38.895511478185995,existing credits paid back duly till now,business,3966.1706681319556,... < 100 DM,unemployed,1.9290112624666724,male : married/widowed,none,0.9681061737989056,"if not A121/A122 : car or other, not in attribute 6",29.058172635756446,none,own,1.1026303549983951,skilled employee / official,-3.2279997363959474,none,yes
-0.32920254489055106,0 <= ... < 200 DM,12.263602911242183,existing credits paid back duly till now,domestic appliances,2388.543811391258,... < 100 DM,... < 1 year ,5.805686945819325,female : divorced/separated/married,none,4.286243362360637,"if not A121/A122 : car or other, not in attribute 6",47.101443883782686,none,own,3.088622385508252,skilled employee / official,-0.7542082317033769,none,yes
1.0581604890790293,no checking account,13.17603281209727,existing credits paid back duly till now,furniture/equipment,1733.700614497407,... < 100 DM,1 <= ... < 4 years,0.9636354784734653,male : single,none,7.232435628159049,unknown / no property,26.590427451678593,none,own,4.247264354850846,skilled employee / official,-0.5172263137308222,"yes, registered under the customers name ",yes
2.300468615352731,< 0 DM,30.91151227691269,critical account/ other credits existing (not at this bank),radio/television,3853.369841450933,100 <= ... < 500 DM,... < 1 year ,7.03498124111994,female : divorced/separated/married,none,2.970232714489402,real estate,40.671678121204174,bank,own,0.06971407423170706,skilled employee / official,7.121480242973613,"yes, registered under the customers name ",yes
0.3635338478983859,0 <= ... < 200 DM,11.725379941745377,existing credits paid back duly till now,car (new),810.9930740146742,100 <= ... < 500 DM,4 <= ... < 7 years,3.262837679013403,male : married/widowed,none,6.342043269777332,"if not A121/A122 : car or other, not in attribute 6",42.84032288067608,none,own,-2.1326660467284757,skilled employee / official,-2.960403949932498,"yes, registered under the customers name ",yes
1.392292563734633,< 0 DM,43.40753451561106,existing credits paid back duly till now,business,1847.4583427178536,... < 100 DM,... < 1 year ,2.0511888712155075,male : divorced/separated,none,4.149221996333796,"if not A121/A122 : car or other, not in attribute 6",23.609499430223114,none,own,1.2282834367675486,skilled employee / official,2.2777668939583293,none,no
2.4712593956285462,0 <= ... < 200 DM,51.64245784737573,critical account/ other credits existing (not at this bank),business,4574.997637799859,unknown/ no savings account,1 <= ... < 4 years,-0.7599157870354891,female : divorced/separated/married,none,1.3218033722859746,"if not A121/A122 : car or other, not in attribute 6",22.851715181721524,bank,own,2.4119487583122154,skilled employee / official,1.7451821951396196,none,yes
