CRIM,ZN,INDUS,CHAS,NOX,RM,AGE,DIS,RAD,TAX,PTRATIO,B,LSTAT,HousingClas
0.920471239263294,25.261245036742206,0.8077657687292517,-0.9455231696556716,-3.4624229562026034,10.019769273547965,65.61733521928478,3.6279000502724004,0.46895924177068915,301.34311537772686,12.154717072396423,400.92334683504384,7.366379624611211,1
-3.0926423187214866,1.3046528143909422,2.1047139704444486,-5.803592207139354,-3.946437053972557,8.047585857172768,78.61234919230209,6.180735579258471,2.183044566242616,246.87076153391865,20.205387729701343,393.2613280963744,10.010150274991267,1
2.2786435874193716,-1.6787168581484684,3.9348688712410933,-3.804041750531991,2.1644601364293083,7.919045776462049,58.5954465416855,4.167908774422474,4.668240369573576,243.07913449671233,14.870844376701225,392.45700153745327,4.268488189274349,1
2.854064149173641,1.3952406285009187,-0.8831354820349655,-8.249028058891726,-7.347664945155067,7.434544416006786,45.58400422268063,4.115020740876162,2.702364794321847,223.38715697655095,18.045299666358478,395.2177961933319,-4.838149546206806,1
-5.784055565961509,-4.682875058983329,2.3365199559726006,-0.7023766118487377,1.07423158088378,6.622095889857466,57.97911755864122,10.878650148381894,4.19730961589476,224.37449679625448,17.814158581839845,399.4937353538576,,1
-3.876688520586954,-0.8919700880929062,1.3584484833612887,-0.5651523817931501,-0.9762491732614735,9.566920360627797,58.342914480199624,9.209058599084326,1.375199095698237,218.22904897389196,19.774310837977648,393.0891967167989,2.527183987539333,1
0.47181120950185607,12.798432419047215,6.859504097078221,,4.44873982063973,3.415971503694497,63.93058803195476,3.2779057648554697,6.716287170795446,312.93244501145597,8.842688179348,390.90855592603424,18.585438267816873,1
-0.8041777770307466,12.241698044536854,9.729105896447436,3.236637117089216,-0.9564046274616271,1.306224619509372,94.62325873370384,7.655832916783838,6.127190892837071,308.7977795955694,17.872729444788373,398.7635926783587,14.80227555804605,1
0.16083652748713362,14.872418365070242,8.889626083578111,3.595559509550081,2.5024526427556877,7.474320368677424,100.60255089182779,3.8540634358965407,7.5974510095394585,311.95543420038973,13.169028957163507,390.00438789551373,27.492796524330387,0
-2.38909178272074,13.533935678708158,8.81814361193286,,-0.6667415237133749,7.897714984201443,84.77945800845747,3.0380460690130278,7.140381387333464,310.31759711717797,18.85988988433116,386.4622256147645,10.491451852471112,0
2.8630839245884854,14.504978054323992,9.099485371986077,-6.404081002430567,0.8652444604584304,7.817723457535299,95.75590984918942,9.44812832419693,6.7662068686434385,312.5036249813426,13.765505226451536,393.7357202739193,21.536374927828092,0
2.450845806286845,10.434883153307721,9.718404004006715,1.8518447414767754,2.7345095927601535,7.232185108854116,84.4685312822471,1.1144011230577826,4.704747774026659,311.35431039501935,15.053469242797968,395.47652631171877,9.966229537566303,0
0.2918720926836481,15.193446225231645,1.5461399746676712,1.6660806855257264,-0.8636671489737404,4.927378864987356,41.666949541213945,8.231467740729624,5.734817681133404,301.7809091875361,20.941358120205273,387.9626816158223,12.490999537704937,1
4.011483620904099,4.8868108428719745,7.046685243206617,0.9281747104708351,3.5276646534952123,8.311448113156576,66.07067841679509,3.9493330622808243,7.19052678535458,307.53667513511556,20.167985373618993,399.97927704164164,4.142457348476808,0
2.0404880267561367,-2.9104485589542377,1.5993698065315787,,-2.4430936313194493,5.9593256197363775,87.48757617311708,3.8272601907584143,2.043776291791617,308.9264588568978,24.716549654020376,381.18248754344336,12.592065188213589,0
-1.9504873886497145,-2.663086967143679,8.248179780393388,-3.49448428938312,1.4217785276751373,4.372659317554465,53.69728280755612,5.7278536588698685,2.114776663909403,308.3377850450154,21.11713525669368,397.09110579820566,10.604390954702641,0
2.1601823522474968,4.007353008960699,8.126101083326965,6.0262661585554165,3.305919168363558,4.9993260632338,26.589396660271184,6.242196435982757,4.544294193851086,306.6922421613743,22.24625649088047,391.35634544398386,12.016101673236356,1
-2.092447802486997,-0.5740319600851809,11.27659682436904,-2.8782832594256043,2.5181124753710047,12.051919096327495,81.47268557062053,1.7788704695132758,5.245839070796361,311.9264850757912,21.209875768234124,383.5854729970443,12.61288013678108,0
3.4380609039218175,4.211464176199671,11.702903178163364,2.247668781602564,6.287334630206232,0.2510717538637026,35.24647392828176,5.94967682625019,1.5276805022079865,307.934119387365,23.543554878900373,287.3339211955217,12.3464581131404,0
0.5760222670412414,-1.3276071356765518,8.748325144757102,-5.062043083240055,-1.7523179519319816,7.226364312887397,66.08501981911718,4.136611614075671,3.775712309760075,308.3130199005793,18.943405161440847,391.4238000465041,7.411994407794145,0
0.6972029093642182,4.365136728812134,6.638916767809301,-2.7907940618101525,-3.5994477540457632,0.5326687171288489,96.774924617481,0.02973562139588548,3.7180036773136456,310.1334756821517,18.047854430942444,374.87706028671624,20.014882931794045,0
-1.190748633211824,0.39445745041635655,9.595483337637214,4.549105940176008,-2.445005325485358,5.64029998503108,87.77646119914289,3.5026765492607823,-2.645840346810412,308.0877789990898,19.084271428868934,394.87940960581733,12.273464060156467,0
4.9000940160220905,0.7746864699680855,6.55624708802706,-0.7826994690025497,2.519327699645311,4.841117544537437,89.68445678071639,8.120737046676778,3.341218032223721,304.3059467397574,21.299131128972274,396.33780233728805,20.11334987248626,0
0.5248415537935935,4.694154065009713,8.135822045669954,2.519767815398394,2.031768802808136,-0.44208489003963347,99.05263154153498,9.12498439473709,3.528046501454601,299.6849877586611,20.33754364334901,391.56240157750847,22.931065419254573,0
-0.5347234664893216,-1.0853114323325137,11.098408950882304,0.7108661661577382,0.8447699789422474,7.091112771301289,97.63535255095499,6.551645372826032,3.5191211715309425,305.56863729394576,23.130824629413528,394.527315025563,19.2732000724945,0
-0.2158606514646889,-2.823366287774875,6.46668596203173,-0.31487446800051805,-2.83087114732139,4.458885813423413,86.29771412374772,0.8835695354948898,8.247742823731805,309.28283657764337,24.91419509946456,303.93101631242035,13.98156318334717,0
2.268837556660046,-1.345692624085063,10.557035917727504,4.091550974798069,2.8386018799871824,-0.4846190276837321,97.7154272281664,6.1538207073676645,0.352605104473374,305.9407110057466,18.072484988294974,379.68404618868897,17.805403713868998,0
2.052102193092235,1.357001851929416,10.172204106076908,-0.709976473955701,-3.136114332951621,8.565704272322757,89.31152455805895,7.005982711577579,1.526132286386162,309.4035351168452,18.798153625158204,307.5594227094423,17.14774458867661,0
2.011187834787965,-4.6972772165415435,5.275624548607536,-5.3422143226904115,4.014848747130699,10.800018533966805,93.52980267818825,6.631823949956166,-3.836587394958002,307.4461845277608,16.69128174506144,389.3234391740795,11.826209312308956,0
2.2949130090236483,1.9124127079533646,11.061682384652205,-2.4097202758551153,9.110315269419596,11.144373026889717,87.3123986479646,6.593862866063755,2.557250001477578,310.8641982107865,27.09111897227731,381.1908750520217,9.854465539543245,0
7.555752802611384,-1.6163139528532295,10.235699036114516,1.6535751861050825,1.6373534397146514,6.789869321954414,94.86947593533061,5.322789237742592,2.813069337621997,306.114349878638,21.91400849736548,359.60533243612423,20.920192616915344,0
0.13547495084615324,3.4434379822006904,8.445777662117973,1.1865273190875243,2.2873244069732293,6.2101744157313465,101.3057618715132,3.9577629835083687,2.4700684709972314,308.40284447970305,22.439406960154734,374.58134265466623,18.2669415385887,0
-0.14873818721461185,-7.182780914701414,5.853029625917044,-4.701174750706315,-0.9405793066866781,9.93446986268739,88.23013397757707,2.1648975122879452,7.32303201845128,308.51765519360606,16.979374844906857,233.46651505497812,28.632232299482073,0
-1.289598184743633,-2.359697325312506,5.562381944273291,-2.1730275582246033,-4.892639963260448,10.748150756020294,92.46403860506729,-1.906606555504489,6.581852567010889,311.50480561789357,20.996490032979377,357.77062570234904,18.873835542503617,0
3.4607582677264865,-5.059404453702306,6.527012269290934,-1.7451640476067398,-1.270158089090667,9.496706108626874,99.47713817453321,4.778725300140052,4.233570172801913,301.88008808099715,22.527743953239256,253.37946786132304,19.55325942438916,0
3.4510868781626747,-2.478688399091858,7.58778338987588,-1.0964087823426751,-2.779685723296248,3.1083871933105964,68.82325179284237,3.9184585309565656,3.8881608393804132,277.6247751763405,18.441726928396726,400.92654688431963,,0
-0.24440237296462522,0.7429977033268294,,-4.1277407658046545,-3.8420137292450467,6.445034559644766,56.68670677228815,5.050627528474449,8.078569004320592,281.54554831616554,22.427116874479182,379.45851739705483,15.325031466539274,0
-2.440329430887584,-0.5376798763492647,7.272536745859609,-1.8851133243584357,5.666079825986947,7.168548432874285,43.81209634628429,-0.07843107987868203,4.940726420492445,283.63768943933593,26.135493376928487,398.03540081787895,6.606813655603622,0
-2.2983936470737185,-0.7601327068440449,2.2347334133648222,-2.1858314557785823,1.317587554077319,0.5371490932483125,34.00287068241171,5.782350067945181,2.5451898832446265,279.72021453792627,16.358811518718145,393.1661228470565,9.309154835886128,1
1.9794083634741033,74.52244538585981,2.3377942466834534,2.314599779285758,1.567062741841951,8.003081978862323,19.22847078866771,11.56473528386233,-2.148746032453655,251.12188750673553,15.23373826206991,391.8466288059586,3.677266369887269,1
2.2633525136103265,75.61016472185983,3.278943263722026,2.4273639329707315,-0.49906709558874857,13.842975477938168,15.773198396324089,5.6364503923337335,1.676056518312952,254.27135510602332,15.66673180341427,394.9714833300341,2.4176159348477984,1
1.756902804915585,-3.025608125829323,14.24539043517675,-0.43743137426644796,-0.0706132473303091,8.689808497402375,-2.2760627860231106,5.535904042380378,5.263930851517825,235.60610802569505,22.71859748004947,385.7142001002158,2.736322022105694,1
-1.8550291218660828,2.1205489226971523,2.7780530334388978,-1.1761193876121945,3.341652046718,10.589239244325269,2.8235806209469905,6.647907068257103,9.829616068629269,231.9210149639981,21.027065951089053,384.058369423334,7.126449570085089,1
0.8558439692001594,1.9879979111564516,11.3260436994704,,0.3509886439143537,6.759744190386115,9.644088732851758,11.817911074131015,3.1848310385684275,233.99092193653263,17.493416546619052,395.86860910104747,11.796264396117945,1
0.4727474274221847,1.155113812968303,7.359527241961841,-2.449725322366725,2.040081814074198,5.8493450280485355,38.6007504819777,2.649956714900328,0.703933454639087,236.5415817872359,18.00967899320262,392.15399059363307,5.609115672987511,0
0.8274857901870388,1.6696003282537895,8.14351575404789,-3.440496246502323,-0.1400128935350476,6.825814170242927,30.47359107518588,5.710020800181715,-0.5548956248526418,238.67137697982335,15.450369121409835,394.82353778492137,6.825559788723799,0
2.8026463338445695,0.8892540024259785,7.2650437401646135,-2.8206636267771508,-0.5784586721961416,3.338520056046702,33.98838109337529,2.7014277331070673,4.655864688916797,235.22781487770587,20.57008147322955,394.85077317837295,12.70052433410808,0
0.9000566463240468,6.105219908193202,,-1.9044394919143701,-3.7727424968055865,3.1386744382968343,83.93276270570693,4.048385837465015,-2.293848157152805,233.13241668999677,16.760294527674336,397.0925700392295,17.48961331967651,0
2.2906106892156846,-0.2612825131575297,6.448944686913947,-3.490421399376813,-5.485247187101384,9.197913671508097,93.88753502667339,5.721229076354182,4.651035304214664,232.83777447188626,17.119770381635,399.2129447675794,36.80539762423779,0
0.42250720846667433,-0.9212496550037302,11.272150544372375,0.4861786771886243,-0.3366857031992054,9.719027028599555,64.21797807702471,10.129669724840676,5.453134818788737,234.67218967158087,19.72636931458777,395.72768717360003,19.205127660044514,0
0.9560881960699524,18.739417258927865,4.270586567325832,2.189147021351125,0.6084900759796981,2.9896810532379487,42.21479992319696,12.21767180206621,5.308838359698592,242.65298147256166,16.236015185750336,395.2383664931433,16.282967056354792,0
1.937234677515621,17.90321198826649,,-4.7612949023947255,-3.419390110126373,9.018996413661593,60.283904361954505,8.159126433880118,3.3410149841843277,243.56892149706715,16.095102019506463,393.66185815997534,8.636902919459798,0
-4.317867459566999,17.266584637196775,3.706898639360931,0.07538613364810004,0.3355754048961014,6.250120073181938,21.56223997644661,5.684915830929544,5.694821960640444,239.82637120640737,16.831725616587224,396.99472236684414,4.421059779639558,1
,18.333608060307245,5.459244460796139,-0.6598073857990068,0.6002576889715061,7.017425723471292,24.308229372244615,14.292916599915555,4.5128151133848995,246.8911715894735,19.18606624137923,398.31804927671584,4.074883758703804,1
-1.3975179628783865,74.78795885504378,0.7841123431293422,1.0245260566104086,-6.058024018178138,7.26865591830519,51.31448090446955,6.03703655601144,0.6656284744182246,465.57944581855395,26.0394792264515,404.5049782382995,17.145220684143453,0
-1.9035235447300258,91.00288538549314,2.58507116104256,-0.03881630431076419,-2.3423739784385034,10.232051404372955,19.90481483891513,6.983192256920788,10.551236967125078,224.70366471864097,19.656458696738245,396.49926968348797,6.283163814426356,1
-0.8048767536800513,85.15342617565649,5.075377870779602,-4.360797839794893,1.6317916812064055,6.6311546055895665,38.51213090075895,3.862770866263819,0.9449618611684509,313.29277978255544,19.709942670872802,398.88779445127574,9.62799209403485,1
4.499143933703188,97.70339416771085,1.0879314605374377,-3.7871678965714963,1.5721761881872316,11.046485985905807,38.14757311958877,12.51307470773423,7.327256901349728,261.9729606396659,14.500437813696626,387.84056988142953,3.3175108599314984,1
-2.4430433470797293,27.70055369205989,4.539342903888271,0.08827072675491818,-3.008024749199282,7.073238519279774,34.6786280407204,10.719536777113882,0.744157151912856,282.731951045443,17.57660641049385,389.2253000216635,6.4346625613988095,1
3.0081150637744423,27.21823801690284,1.7861491107962193,3.086342759236528,0.9283441514992048,7.799552817408597,43.79868692374082,14.185416608349339,11.829412648342787,282.00195255811883,21.661958696705344,400.5864450081498,9.730136585681908,0
-4.899289314847414,24.521055077733948,4.442122039343076,-6.642562113129008,3.5202216760814165,3.24121222538826,70.1854364323752,3.0568299433456216,12.406291233963746,282.34754924799864,20.213722473801713,396.31694617406987,15.825692726521286,0
-0.8329450899573245,23.041251566005865,0.3516172208354167,1.0371797394047397,2.7842188769726945,12.441977032114501,91.43054167954384,11.193012422437329,8.089501361379915,288.97669150283394,15.432114053750752,364.91265624540546,10.029353133707563,0
0.5985291953150168,26.6452837624894,2.3913660398435184,3.5688660158629295,0.1671426389581963,7.8654747696149,73.8397393643838,7.4359065550983825,9.676313104213275,275.5629590194819,18.715791129723204,398.9220696069486,8.938168401215124,1
1.8851669940778346,25.563920762458313,5.810358138327406,-0.4590776286186393,-0.9509289399728771,8.900992276035296,45.17396218655745,10.39920065040041,9.675545544822688,280.99178596355426,19.45130892955534,401.3344931838863,9.438513313481508,1
2.153189739378565,13.155618221754857,5.337039593224189,1.6506074880793222,-1.4719334530035133,2.2794425663653755,56.451950411775336,4.279568576686586,1.0716492910778272,224.19386612747866,17.068626398914564,387.2522772416406,4.874088196138912,1
2.4158817055997757,79.79605923204679,11.797632583688511,-2.1092072426934063,1.8014593487289714,3.821893930762697,16.23328456137248,11.015745467995892,5.64136691631802,338.7726462204749,20.545206783626384,401.4581630269365,-1.583817257962199,1
-1.0023852167453127,80.78610743622315,1.610244744787298,-0.35809859783063047,0.983311919428664,9.500651063756191,33.443543615671224,8.971050253995491,1.574108590382334,333.6820451519823,17.53951711070665,388.5841331081222,9.83057886436494,0
-1.3291653779937014,9.800915640536738,10.37590046993632,-4.8627405549244545,2.297212018306601,6.738673354877815,24.55793325284668,6.381269895641347,2.1737292290640218,344.8742460534757,23.01952475366594,399.02399683516023,12.44313894982221,1
2.709467643771461,13.069530178512329,6.801257441204944,-7.0330299252566215,0.8046214393634559,-0.1473392044867774,36.58785322482661,8.433338062983363,7.380829429636896,345.2023636982036,19.690275784956476,396.87405412196324,18.114054000224186,0
-0.4457529746448447,8.135532544226633,5.616257059760873,2.8282974036758257,2.8652918510423255,8.999869786951457,33.133974842890396,4.201514096873253,6.923973072100608,347.5383757377168,19.14416350927523,389.8500863542661,9.856128632010288,0
-3.7387989700137654,4.008558300036513,12.107783355178457,-2.954984783173326,0.6967775988731004,4.78565158694183,8.875059097932196,3.548979743254902,1.8808734936526221,310.5185060084677,16.390206547169253,385.0684134817194,12.606016991526744,1
-3.2411016420104417,3.7438499551782956,10.995749451039877,-1.3665835350102915,2.767066148395059,10.194950957630137,17.89539528103246,3.8969661591238114,1.7992709694968783,306.16565504383766,19.2357885995897,380.39251924745616,9.751176751129766,1
-2.666716858004834,-0.7575520029088942,11.141187176836656,-4.15932675981058,3.0254683110999165,5.801492964188902,3.9194854219848727,-0.270883585070834,2.0632101926269835,303.3806350909611,19.239161777026318,392.00166101146476,8.379910654928343,1
1.6868722321612921,1.0903630135172195,9.585000511519993,-4.229909109251627,-2.0005798906744405,6.85912005806159,3.7610779260794582,7.8725754826101015,6.197918699396473,307.3612533262946,15.098658347897299,378.92448291117887,,1
0.5062372082116957,-7.229765897399625,8.635671020603448,-0.5215131002838491,-4.9874321406122375,9.809863735774945,,7.826280842547699,2.000045657568809,395.9052419094114,17.081417590688815,393.68497166298283,5.2362034821475545,1
2.166576062203305,-3.4690429807959986,8.199124392433756,-2.1887315824069393,5.0674785680436605,3.5935210874360126,48.64644724949308,2.398567550708475,6.070137917107858,394.8999875120329,17.730152204450913,377.6458307343369,6.907472649358091,1
-1.1802279390096029,-0.8813367604563894,14.78973464984368,1.1339129939840955,1.2069761921367852,3.300459576498181,79.34794727248614,5.096809047834457,7.240540431902884,392.7202733841307,19.940438632167165,375.7355920670112,5.788413158627064,0
0.5626890732301427,-3.2163990642805773,11.99989972974286,1.3576152569387756,-4.706457686488364,5.550504738805678,48.13858826231435,3.2938785761122906,4.7352636491207,393.30461481649877,20.084050335957116,392.20926175833887,14.131276779840736,0
1.93323118190201,2.1431894478919764,11.0417333010315,0.9625489389738215,-1.7044584916561332,8.713518398863666,54.561872283109096,5.9989218862430915,8.030191090594784,395.3106645316272,16.956044554104384,389.78874256268233,10.415102682585951,0
-0.8441696191607152,5.991889592243982,12.85551688016946,0.7158023727853311,2.752622877109485,1.8813682421595277,38.84644165794743,2.6198682763669128,4.087069491530623,394.46663069689737,20.106608807625655,390.09637251119597,,0
1.4114557126722342,21.470155841712092,7.244796758746883,4.733304614795658,-0.413030493398679,1.7228962003327108,31.499747449379434,2.7504245317370923,3.3584331970182566,281.9397095821241,18.45376321195445,392.3553167783672,1.7500849551619737,1
-1.9411578231999536,22.48760978774442,5.401091829079195,-3.202781307134658,-1.1101842579573813,9.090162781131376,69.94030711922537,8.556924658071228,1.0682613066044304,277.4017945225279,10.39113992543513,393.09209677460797,6.60692169039115,1
-1.0525715396952156,25.70634510492979,2.8918351900770984,-0.16480459860875324,4.6286455809389,4.493065062298989,29.727607835981573,5.209088244626522,7.051532042860616,271.56900109392575,17.545893904145373,392.1210736461596,12.010476931679229,1
-1.1097036819949873,29.833348445498864,8.538878866946849,3.3980694615587663,-2.715861439151431,4.99032196123915,42.95377216787687,11.467026852560426,1.7004386590633889,277.8682646762316,22.236965920427135,390.7725697586681,13.791336552468152,1
-3.536928936767119,-3.6671229376197094,9.227556508944897,3.793619428014109,-1.9454600732645015,0.8185687941795026,49.00064703490862,4.91832989438242,4.049315453145177,245.58442105683574,13.454582730116961,398.0802474155415,4.63739937259375,1
1.5182674423567455,0.7471083669208259,5.97366996596856,-4.265290948033718,1.0831594251448027,4.593062056944054,56.65653991975423,1.6594658789485237,2.7860517986221955,245.1836515363841,18.83807360124662,388.0092401502729,5.466656012071153,1
-1.3563270206081717,5.463896552439326,7.410990534032271,-0.9370663249676098,1.620364796161647,5.992298110106548,47.16295745352704,8.108022629307817,-0.15834918933498798,251.55857403792754,23.255783642555862,398.3213853778266,9.756926689718904,1
0.1089923561830623,-4.955277444537802,8.215879990441433,4.0743632876017815,1.9380291030221946,8.912133572868676,58.43833549267734,5.640000492438059,1.1726905685300377,245.15937232213255,16.218161140968558,396.95331183206,,1
1.498839976717727,-3.843207620537496,6.800297949213541,1.5242373155971958,3.2227141337068406,4.693309501296083,87.02793281397159,5.60231859108927,6.148616717122202,272.6427703895976,17.80644724128306,395.25552262546887,6.35978064188178,1
1.3926135280898322,-1.2708198193825146,5.252297531337871,0.5857890944393183,1.0847358620445506,12.05112836069749,64.76984999703267,6.986302036603756,2.6049726279034413,269.9430522009574,13.887951228316236,395.54243404204806,3.7902920178604953,1
2.042995326918359,-1.561765238566233,5.2050411412246484,-0.6530540803039702,1.9571518168152275,4.363331927460598,65.97195071131756,1.1339111184626163,-1.0274510241005257,269.8730858229822,22.68169342499072,386.3305964730409,9.027719241773058,1
-0.2561364535282708,2.4378038632609336,4.968981720039508,-1.1514027771232362,-0.28862777794524963,4.355724595244476,75.13867418566721,2.7103400730441374,2.9159848620460753,267.4938591334559,17.55000211901016,392.5532135311388,6.767744135776874,1
-1.2278649361324612,,11.747986976358868,0.8646571892709726,0.6520949097101427,11.054072655693407,51.421566791940926,3.1515505055366204,3.561657905216365,269.8236520452577,18.339880528382054,395.032154922391,13.002738283124689,1
-0.21040463271919715,22.675113821073616,17.142169470578757,-0.7571223749534501,0.7866025401609034,6.845380457091752,30.00911777691739,-0.20633961074685514,14.362139206732545,267.7047116193078,22.262901396516867,396.83624278568453,7.850878545048115,1
-5.019063301874089,29.546231208702434,10.972558086620337,-0.12773586313333254,1.1092944074571083,4.5929258129652695,79.30525305585803,2.8242295495252696,4.855371524026817,270.5100729427637,20.184435183936444,398.0366307360605,12.599470262749314,0
-4.219297417269262,-1.7326166620669516,0.5062016346248353,0.2357961183451121,2.762619422748282,6.15960060645822,55.79095571578339,7.504338373630473,0.8581254588009064,275.2912511021289,15.373113802509781,358.7127252296917,-1.350752434098693,1
-3.853058837063207,3.8233416508237172,6.8006952034242625,-2.0342145854804974,2.110437045834493,10.222220732626178,69.75549629697854,4.2072143113815414,6.260083753361313,273.1661162004252,16.058166227738052,391.036968908203,11.139633963513567,1
-2.870910482804445,-1.882762609310759,5.410660488082593,1.596388121644315,0.5776510087005493,12.467608458877045,74.12919247111192,-0.5429839835349637,-3.5231085018785366,278.9756830191018,19.484793913569895,397.7585848276629,10.459632877177103,1
1.2811926801703097,-1.909845849306707,7.352194869057588,8.74273394524626,-1.9823779548231195,5.369620462189232,35.32047991045165,-1.1723182349948051,2.2829604691432923,277.28052144006426,16.12763683481118,396.53609597993074,7.548387210110053,1
-2.6478371660801825,1.6233948324135943,2.0749768489381233,-5.330959917978225,0.6480137741881287,7.288698569762675,59.12521193469354,8.489528176244814,7.983285484043218,274.6558117975733,11.648270063638419,396.613505780071,0.6487312422390907,1
-0.9858276621181692,2.2887794470108096,5.103253476169698,0.9720375725699397,0.4359466453127682,6.9974704830027195,83.69732477549967,2.50684296923461,4.651402146920738,384.4364791411059,20.740277604082767,395.71278467249505,8.479722501949217,1
4.012004893358196,1.3442980918086107,7.838688408788972,-2.2805702658567166,1.0995447394395952,3.822279668450207,74.49705552416015,0.9138693828951481,-0.1999031339442361,383.7485324354941,16.45936201662557,395.02148681200765,4.065441602243836,1
-0.8400319131842778,-5.056791952154425,8.866093891721723,1.7322077325577498,7.139575921421207,6.237944842050017,87.01230156268201,1.8927247053089908,3.8122461067682067,381.3972271882102,25.748845260691176,68.85972325056129,15.763304681088613,0
2.4241567054012596,1.6141033197847532,8.79696614902003,0.13967241998358276,-1.0513183356237061,6.152968581355101,,-1.7172232629519963,9.36355412287711,384.2114886870635,21.430362913289457,396.0386390007528,14.172834846827724,0
-2.661253040029631,-3.1029241550231967,11.961041436270104,2.2855643221273905,1.7868670573760785,9.587628436810206,89.43226291029482,6.690285448534858,6.128208788962313,382.13696473557786,18.18447482976927,391.0243221674894,10.026613320805692,0
-0.48369267360289014,0.7058283347647905,7.4761887249896635,3.5265197295263384,3.7253862017328943,9.473275084933602,105.7952872453319,0.9277411872419112,2.483431671462447,381.1651984931397,18.804102756012636,395.2084407029766,16.572473830622364,0
-2.678866164731744,-4.27120330619718,9.616103415408773,0.5772633533045439,0.8140057422981487,4.8483718049229765,91.21741175391034,6.313204583215265,2.944271578462928,379.1316980092004,15.231807236378238,395.7547661145301,10.83790341279455,0
-0.8859292277016875,1.338966442629191,5.594118551696182,3.3961568652425345,7.533535357516495,5.485140568417565,85.96558005526805,2.2773551433419454,3.3208991865505597,382.9241779393841,17.60161433965849,386.7781959704396,10.83511608963027,0
2.6489444123721864,-2.4197967129221176,9.91095183413144,-7.032893681366032,-0.6141178751944301,8.466876906166906,95.90666625817937,6.721495923705319,6.083593652161989,385.70091197875115,23.948969607622097,394.25557150356,12.379331177478928,0
-4.918331269577046,-3.847903950781565,8.56932565055691,4.771356893748069,1.4922676669601411,4.473434653218966,92.31697668018091,3.315183497129256,9.01458839881596,381.9160219398634,27.595358436477174,389.70563702275297,18.087026105359968,0
1.4112009306375721,2.1414604094471983,6.310559985146448,1.1251864556770204,-1.876417234678946,7.960920455212208,56.906844783658734,5.337497988607228,8.157269038397512,391.56212607647393,23.079189539596875,388.55259648373294,7.176057638207977,1
0.8140468069968337,0.7249335650302539,9.302511913475442,3.2335300672355456,-0.5075742054298794,6.451280537892355,81.25825082084074,4.834779138265011,7.368036546327385,434.6570569609582,17.52387238413691,396.7386852854851,9.016534076892713,1
-1.6591598670903833,-1.8419304041786915,9.457472760454335,-3.6596272345245646,1.2938017311899737,3.004804266784138,98.23015954135286,4.223273198755912,2.0050657198275506,435.91299039798145,16.50412187303825,395.64464047583493,19.239057215556468,0
-4.116053563165363,4.353536547063193,9.199534611988712,-2.4923096448160074,3.0859121869231894,3.22148986136106,96.11744785390039,3.591803431548132,2.0162024580196762,434.3857290362213,14.930512559270914,399.44901075734543,12.735640026880183,0
0.35869852314160855,-1.3219572647092273,15.32402372680305,0.4378148824343224,1.5042845020707225,10.595176088093305,85.0114561583306,1.5579478516532452,7.599756063641291,437.55859492481574,23.979297698019224,387.14562929307965,11.137548504352518,0
,0.09632302191280398,9.71466199307636,-0.05111366801238905,4.324344548004207,5.458735562570104,85.47300691645886,8.20940407471858,1.9635867062013173,429.6389940495824,17.233753894406878,350.59615087643004,15.957923509318011,0
0.8296086340641119,0.8067403430358028,9.278311669467987,0.8492057640299687,0.26210406822198484,11.097062281694933,73.75549722365115,0.009289044712298189,5.323298936794187,424.3177878430241,24.14688949018751,392.1607921564511,,0
0.21653643657032864,-1.858997802385841,3.717647127169575,3.2535454827898986,-0.449505589517016,4.48009121785527,82.19791833757189,2.760322927029479,6.912451338558531,430.6616231749413,21.980558528830183,391.8846710734159,9.609591420665089,0
4.935916673962747,,7.327377944061568,-5.295660945908548,8.65895532183816,6.74561560339448,71.27528081198814,2.5221576256227864,2.587218013911934,433.67465572664264,12.577610705961181,335.648945240472,14.855198204874789,0
-0.5733068824190728,-1.6003570414941732,9.22077972663094,,1.7297129483260925,12.909030169054724,62.87057677555491,3.9665222600305645,2.9272129969234095,432.45455091524394,15.802142812722126,386.29823279031103,16.174879259494066,0
-3.001502477865595,-1.2349149666486277,23.59244197147007,0.02484572987378105,-1.5774446379356428,2.6978397660101625,77.71529013927005,0.9692820623164964,1.717636806296544,188.82641783290336,17.092864627478534,393.74788367717935,10.390953995851966,1
0.6094769048689485,4.087927919410023,29.79512278013339,-0.6113455833736432,-1.5017912867442065,0.3105565003006703,83.30956824946288,3.1416389167687635,3.5109508625721615,191.96273000800963,18.860460907682782,381.783202172306,13.607350380347423,0
0.7529800519152955,-3.1217581575372995,25.155186673811343,-4.413345703154671,-2.2470397435940215,9.8207703938617,88.5290437376562,1.5803722443911017,5.18455631124127,189.1461727233875,18.91905724065874,379.89223548865425,16.56282496747847,0
4.227942725721309,-7.238340992788471,,1.509146005130595,3.3907080675703636,3.375572683820779,94.90533562080228,-2.801457552313698,3.8211603043116558,190.39673878277307,28.08871728619443,367.6217335766727,24.9932645618847,0
2.6038237377437357,4.8328109850356835,25.835113902151104,-7.242323553093112,-0.5121318786797255,5.816880907681298,95.64529648157135,2.0349568587705393,2.2209697849765835,185.18131177444172,15.868316376575725,384.81380304467734,20.125219346888514,0
1.239633177448528,7.647983857821009,25.761683509264728,1.9451820337161378,0.9630874269694568,4.228245368645245,90.04000109784945,-1.3087959990904554,-0.23858426067114813,184.7138189323519,19.786909806993172,383.964842515435,16.47248445524652,1
4.777258673658685,-1.2158077963479954,25.383610656862494,-4.476317506418976,0.3904739766851938,6.417488342865949,,-3.445957287346703,-1.2127209875335576,192.84234176907347,20.94952322740341,358.48292250632005,25.013953074413973,0
-3.3071391629685527,-5.810514121860556,21.901388754864378,0.1603737378524221,2.818477223822804,2.841391378442773,98.02984365532957,2.198919962068155,2.467368735012557,437.3027046054412,21.19528398659241,396.42177724130823,17.60009760998164,0
-1.5938245982492432,-0.9314519285878313,27.046385009149578,-0.35750651198376127,-1.91623227865206,5.8911797363500815,96.865419080088,3.2761500260586995,5.229806754941702,435.1303124496616,21.530541733344073,398.8767317534426,19.861324842301574,0
-1.8984778242165747,-0.8586688495220076,14.931167819746346,3.508614441881651,-2.6027168584290465,6.986445979669602,95.72132133050464,3.559994126313729,5.009871119882028,435.1358165193586,18.065573317080236,403.50330941626373,15.845902903608085,0
-0.8293694094673039,-0.5697715230667711,15.885362766683965,-0.5359655070416705,1.2968919215447827,3.4330733411772143,96.27182160766827,3.8200121210590825,-2.2997059571753677,435.0526306350852,21.519458583808046,395.7861667809571,13.035500341191037,0
-2.9371184426689263,-3.340164125765545,20.26048750683166,-2.082415683436997,2.426877854099691,4.225747911062333,95.84107105095796,-3.5267670628218317,1.6429689151974909,434.8731229368625,22.734196988523117,395.7089076012638,11.680517969184114,0
2.495502840443213,1.7386834274294323,21.933583645812707,-1.519808087913609,1.6215969392929224,5.329851499204405,95.14687307649923,-1.755650783722409,7.613522654818468,433.15055659218905,22.182801752813386,383.9245853496206,10.930984952489668,1
-0.3368480912963201,,,3.8186483062639907,-1.8043611872919825,1.5355536973211654,91.8348334362052,8.390464310441011,4.2376451434124185,432.4987387933385,22.910602711736274,383.1490114684281,10.138027133251796,0
-3.4362488835079734,-4.48321685945792,23.309261594082425,1.608890907542681,2.6564545262741817,4.489317051603761,101.59262846657403,-0.795626280231108,-0.2510267393089576,436.41498686703676,25.437823701908695,261.92421268158137,21.542288562936612,0
-2.4889572436226244,2.0975901950846634,20.73726226135829,-1.156889944569484,-1.6075827812869026,6.691389619708706,100.26583510293666,3.9432230934100674,11.067463544794453,435.2212223890388,24.010899625743026,398.1037800164822,14.63694429733545,0
1.2631815423505859,6.158054945837673,24.94713107972529,-0.7093392598935403,-0.9406159343591499,4.743353175234715,96.4299961099344,-0.09391286499753781,3.913174803055706,440.32147785632986,21.41388384049231,380.04650251796824,19.978215910460598,0
2.866709703683143,0.5158809973111795,24.980586209458195,-4.701531271756341,-2.2078605741660065,5.639870521204826,98.5179391980729,2.0888182178026935,5.153001877940223,437.87922995980074,17.684724944350165,394.1409240196812,12.725870175857466,0
6.239992675075359,-1.0119754862055181,22.442173493814696,1.165422602554623,4.527475045956092,5.797294987280244,,-0.23116260682078216,5.1985742681354035,437.79595304023394,19.399984175866642,389.05519666855105,19.44348604431272,0
9.286107398021988,-0.42600964322256396,24.777972717460525,-5.279447123086397,2.5242646230820474,4.183769612703058,92.61613178607237,3.353323463858935,2.897213601519442,434.77063877733667,20.541106544247754,397.5806190540382,22.099369751396402,0
1.534128299827989,1.8457703009056838,22.707935790296386,2.2553893975063684,2.4389801270366203,8.247187697600632,96.18926255413606,2.0222223519500973,1.8172789545358174,436.63691475266006,21.95703749402434,391.1184411155861,27.141653810433773,0
-1.3399743600955925,-5.192014816521654,20.20555091965135,0.38586477747379755,4.365634263427351,9.326934374405328,100.53135949001509,0.09453067906729906,10.365024955197821,438.0830033108943,19.765001715501814,398.1921577694099,35.03599769689195,0
-3.0750888421939275,0.4931721089319067,21.673450517000013,8.160855398721768,9.30894774471617,4.009858823413654,101.88132880044749,-1.8289163590421307,8.009617608853251,405.14858721913805,11.892800402446944,397.40020550890006,29.10345164941896,0
4.900534387031508,-1.1713918483884302,19.911839367736032,-3.3004066611729175,-4.256678311730466,6.923594694433121,101.14006989714584,2.2151225924775333,7.4658116033260296,402.7183245204449,11.135403932638988,394.5091270401564,25.5543416592308,0
0.34091671406902213,5.543475038868136,19.58401954026346,-0.3079862731218988,-1.3441297426313246,4.184148533696058,94.83883453638934,-2.29225639712777,6.7288675751546325,406.2373713379726,9.746466722833407,399.501545442336,29.26489711684333,0
1.133268219460944,-0.5225182014148736,23.99886071656872,5.394863102769188,-0.9775252525235714,7.226462035115514,95.50588067382687,2.701543126362515,1.9900478289149461,403.02396792672386,13.995147888676293,163.51428554376744,25.815126822608544,0
0.3187596028205759,,12.22738361437974,3.574168920874243,-1.6814588671480784,10.325338593609763,97.86383750145112,9.3960547271107,8.83259057522082,405.378541355553,10.291003673789085,170.41853712659545,19.362194847900778,0
1.946247340750844,-3.3112220933460215,,-2.0886361547396994,-2.361749742811138,6.451978629054297,97.39475184381874,5.511310153786036,2.470602025964752,401.53044337423256,11.698422947527822,399.4209659428338,27.449760006497943,0
5.52893069236293,1.7617775004083767,,0.6719022851203432,-0.02795919216609688,-0.1342436164290426,95.87027424552619,3.6846436606824886,5.849860394451937,397.5622349002941,13.518294381467092,352.4648798380045,32.77546903481356,0
3.2051157023360335,0.9582007913736865,18.490218057293582,0.0059980692452617,-2.778811145868215,6.958986894340877,90.79617316785442,1.268878106776557,0.08183028360629319,403.80507696405556,10.692248071825698,351.1258916358959,20.502497495040526,0
1.1806954888839352,-2.6071417435943474,18.81617549070191,0.8458676021824716,1.8761271026122395,9.820591229927029,,-4.1982578810105755,-1.1225765519425588,405.1759721894399,15.83925656549609,372.77626702962584,14.161525692049002,1
-1.610641258477435,0.5321883439108213,15.058023056680856,-2.096041307954489,1.026094964285844,4.739211490005692,97.83029294217748,-2.3752591877005527,5.954873607959344,404.7260419954227,16.920669190817062,340.2122515578303,15.556184061963002,0
-3.897468834113071,3.637556510494801,16.624525903067518,,2.314085994290966,7.998904418353497,86.92808481919955,5.45857856830814,2.572702198415276,404.2665599843123,13.051718940673803,346.3891227276769,12.191593263568745,0
0.6902562727800072,-0.971375112859802,16.997474964429287,-4.794157125830141,2.3941853549147574,3.6386533765441618,94.41384750744204,-0.7460682403743395,-0.96750271389182,401.95423910213503,13.388918077169993,263.3673530430659,14.896275057144068,0
1.2525023475450385,-5.0758879475092895,26.952272276227674,1.405370355604246,2.6800205602800293,1.6723825214331782,91.7338447015796,-0.3483562944921399,6.621828508841227,400.57976124566324,16.31228931041723,321.47690111764194,15.029929656574584,0
8.838799740739649,-0.05268847943233773,24.985225843241437,2.3500620202654963,-0.24922681047164685,6.575507056497921,,1.2485485729479358,11.360242313152368,404.6551848071313,12.558014708295962,90.40181768350784,17.70145506067275,0
2.8375035644186575,-2.7072692843775377,18.344751746946052,-0.682258237931652,7.234430207901003,0.0025698377610581247,94.25876150867502,-1.4497387765396643,9.168680775740185,404.27934224859484,12.351798265208114,88.68025212721523,14.151443333589885,0
4.171798533069173,,18.4892501290796,-4.845152671754363,1.3082933494462932,6.223686961319224,93.85821698073953,-1.8030062036549088,4.2280463442029825,401.31730272746853,18.28949543455887,372.96959346647054,4.211288978180206,1
-0.15504679561745616,-0.24476330905536292,16.132388008435115,2.9655955885543874,-4.982454257874386,9.92652678793651,99.6525894700847,1.6058777816557346,5.026535920090837,406.32827256757616,17.35256321613836,354.3440408009702,6.460860182012426,1
-2.129811299251074,-5.116956648046552,13.855608760324198,1.093575113978407,-2.1361272372986524,0.7807112827611569,103.17565844842545,-0.9086883640161088,7.66311877035174,400.3514034563572,16.504650007031756,364.89584629546914,9.98375558658297,1
-1.6218902866971154,-4.846975017962034,19.229359440774427,-1.1780452931029304,-4.616508967083448,2.4115096122583064,88.69466078775946,-0.42465573933668477,8.366384059504721,401.24942986362686,17.47693386418228,333.7885958512802,5.2004638783856905,1
-0.7123181936072596,1.4462005065765757,16.58644405026792,-0.8418013405141919,0.6570038874539219,4.392903264515267,90.18066272476838,-0.3726730784410177,3.969392843522904,407.909275637025,8.768163823897911,372.7996490180897,7.154897283481166,1
8.219179197305493,-1.568156088509041,19.32544840501397,-3.502008208345517,0.23958432783999906,7.612040420867119,101.27427020125232,3.607780641503406,5.102533147173723,405.60574581320174,18.761506640379324,393.05213304539944,1.4503842668547147,1
-0.9451400376731585,-7.694233025461701,14.779382452869566,-2.076230383333713,-0.8002770936983734,7.277849643061373,,1.4656229285139282,5.901844420293609,401.92597208232695,15.876186349751226,384.4436294489204,2.6069490847841603,1
4.757827611209034,2.3545321098244054,17.294076625069223,-1.6134340390714184,6.637778337201542,10.051409145088261,90.07899092742474,1.886284096318439,6.661628960836495,403.86214212893066,17.732344152017205,388.6373284770942,11.126903635146805,1
0.2152184657389209,0.8171092658227195,20.02588128590849,3.6852624368404534,2.2519486222307323,8.964044987275091,96.49048744291942,4.074237691926649,4.600770673966199,403.4643767335715,15.861485337349087,240.25694641356273,5.86007571402597,1
4.804909038622732,-2.1416244721094517,20.67862879335181,-1.918510172662427,2.783295084339003,9.414818838205793,95.28139376308536,1.6197811753011795,4.639744264793768,394.7631584050679,14.846774474040467,373.41223352242497,0.5898194597239454,1
2.9551328983175895,,20.83241587622604,1.920640977986276,-2.1882204638263096,6.313890943031654,82.5134850756167,1.5911386946284813,9.139496989263165,400.28057815157985,13.874072362913836,227.7371436860884,10.547999330782721,1
1.8304863070257285,2.5074236889430113,15.618533047528887,-1.6149486085847393,-2.3924346739930367,7.498689330954482,97.38689617338159,3.5113510667105126,8.628562107328658,402.84746014867216,15.801433130658616,296.08162619212095,14.507489546550389,1
2.327242421593698,1.0480518676812887,22.144057190406684,0.7438426825556246,0.7154164972908642,3.8160529340598752,94.17146604127049,4.267093530672893,6.432231720308264,401.93016557032206,13.764756273286343,324.4645361867771,11.22062182191397,1
-0.7569430862881714,7.14780684805222,17.179364910194447,-0.42418650643140654,1.1240214189566775,8.446631060669837,96.03907159179259,1.9846795014741874,10.157327210068786,403.74130769449124,17.303628300195335,293.6467623681066,12.976067431152881,0
3.6521166044462414,1.260565796174812,21.47857374382192,2.61916980027823,-4.963934701343371,2.543867236922397,98.26134854153811,2.6305233268615646,3.840662713320749,406.38844693884374,9.940630066343399,350.11382532664913,15.709604236819786,0
-1.22581044102234,1.1631094237860444,4.018083970145421,-1.6044340146556735,-0.030921068548602215,8.078130981706693,91.56264846300742,0.2507293108000157,9.868920345888142,295.0353926460382,14.975272414617168,391.5548025026967,19.34353139867678,1
-3.5850372913017443,-0.5007837903256954,,-4.7175847500073225,0.5522162486205144,9.974427506356493,,0.06425087050642375,6.627546330606652,292.8270356116314,22.73446974542994,398.90359734609166,12.80614738272328,1
-3.749342722958858,2.450327601602373,3.101406886256436,-4.1458470940908985,-0.1354474973133868,6.4915938062642615,68.82361820034487,5.009342505900423,14.813078366643769,296.9745549755331,14.721758609282825,395.52708657767636,7.080730008294528,1
0.5844037531663585,1.8752556037444612,5.146091226191302,-1.595632481828272,-1.9301712370400292,6.017360823114073,32.91545296118609,4.467126187633865,1.4225542196525667,295.0201299992966,15.883948830809567,394.356947827642,3.844254139419033,1
4.8074937692313044,3.7551750256955847,5.888896141423797,-3.7471799120341585,-1.10860554576342,7.22092972492902,49.312444424919356,4.920795315249729,2.9319642433479753,295.5318094975343,13.952257199949774,394.98057527550003,15.551208210944157,1
0.5342248407203147,-1.5639687559118542,,1.230636047038654,-0.02057758071838811,-2.2695551103020195,70.32446241666747,4.160063046176567,6.256393484601643,295.1246788425408,17.607537018657474,397.561048126434,7.0134190760000665,1
-0.28949497832964766,-1.306222418831887,8.645336671803157,-1.3973044945742334,0.7824000708301433,7.766774655456384,77.45093114471358,3.0539098274448606,6.191702158936976,302.725513400033,14.391205329573417,392.8321626961052,6.117118805311764,1
0.9152784188076286,-1.4373095127359403,5.482532312959677,7.1238196500792945,2.302374747651704,6.6399380064805795,59.79898631651125,4.918235672468308,8.850416952525055,186.27788721700617,17.24316719557885,399.5054169645036,7.195043883992511,1
3.983885225120474,2.3724051635369676,1.6900376508007415,-5.213143785411396,3.7305686148526136,7.613115660829027,79.34922477910116,5.5463262830683515,0.9948759501013984,191.83499829060207,20.346599608105212,390.10372669262824,10.581897202074337,1
0.727027504091569,4.495123320890196,4.710365436410834,0.6108995361294036,-0.3950431705817494,8.263597538693482,65.8247884764415,5.331584015571943,5.714755556081653,192.98893292305482,15.703709743555553,392.39682169913544,7.735651287215206,1
-1.1417516925012117,-1.376521479447902,8.26138045556456,-3.3838590705170066,-0.8804685883460737,6.930693235305817,98.90227924239319,2.3982662521620397,6.487389014045987,190.65657252315165,20.165833357795663,391.9119762994307,5.478319875859794,1
,-1.2743211833792738,8.341453802349081,-1.4802040211480358,1.8009670206029187,3.1423794300465255,98.60550190864822,7.007978189726513,5.113943496661943,195.69947749638484,20.26668794668107,396.5105394849823,8.459680207651175,1
1.3693493153848404,0.9422316716093976,-1.2239996424674926,0.4242584200216325,2.3205347492325625,5.179791987523866,94.08095430167941,3.6732820451969634,0.11701097422703999,195.43977303615893,20.96486828415788,392.16441076992453,10.499138562120441,1
4.667737975987976,-0.7372845000387043,-0.319599333471452,-6.97611412462286,-0.8146012997766567,6.355666452242473,69.05611414480776,5.176828577697395,7.223276415762594,192.85673614453438,18.22162298475412,388.08404495968654,13.18703637227842,1
0.6057233116657184,,6.914756360201553,0.7104783503640825,2.8591804308985167,8.175801734743038,48.61548524078447,4.045463672504639,6.687974793946241,192.18797873396892,27.523777230930357,395.98131743436807,1.106831040847854,1
-3.594657095161501,38.24466812814286,0.26515684748708823,5.708722386822503,3.375756023467919,7.267758101855204,35.56763864649743,4.529620122452522,6.798753559371132,397.66412949730505,18.363601089626243,397.31548589574106,3.7292585092195667,1
-3.9786875977369953,42.519884859249316,-0.5276233998750368,-1.3603148951057786,4.31205939697602,9.67410713475566,29.86524613160328,2.359444029249041,5.613043061626862,397.6856400390566,16.174632873220478,380.2228446751186,2.8706997675590875,1
5.036483796693749,42.652750998115664,1.9814176079028594,0.7794235704165284,5.771962720159467,3.926896340897557,37.12406357681006,6.6707525150344775,5.678324030133114,397.7648809156227,12.572226757754795,397.6157283301514,6.821358613638411,1
5.2616771623498915,38.038931962841566,4.700680128423757,3.074765079376198,-2.162248415978317,7.478101368494549,18.756271165017946,15.015683184722917,4.763792623281867,397.4360026954496,14.908822622377576,375.1365053568345,4.133932114085596,1
,42.10908466689359,3.132809880166711,-0.49186050008098964,0.4786946279975336,10.608789095854723,30.611759948093976,5.35541477562975,6.922355402757925,398.7573479437772,19.4789809307001,389.14525888493927,2.744745625094782,1
,42.25453165246222,1.4883091387832237,-1.7428805655944497,0.47083308985598044,1.9741655091884143,28.146755863583866,6.692784146274844,5.093404558834933,400.2596361944836,20.328603846878806,391.4553741071455,3.024663689974878,1
4.406202876726606,59.39668603644351,0.9073626148264733,-6.827209211165257,0.10677929440247724,7.338940042340161,,4.880984206958212,-1.545574926057924,261.30921955720424,20.034987301320687,383.1438637705849,1.5891118152007113,1
-3.306747046130464,63.33889767498079,0.792988806761874,1.92297215818492,-1.5467887588304083,4.84786449408087,17.453367139158846,4.755540295314196,-2.145774934482776,261.84800830230057,17.955576920188857,383.93373211891907,5.666409653501731,1
-2.6703710568674794,79.26481804642789,-2.178528885976828,-0.3395052291866917,-4.034686009693215,6.762868846580686,36.52961204936095,10.281748434356018,1.7438912390431236,249.75444591154942,10.633019381113284,395.92922603219245,6.364160285874931,1
,76.90755883918654,8.364898631828185,-3.0380515541644852,0.6820383380870114,4.572577490356734,30.87413485933588,5.290086946817606,2.6663967276483556,331.5991922010728,14.06148545347701,395.11289017375975,3.842387877035965,1
-1.137155368578769,79.82913637635941,2.4125332135566646,0.37979013083308066,-1.9010669786437377,6.598347852898668,39.20928356149487,5.886758579900916,1.919132490694378,329.7509698795714,8.875792865841007,360.0921092656907,8.002053020099375,1
0.02231439983978611,83.14752086432405,4.180277163214216,-1.7510410704185442,0.661980442242875,12.797766843280712,36.84580771535302,2.546521528806096,2.6460313798662476,330.51580254779833,8.137586419857724,391.1577064885414,7.740321059646709,1
-0.4588286955735378,92.07212355165528,0.002767595643228704,-1.5852783933465768,-1.9791306250965603,3.1817089164683585,16.937381279549857,5.380564826373258,4.502439400638333,397.7115052849096,17.717476053731716,397.29755815748416,-1.525408256494635,1
1.0305036463968007,92.26827534823565,0.9121299684418533,1.8188734683261245,-2.895975037533024,3.6261699925635176,17.1919825216086,2.5282003211399573,1.118037222249363,407.35484436864044,18.56959834180925,382.8386525688071,6.060452369793603,1
4.25689558394115,84.17564687782267,-0.11066194411106522,-4.0151472339715335,1.1178950811306931,2.2561962895094863,40.62384530095506,8.165414097635786,6.396980505036043,346.17344727556394,17.41013129544241,398.72597551233,16.73565741123459,1
0.29352472070523666,81.8353916528076,-5.925125004757605,3.141945858221275,0.8677645804194878,12.792254859884302,18.42747880664163,14.669091665511928,1.1968675188575768,348.50461742133376,16.191408721158282,395.06504588108237,2.7419713366558387,1
1.9669163798305735,96.94245407212843,-1.4540278305435987,-4.193058489355211,2.153945913962799,6.4659808834361385,29.745219399776133,4.017963619048434,2.699719045655473,226.56315398203512,16.294757957228246,393.2284523022185,3.452624898851008,1
-6.130426303093068,94.95905962461411,-2.751856039941184,-1.9881042250657914,6.9736912992528755,7.957082818956978,35.2409791202239,0.11772620102928855,5.447158711997357,221.03906073261177,11.74604224502287,394.16134645907636,5.11082100029905,1
-0.009735205790353835,,3.840648666145178,5.768838582199732,1.3208685936325404,4.682651176681281,19.74192065609554,6.6453989932891995,-1.5095306071252184,275.361026924462,18.285069945946002,398.6554183723832,15.805998004593885,1
-2.3000008108786134,-3.1052343421219226,7.003923077105691,,1.9442453011923888,3.492731364790725,53.278625296714615,2.1741251232095293,1.6283966508312422,277.5375153238026,14.078649643096538,394.7069558045978,13.894903533302406,1
-3.404449181270884,-0.03625395236480232,14.564867038144893,0.2928119774863206,-2.743683986601976,5.077548060156694,73.47473856099168,8.25294079166062,6.943218396075499,285.5724192263941,12.589892611799414,392.7611729170724,,1
-2.4985871007862523,-0.6320700430894705,10.456691496886936,-1.8215906465036493,-3.3717223216091234,13.43873081720968,60.555367676608746,3.3931128566301663,-1.2122657871863325,277.90337422855606,20.821928129529223,388.9354496882838,16.35019651298824,1
-0.5666603221024362,-3.647672772312392,14.461691286963521,-0.5878169200996797,5.237488340320001,9.520212762922764,101.01087002818058,1.9795529327516577,7.352722590799468,281.81908345189214,16.340626818627126,397.85223134639824,30.805790435725022,0
2.9221676270680392,,11.822947730702627,1.219825943757089,-2.281439339799911,3.401186546623183,89.56857006442583,3.3432273327629405,8.533409699077405,280.61701943557586,21.217495506429163,393.6002802636177,19.137323140278394,1
-3.6033981532186923,2.0572471058239854,12.937676477145477,1.1125696970187953,-2.642832214405926,7.346722309185057,84.55039776311284,5.938330282808561,2.8916339865287553,278.1040301094836,21.92504273364012,395.75188125085725,20.51619426018475,0
0.3090844777832523,-1.0528571466539343,7.8873090140862745,0.7273872111221115,0.3717032363503411,3.312431682000871,56.41704603988531,2.970338107733031,4.87543830227893,274.03241268510794,16.74204802613041,394.87128850249456,16.875488873255843,1
-1.3119883000007355,-3.0668408449419884,12.161852862578012,-0.092497542252553,0.21842275986783494,1.0458970834613375,32.857503732556744,2.455225891618883,7.35726125455308,280.1792608324547,20.3709332836659,384.0124067949012,5.5379382459768,1
-0.6934692830858826,-0.28853681076999677,12.776142702223037,-0.6431253291153423,-2.2185195193298752,8.470532752993888,13.248130522873454,2.9910051910633846,2.5996324358694407,272.50566897505587,16.616529814159076,348.09504732086504,33.24841106780658,1
3.2062934759138124,3.384056572047908,8.860058123298922,-4.325936206920039,-0.42591965613930005,9.662278539930654,,0.1298344464973451,6.603326561578545,281.8026253710313,13.06236337611953,389.0176711526201,6.602352235916224,1
1.6599463110117783,-6.842213536115769,15.5686211118485,-0.5495322264824984,4.238127152950313,9.026156753143699,51.78450691796912,4.30319480688194,2.986553614607985,276.60001592465477,16.769928213327375,389.24839641208007,13.73273090407607,1
4.082324322328231,-4.489916069709979,15.5885632757245,2.7438721619605397,-1.867980826495393,5.232404252341282,87.99838904301231,-1.9390797815347307,3.567193120000462,268.04932935810547,14.987378360852716,391.2265999919061,7.116659994024456,1
-0.3528270377497014,-2.7686593256858028,12.241342136609752,-3.105002892653353,-3.631017453098515,5.450672797994041,92.68888817101667,1.556935636903454,2.601990607025079,274.9784817149045,15.079732968238604,396.7321890178187,16.28065582735603,1
-1.9735778350121091,4.383536600160987,,0.43133346538216444,3.3777808626993764,8.62229666097437,93.42601037226306,5.641455626492229,6.027941597584411,277.9618434627688,22.326029353536576,399.04724997731034,14.958451937581485,1
-0.3134864506414985,0.8477609487578895,2.6476150043051834,-1.4592617863125321,1.9838907358141102,8.125488112044321,86.55762171456145,3.7708448487981503,11.473907157696647,306.2889283808807,12.822429051801983,393.3079784147757,10.020371494681093,1
1.1352003738136647,2.3019517213836806,6.459516625764386,1.3340512881943338,-1.3545558619459848,4.983087586108867,96.23290513070107,4.818961718959171,7.447661203648507,309.1450174329807,18.548613406114413,392.5037644694306,19.78239257882284,1
1.153280075361133,-3.4204827573786916,7.181029606367945,-0.1658995432004544,-4.239501048380754,2.0217845396455054,75.07030552745042,3.0769629818435726,4.186252520262791,304.4499274968631,14.415578288565744,388.20605854390766,6.494316087339831,1
-2.6384642167000996,-3.3586076258115787,3.8224225086262567,4.432180994924007,-1.7268700693156895,6.959625582426037,79.78771073768148,6.781338542956551,4.751879533139553,303.0820528816372,20.12478422780197,401.02424604969195,1.9848955408016904,1
0.5867993448836226,1.3434411501681311,6.279756023978296,1.5197494625707613,0.3398866894521861,11.50302891770834,78.62234610809195,5.668497590309376,9.183798264111621,306.7856637908572,18.295293708525197,388.42983104588757,0.38615809943193957,1
1.2116149904167153,0.17482299280633967,7.911611108415457,-3.935409497331634,4.001016269651457,5.132235132897528,79.72345301873912,4.232823012743024,13.532349240182807,307.09469700186975,18.538033047541838,382.0844497306726,4.965877724333134,1
7.9345621126017605,1.6462164565923798,8.054572143995902,2.013684034841096,-2.605745924608971,9.95627814502793,87.49155858576279,5.998337331940629,9.181174997943192,305.95484694681306,14.56533114719322,386.0524206033835,,1
6.04291383384501,-0.5630129727853563,10.855640360367467,-2.323955568786189,0.2504403554655797,8.157625085401078,84.73573143240247,5.466970663210731,6.839310348046242,310.68187343992656,15.103236260135027,375.45479850711394,4.678945522733397,1
-2.26154005167646,0.834431179363881,10.03094249659413,-1.7309891141326008,2.529433979684694,9.936444789697001,15.528613517918869,2.0567094599593294,10.298551900550851,304.4493778745828,20.181751522037658,374.5300186198259,,1
,0.4743572547153275,3.196125701730368,0.9414570603213654,-6.639802020365762,9.167926499157021,22.585428457095176,-0.6565967350740007,7.281504093239761,307.93949682199707,22.712393165182686,381.51609119417253,1.6074987333153192,1
-3.8533260055110095,2.333302167254776,11.250758628614069,-1.4752422591904042,3.6053585038166993,3.8976042742239407,59.85169384188433,4.932586377527872,6.865144347907381,307.20390991349086,18.84092345167256,385.16797697268004,10.935964831360362,1
-1.3091610418904593,2.421024845833412,4.607070486332856,2.678567448968866,-3.0433517166193123,2.5611217995051616,76.78321239854549,5.309767692494286,5.124622682914209,302.3298521435917,14.7077378376857,376.75606704675437,2.011269838988244,1
1.5221050107710214,-4.85961598317531,9.334618437363282,-2.323530184540186,1.5029864803708037,6.736441422951362,72.36087314222138,7.109815973415696,12.225346532739067,303.04290944899446,18.4168155673862,383.5831715622152,5.442285203703568,1
3.9490308626647006,-6.741805666022566,6.403959878153267,-1.8568396577740898,1.2470494488322323,10.91438195258102,,0.8429361748641195,0.382376247513009,307.0357330487459,24.68241613301283,380.1811061080146,10.242531842133705,1
-1.7393415132308256,3.0052361929545217,4.963551864629098,-0.9691126806443267,3.7607591743915347,5.099988289422087,69.74435140888559,0.93260682216851,10.393577600837808,312.94359999606087,17.707268432156734,358.78997384295394,2.7645491171914074,1
-1.6319893202033895,3.56317527978581,0.7769094206752021,-1.6969162450651167,2.159773142680621,4.003870028427075,60.52126895512851,5.031600798923311,6.608765186607389,308.7378094356964,21.785522578180796,372.56765246873977,9.841513794095906,1
,-3.0618690585400126,5.685306469350955,4.297574666643438,-6.624871475189943,1.1669489742260852,75.96756753871924,3.9344990334407397,6.768977805645162,301.8230955245661,15.179011902483863,390.5531080806163,13.334339541150104,1
0.023832238365277036,-5.579506219636886,1.5218502940831735,1.8863888808309093,-1.8473377414679741,12.615942663652817,70.46842137563279,-1.5092848317133845,13.076945468353436,297.668535804642,17.27374184509084,393.42350320164917,0.3891634357231961,1
-3.1048032355786894,,7.8318977075283165,5.129831862036213,0.8426153880598402,8.95814092427593,12.74955238470477,7.315224491262573,3.857606723399846,302.19916077901314,18.45869561837663,378.4772799837823,8.06005172091326,1
-1.4957982820982214,32.792514679051585,9.480377971417743,6.802932611697764,-0.1569396583593609,8.915687943824294,38.804040679769116,0.6326312550331359,3.9597925379147694,299.7113595512154,17.791984924788594,382.64829297771115,11.034416600622713,1
-2.5172923345027645,35.39278356730294,2.539267032109929,,1.8608321892703112,9.80017616033842,57.18328045836065,3.5003303443798712,5.608817283241409,303.4237979085311,14.30083395966652,388.3653038266345,11.614686443070513,1
,31.54889271630435,5.835912227557813,0.21125738198186667,2.7960996670091163,7.825125084630205,58.77014805936008,10.391144118580321,7.241542157436715,297.35784623786566,14.171447628608203,394.1701931985973,14.050789212820398,0
-5.170285174069894,28.884849910242917,2.7538254339760737,-3.528600949930299,2.253355209289037,5.625013434461413,50.601053951152885,12.510137053421346,4.674432653121392,301.05063749357555,19.564853209307977,371.06289485123045,16.502707158382822,1
-4.273565736172971,27.32060813524541,3.0445458095896307,-2.3328177832448014,-0.21482482766339567,5.901707687633395,6.600839831130708,3.3885308945841146,1.2784232083923435,302.5385203890836,20.174652437950435,371.67690193989023,11.03527966230344,1
6.593821336084894,22.034353875011963,8.183484111596115,-1.8902475307670081,-5.108011033361441,4.310306906223626,81.7308656018747,6.966725387761917,4.402905457354704,328.65760908538056,23.636430674365762,378.16650649119885,12.314098360896551,0
-3.670937743822093,21.10220588834423,,,-0.9354437465644518,13.509222263245,72.50581129648911,8.082767569236118,10.844001569393559,328.7217432893068,24.511791449758604,390.5294784502485,16.862866452102303,0
-2.950526735363919,18.95479628281355,11.078944125793036,-3.1556618186952408,1.6801044444168656,7.7757360938983275,33.2284884188407,13.399180782744704,7.224330367406535,330.0757884932952,19.50385830896779,391.89718532408807,6.400059666778911,1
5.707310584963943,28.146266952589862,4.4133025638912375,-0.43285313556076455,-2.8403417576514327,4.8345986759456965,83.11354109134666,6.576893156526795,8.353261851111466,331.628029039681,18.166402267305223,378.79019870679724,13.080892451286138,0
8.87959150772122,27.355505206216392,8.858008997423468,-3.650155255159221,2.324824190364729,7.829490322498839,46.878452538496646,6.395847930900166,6.215736378480887,329.9569979864643,23.152972816335406,377.02310865027937,5.404673326627095,1
-3.3239698864760254,25.408146050666286,6.152240238873346,2.5263808774128984,3.1561798918019135,3.6853932464310475,20.527299411202016,12.472676675388586,5.021506911480191,332.92198901327845,21.239207845554763,392.5006701416099,5.802277886026393,1
-0.9644468703640917,19.237448806572615,8.2473340292327,-2.7532606122525425,0.8116009288875277,11.000520155767681,8.923368262230953,6.272332541845226,12.032708349626233,328.61419443219893,16.152634223997225,397.0976578689144,6.208069312863398,1
1.2387566528215288,24.565057972891836,4.51852702801016,8.428706910289176,-8.760339598937188,4.45479271257858,12.119773495367472,9.563305126899373,6.435424428846758,326.01481438361066,15.999093003443267,376.262908547218,2.0809924618437363,1
5.268302933216777,23.918879228493704,5.711323487345252,-1.3541533528931855,-3.4032650881354103,8.460256297867398,5.581599063587043,4.475271104662719,5.669890361418619,335.93092610433956,20.575790604068928,387.40539087432995,4.369460795057371,1
-2.5916312352847126,23.32763687261216,5.513503362103196,0.21605292575115664,6.089567475668245,11.456932889229403,5.314487277176191,8.393001767723023,10.28842709906602,328.1860987903727,18.568176015548,397.92507265787447,11.233539954878275,1
-0.6876435378263293,83.74899580113133,1.1318286554626389,,-1.2476133790851343,7.262305632614978,31.348569160771056,4.241509485020786,-1.1670810766021558,313.2946737488468,16.320710135777905,391.7420192174074,6.205204228960373,1
2.367492728185232,81.90611342858384,5.626244603745258,5.118275274382918,-5.560429669386988,6.159409975458915,19.932032539160645,6.053998657132887,-0.7841820313219903,314.80259003678344,19.617600094130584,391.1921038312346,7.943783117717831,0
1.3196782233998559,92.22004270891301,5.700747016735093,3.3585020424087486,4.0997421649308174,7.486406254568045,32.715754708422864,8.85370406545679,3.030740052050694,244.20154332896195,18.17711143495511,386.7787111708965,6.155995473145558,1
-0.5169282136902977,21.91071885011663,5.7506640847167,0.8907476122083375,0.6870667746310186,8.53467670933868,88.56186051798598,1.651283826739862,5.000810312264539,262.83994907253515,16.989619745255297,389.0871915365781,5.838750932436566,1
0.2620411064518766,21.022374224006317,8.580896961752934,-4.040407646338696,3.961821466873176,5.602904533217494,98.2510183490078,0.9372827783410762,5.778834043709643,263.947698309153,7.205391680879901,377.61888325687374,12.108007313634129,1
-3.4680374251099453,14.64916661085745,8.31803440370891,0.6320006331738608,1.4778760256580958,5.493549710690887,101.86111718179407,-0.23554887194275276,11.275007268186464,263.88071330571546,13.760193751663602,393.45298530666616,7.394062859459155,1
-0.17441123192399577,20.250863232231673,2.845165930452594,-3.3642931380517647,2.0226774086365067,11.641771120952805,83.1266661861098,1.4501317802761515,6.008744739057112,264.5244579810624,15.08406556719162,395.6960263367283,8.8447303760869,1
-0.2650424700268653,18.331424123452624,5.089156955302535,4.387065790420082,1.7360277431435498,7.1943901019445295,89.2172308358762,3.0431395013020808,-2.134161888252401,256.92753762303806,8.420242429936948,395.95506942562685,1.908825335716334,1
,16.16047712707994,2.099197932225362,2.4275841955595183,2.7394649357630003,6.0406111918516805,90.17585306290215,5.237248619385285,5.9788968302946826,269.6426289210236,11.035313076070084,385.68640749003805,1.0507959185647797,1
-0.8407216564570482,25.045449857902472,4.040065948343667,0.28631711546320837,7.479291345668296,5.778107209415474,94.9546223872958,-5.796640052290407,5.113639983468796,263.5581350593963,10.478544513013244,391.8038643103528,5.742903928718692,1
1.9646855676354171,25.18698602265711,2.170751652643406,-7.3091269897419675,3.560019007877564,10.50711204209167,93.25076122910109,-0.5651835227884292,5.130350073054373,265.741867858341,13.065094513179748,384.56173690868224,9.238017498852718,1
3.799767453459485,24.077661800886837,8.830210927408153,-2.950247935977092,-4.094017953536604,7.586819899493435,68.98539745819483,2.4637887265670173,5.737841928188512,259.86569597539795,17.883561906082193,393.025925719461,6.363251560397621,1
1.2519879830053982,,5.061094451028889,2.063283394799617,1.9869845458367104,8.694987534696772,87.41826126539453,1.8363106521131423,4.913965136975602,262.58699921625225,19.067768213994704,384.67695454167506,18.556732097758147,1
1.6336092251976102,24.05187536285797,3.3159126156867336,3.6386510751694674,3.999442304309653,7.524436403270626,69.92796984944752,3.631728727580175,4.842163720833833,261.9830524010388,10.557137340780153,382.10611099563977,7.5307396945678615,1
0.6999660427336021,20.03615954180548,7.550855715569131,3.3275094344763945,4.183102419608438,9.190087410518835,61.86553658458085,3.6746208583796616,6.839132629312358,268.4091712935256,14.579671751480722,389.7752103539885,2.4274392426949936,1
0.09090317927424253,20.60839183069334,0.44815377061376527,-3.776039006724366,-0.8158149491772986,3.989316625148056,63.047875430303534,3.002896411019778,1.373757608416497,221.24255917949236,20.276393556426946,385.4040029993319,11.118434774386987,0
-1.865514100628542,16.719585888614052,0.9176922154041307,0.9046569204387123,3.958833335564383,5.077157905962676,43.55393053393511,2.848440412038469,0.15694099308247322,225.27423996082027,19.762877314544244,391.42913024349974,14.86677624481062,0
1.111592785019924,21.19097391349652,9.347515965659323,3.0465456494487886,3.2472271986536154,9.149413462175236,18.412045222964963,3.6924955307934977,12.071344357867174,221.0487386419804,19.796938904217704,394.58796222098346,,1
-0.17725979524046842,20.18115778527325,7.141405344352104,-4.9750066967467355,8.18155231090919,9.160833036757193,55.67310206723524,7.363727049468228,0.8524276686562997,221.64214318103816,19.511227507353986,394.85603094576106,4.773865987790359,1
6.501384926791784,16.092043649496606,7.711338900782282,0.976286453880291,-1.7860052087455345,4.74527046214759,50.46829509074373,2.170476201282857,3.3004287373802295,222.26334950439795,23.66271036241926,386.48991973610663,10.145049761816047,1
4.776504707425728,39.84640866455021,2.430811690044354,1.8215271949253689,-1.0752017292012757,4.191420641274273,31.381492199922995,3.8891798305681338,-0.48698075262610185,257.8515353804879,20.907399543104173,395.15293920161525,4.593863482325068,1
1.2535796576695022,39.760811308429574,6.340298867448902,-0.9022937545402048,-0.4713571453798618,7.180106458440229,44.74284193165868,4.817326641995263,4.349405245154266,248.33044202290964,14.419538307205201,396.0612265394474,2.275211715255183,1
-2.1844816290843023,45.39268349993392,12.420528231204026,-4.556485566203605,-1.0236664501163257,12.44539712400853,48.4774763133364,9.468252789623374,1.2003233479319948,250.0530093341767,19.98716324264165,389.2161274591175,7.974298954201149,1
-3.275964415950254,42.68263998554023,8.882598859387588,0.02290566977881392,-2.223062249290809,1.079304506593017,28.01467027642291,3.9618752252910605,2.672581171449967,248.15808450293054,20.27712012353436,394.8891975465675,,1
3.6532088592665954,40.034336317274395,6.919119635428436,-0.981916290765072,-7.84102651702123,7.316998818711513,35.3623638604454,7.0167199680328824,7.135193997313372,250.73749364071566,18.54490186145537,401.2172252504586,8.33903945135505,1
0.9986276754414155,20.74636192940325,2.012838269685187,-0.4442172136432626,-0.8611984211694022,2.683870005280556,34.78945221611242,7.796638209795066,6.416028705134221,213.56519984642367,18.29427311150819,399.09813282830805,2.3994562928736345,1
1.4762102101748324,20.132637134312596,2.1462814443918186,-1.6904142762752086,1.5509741790997134,5.917007019423364,64.01483699087626,4.503437205028055,6.705228573724457,211.15655623772884,15.464222102897113,390.19649362943875,9.971195826731867,1
-5.196707960922578,19.391258045613355,-3.0575936676000524,-1.329036459724402,-1.036765536517732,5.8747147458072755,,4.612543062769713,-0.3136145151755887,213.797556760156,15.501403163228753,396.56831232982944,2.8511400969713248,1
2.8436054446745422,16.75271840783514,4.1029212627634815,0.8808811529590663,6.249043550587329,6.383474969689327,53.10582419495957,4.224738983855351,10.510685509487038,209.95585655719975,15.26372163403113,378.7791236445681,7.6780489808499315,1
1.3782710146430888,89.54684436717922,3.7464493254455618,2.327363814909133,0.44112743814758776,6.321612181022375,27.1216735427296,5.1175305972722525,-2.575643932825625,194.94603382869695,7.545267742600993,395.409878413143,2.5933934520865707,1
-3.322232053243434,87.76170523004247,-1.7568579815118448,-0.9132802885700015,4.273087165552407,7.109621181129111,15.981229545113854,9.870019581730498,5.585682442881595,288.60126119973063,15.058804818282379,397.7473357187652,10.271291346964887,1
-1.4036144223498468,51.24905338323056,0.265749323079552,-1.2289467851040057,1.173261238189905,4.847233300108265,30.960538183275155,8.000329931766542,4.064631597944459,301.2107642108433,13.295248276636288,397.939027857885,10.432670497078409,1
0.8108016130695588,81.5336654436426,-1.7123938967002663,0.2770621147633742,2.8642219296797737,1.8426278454375424,,9.795069127509608,2.7319982253540402,241.56240301651758,14.640656065422327,343.5456975138981,16.370555265450136,0
0.19611039506873088,53.673793979799704,2.4239464155737096,-5.7627477776855445,1.2427246618006869,8.54860883756833,33.636489151363094,3.941529468860495,3.4350456572748556,289.99166433116267,20.90205485421857,392.53611720889165,4.618128878507566,1
,47.139877465895765,5.480444880465701,1.4311053816793742,4.5113538957106885,8.573616501446642,48.330304484819315,4.414729767874296,6.454769534458569,288.3917451228658,18.112622555603373,394.37561954071606,10.826906203836586,1
-0.2674948041978826,52.13194608751462,-0.9332064649654228,-0.0016892913688764245,0.5728180503972022,9.094522930068006,23.75171800352642,13.74754047433094,4.587235768065421,289.58253177339714,16.510506757166358,370.89543768790855,15.049319552734321,1
-0.7209121346206561,82.98710415769978,6.792811315071193,0.11908057979268548,1.8993621242663572,2.238796511207754,29.655742594076568,4.583222824133931,4.087118714515875,244.87037051931196,17.50558994669272,399.23886306220766,2.553921062274429,1
0.5365475363074057,83.17767121668896,7.211565209801047,2.882202922783392,1.509998800950131,8.044754457752452,27.89241040713446,2.792384013264919,3.2503832227433205,247.60453033918,20.08850875388622,396.8359607427883,3.6641182014263673,1
4.450625918979472,83.07751052865572,,-5.8584465901447444,-0.4538563743819564,8.65793656742077,21.378444935458315,9.409997496767891,-2.115831519717225,247.70710225140596,22.174308279952538,400.3106059003517,3.129660072559538,1
-7.617325322793893,0.1167396207043794,6.477874470046375,-5.921501609576891,1.6519469567740304,3.0333937946812446,17.616206826876237,6.348125646050656,7.365352452953764,290.89183708744997,13.519102469359177,400.84570988623284,7.5406912434447,1
-0.6285607935290527,-2.535135983907453,10.93074412199283,,7.140158738593047,6.036519744546387,42.35697355992032,7.237164750593564,3.7566785303519166,286.78732940779616,15.98551488317017,400.4975114060316,15.534268396797472,1
0.6588572641173409,-3.251096482074182,17.61870580230809,-0.021350565385547318,-0.3741908262863261,6.329200064068902,30.99596224994423,5.546258774155399,2.5455988014932887,289.073649497212,18.604199496553516,400.5166216934408,3.257296421609387,1
0.9417019690612984,1.0338147142510725,5.5860171578142825,0.5105308295757967,1.695394678559745,12.075451975704791,45.34328128666959,5.004380728269587,2.319018301510697,288.03597240988825,10.19199661274761,389.73901828602385,4.563643534447683,1
-0.9747137439638696,1.137840103095489,,-1.3863812255173367,4.210336852608329,11.563488111037719,56.80754999521171,5.811240882508129,5.075378729100304,288.39643070951576,15.827290712783787,398.3479064983673,20.67270280924313,0
-5.205505347435748,73.8619933348152,-1.3000023354017767,1.9930610227197936,3.8207598428328406,1.3519308200093976,20.268616959267458,3.6795854891041193,2.3187309851165834,364.11138369087945,13.512125888357385,366.41741287713376,6.843645277665087,1
1.0395964511423288,73.29993895102625,4.65371090475451,2.79791652897336,0.4351492531580958,14.522781017183968,9.155890024282897,7.564017771740307,-1.7655266754221302,352.71399928898916,14.398510426734898,366.6328010059224,11.101110747127573,1
5.226220642492556,69.60331403040648,0.2146581435696162,1.451946881854581,-6.750166108872085,4.125322836540029,46.65952861346524,8.715899231127851,6.221389409624829,357.2959695522332,13.295114330884292,389.99758660383253,4.71868408652244,1
-4.566214214748412,,7.301862062206834,-0.7824853752137494,1.9831084559453986,9.532019882982278,41.86397411241376,11.043089701531262,8.557308993870464,332.6352467215885,16.512873815621887,399.72421089688174,9.878843411712708,1
,33.042680208967305,7.786381257507279,-6.323068162843208,-6.225422775869158,9.406493942591194,15.163128438854097,5.749697195015647,6.401104525967101,324.6023255148994,21.870881661268157,384.9922260303554,6.687969168684587,1
-0.8855756693686817,,11.59867751919006,2.307708624111384,4.842811692823693,3.99492931947458,12.815873358146366,-1.5108311266309151,3.556291374429973,327.06875772420125,15.128232578214348,396.4834281148177,5.289903505943088,1
-0.1288230374865419,32.39375026383179,1.5711741689738896,3.6651859986527784,0.9804216135797816,8.715803381517297,40.055490627489974,3.740043701646136,7.266806622667856,220.4128845072971,19.27513302728232,394.2116904358043,1.607709908147088,1
-3.1039055321118467,31.266317675767034,,1.93367523595194,3.471022059615967,6.293398767201808,60.39234321650537,11.58851239932492,2.606402895059234,221.33013083383804,24.384239255227335,400.70340826077876,10.984863669965025,1
-0.92833851706763,33.758654444909695,-2.275166437382308,-2.63892728210252,-2.2343334145431535,9.082990013897172,76.96265911845992,5.6982987049551195,3.918308209937022,217.21212852118134,16.749953264882333,397.4325636765511,7.440422250477014,1
3.9494537840968755,31.48812677576817,5.751240689881232,2.0213831810032734,-4.185522419900163,7.541016907141877,72.64638471728422,0.7500331685742343,4.747906190487516,223.7858581810141,23.844026046786908,396.96744088846117,7.357336012602244,1
2.2409457259631207,-1.884198251176122,7.618473455785907,2.5815891238843363,1.3262631524235016,10.224018456110741,78.09520872039346,5.09081954329167,6.531817212674668,305.99886184753944,18.41596901988132,393.0618297362355,3.368907026201006,1
5.546334816229833,0.9343585029103187,8.217737507736764,4.676448743397257,0.4431896801315741,6.1981986294381874,76.00289828186969,0.8764597253307791,2.9121671486892486,305.52512597505387,23.745688677594778,399.5716882208783,7.285738037895702,0
6.167715666933081,-1.2059777403876144,9.833256615452369,-2.628329772683873,-0.9306224784714971,4.469377791721066,38.56990314324459,-1.5420225586405722,2.656400764670618,301.38887897712675,20.650603374838955,348.94362461317854,14.823138736098283,0
2.1076700367887287,0.7323131669350564,5.211346963980452,-0.6793637536324154,0.7979838421982913,9.41019269917154,53.33277335077077,1.5951919102977832,9.86407754623374,304.2595323723619,19.321325087747265,394.9588570817738,2.4667300428897807,1
5.493493578503376,0.8196120685563681,10.586310086786813,2.2418161534303653,8.84630767609678,7.76418789457581,92.01791365882863,3.1085793177165835,5.057387491566142,301.30167928129276,18.20310795434024,400.1436916912877,13.25568773614773,0
1.5863594762148963,-3.418287003274724,12.802398818775032,0.17223021431447336,3.047576642107173,8.461440182962663,80.04885316061771,-2.3536665073001877,5.016983531424478,303.00221001768546,16.527875680362367,396.86466800638783,14.123354184428372,1
2.853164530391177,-1.4437233715962365,10.778801470491874,-3.351982806153824,3.6924958175899567,4.57323998322421,87.49482926265223,0.15482212838409248,2.8908977643736753,310.46040378151264,18.627374649893056,399.086154101632,13.736564465932894,1
-0.6361528606041251,4.313330819749387,5.133307307463825,1.243848855080109,3.0758106746600666,2.569211655804578,78.9609684893284,3.976006689547064,2.210884997089667,304.2870861327888,21.092084377060072,395.33342659783506,6.984616171988041,0
0.5179074475776144,-3.486238538202861,9.528572117011022,1.7359849014455,4.982386431556579,4.2108335702418955,,2.7740804720331376,-2.5592193200514517,300.4374202720385,18.360665707009986,390.54707240408425,16.719785818970088,0
-1.8470514699008305,-6.3499633469115935,12.126086708938473,0.263888688993006,-0.026215018702234638,3.919535842958234,69.28284550016163,5.216133813438272,6.906221595770675,304.54100602199173,17.450131584814425,396.7204368069124,17.204352221666014,0
3.370771803784559,-5.585535459727534,4.266033702102277,0.6587547815398325,-5.62028392302588,8.740597805958743,66.16452939827131,-0.11150498192568437,5.344929117269137,299.9446122218101,17.64765239746668,397.55755454201716,10.14915423395695,1
-3.0594408693445967,0.0873298397300076,6.675701958546858,-0.7761177050571905,-0.02175839901802934,9.040952150882156,50.68854695977998,6.144241245659902,3.46250202035976,300.40296882245497,21.37742984074916,400.8906940054827,8.531782845152737,0
2.514651027252984,0.09275183409809673,10.00963081224456,4.434836807148178,2.9282071299895054,5.960609131402799,50.43561409726667,0.9891227088194148,4.5883198944912325,283.8766305921536,23.27548436529957,398.0044396655952,8.355947854420474,1
-0.39036317251547836,-0.3528325662753628,8.19028630259186,-2.70207655113803,-2.416401185345221,10.668757056473058,52.72675532108687,9.46860290581289,7.208432786783165,285.66707164341295,17.59854845869489,402.82467325607206,6.839949314651102,1
3.864881280401958,3.6425694867855047,8.61591474638026,-1.7619622882913366,-0.03609785146799105,10.146408181295389,46.84124647549767,-0.42617485313494985,0.33586978076044094,289.8109069867676,17.59423642765753,399.59158325409913,13.442976225811346,0
2.5365269661937795,-8.018503299308813,12.958484422869933,0.03295654058257686,-1.5823092290069396,6.438196749201618,74.79683645069795,1.443437188849762,3.2303560053385834,288.73519459405054,20.738076759001338,390.42560181765674,10.98031389214766,0
5.803028472940405,1.1878016232924709,8.785658335518608,2.636862083102678,4.999087755529391,3.94932468537088,39.9321637038642,5.9732124090954875,1.5910914113224086,288.56898598474197,24.182596194271767,399.3861342183869,9.624010155979773,1
2.3841840734159345,4.684314605410719,9.353664031299537,-4.49211951028361,2.741371046219691,11.15712994830662,7.922358367267165,10.408599754492915,10.314527847460239,283.70322630322835,23.03797092493768,398.79782083612633,1.2787347906100734,1
-4.412650766959723,-3.383342294675142,15.512236581654978,-3.9308902492963176,2.447621861931877,6.128947946914775,29.546523907905268,6.361029108348512,7.626966595559902,285.37605693369306,15.844443363460266,402.894866950024,3.0659721063104755,1
0.04017048130539749,-1.1394195353696852,6.7385863257285274,-6.113185523204153,2.3578039393629138,6.461495589292924,40.91502760763292,7.104473760547173,-1.6080779234060927,287.81600332064954,18.807772090024415,400.4606740337972,14.95498587942847,1
-3.4498515777844476,-2.2586757516858627,0.846351709144515,0.09808567575981236,0.3482522423436192,4.849184923180294,27.257066877571546,5.267210705019175,-0.5412848799199264,428.11504004383477,14.108189335931462,382.517023360974,13.221192341822125,0
-1.487599527098824,-2.683038138232586,4.523389194741398,-3.354917451619632,1.0526688475825106,3.6636290211084077,13.354446256814004,2.13540463765442,3.602962979927541,429.1649006790967,16.097462434254226,374.5599202378322,4.467821821776823,1
4.579125299830165,,4.556973088166685,-1.1536503300537502,-3.0955537415969525,1.738081709054125,32.290019615592826,4.403184955281862,2.582679363782726,431.32407607758984,21.71322998810606,370.29820851068416,9.162232219451734,0
1.962831432693088,39.28245585105351,4.479853824161375,1.984134569675124,-6.121425936251703,7.604604970671865,27.55051001334048,3.0049708400561697,-2.9731466242306652,302.9536819563961,12.632198053650948,399.04192348581313,8.285262479412765,0
-2.0621312857362386,,2.962808941335457,-1.9246281623485397,0.8881433910350722,3.6807968383101386,24.209305654850994,2.804570096669385,6.834286712951468,304.67817876730606,12.043404120159428,363.55130736664336,7.286340521083562,0
-2.990322099321197,-1.0078176751204433,12.119533266270235,0.6938460682300938,1.486970768816433,15.49459368699047,38.474091832954045,7.663646757959239,5.937619741947738,228.7781853680587,17.71433753969919,391.0735956156064,8.190768356872377,1
0.13572627862878237,5.715180642193411,6.170530411164069,-0.8980137232551662,4.142793705276133,3.0517792521625626,37.73450747493564,3.088866053736115,6.4244489685892745,223.484423603039,21.061931807727976,389.55419356295124,5.4451245025915656,0
-3.610070448143383,0.10672943095387459,2.9931438557937735,2.0163429452893107,5.229007448247103,2.26485257505589,29.891183057867266,6.943962020170083,2.9239551523033587,227.53801342915762,22.06226446192227,395.9163268121063,7.262895882168591,0
-1.9791508321897433,5.261073080103243,7.937790906838796,1.4253842020440264,5.22499545499684,7.3994161468403234,41.868376109616904,1.3256317433367064,7.166822441534007,225.67811020192207,21.5123453045846,396.41359648006824,6.410613805111845,0
0.9664384146537317,-0.2798959489604753,4.862564545315997,-2.07580108852383,-2.479070779881633,10.482940436901885,57.84833918272334,6.504149060350264,3.8587017170539646,219.5982740195397,23.72705620969305,395.2162779557366,8.614924759125223,0
3.4989961083200884,0.3931734781384329,4.431355661046506,-0.505955260201358,-0.5417951048493078,6.252768970829665,37.27516034821124,3.3461522931111123,4.149970478877502,220.69358891220944,14.910743217298212,401.29429998871944,13.784332748643015,0
1.8812544166733192,1.0964234179285037,6.87681861574348,3.131230193161483,1.9560028876441389,7.701727260561823,43.575256158402645,9.032046600951933,6.833005879475779,221.49921235079032,23.76500961507681,396.1808586644076,9.9587746751514,0
-6.8123585257943,9.536561038102606,1.3143531953049306,1.180130610762291,8.110714033226532,0.4373577476238708,60.3756357917384,5.783356686737195,0.11300730481910115,221.43549524920164,19.263714039861124,397.05783622773413,6.283076700048205,0
0.9261101870907793,37.55385672453437,2.577881611751517,-4.190886173253395,4.882297611141748,5.2084653629246995,48.462337242364946,10.745248678982424,5.791083579552948,283.7291307616796,17.694482929414605,392.1438670187805,4.545684150246025,1
0.24108071969773376,-2.121793589854391,7.628864423195256,1.966854183514148,3.8761914859951405,3.319152812587299,56.80496182566147,3.999959850724422,1.5471676441716273,423.84393214424546,11.929723719710388,392.10989319941945,3.8577171365003142,0
1.2671008561180792,57.90699361082758,5.178532986591932,-3.2538318673087145,-0.6793638666478716,1.0108624501563561,55.56571112103627,5.900530020732502,8.842832626341274,373.76547525011415,17.61487009102721,401.0000375361548,4.137520923579363,1
4.879119044953622,53.914502388746975,,4.237539209883018,-2.165598893465374,7.2249407020716605,28.777579508949657,3.522138525651165,1.7737407301435448,370.92452526617524,18.308812311767042,392.8434935378703,8.69101921713936,1
-6.158584830414228,-1.4692505487036274,2.868684158715274,3.072296519523075,2.8087236501497186,-0.7144828648313002,49.474654156473754,6.772784271766746,0.2305046279154208,350.6629613318404,22.267253112495254,386.25009357408715,10.102552726840184,0
-1.7116902755733168,2.7258040796763336,3.158980079964672,0.8696564277552024,-2.85998379270308,1.9314121017376538,57.93513739597938,7.227287331766113,-0.4857006647994364,345.75327626911036,14.044236132176705,366.33306284983775,18.342190528303618,0
1.7914189683800639,85.09325676331346,3.388111965856657,0.4716985303085802,-0.28630905294090786,4.904418617959745,25.693271979989742,6.357725337938582,4.750893017994517,351.211768726252,17.99225764560471,391.9693490334899,6.073956484511832,1
-4.729773198361826,80.83572774353541,0.8765804017251839,-0.62709676808226,0.09066615299423209,4.141142492146771,29.4795640152288,4.697491423462914,4.197949905754738,280.077310581085,13.744294126573571,392.5240560390836,5.882063911425512,1
4.456837144160527,40.04195566559588,3.9989343232237005,2.035571854200084,5.207736267368424,8.128225506621202,35.77837184045828,4.551548029042041,-0.3932354576935415,335.54878626061685,21.216488132624825,390.7918954574977,,1
1.1671798381019753,,-3.9496273096269494,-1.1123345083861849,-0.6350919088790326,7.40674057570744,44.329731122397554,1.7728556528778086,-2.0422075786558382,341.31872089311,22.03164960936838,397.0747931617544,,1
2.619251957530212,61.27489769230845,4.276000151236402,0.7067096119196816,-6.906748915717847,9.26039623780637,34.39814556203404,7.541260609489626,0.20021119080747285,414.7217896385792,22.161510727524263,371.19326107683133,6.104817970960725,1
-1.6403909845653837,54.18909920188376,0.5509404245723166,2.615803099558353,1.924333942987405,8.141151198138035,13.852228470967269,12.592781690015533,3.854548298588032,413.35518275474993,16.694911637074878,393.6857668501809,7.643040535817145,0
2.4583810698986315,91.9997180058286,3.1508433570861167,-1.685419630576769,-1.6870655593117794,10.150438368084142,34.56749632284095,7.331004403960151,3.6032396612341997,184.1137686097852,19.78167945706637,383.5775426954633,8.958116680545443,1
3.248424667967115,77.0539417405091,-1.4709637306025913,-1.8485782199720837,0.5408930733132404,5.657244799972838,18.678892761846598,6.481331461240084,1.943179022925213,332.46101575240976,26.08270476243116,382.07250962376594,10.944038182490853,0
0.8052240604115051,,5.895893200548309,-3.5830964421733773,0.15288589747362907,6.846400702450009,,15.958395713698744,8.64126845839483,333.7154661792145,17.0702590904336,381.1620860410147,2.168924943359598,0
9.686162678096089,-0.17523373157604732,21.836904880515622,-2.193418238378517,-0.05111198745330481,7.746541105757574,95.01296347498824,0.21271185045523788,23.7530229654218,663.6737786279689,22.037034760295352,385.8616403065392,21.326415855882743,0
4.660729717845178,0.25194300994336283,20.97877157725022,-4.485185934324507,3.1410217453541116,6.819970092173077,87.85872483770063,3.4683380274945073,27.810128801780778,667.5013935749554,23.075533761340317,387.72689915439787,12.483056423257015,1
2.611734205781855,-2.080518493716842,13.555735672619385,3.1894863670465887,-3.828594635058122,4.9354170702487785,85.15135963587885,4.6496514395014845,22.40024345195191,667.0707265476472,19.42382084083769,391.6515863868718,8.766640321111865,1
3.818723959278941,2.4930955730039233,,5.426743626248312,-0.7810426748630808,5.11467239698069,83.10327551224287,4.496678389343841,24.734328851395972,662.7350766208359,16.567679267424673,387.86854151657553,13.261309752613608,1
4.084352402642923,-4.02652549911272,19.314565262907127,4.2759868304109165,2.822113739352144,3.9453248050101033,85.28836213125737,-2.048742691824179,23.833571951230994,669.5904501272884,23.028867268328987,374.25013475488436,7.181691933008546,1
4.9870215930604855,-1.220831246317677,13.284186258602299,-4.878253465879549,-1.0722543260331046,7.515850489729489,90.31931410831064,1.6023209603015294,18.90713307144563,666.3069310014266,16.601473517326728,353.3373415331117,18.80539594208557,0
6.677692740730883,-1.754622404799002,18.027107848687557,2.1745640146686,-4.056420127809915,5.079954477744534,90.6252720136624,-2.751081808555176,28.285014918791738,660.8127865597733,19.664945696467292,382.56375882614486,11.211866085473629,0
1.0467817540647717,-0.1397618110180181,19.193603467099788,5.26631904977067,2.7756660297702074,3.813478748089705,87.51698014945191,9.24365357673097,23.594539178902753,665.8459714249651,20.079627826590013,353.5560934103414,15.256976762658018,0
3.099252909041267,0.8365928539417163,19.768225821469454,-0.370429942215992,4.087283891324617,6.793265542026221,84.09694570210704,-2.8799257920467998,26.239254658898883,666.8436193677687,22.346614155111997,356.1368066408737,7.991941248566319,1
9.000236642976919,-3.023678848870634,18.63178410084657,0.3043422919501484,0.583014377070981,-0.07019618334836597,90.37481366884231,-1.5303206566094607,21.74391383261532,668.9183770843072,18.3201053214624,352.6237415301149,10.398614854278136,1
1.466185313562308,2.1728480323686847,18.97369425054214,-6.023679152414012,-5.164536795408598,7.899524023711599,89.26085875492606,-1.369502564524514,23.505466855260707,664.9875707906201,18.146248933516436,315.2976316847421,16.350815282891897,1
11.055449948129038,0.18900710500409917,22.520834176759287,,2.7489092400964488,4.098853008595363,103.15556458158255,-2.979381430168641,21.399442920229937,668.4838148023416,20.49674643628933,131.3597163548726,17.58839041844486,1
5.505138575493581,-5.675838759935731,21.77810172973204,-3.190679188304152,-4.348663644259064,2.3815999412801894,,5.390281729269637,27.70799544829018,666.5614259603107,23.21917143285925,370.7673509833844,5.086047238741365,1
,-5.875774321191093,9.49883513865177,1.5989050537345437,1.557397830544497,9.108643248806054,93.05711660256861,8.624043703250488,24.93422804235203,662.0548361728872,27.06235000195944,371.8460693858322,4.232954394180106,1
6.573038166681978,-0.036957878787933704,17.147684335486954,-3.683608766566641,-2.0313914742264796,5.334653570616881,99.62898559691362,-0.22484735793785227,25.101160580042663,661.7544996795525,15.677556400663676,388.68530181616705,6.6775161862640875,1
13.219181771310968,-0.6629019533590623,17.606046917368147,1.6285746734327877,-2.8485178573008954,1.9964981189633022,105.01336368568974,-2.79216944053323,28.074552441314935,669.367679610448,21.146026053359734,368.4423246710513,9.257311579753583,1
10.837631947699581,-0.3102603407239005,12.843704281819088,4.073538026280069,-0.6577300512390706,8.9386668676574,91.08029596455108,-5.581176496178063,27.46902389069707,669.5879525351453,16.940394921297123,348.61606484571723,8.979739549033985,1
13.633560200670185,-0.08394736959065394,18.382549174696937,-2.3495395851455028,0.11810733071822055,3.2947090313016605,99.87897284039796,0.4418738444336955,26.296027608408856,666.9687276912142,23.256433729620227,398.7331836002218,39.93473075189075,0
20.16054950397228,0.6766795185305421,21.84627331723152,-3.410767744231303,-1.2646247511593445,2.9113027293736313,93.41444876043337,0.18790373051566855,19.73481795888761,670.4871201635401,17.3843663580723,391.38103503059256,42.835772383865695,0
26.592059301038255,,14.840296421228231,-6.468069127649944,2.437109834645452,7.436540061047532,91.83265883186957,-0.6375883790804338,21.91296264144995,669.1698295471248,18.17605534545303,392.44929994184514,13.41547257923003,0
14.672514933401867,-3.3333147027526744,19.10920281606962,,-0.6672081353765014,10.076767668370344,93.6882286106876,2.0090257619286853,20.988335591965942,668.0508861884391,18.43218742280801,365.0096463207695,,0
3.8129231238004575,-3.5159147787023843,15.352529568110688,-1.7447818028448152,3.611572615015466,6.854111872598935,97.72581199128648,2.543519428446459,26.182601080877397,663.266065533799,19.971403183840586,388.5639910750018,25.629520500625496,0
28.460963084551423,-3.2799715736621478,16.084263928960972,-4.653058237044164,1.5145194969304383,2.7826486215643094,92.88249445354364,2.3553497738137024,24.511955825250155,671.1942862530971,21.16959279057612,400.5738880727994,26.091255073745643,0
16.493601707129525,0.8667500015061207,22.532180902510106,1.3590562689365149,-1.4216716197889243,7.85463101233654,100.19659774249016,0.43772538409453854,19.828462699108215,667.6089042966248,21.65110418082554,388.27004856943165,22.72674376259209,0
89.29984133302911,3.7348421359393367,16.472326539664525,-1.3499111455939474,-1.9268196514968576,5.513030827214828,92.24539410252343,-1.8883654887227856,23.433767360966318,664.8424836761651,20.18269736145165,399.4300346757749,16.244381869430168,0
19.80305205458158,-1.2940183147185316,19.486637467031876,-3.2272078759356972,-4.271488897142316,12.208771914588398,101.9332476056208,3.5166992934201478,19.517662992843665,663.995189984084,16.210326932678257,394.2342461257291,22.07508973614378,0
4.380241376823225,-7.5050995324789636,12.48634565181704,-1.6637172169213412,1.5721995336004673,5.532640834006329,100.4098068490381,1.6179412782645914,23.84053053579072,666.7703513445416,22.383358450930565,400.04671114551473,23.534874620336893,0
4.237538357681581,-5.111978587831127,23.686952684184643,3.213913616788847,-0.36376264175407447,-1.185106493695999,103.68518310500315,4.198172574503951,19.033882488038444,660.9868227454847,20.041124009010915,406.52448274174947,,0
15.28106618864344,-2.499110168388035,19.9079573389195,1.8088108312656668,-6.416586584190543,5.4400949164670225,91.22398208864644,3.809726648416694,25.58648248015384,668.0990198260586,23.685204370044097,279.0104671096366,31.017126985761706,0
14.42939112992373,-1.6731866624856444,17.552500472049218,-0.3900781844954695,-0.9071446183082004,11.110793376780684,97.75399501557798,-2.8391862071413465,25.13388787810222,663.1392875559179,18.07678366156019,398.98613144358194,31.60627213691882,0
25.71270981805098,-1.2251658817641793,19.826639529999685,1.8573150553945577,-2.003102087764856,9.379760865636168,103.19293655874155,-2.8354666223728096,29.723845480040644,667.1118243264729,15.393175817947016,391.4755118592188,27.153814799239306,0
24.169663528438313,0.1157433689427512,13.87054171315657,-3.4827358691602166,5.4270327765119815,10.492862866269697,86.5646773598757,-0.7482221562215854,26.543619868492026,664.4351389879255,20.097921991950773,398.1803067666525,34.70147706582855,0
15.162522537985662,-0.9352389924673414,21.647592225257974,,-4.408335835679929,1.8207194438556096,108.44334235979848,-1.5792962248720042,22.731257232532492,665.2067438618259,24.087858064852796,372.29968350934433,34.48649717693297,0
3.913442348322901,3.1480188316302216,17.128045673510712,0.44196699145941165,-3.624052399202161,8.126457187930336,100.02577243450021,3.9938553279283022,26.454210279823457,663.7292703817049,20.68282640984815,397.2893469673855,23.75969308096624,0
0.03183969010206855,-2.028051917044106,17.487791454854698,-1.4095095254961807,4.0299089293170995,3.547016380789865,98.14248775851301,2.980429027963753,19.807008357164463,665.5163117064576,19.60099060248143,391.6949411710153,16.281254844358017,0
5.456110756171147,-2.586953878426629,16.625033155103548,1.3063750078722536,4.77028947239189,6.7238681982507735,84.07528792191779,5.465351981355932,21.112582188956743,671.668138638052,17.5889589470277,380.7216233284895,21.027464512565118,1
10.162571899084993,1.436626615561385,16.358045791763246,-2.3413003639333536,-1.5349488161769245,1.2171427137808024,102.63140942599493,2.959460452232755,24.99942759622533,670.155178881146,25.473299400042468,392.55492648608885,25.91388419238012,0
,-4.606926209778358,20.184011834885226,1.5294621233283536,-1.2032574684267328,4.259632705351851,94.97752223501782,2.417148745620107,17.525251011756218,667.0634368649863,17.11119221534566,400.6249117886962,11.462762064302144,0
,1.1690751159600066,18.86772055031267,1.6555763145938758,2.5417061896599384,3.8582599079091535,89.88483206298824,5.381289341032511,23.888517645198352,665.9241172033052,18.02381722711528,395.6722490801694,18.368188135493238,0
9.131474296176044,0.30765955117880056,20.05524442420912,-8.751479642091198,-6.288299390835931,9.166665840427848,103.01041115430252,3.134882019205145,20.939210123644738,668.5326035720786,21.910102588252066,387.77192796779076,17.558394922870846,0
8.15244925612756,-0.4423274697545022,18.073615931543287,3.570917110530353,-4.8905810535166685,8.807157365008965,94.97731026166495,1.8811028903131564,24.30392116545979,669.3899111823226,14.63193793033963,401.68481047002206,27.150644006207923,0
8.359654122345205,4.764828321447787,19.639599433231545,-9.142897696058263,-0.14920020255213562,6.577459187992462,99.22146521851798,6.074759101792056,20.76679092585821,663.5105448533774,24.023771996144017,392.8979720415726,24.291812589835683,0
39.941994116804395,-1.8666223358841538,16.843453768224887,-1.8481470766683759,5.342671698387377,1.401735745833844,96.1622380834742,1.8351426494583702,25.272744412365565,665.7676833971034,22.072579342652066,402.6229079113261,32.72345047080357,0
7.802530211390353,6.180894511572236,24.789195524228646,3.076044102773265,-0.6141902645002187,4.91708169815084,79.37860605437169,0.587378185246235,24.057982271002167,660.5341253112957,22.89769321543333,341.82406838794003,30.71751150386454,0
24.507265758505625,-0.6762943476842979,13.396208750708507,-0.951860175757322,0.9958103752054638,3.748650551171822,98.04587712979735,-0.9246697763329488,28.201097750643992,669.3693063307827,21.87435103584896,394.5055628856407,27.261166765174053,0
14.826528289970872,-3.8310493349106842,21.882811970688955,,4.094367817692036,8.952027270083473,100.30050891398042,3.683176377136234,24.020203602304868,672.1950727731025,19.71662944763089,396.6450305971897,17.308931789100676,0
12.057295426252256,0.2097587429844759,22.203722352162913,-3.2812111851500116,7.013654199834438,9.938554558451553,99.14770298391765,5.350151625527407,21.6940715851156,666.2402478738693,17.01055386953373,376.4731138189907,15.093038318400266,0
23.620476483326286,-3.2287356009563046,15.54352358210322,3.080717238961859,-1.0375454194449376,8.51815675809265,101.77503840520755,1.55103779569971,23.259342432518153,659.624969625291,19.779773676325117,401.4789095999593,17.152322672755304,0
43.09270176719634,-2.2552675434405005,24.787820831667922,-5.7645135916459145,0.6424898287997218,3.265341741748938,91.34678090043677,5.531146871339516,19.967290808949805,667.8266715497311,17.274291064742094,330.7725531401013,27.236848945488706,0
67.12328362425386,1.1910999000464735,21.086470848835955,3.3869733028860516,6.159165664028527,-2.5355993668684373,100.13953951064423,-4.484645095914728,25.21841176411632,663.2877325015528,21.65846593022915,385.4988778632894,16.663382165373047,0
20.363573498015608,1.6667462659503745,,-0.165306297126868,-3.9075978255742854,-1.1628856943901633,100.19193313410656,1.0117398755762554,25.769550738945817,664.0099516750066,22.620339491644305,369.62036123870513,21.70703462318175,0
14.43965712607222,-1.8665031007627744,18.184066561077632,-3.5771859913273003,3.741743211661465,9.872880934246623,98.87967110095146,1.1649152636866913,31.407588110078454,667.879729169373,24.630425893594623,331.93832889243606,,1
1.4247088868375322,2.962215435139202,17.44832152534397,-1.7493452169080732,-2.4579465970837746,4.413235182040529,101.21801887450836,-0.7262831172220408,22.134492028186784,666.7636623765382,21.31530292165859,318.55377625703494,25.753720339543626,0
,3.472523274063402,17.47177351888118,-3.051673023304924,0.9044171013094702,4.599826145204663,99.01324038899986,8.61708311394562,23.196616278974453,664.5356736739842,22.973726069785556,179.37111605239244,17.794829205435565,1
46.689243807671545,4.308905269689873,19.271591788958553,2.598675602575586,-0.13085714220082278,10.684980880308702,98.7359881760629,1.2144221019337165,22.272724426685354,664.051183102195,19.308565788309572,1.415008186105476,9.085458556855798,0
7.049851640455087,1.5882402213771665,22.30355882510169,2.1972834292885146,-2.277034802103688,10.452479836464981,102.9357785909949,0.30430768518670015,24.636341103393672,666.3775081656624,18.765168585975417,33.35647850315894,26.391681484371585,0
16.776206679534468,4.090286136257096,18.64394265358426,-5.15748340162814,-2.3523057829748253,4.70134616575936,98.38510271405005,1.631786340300515,25.14507160343884,664.7716033424629,21.621015672450405,27.12870453849151,36.356435844471804,0
30.904101699183222,-5.642395283922173,15.365669130588131,-1.2107763555580022,1.4262430927612635,4.274790726808079,99.8867348966544,-4.419041215577488,23.839875466714467,662.672288599191,19.04058138184927,206.7637120118717,18.399097669305547,0
44.891447800852276,-0.9537196458853877,20.57328118715494,-2.5895569870328314,3.6796179844880466,4.1226963615606245,95.25606765546702,-0.6214037760347453,27.258977750619096,665.002310455565,21.007557366482974,86.01887407502056,36.774956634914105,0
18.677970245825556,-2.601015768970279,20.86345223918438,3.880529905378111,0.2897913904344904,7.115488395162398,102.1125710353695,4.784419908336212,22.14906148873567,667.0187778697656,17.016423431993736,31.745260826950968,28.9650599930432,0
14.101852490132377,0.35767758338217626,20.06397858534336,-4.050297354379263,0.8893394761996491,11.582141843958825,96.6226008175456,-0.06733606479832432,26.958522143672138,665.4656895995411,17.555116952571097,20.95020221829751,23.486133698779547,0
29.923658396803074,-1.714347657590212,20.33649671957495,4.812687314055042,2.3925221988731415,6.57140227271168,91.26367611839937,-0.8391254884008146,25.615493560923248,661.7594742052554,22.10622790305487,129.4732350056683,24.332609346768436,0
73.32668619582158,-0.49847352584919713,17.287215609526577,-0.0998842185508127,-2.23585631903888,8.135087099117424,104.38539750264192,5.731176909543201,23.96391024030316,668.9671938641267,22.860070226218287,9.013730446297496,23.65157206098014,0
15.873057668708192,5.6465246406121485,15.313032498608262,-3.485803219140263,2.937077525238769,10.331810327210514,73.961693591468,5.814763202855486,23.055190077728565,657.78356568917,17.243031493099956,50.15493392689764,21.48064686744955,0
11.363779975302329,-0.5091593892611349,15.495419708077662,-2.0318225520278337,3.176029291179241,2.9019719969267426,100.7089728460846,3.4098714164834254,31.28000327619411,664.6609045349147,22.21184293151926,318.2659418868927,11.735910838907385,0
4.510395328517614,1.2413769515706417,13.193610254626428,-2.4048565223053515,8.52887889625123,8.27058567742213,92.47052022689184,0.5092479978839983,21.54897404777376,664.1394046363382,18.601792980894174,318.5356799313285,15.570578967791672,0
10.264998943403794,-0.6968079897727056,18.81084583463785,-3.823855206046518,-0.5143125716787468,4.764293736015166,86.91670336325596,1.2327868046510295,24.893799530905245,666.4445366336142,20.24951552860093,292.0928798722634,14.45402925938737,0
2.608810462304951,0.227139863870501,17.84965365032022,0.284480579191127,-0.7602454050043829,-1.4452855873182981,,-0.39064988472487716,21.7493427892736,667.6849854234082,24.45083324737194,1.0325242385639166,17.37188732741849,0
6.127718438799043,0.018050041308214377,16.780036886410876,-3.6837466520755298,2.890897614721237,-0.8195086259574351,70.9054618393099,-0.9208193570859344,29.356862245863915,669.3802944247831,22.622461702068843,-2.7216247596650676,17.037760926548422,0
14.786249935776713,1.3449721979194784,9.233143526964792,-6.541098626214566,3.136312506736415,2.841647165443943,91.16207693219634,-1.2236494649252971,26.66047898639761,663.8627853799435,22.58761596406658,10.446743823515812,26.993939803044782,0
,3.495922606641531,14.358047590917494,-1.1390294125445193,-1.0212614601301357,7.430669685777744,55.75491268338674,0.14343677964437762,21.964950363476568,667.7597470120004,25.9263710753709,25.379052684044577,17.043688156565498,0
42.82420949349795,,21.462521954209503,-5.4085685892536475,-0.5304880307901465,6.54339869602089,74.55650820552768,-1.241262972054235,25.537784980293686,666.5874551636443,18.088361976850607,17.878172635756446,21.209385345584913,0
3.22056545386888,0.9288602457275006,16.106121999810608,-2.256482604202561,2.3023925146541213,6.746100121526991,79.57435776981876,-2.7555153556294467,24.773087163829665,660.8653818744503,17.242375075022363,93.8314438837827,25.27332844693654,0
10.517372404779756,1.7686406581068064,19.181775032970524,-2.7273086658100674,-1.8037527222039842,12.232830448060076,,2.6264080092617172,22.450125714075785,671.7016207663023,18.033633189314227,56.31042745167859,28.42680207425256,0
,-3.452593527556701,13.927943710074233,-2.6136482160774426,-0.6476019640450447,2.5407311554205627,90.18737473200063,2.7564867426803117,26.27449265168452,661.6836746182794,19.436496839780155,84.12167812120417,26.040257807742982,0
11.486391265389607,-0.2636302272468617,22.416116447077695,6.002889304770461,0.8527783021053039,6.75069993744883,88.6120444025618,7.190578275284951,25.16791617331323,667.2584918169291,13.136348157124319,86.17032288067608,21.964468785323795,0
6.05079004793682,2.820868394650767,17.667917019835972,0.16923470150871228,3.5718160544667743,7.338306568441446,79.06322781420936,0.19538489493589228,24.64709614165786,667.1698798325932,19.57771528990957,98.55949943022311,12.519210623798102,0
0.08835252245740932,2.5979059152514594,18.97012118945061,0.7361130269859965,-1.1007958485386222,4.227180650384994,90.70920125104395,3.2041017688698115,23.874240866273013,666.8269103469872,18.566287804315262,96.04171518172151,19.141220880293993,0
16.69829097470545,0.6348291983851506,25.077339375645057,-5.329194889026883,-4.814153386092015,6.292980235248823,90.36410016341372,3.160337737824405,25.293163477798952,664.5162693535152,22.551279302193397,101.3053501811152,13.492290699815019,0
9.345397861573806,2.6591818787038575,22.649320301768213,-1.9618894009107657,-5.009792402554632,1.8291519977469646,93.69039514986851,1.3631873166234005,24.68816298447738,668.4817579534215,21.25725813703012,109.68997111325982,23.593058958484907,0
12.819099284879336,1.4723001269814566,17.18030313613883,0.645907889824536,-3.0382392001184,10.690718651825083,96.58656723448743,4.2356007662490285,24.17727999907505,661.3188975781707,18.39791011669199,30.08213087822269,16.10681707076506,0
11.967942766130928,3.6009187747779645,16.320339445388925,-3.073586738739019,-3.199503154599812,4.1071563424086985,101.65130053280436,4.239887560552143,22.07695225203731,665.8025136339783,21.96988253608871,11.14019953223518,27.643953672688646,0
11.715250169937335,0.8680774708713334,17.123364965441407,2.724188530553956,0.2761677241402729,12.029200494335509,83.97271484283606,2.80283328559262,29.081298722287478,664.3083759703426,22.369789179471308,59.99253239767023,32.06427273594054,0
10.674301322084752,-1.067094946713104,19.62969474542961,-3.60808975770309,-2.826640460792815,5.529577028247635,95.73222646738859,1.0502808848566132,20.848740169954358,663.9681061737989,17.894362630625768,398.53572661328536,20.819214500414844,0
21.483366977190784,1.007523770799071,17.784327597247387,-0.8590984075955268,-1.3682648794636123,8.902160696197548,85.98749821175824,0.793609674336395,25.282908656639236,667.2862433623607,18.720927233852745,388.4395617714877,,0
10.710166006847444,-8.791783127558327,16.914267564989586,-1.758154919926676,-1.5822576549461493,6.2460913930265365,96.53153347272837,-2.0381616963911773,23.0392777730957,669.232435628159,13.523910438706052,381.69481377565387,,0
6.752135561786531,1.1486572091551484,22.501543752127127,,-0.5815235825439802,6.126768503218411,103.41387030820015,-0.41295333585307503,29.2786418083479,664.9702327144894,16.928020076892146,395.1245797688793,10.807436592849758,0
13.9285249665845,-10.94523847564435,17.75737032466649,-1.921470215566278,4.707512994569368,4.732912000333977,100.05518264671396,0.11237742829493613,21.289552388328477,668.3420432697774,17.972591318729265,387.96291332709006,14.483329236063732,0
11.773941547406864,-5.170390222216254,24.99876727911196,-0.812680881212812,2.72584276829155,6.211371788098833,95.10318735011415,-1.476315287288302,21.794210214719005,666.1492219963338,20.422498529818064,235.59779616913954,20.34820052561561,0
6.241226549462803,1.3553058028229525,18.37222769125652,-0.7083902753339566,0.7883882458280116,7.412996083242142,97.46803876131705,3.307671900062993,21.090545810214525,663.321803372286,17.363851961920552,45.17372925117266,21.33108428165808,0
9.48973724971595,1.4325880118003858,23.455955182674185,-2.203163272173903,-0.6430788417425144,3.9882244732544603,99.32425544525975,5.66188360696103,24.970395152851832,665.2261437202768,18.659644038852672,320.3000165425948,19.033269988435915,0
8.930385483708235,-3.487286340419791,19.17195826813188,1.455281605491338,-0.5596979698690636,5.875866752420348,100.53011907860085,-0.5261872969874504,19.880848021294074,665.1015423276251,16.524007955252202,388.66092858889846,17.09681654121491,0
12.672867333732132,-2.1363061256368163,20.988881719748345,0.7151651245122759,1.6962394098558486,4.354703401828658,101.32302728533917,3.1119243072339113,22.5644145157267,663.9100202624836,20.71334169559381,394.2971291093188,21.325838115097596,0
8.676141339547412,4.111622965842396,15.92616684544683,-0.26584183575950193,2.4655072200568706,13.315992208844516,101.54412438181144,-0.9173334185891306,17.542902531437147,667.2854487859674,21.477143783754723,301.2718659874321,21.56840546882531,0
6.324307409389965,-1.4520903947180286,15.538722332237766,,-2.009852518301801,6.479807690265144,94.7987256723126,1.4088334871825134,24.72126406238427,666.7039385631143,21.407096045259465,3.397796394740682,20.655708868547975,0
6.4874676821388855,6.728760937208955,19.479117865044962,2.389632091559991,0.8224422668426944,11.290696455089677,,0.2842112624666724,22.499355423731213,661.2280509051917,20.23708339571578,350.7563319405123,19.555188574377368,0
10.943207680378897,-0.005759559529038448,21.065659727395946,-0.707502731442544,-5.381858705989081,5.7101330075769345,92.06852699929144,4.173886945819325,19.53582976820444,661.0454220142819,15.576781010495816,388.28341138245753,17.89903792727447,0
14.47903158716126,1.2241085306438004,,-0.9200918634778116,1.348141352511791,8.170862924604723,98.58822084270778,0.4163354784734654,27.256828208922176,667.2740533596173,18.340139008321447,375.3744025226087,20.038055226862966,0
9.721773405398336,4.850623195495823,14.240819994748911,0.314070089664378,2.9994477258760583,2.763907785064192,90.46289512082082,5.53108124111994,20.07699930484518,663.5541407136164,18.978079983044545,6.392496501071428,21.4682383752203,0
5.232941779951226,0.39308134858025867,14.01922490113202,5.089760048912552,-0.12720588064262628,5.183782224396406,83.63406547354057,1.698637679013403,26.390831070084644,666.906123465301,18.990114061238124,45.79573688376003,19.258286102661973,0
7.897550472399157,-3.0070319420724037,13.818590793441277,-4.021068624063612,6.162580988420316,6.60760401236774,87.05395655419437,0.6317888712155075,21.896877528036587,668.3427947343275,20.424943653969507,10.03985010961424,22.823215612580427,0
5.663596901697959,-0.32918235508287036,12.797133661181858,2.3095706791660637,-1.930715342308151,10.6940114928796,81.02435647880729,-0.9807157870354892,28.80471413368628,662.1871414877834,24.476624117113055,5.340756548034127,9.90263527248981,0
8.751441117854766,,,-5.679513483714315,1.3653212459097839,6.966948333028814,88.02243779401279,3.54271353088605,26.24865161677844,661.7653882362714,22.6362886380538,268.20076973644404,15.358610477578651,0
6.72358145613843,-4.094224956604696,21.475131765124075,0.6518194746858719,0.6055257600021335,10.232161083578998,84.27460831637347,5.403155206678541,20.975856387377917,671.0232950471859,17.237446660453916,398.39590760175554,13.782628603044806,0
,-0.7674962140224701,18.059752639225575,4.725248482826192,0.412106997669775,8.62318733060876,93.01042887263299,3.417463769610623,21.24875234336908,667.0547123488874,22.2352086258899,255.49703676103707,19.878048632444713,0
1.1930035821517828,-2.22657628199231,11.318755727986444,1.4660055734019215,0.3700334959857571,11.258204018394057,91.63794696929637,9.283594999243272,25.81657561567293,664.7422780299802,22.120907102997208,389.4987331585031,19.36418499085231,0
1.8862175200730933,2.773073271562302,17.527718618996357,0.5118752356193784,1.034315090028415,6.1398733480848335,82.30565960693363,7.023762357411255,23.2128656078695,663.1981786420612,17.781797581145305,399.4640192594739,9.639461889369212,0
-0.397800307973875,0.10383562255576685,17.61160301010218,-1.6813484064092266,3.2568762303910996,13.683668131955413,91.68407063411055,1.8790167058489533,23.491972478935903,664.4686774532781,22.746597767906316,387.2132296930643,14.523501522447827,0
4.487167661031176,-0.8483872474427101,24.38799625067632,0.09314160146566272,4.788208708824233,4.75281139125763,64.66941587482542,2.0093176985787924,27.816716585316293,662.4282829916601,19.71887009216421,397.9400422462311,9.705664441921193,1
,-0.3185457918677288,13.728586261241333,,0.6482492664875279,3.459614497406993,52.16640768223543,4.475590158456059,21.75393337989013,668.6502365222718,15.970139529956665,339.25830547421987,10.706354263317532,0
2.895405240053714,0.6693660552184983,,-2.3579298237940662,3.100948216514899,2.3218414509328973,86.6075300147978,0.3574424587229448,24.273881316526364,663.669746539181,21.565608173911425,26.329829417301987,16.447142893017904,0
10.233973487288551,1.8504425990693394,23.217558041633694,-0.8696268464246095,-1.5213008388003475,12.99607401467421,90.92854873593494,6.03916491959746,26.863883380956917,669.2806037646488,20.850885470843572,332.4594201616156,20.365380583602246,0
18.893680109721892,-2.999136686008144,19.449935024039647,0.5951434818793186,2.877866358178699,8.384342717853693,71.48457395646155,3.993201565530751,26.4273524651568,664.79811324069,19.516967112442515,367.83495767160747,13.45474816084937,0
10.18882665097512,-3.124762897863816,19.789939220549275,-2.301651205591921,-1.7059745714809709,4.710637799859075,61.64433648547164,3.5930767325755983,23.521161997437982,662.8699494491481,20.087640745050102,394.99259233035707,16.7096339204777,0
5.391915357352871,3.31403764620759,18.443753311071635,-2.4188454620540525,3.851979808264397,9.914068090620486,83.45630689635989,5.0942610033124485,23.133282357442024,664.7210952359586,18.042743563334614,395.9912226182831,18.328207274179807,0
2.8171752909490246,-1.2370106166141919,19.089830615971795,-4.080730312776523,7.163922632179719,8.292076555353347,92.04314509028521,8.267789650107177,18.783553612437206,658.1274996674957,22.03039151139133,396.9614217437537,16.03212478849101,0
2.7155884858797146,-4.250526277790622,20.43282859083561,1.1721750782666882,0.2137483360858246,12.335382414126771,76.63763651321743,3.409366056562516,20.831265022004413,665.6376942699779,20.069648096473223,390.94826858362177,13.059634010666404,1
5.202866948246146,1.331438128149314,15.671541043321703,1.6359697859011813,-5.963630472422226,2.3365015017802664,64.4901313025062,2.193778887385847,24.9550776797242,665.4896424266095,20.699346531844682,376.9522714541512,,1
9.91330335092618,1.3901094180980607,20.734175736724602,0.6949813327095524,-1.0602187997344688,4.6309196750572355,96.93212384764055,6.955958869967735,23.58635343317329,668.4742282396439,21.271425773286616,358.97948155400996,18.048718505292072,0
5.375344548347954,-4.592145771770119,13.980990949343383,2.8955114781859974,4.27962540286791,4.774435848171524,93.21849454389613,5.108651247973405,24.22478123569868,660.3410852160498,16.736243156721024,302.57435029461783,29.163986324405393,0
8.062964598203076,0.6884451463908189,19.085103918494617,0.26360291124218255,2.2732303610757345,0.5629519707741952,91.72312768079581,1.342360478848833,27.11776082890218,669.4855990825906,17.517150934353843,392.17681559015006,10.177265652100346,0
11.597585321572788,2.206749277285121,18.63622288985898,1.17603281209727,1.3607407960250888,8.484981614339082,100.52716890248257,2.1162593459770602,20.438030672813177,668.461797884993,13.570166621151373,345.4457657610508,22.03916695303269,0
10.252017187086805,1.1231593551187893,16.251120735423676,0.9115122769126884,3.640005067864517,5.373810332589924,97.77026887092508,2.7566427478163957,23.29145909330205,669.756130691096,21.89422677547122,382.0296966551347,18.046622528375394,0
22.126721179787495,1.8959444512841859,18.03194417402306,,2.067360317745266,8.447893614959687,87.08656657676042,3.0366388338149486,24.566132890233654,665.8418358719875,16.5633699287597,383.1407614631187,9.85328929525349,1
6.493249227875825,-4.212807294272247,16.232379542003343,-1.5924654843889419,4.185175562353409,13.321315802988835,66.03938306373557,-0.6455995528173419,21.88752018727645,669.0416905023083,20.597709129686955,399.5304926881921,9.965038928186647,1
10.007823519818519,0.9931204649885867,14.884896019414768,6.642457847375733,3.2902710299409565,5.690268924517175,74.71972325673461,-1.2957538234046804,28.29443134178225,661.5862678952793,21.31296467481866,391.4690972525219,7.3617733908902725,1
6.005720534519624,-0.9078592784113397,17.039155775159067,,5.097101358210876,5.797541052028534,77.0377355070555,0.748429933992639,26.72576040483944,668.1391426956136,22.00705851667756,397.7718706426195,5.036941673622593,1
4.56071128598939,-1.4483704761739344,14.788034093885017,-1.997633133361309,1.608388251718763,6.117992509171987,42.27045558016041,1.2040846709659734,24.870399981266267,663.6865117137002,16.587949258491822,392.4451024796508,10.613406778308017,1
2.2082204168219253,2.6116668282591795,19.068392392279748,1.302029470350321,3.298778204481864,8.83274205895023,39.717896778022606,1.7925279580824927,29.38269533798576,661.0457945027312,20.004515145577926,368.5324878340282,15.224447833273441,0
3.1624472565073867,4.43782353202269,14.64974351754291,0.7555632458850154,-0.3383812192573563,4.611860924069551,52.02100921666407,5.895831926270013,19.503314161169573,662.627578445507,25.210841262363246,387.41700456359285,9.871200664906993,0
3.3533028098237407,5.383110163801077,20.235931068973155,-4.2143746428309825,-1.2213824346770177,4.221115208603608,78.86319541618003,3.039112531025785,23.976821156682956,666.0165934158878,25.342944039952947,389.0888369337303,13.620415798093793,0
6.12657407687266,3.9444236145177154,14.555562796213541,3.368034763691216,5.70330292125692,9.076567810724098,48.443189876199234,3.7414838150305645,25.09901090680218,663.5271023753472,23.161969282080854,394.18807867574486,10.952705250038383,0
-2.403751567557304,-0.32920254489055106,26.04111525325698,-0.28258372605249993,1.2576140289680642,6.589917971514106,89.9386327312521,-1.8520102301267851,1.2563348596182338,712.1282205950874,21.11247941645652,394.80085455932453,18.03769096006323,0
2.1801257089402872,1.0581604890790293,25.86618977535446,-3.3327932856471616,3.023641697587137,-0.7201847890144624,103.0046193411915,0.3704733912371647,4.902143625453185,705.5752873349879,17.08468083346387,345.9835422660466,18.749041303996734,0
3.46332101333773,2.300468615352731,31.715440186624516,3.566352343061622,0.9802200432341706,1.4168246015926753,99.1541699437557,3.584372985234521,0.6802525186363657,704.6187073691524,22.25586487617316,316.8193926013876,31.064661753883836,0
1.2053342217116898,0.3635338478983859,28.730869836849774,1.8770267147884618,-1.1505469527598928,10.48670759148163,94.82923509579582,3.6529573745304056,6.07167195482276,715.1171623024308,19.62593631375948,386.95421653406055,16.716996311659617,0
-0.7474262006670757,0.3922925637346331,27.104798592366816,-3.7936259758437423,0.641948677747204,7.188784849236438,78.87893687245477,-0.06382148456372372,7.17350430438672,713.7114003882043,21.781584825818534,396.1983584672462,17.13460522443315,0
1.5352067379260883,2.4712593956285462,11.18615832320917,5.331548520773173,4.892982053303142,3.420412206888253,53.66350829966825,2.8666871591386607,6.8170002033849855,387.8521094922586,17.30146963544365,400.2035776001376,13.783160426927424,1
-0.6464491666392379,-0.17784793807779664,3.3684229580109353,1.9763921050985782,2.250720222838272,5.414771028295053,47.28355959952945,8.978243560446996,0.44160655480516287,390.9910010695884,18.68120066148021,395.3378046258051,17.100199212658964,1
2.9856313763954483,-2.1878608091209846,9.560599231077276,-0.030588346875138395,-4.549419479191378,5.70971001840501,28.239725595586943,2.7458062122330857,3.0996194365018965,394.058521180604,19.692442080229274,390.6784040818118,14.566988618855277,1
-5.204618252645371,-1.2434191975075755,15.682542533414288,4.7706564168653385,-0.060733369728464215,7.597200080840491,76.82099866021206,0.7190391615726637,7.6941300096394825,392.2576018248718,19.938834274481575,397.36639273310743,20.02584007643772,0
-0.7384421043559386,1.9017311332012272,10.087039519208018,0.47789335148892176,5.931881378114136,1.719209815423631,71.65579231245597,2.3714128319135193,6.0635959305370974,391.4446692885504,20.681168143380745,398.39706780215323,10.372624537627772,0
-5.733315985371993,0.008979873599867197,9.893739507508005,-0.08424922531209594,-0.0563905855498682,3.496152583988626,66.71375137353768,2.685631322580499,-2.0820078530774637,394.2854622439378,17.462415046425303,401.8285445065595,10.80442637321202,0
-4.307352490681615,1.0206299306050135,11.334385138926589,-1.980900348065967,-4.8164360752025415,6.387867264590167,69.49283847208629,1.946394857928352,9.728491151604722,388.8078625743963,15.17014664366939,396.83125143511745,18.856316273525774,0
4.315966689441728,2.0102377266065696,12.376815729943036,1.7455513179212359,6.264146656267631,5.727496258513649,82.51256876524927,2.404135897970495,6.409969518761497,391.09353534599387,24.074355119699383,398.8319780355937,18.792471733767485,0
2.748184945915058,-1.124524388692829,5.9375999213304205,1.4298089019719398,2.620177529438378,8.30857754791013,68.09520388817917,-1.8517403908105186,-1.4572239920001353,272.9464540851228,28.467762507070073,394.14782571076097,,1
-2.113170699854371,2.2687444908894183,6.883020554626919,0.044040419669133864,0.3629614235615988,2.4314778079212065,79.28927736083273,-0.6003914252578535,3.9848667926999926,272.18171385698685,22.342262133607136,393.44095385420206,7.705166995048149,0
-4.446750368122691,1.1365278103751832,12.560873873258439,-2.369959061602809,-0.5412532082462058,8.047386028813964,88.55749005404166,1.7194942887855074,-1.0326200387206965,271.83058346573773,17.028023715809667,394.01000378859135,5.411412983928152,1
-8.783996513524952,-3.7044392607344356,9.785370314307471,0.3897895624982216,3.8200557893752065,10.068750858132416,89.83114804252973,1.8930960899326899,-1.065356352812644,273.2186047134855,18.68041464947137,390.19831113118306,8.236816925429345,1
-1.5830765237979036,4.326914373558733,15.866075786659742,-0.20939635728641365,-1.0529502006785776,7.49045564144785,,0.8064321754199981,2.0750579530421085,273.1032224879566,22.527352707152907,392.903562732925,2.600569209390522,0
