default,account_check_status,duration_in_month,credit_history,purpose,credit_amount,savings,present_emp_since,installment_as_income_perc,personal_status_sex,other_debtors,present_res_since,property,age,other_installment_plans,housing,credits_this_bank,job,people_under_maintenance,telephone,foreign_worker
0,< 0 DM,6.304717079754432,existing credits paid back duly till now,(vacation - does not exist?),1168.9407173539742,... < 100 DM,.. >= 7 years,3.5480490201464914,male : single,guarantor,5.249022696873495,if not A121 : building society savings agreement/ life insurance,67.25320451029535,none,own,1.7420479067589363,unemployed/ unskilled - non-resident,1.2251167270384025,none,yes
1,no checking account,46.960015893759504,critical account/ other credits existing (not at this bank),retraining,5950.270713063626,unknown/ no savings account,1 <= ... < 4 years,1.3341222888795636,male : single,none,2.6876921851177817,unknown / no property,22.89521840222618,bank,own,0.7005141092083851,skilled employee / official,0.946657037753272,"yes, registered under the customers name ",yes
0,no checking account,12.750451195806457,critical account/ other credits existing (not at this bank),radio/television,2095.585526934164,500 <= ... < 1000 DM ,1 <= ... < 4 years,2.434009823450107,male : married/widowed,none,4.96612747137559,if not A121 : building society savings agreement/ life insurance,49.273321256536875,none,own,0.30334008749455343,skilled employee / official,2.8640436260742304,"yes, registered under the customers name ",yes
0,0 <= ... < 200 DM,42.940564716391215,critical account/ other credits existing (not at this bank),car (new),7882.633910377734,.. >= 1000 DM ,4 <= ... < 7 years,2.2518544152950053,male : single,none,2.4521671672600887,"if not A121/A122 : car or other, not in attribute 6",47.23883166641443,none,own,1.4284829286558338,skilled employee / official,2.6067331774117264,none,yes
1,no checking account,22.048964811346163,existing credits paid back duly till now,domestic appliances,4870.0029932912,... < 100 DM,... < 1 year ,1.5952084523896726,male : divorced/separated,none,3.7346398916857453,"if not A121/A122 : car or other, not in attribute 6",54.42978745247042,none,rent,2.2346461877047594,unskilled - resident,-0.9858225341099236,none,yes
0,no checking account,34.697820493137684,existing credits paid back duly till now,domestic appliances,9055.340209976868,... < 100 DM,1 <= ... < 4 years,3.1226782545637386,male : single,none,3.5374786160571747,if not A121 : building society savings agreement/ life insurance,34.692472235282985,none,own,-0.590649698269418,unskilled - resident,2.545242204428457,none,yes
0,< 0 DM,24.127840403167287,critical account/ other credits existing (not at this bank),car (used),2835.670079242202,unknown/ no savings account,1 <= ... < 4 years,2.9058054246491665,male : single,none,2.0263173235913987,if not A121 : building society savings agreement/ life insurance,52.68197256619293,none,own,-0.6515259952393577,skilled employee / official,-0.0034794095040837636,"yes, registered under the customers name ",yes
0,no checking account,35.683757407656415,existing credits paid back duly till now,car (used),6947.625158537103,... < 100 DM,1 <= ... < 4 years,0.8890689047842795,male : single,none,3.060327204779694,if not A121 : building society savings agreement/ life insurance,35.469696719485356,none,for free,1.4246844532057543,skilled employee / official,-0.421728741448699,none,yes
0,< 0 DM,11.98319884249571,existing credits paid back duly till now,radio/television,3059.7562481636296,... < 100 DM,4 <= ... < 7 years,3.188784114353874,female : divorced/separated/married,none,3.7296034441966417,real estate,60.16198081957432,none,own,0.1847135712054654,skilled employee / official,0.8115265896264363,"yes, registered under the customers name ",yes
1,< 0 DM,29.14695607242642,no credits taken/ all credits paid back duly,radio/television,5234.378842603458,... < 100 DM,.. >= 7 years,4.625675571596154,male : single,none,2.739631204986562,real estate,29.166288306532486,bank,rent,2.302041155100324,skilled employee / official,1.4109711090300117,none,yes
1,< 0 DM,12.879397974862828,critical account/ other credits existing (not at this bank),business,1293.7651869130884,... < 100 DM,1 <= ... < 4 years,1.7354580080520858,male : married/widowed,co-applicant,3.3597719343296117,"if not A121/A122 : car or other, not in attribute 6",25.361600521843584,none,own,1.7809315781091883,management/ self-employed/ highly qualified employee/ officer,-0.6407346102868243,none,yes
1,< 0 DM,48.77779193542895,delay in paying off in the past,business,4309.442304791186,unknown/ no savings account,... < 1 year ,4.7771828402577245,female : divorced/separated/married,none,3.6467563081723915,real estate,24.256458910858534,none,rent,-0.2709528374055592,skilled employee / official,1.7045764170575515,none,yes
0,< 0 DM,12.066030697561215,critical account/ other credits existing (not at this bank),domestic appliances,1566.499255256243,... < 100 DM,1 <= ... < 4 years,1.6587973683661927,female : divorced/separated/married,none,0.5788470173428448,"if not A121/A122 : car or other, not in attribute 6",22.686953667770815,bank,own,-0.41153725457618506,skilled employee / official,1.7633388475315999,"yes, registered under the customers name ",yes
1,< 0 DM,25.127241206968034,delay in paying off in the past,car (used),1197.3449046568148,unknown/ no savings account,1 <= ... < 4 years,3.989803884374954,male : single,none,4.118664169723996,"if not A121/A122 : car or other, not in attribute 6",61.72282988336906,none,rent,3.674431682395295,unemployed/ unskilled - non-resident,1.0469761962994977,none,yes
0,no checking account,15.467509342252045,existing credits paid back duly till now,domestic appliances,1401.9549562904137,... < 100 DM,... < 1 year ,3.590218805621779,male : single,none,4.98724735298341,unknown / no property,28.170955352187505,bank,own,1.351570782962459,skilled employee / official,0.13237636977295142,"yes, registered under the customers name ",yes
1,0 <= ... < 200 DM,23.14070753711676,existing credits paid back duly till now,radio/television,1280.9789548393217,100 <= ... < 500 DM,1 <= ... < 4 years,4.159297783829641,male : single,none,1.43328697468985,real estate,31.886959629128615,none,rent,0.5807593433267291,skilled employee / official,0.020621995810708005,none,yes
0,< 0 DM,24.3687507840825,existing credits paid back duly till now,radio/television,2424.0521733186574,... < 100 DM,1 <= ... < 4 years,3.971916924895968,male : single,none,3.3690384028678695,"if not A121/A122 : car or other, not in attribute 6",54.50871962332258,none,rent,1.0660595473537364,unskilled - resident,2.0259321315802277,"yes, registered under the customers name ",yes
0,< 0 DM,29.041117399171,all credits at this bank paid back duly,repairs,8071.726149494454,unknown/ no savings account,... < 1 year ,1.339699883978011,male : single,none,4.057189270241366,"if not A121/A122 : car or other, not in attribute 6",25.967550415991134,none,rent,2.4895591510927204,skilled employee / official,-0.5112226864959049,none,yes
1,no checking account,24.87845030130727,critical account/ other credits existing (not at this bank),domestic appliances,12578.663168032359,100 <= ... < 500 DM,1 <= ... < 4 years,4.581850439307079,female : divorced/separated/married,none,2.3786393238380357,"if not A121/A122 : car or other, not in attribute 6",43.67902015961628,none,own,-0.19057233611331026,skilled employee / official,2.0644704608191784,none,yes
0,0 <= ... < 200 DM,23.950074089013746,critical account/ other credits existing (not at this bank),domestic appliances,3430.6197019654824,... < 100 DM,4 <= ... < 7 years,3.4766029673239798,female : divorced/separated/married,none,-0.04472826300482069,unknown / no property,31.00518644865902,none,own,1.8834121740905903,skilled employee / official,1.8348008408695633,"yes, registered under the customers name ",yes
0,0 <= ... < 200 DM,8.81513763645474,delay in paying off in the past,car (new),2134.3398753611928,... < 100 DM,... < 1 year ,4.014680139889712,female : divorced/separated/married,none,2.774608200530892,if not A121 : building society savings agreement/ life insurance,48.1953809159388,none,rent,2.223248846393679,skilled employee / official,0.9041655003571429,none,no
0,0 <= ... < 200 DM,5.319070455596059,existing credits paid back duly till now,car (new),2647.316047870644,... < 100 DM,.. >= 7 years,1.210013646132397,male : single,none,4.50123586382721,if not A121 : building society savings agreement/ life insurance,44.361812944604985,none,own,2.093534588216267,skilled employee / official,0.291912294586675,"yes, registered under the customers name ",yes
0,0 <= ... < 200 DM,11.22254133867403,critical account/ other credits existing (not at this bank),domestic appliances,2241.409828457329,... < 100 DM,.. >= 7 years,1.1299298541660738,female : divorced/separated/married,none,3.4019282830788127,if not A121 : building society savings agreement/ life insurance,46.64340014906089,none,rent,1.5993710802299888,skilled employee / official,1.8532833698714133,"yes, registered under the customers name ",yes
0,no checking account,11.845470517931197,existing credits paid back duly till now,(vacation - does not exist?),1804.6161346680021,... < 100 DM,1 <= ... < 4 years,2.930201214237862,male : single,none,3.2378040689627507,"if not A121/A122 : car or other, not in attribute 6",42.45751539219844,none,rent,-0.043350183617314686,management/ self-employed/ highly qualified employee/ officer,1.613585516011376,"yes, registered under the customers name ",yes
0,0 <= ... < 200 DM,9.571672177836893,existing credits paid back duly till now,domestic appliances,2066.8920466582226,... < 100 DM,4 <= ... < 7 years,0.6665256812657989,male : married/widowed,none,0.8295903427650179,if not A121 : building society savings agreement/ life insurance,25.112609977997547,none,own,1.5736984119861985,skilled employee / official,-0.3364100878519811,none,yes
0,0 <= ... < 200 DM,5.6478664495117705,existing credits paid back duly till now,domestic appliances,1373.6355617477354,... < 100 DM,.. >= 7 years,-0.47181235132418564,female : divorced/separated/married,none,2.0132366728016704,if not A121 : building society savings agreement/ life insurance,35.03526155698866,bank,own,-1.6241667775014168,skilled employee / official,1.4986358672518456,"yes, registered under the customers name ",yes
0,0 <= ... < 200 DM,6.532309185553348,no credits taken/ all credits paid back duly,car (new),423.8197899355105,100 <= ... < 500 DM,... < 1 year ,4.56515337880977,male : single,none,4.735733360280164,unknown / no property,38.356175986027495,none,own,0.879231423325993,unskilled - resident,1.0890122536790228,none,yes
0,< 0 DM,12.365444064364079,existing credits paid back duly till now,business,409.0360599267978,... < 100 DM,.. >= 7 years,0.39811168494831106,male : divorced/separated,none,1.6417366051412106,"if not A121/A122 : car or other, not in attribute 6",42.634710642090006,none,rent,1.8298808088698415,skilled employee / official,0.35624438616769316,"yes, registered under the customers name ",yes
0,< 0 DM,7.412732611595988,existing credits paid back duly till now,radio/television,2414.9953670277755,100 <= ... < 500 DM,unemployed,3.20541052696126,male : single,none,1.159050861329542,"if not A121/A122 : car or other, not in attribute 6",33.83107084367526,none,own,1.8247427465479675,skilled employee / official,1.8546730864913044,"yes, registered under the customers name ",yes
1,>= 200 DM / salary assignments for at least 1 year,60.430821003007885,critical account/ other credits existing (not at this bank),car (used),6837.045532274789,... < 100 DM,unemployed,2.5219169422461754,female : divorced/separated/married,none,4.272955754863389,if not A121 : building society savings agreement/ life insurance,63.19639460501019,none,rent,0.11369507201662055,skilled employee / official,-1.2022567689785562,none,yes
0,< 0 DM,20.14164760087046,existing credits paid back duly till now,business,1914.187634392721,... < 100 DM,4 <= ... < 7 years,4.30824660687991,female : divorced/separated/married,none,2.9001654195045496,if not A121 : building society savings agreement/ life insurance,34.77569658995774,none,own,2.1618663608635478,management/ self-employed/ highly qualified employee/ officer,1.346680748743709,"yes, registered under the customers name ",yes
0,>= 200 DM / salary assignments for at least 1 year,23.593584983615383,existing credits paid back duly till now,car (used),4020.2027750482525,100 <= ... < 500 DM,1 <= ... < 4 years,1.5065317908461242,female : divorced/separated/married,none,2.57185918263671,if not A121 : building society savings agreement/ life insurance,26.538357797079055,bank,for free,1.8205992949976562,unskilled - resident,2.6194351580732924,none,yes
0,no checking account,17.487757270928462,critical account/ other credits existing (not at this bank),domestic appliances,5865.4996389226035,... < 100 DM,4 <= ... < 7 years,2.659484214251896,female : divorced/separated/married,none,0.7704926026404022,unknown / no property,30.58725766174484,none,own,3.2520435636986624,skilled employee / official,2.4399431391006616,none,yes
0,no checking account,11.186227271752122,critical account/ other credits existing (not at this bank),car (new),1264.4851611125457,.. >= 1000 DM ,.. >= 7 years,3.6030861587622085,male : married/widowed,none,4.357128676271321,"if not A121/A122 : car or other, not in attribute 6",57.5949524581768,none,own,0.9472786239958626,skilled employee / official,1.3898067205385225,"yes, registered under the customers name ",yes
0,0 <= ... < 200 DM,12.615979422575496,critical account/ other credits existing (not at this bank),car (used),1473.4720823626758,... < 100 DM,1 <= ... < 4 years,4.113748153486143,male : single,none,2.091583619377472,if not A121 : building society savings agreement/ life insurance,32.27542617181209,bank,own,2.0138968341027557,skilled employee / official,0.6983192238691541,none,yes
1,< 0 DM,46.12897229272089,existing credits paid back duly till now,radio/television,4745.998607348557,unknown/ no savings account,unemployed,4.736836530920051,male : single,none,2.4868185471492836,"if not A121/A122 : car or other, not in attribute 6",25.161662386379554,none,own,0.5287559650930949,unskilled - resident,0.36419744345236915,"yes, registered under the customers name ",yes
0,< 0 DM,47.886052542345126,existing credits paid back duly till now,education,6110.986136316961,100 <= ... < 500 DM,1 <= ... < 4 years,0.5374442836754199,female : divorced/separated/married,none,3.1391117397615917,if not A121 : building society savings agreement/ life insurance,33.198847853482334,none,rent,1.713047565204533,skilled employee / official,0.697074206094358,"yes, registered under the customers name ",yes
1,0 <= ... < 200 DM,17.159843523037473,existing credits paid back duly till now,domestic appliances,2099.4422286540107,... < 100 DM,1 <= ... < 4 years,4.996554884498404,male : single,none,1.9041163974340292,unknown / no property,36.982402070744364,none,rent,0.22883723790005472,skilled employee / official,1.5438072479179061,none,yes
0,< 0 DM,9.17551878430876,existing credits paid back duly till now,car (new),1225.8056786392424,... < 100 DM,... < 1 year ,1.006302122893517,male : single,none,1.1651488472284983,if not A121 : building society savings agreement/ life insurance,36.30681305385755,none,rent,-0.6514018324229363,skilled employee / official,0.1927561945405838,"yes, registered under the customers name ",no
0,0 <= ... < 200 DM,9.650592787824701,critical account/ other credits existing (not at this bank),radio/television,458.6774013686923,100 <= ... < 500 DM,unemployed,4.294592842558379,male : single,guarantor,2.9280014075602114,"if not A121/A122 : car or other, not in attribute 6",23.82623761063784,none,own,-0.12414051816436067,management/ self-employed/ highly qualified employee/ officer,1.757423818050381,"yes, registered under the customers name ",yes
0,0 <= ... < 200 DM,30.743254171203443,all credits at this bank paid back duly,domestic appliances,2332.0452081828694,100 <= ... < 500 DM,.. >= 7 years,4.922639722787853,male : married/widowed,none,3.2597058528804057,if not A121 : building society savings agreement/ life insurance,30.092177107526833,none,own,1.0055311386292707,management/ self-employed/ highly qualified employee/ officer,3.133160518003324,none,yes
0,no checking account,12.543154268305194,delay in paying off in the past,domestic appliances,1158.9738941282174,.. >= 1000 DM ,1 <= ... < 4 years,3.6600374917903347,female : divorced/separated/married,co-applicant,0.8809714933998748,unknown / no property,25.84883161930945,none,for free,0.17570079178239661,skilled employee / official,0.938116764872605,"yes, registered under the customers name ",yes
0,no checking account,17.334490292711305,critical account/ other credits existing (not at this bank),car (new),6204.698566345372,... < 100 DM,... < 1 year ,3.9164448767354103,male : married/widowed,none,3.11019601065159,if not A121 : building society savings agreement/ life insurance,43.9686452993235,none,own,1.3760735316958,unemployed/ unskilled - non-resident,0.6556051967166947,"yes, registered under the customers name ",yes
0,no checking account,30.23216132306672,existing credits paid back duly till now,radio/television,6187.101925887373,... < 100 DM,.. >= 7 years,0.2365606826893395,female : divorced/separated/married,none,3.5077529112346135,"if not A121/A122 : car or other, not in attribute 6",22.55655320306316,none,own,0.19176244499598272,skilled employee / official,-0.34474474631641283,none,yes
1,no checking account,48.116685809140726,existing credits paid back duly till now,car (new),6142.237676541972,unknown/ no savings account,1 <= ... < 4 years,2.620850748651412,female : divorced/separated/married,none,4.20085029727593,"if not A121/A122 : car or other, not in attribute 6",57.03736952491405,none,for free,-0.12709754361586167,skilled employee / official,1.7765655517115755,"yes, registered under the customers name ",yes
0,< 0 DM,11.218688596729013,existing credits paid back duly till now,car (new),1392.1407939814244,100 <= ... < 500 DM,... < 1 year ,3.0056648915048805,female : divorced/separated/married,none,3.6264860028191532,real estate,34.8506647629285,none,own,3.372387434143576,skilled employee / official,0.9402538210395563,"yes, registered under the customers name ",yes
0,no checking account,36.87142877794819,critical account/ other credits existing (not at this bank),business,2298.462337423097,... < 100 DM,1 <= ... < 4 years,4.660442566548437,female : divorced/separated/married,guarantor,4.485303283063141,"if not A121/A122 : car or other, not in attribute 6",38.834732029977566,none,own,1.9038001294014344,management/ self-employed/ highly qualified employee/ officer,1.876830896064053,none,yes
0,< 0 DM,6.223595548774682,existing credits paid back duly till now,car (new),1352.542594463292,100 <= ... < 500 DM,4 <= ... < 7 years,1.4979229342693787,male : single,none,2.5228437607490304,"if not A121/A122 : car or other, not in attribute 6",22.43381072514,none,own,-0.04929683591380751,skilled employee / official,0.46636575084065046,"yes, registered under the customers name ",yes
0,0 <= ... < 200 DM,11.678913563071895,all credits at this bank paid back duly,car (used),7227.044374832599,100 <= ... < 500 DM,.. >= 7 years,1.1022566596474157,male : single,none,4.888983180404648,unknown / no property,38.822986413923566,stores,rent,1.9970003565294605,management/ self-employed/ highly qualified employee/ officer,1.8306235475398316,none,yes
0,no checking account,12.067579069488891,existing credits paid back duly till now,radio/television,2073.43751224862,... < 100 DM,4 <= ... < 7 years,2.87704295089287,male : single,none,3.423559472265033,"if not A121/A122 : car or other, not in attribute 6",28.061014855414204,none,own,2.019507060201324,skilled employee / official,0.8417008265502746,"yes, registered under the customers name ",yes
0,0 <= ... < 200 DM,24.289119398689984,critical account/ other credits existing (not at this bank),domestic appliances,2331.7582444711215,100 <= ... < 500 DM,1 <= ... < 4 years,4.766867293329061,male : divorced/separated,none,2.995858724372361,"if not A121/A122 : car or other, not in attribute 6",29.889413456524526,none,own,1.4192006082906055,unskilled - resident,0.26749594467605087,none,yes
0,0 <= ... < 200 DM,27.63128822583854,existing credits paid back duly till now,business,5964.795931415561,... < 100 DM,1 <= ... < 4 years,-0.22470477765054042,female : divorced/separated/married,none,1.0657609358520401,"if not A121/A122 : car or other, not in attribute 6",29.90078826477395,none,for free,2.1482230961834783,skilled employee / official,0.5990015211976155,"yes, registered under the customers name ",yes
0,< 0 DM,10.542844180144334,critical account/ other credits existing (not at this bank),domestic appliances,1262.109647754574,... < 100 DM,... < 1 year ,4.1589495823769,male : divorced/separated,none,1.0964655534237278,if not A121 : building society savings agreement/ life insurance,25.399103205298253,none,own,2.095154081312597,skilled employee / official,-0.19705435542323646,"yes, registered under the customers name ",yes
0,no checking account,17.6803287836427,existing credits paid back duly till now,domestic appliances,3380.445130145059,unknown/ no savings account,1 <= ... < 4 years,4.857438423139865,male : single,none,0.9242285235401756,unknown / no property,30.45839969856608,none,own,0.2692875247987796,management/ self-employed/ highly qualified employee/ officer,2.9893595585816115,none,yes
1,no checking account,35.529627345707205,existing credits paid back duly till now,radio/television,2223.6226843444797,... < 100 DM,... < 1 year ,4.36645114657155,male : single,none,3.5488246427605854,real estate,57.57209572359848,none,rent,2.0311784486646287,unemployed/ unskilled - non-resident,0.9036181864415129,"yes, registered under the customers name ",yes
0,0 <= ... < 200 DM,5.361122151756658,critical account/ other credits existing (not at this bank),domestic appliances,784.4720145664901,... < 100 DM,... < 1 year ,1.583108135657743,male : single,none,0.8616732730390573,real estate,26.375730297612357,bank,for free,0.9821513617076084,unskilled - resident,2.644514088682196,none,no
1,0 <= ... < 200 DM,11.724857748773315,existing credits paid back duly till now,(vacation - does not exist?),6468.149842413987,... < 100 DM,... < 1 year ,1.5071402311044406,male : married/widowed,none,0.5583082058270057,"if not A121/A122 : car or other, not in attribute 6",52.86581700317982,none,own,0.7272379523289574,unskilled - resident,0.4631308671292007,"yes, registered under the customers name ",yes
0,no checking account,37.4949413112344,existing credits paid back duly till now,car (used),9566.411171918016,unknown/ no savings account,.. >= 7 years,0.18978667891318368,male : single,none,1.525487066380961,real estate,31.713460462444488,bank,rent,1.6101944885792479,skilled employee / official,-0.05192782197982315,none,yes
0,0 <= ... < 200 DM,17.134168884306757,existing credits paid back duly till now,radio/television,1961.118347913388,unknown/ no savings account,.. >= 7 years,2.3972806369697777,male : divorced/separated,none,1.3281522602387943,if not A121 : building society savings agreement/ life insurance,23.588735622881146,none,own,1.0728682378284908,management/ self-employed/ highly qualified employee/ officer,0.7661194890820648,"yes, registered under the customers name ",yes
1,< 0 DM,36.96827835459148,critical account/ other credits existing (not at this bank),car (new),6229.444726818195,... < 100 DM,.. >= 7 years,2.9071047589012506,female : divorced/separated/married,none,3.6842105138449943,real estate,22.90158259134222,none,rent,2.0344074959855276,skilled employee / official,2.1011925333791988,none,yes
0,< 0 DM,7.317130228384196,existing credits paid back duly till now,car (used),1390.846314895638,unknown/ no savings account,1 <= ... < 4 years,0.5529954235849843,male : single,none,2.178450850318331,"if not A121/A122 : car or other, not in attribute 6",27.24493922704447,none,own,-0.048427642534525805,skilled employee / official,0.4792682086017164,none,yes
0,< 0 DM,14.665114970014224,existing credits paid back duly till now,retraining,1538.4540501814574,... < 100 DM,1 <= ... < 4 years,5.7223599419956495,male : single,none,4.199238041249239,real estate,51.063508928451526,none,own,2.8017959099004477,skilled employee / official,0.1294680272705846,none,yes
1,< 0 DM,36.16275306510501,existing credits paid back duly till now,radio/television,1952.5435288557753,... < 100 DM,4 <= ... < 7 years,4.272862518025773,male : single,none,6.47180907605547,unknown / no property,60.34792543059721,none,own,0.023614792233741744,unskilled - resident,1.1554642443691434,"yes, registered under the customers name ",yes
1,no checking account,48.58622233135928,existing credits paid back duly till now,business,14422.13223457218,... < 100 DM,4 <= ... < 7 years,2.3796875806139837,female : divorced/separated/married,none,2.1705081860196493,if not A121 : building society savings agreement/ life insurance,24.371592221303136,none,rent,0.7817665554528261,unemployed/ unskilled - non-resident,1.499022600717744,none,yes
0,0 <= ... < 200 DM,24.711226579792854,existing credits paid back duly till now,domestic appliances,3180.3556328797868,... < 100 DM,.. >= 7 years,3.6909776348037506,female : divorced/separated/married,none,3.709934226062748,if not A121 : building society savings agreement/ life insurance,26.181431397950362,none,own,0.7047195272799485,skilled employee / official,2.642848168853183,none,yes
0,>= 200 DM / salary assignments for at least 1 year,27.793347235199924,delay in paying off in the past,radio/television,5189.939748153599,... < 100 DM,1 <= ... < 4 years,3.8271289175565637,male : single,none,4.004132882654866,if not A121 : building society savings agreement/ life insurance,48.41527969026545,none,for free,4.358103612659216,unskilled - resident,2.3537504783724947,"yes, registered under the customers name ",yes
0,no checking account,11.651274927751562,all credits at this bank paid back duly,domestic appliances,2169.92803744771,... < 100 DM,1 <= ... < 4 years,2.9645506822393335,male : single,guarantor,2.25649197844354,real estate,28.175893500735995,stores,rent,-1.1191039402173328,management/ self-employed/ highly qualified employee/ officer,1.643992678531235,none,yes
0,no checking account,11.537648207335433,delay in paying off in the past,car (used),1007.4550237203475,unknown/ no savings account,.. >= 7 years,3.9676628813047845,male : single,none,1.4352539571710636,real estate,21.92523743658669,none,own,1.8909098149294583,skilled employee / official,1.7192752369203217,none,yes
1,< 0 DM,36.857975881257154,existing credits paid back duly till now,car (new),1820.4451259569266,... < 100 DM,1 <= ... < 4 years,4.530693938024733,male : single,none,6.076711325859024,unknown / no property,36.90600122577121,bank,own,0.32300965238783585,unskilled - resident,-0.1530153819326303,"yes, registered under the customers name ",yes
0,< 0 DM,35.808695675118386,existing credits paid back duly till now,car (new),2393.922643820179,500 <= ... < 1000 DM ,... < 1 year ,3.803995702154984,male : single,co-applicant,3.1546795350224315,if not A121 : building society savings agreement/ life insurance,22.78471988439653,none,own,2.2199632947770542,unskilled - resident,0.03666792953045572,"yes, registered under the customers name ",yes
0,no checking account,34.72431367666208,existing credits paid back duly till now,radio/television,8132.803114301296,unknown/ no savings account,... < 1 year ,0.6578471092679528,male : single,guarantor,2.8590460581777357,if not A121 : building society savings agreement/ life insurance,29.780406010741242,none,for free,0.5218350754838457,skilled employee / official,-0.08389628960565032,none,yes
0,no checking account,5.866712785996519,existing credits paid back duly till now,domestic appliances,728.8853830369321,unknown/ no savings account,.. >= 7 years,2.593085834398138,male : single,none,2.207750597614124,real estate,45.84268216715154,stores,own,1.9511564142659894,unskilled - resident,-0.3321457556916456,none,yes
0,no checking account,7.080547713998389,critical account/ other credits existing (not at this bank),business,1163.7707073464476,... < 100 DM,1 <= ... < 4 years,1.022250937632872,male : single,none,2.4289022574293826,"if not A121/A122 : car or other, not in attribute 6",50.83970705717698,none,own,3.9137860400684237,skilled employee / official,2.795459874870404,none,yes
0,0 <= ... < 200 DM,42.497160744053765,all credits at this bank paid back duly,(vacation - does not exist?),5952.407205740278,... < 100 DM,1 <= ... < 4 years,1.7384380989335981,male : single,none,1.7706987820947633,if not A121 : building society savings agreement/ life insurance,42.41591427457727,none,own,1.7226617912063316,skilled employee / official,1.2900500916637554,none,yes
1,0 <= ... < 200 DM,36.142425736070564,existing credits paid back duly till now,business,1976.0871220132813,... < 100 DM,4 <= ... < 7 years,4.056496691993233,male : single,none,5.267623560803905,"if not A121/A122 : car or other, not in attribute 6",38.78420170149113,none,rent,2.238849884673459,skilled employee / official,1.0794960630914496,"yes, registered under the customers name ",yes
0,0 <= ... < 200 DM,12.690485354067768,existing credits paid back duly till now,domestic appliances,1526.226786046109,unknown/ no savings account,.. >= 7 years,2.7138699632912093,male : married/widowed,none,3.1428235962225703,"if not A121/A122 : car or other, not in attribute 6",65.17537742879539,none,own,2.03904508556456,unskilled - resident,-1.5927165154022687,none,yes
1,>= 200 DM / salary assignments for at least 1 year,41.572747353663466,critical account/ other credits existing (not at this bank),radio/television,3966.3190131977412,... < 100 DM,unemployed,3.9655251349653673,male : single,none,2.9910661321080294,"if not A121/A122 : car or other, not in attribute 6",31.387804201680666,none,own,1.4154188302934896,management/ self-employed/ highly qualified employee/ officer,3.0554768586186185,none,yes
0,no checking account,11.158539691076713,existing credits paid back duly till now,business,4773.809210861229,... < 100 DM,1 <= ... < 4 years,2.053752562990502,female : divorced/separated/married,none,2.274645737992296,real estate,50.51908333382586,none,own,1.0699585894113746,unskilled - resident,0.10572799584644432,none,yes
0,>= 200 DM / salary assignments for at least 1 year,54.625590393967336,delay in paying off in the past,car (used),9435.413414914929,... < 100 DM,.. >= 7 years,-0.15600800605937915,male : single,guarantor,0.7411935403156635,unknown / no property,38.604356445874,none,own,1.8478516263001241,unskilled - resident,4.051812755938958,none,yes
0,no checking account,29.690653460279762,existing credits paid back duly till now,radio/television,3833.4353001566456,500 <= ... < 1000 DM ,unemployed,1.0848753405204987,female : divorced/separated/married,none,2.0480295776172524,unknown / no property,21.490022823665743,bank,own,0.3144683871469487,unemployed/ unskilled - non-resident,-0.4492414806513161,none,yes
1,no checking account,24.456775237557412,critical account/ other credits existing (not at this bank),domestic appliances,5943.243752480402,unknown/ no savings account,1 <= ... < 4 years,1.4072638937354685,male : single,guarantor,0.5335834939925654,real estate,45.10767733948376,bank,own,1.0159514769808147,skilled employee / official,0.18759884144346306,none,yes
0,no checking account,14.33807405893335,existing credits paid back duly till now,domestic appliances,1212.8487523532535,... < 100 DM,1 <= ... < 4 years,4.3870587293957435,male : single,guarantor,1.8911970250619607,"if not A121/A122 : car or other, not in attribute 6",47.860617522336966,stores,rent,0.36142380962297826,unskilled - resident,-1.2028493825096298,"yes, registered under the customers name ",yes
0,no checking account,17.636946153434927,existing credits paid back duly till now,domestic appliances,1568.4325944517261,.. >= 1000 DM ,unemployed,1.8463250836002394,female : divorced/separated/married,none,4.22946036445843,real estate,24.077856724267303,none,own,1.099710376324091,skilled employee / official,1.3621249759426974,none,yes
0,no checking account,23.61826210600167,existing credits paid back duly till now,radio/television,1755.0619164836799,... < 100 DM,1 <= ... < 4 years,4.158448050499735,female : divorced/separated/married,none,3.4775875685689766,if not A121 : building society savings agreement/ life insurance,57.62938694646014,none,own,0.7791812144496706,management/ self-employed/ highly qualified employee/ officer,-0.10125682081123233,none,yes
0,no checking account,8.80416035441096,existing credits paid back duly till now,business,2315.1103957256123,unknown/ no savings account,.. >= 7 years,4.022407225360472,female : divorced/separated/married,none,3.529178342224464,"if not A121/A122 : car or other, not in attribute 6",53.026189668106866,none,own,1.7102748764711766,skilled employee / official,-0.07300015409835425,"yes, registered under the customers name ",yes
0,no checking account,12.486972480785582,delay in paying off in the past,business,1411.5916668371733,... < 100 DM,4 <= ... < 7 years,4.777072958990898,male : single,none,2.7393260256749032,"if not A121/A122 : car or other, not in attribute 6",28.980242140164147,bank,own,3.30473169982152,skilled employee / official,-0.37251421717439737,none,yes
0,< 0 DM,17.530597659797277,critical account/ other credits existing (not at this bank),radio/television,1293.6018903402012,... < 100 DM,1 <= ... < 4 years,3.9047142129860655,male : married/widowed,none,-0.1617333589343466,"if not A121/A122 : car or other, not in attribute 6",26.181729961081544,none,own,1.0241616627649914,unskilled - resident,1.777355062737863,none,yes
1,no checking account,36.01249411872769,existing credits paid back duly till now,car (new),12610.456374797477,.. >= 1000 DM ,1 <= ... < 4 years,0.5320236866757075,male : single,none,3.0946347873181677,if not A121 : building society savings agreement/ life insurance,45.28375132251545,none,own,0.26605120838606744,skilled employee / official,2.711463651567547,"yes, registered under the customers name ",yes
0,0 <= ... < 200 DM,18.480746658905908,no credits taken/ all credits paid back duly,domestic appliances,2249.6532448832813,... < 100 DM,... < 1 year ,3.3706555156654954,male : single,none,3.1540799921488687,"if not A121/A122 : car or other, not in attribute 6",29.558685506104318,bank,own,-0.43623941831285395,skilled employee / official,3.8120338910787854,none,yes
1,< 0 DM,12.446531176029945,existing credits paid back duly till now,radio/television,1107.7232999099142,... < 100 DM,4 <= ... < 7 years,4.4678197829096575,male : single,none,3.9694097907482053,unknown / no property,28.754643617172608,none,own,4.030372990759104,skilled employee / official,0.3142933789270267,none,yes
0,no checking account,12.665385108972787,existing credits paid back duly till now,radio/television,617.4039111003439,unknown/ no savings account,... < 1 year ,4.195103973142888,male : single,none,5.23816030148985,real estate,58.27653868954309,none,own,1.3046694991218268,skilled employee / official,1.2188193710468003,none,yes
0,< 0 DM,11.901514515490577,critical account/ other credits existing (not at this bank),domestic appliances,1409.0085056267233,... < 100 DM,.. >= 7 years,4.629404006102201,male : single,none,2.334938279638377,unknown / no property,54.061610346189475,none,own,1.4798023200515777,skilled employee / official,-0.28933519740195157,none,no
1,no checking account,11.576701687955847,existing credits paid back duly till now,car (new),797.7949322529156,... < 100 DM,4 <= ... < 7 years,4.131873813121152,male : single,none,3.937376966919648,unknown / no property,32.234644484879695,none,rent,-0.3402083850310482,management/ self-employed/ highly qualified employee/ officer,1.6649609772646818,"yes, registered under the customers name ",yes
0,< 0 DM,23.9202817890936,delay in paying off in the past,car (used),3617.1803639430264,unknown/ no savings account,... < 1 year ,4.818763950347442,male : single,none,3.215857706529591,real estate,18.815034791715785,none,rent,1.9988300109931254,skilled employee / official,0.48115468671882244,"yes, registered under the customers name ",yes
0,< 0 DM,10.31266556604197,existing credits paid back duly till now,radio/television,1317.3439450633591,unknown/ no savings account,... < 1 year ,4.0945925329577,male : single,guarantor,5.8262093469068,real estate,54.551954896305595,none,for free,1.5092479844130853,skilled employee / official,1.4644499574954208,"yes, registered under the customers name ",yes
1,no checking account,52.552887527576914,delay in paying off in the past,car (new),15946.22629295565,... < 100 DM,4 <= ... < 7 years,3.7846887161316864,male : married/widowed,none,2.8662289745802716,unknown / no property,56.23538394761573,none,own,0.747242309465575,skilled employee / official,2.017021806418191,"yes, registered under the customers name ",yes
0,no checking account,10.677300387645598,critical account/ other credits existing (not at this bank),business,2013.5791855029815,... < 100 DM,1 <= ... < 4 years,4.8708227703666385,female : divorced/separated/married,none,3.328478810791731,real estate,61.550345101404886,none,own,2.0757056248263943,skilled employee / official,1.9910666908315,none,yes
0,no checking account,17.002753172398517,delay in paying off in the past,business,2622.494556655323,... < 100 DM,.. >= 7 years,3.1954733697751863,male : single,none,3.3435138931812762,"if not A121/A122 : car or other, not in attribute 6",34.81771160626291,none,own,3.3118311256428297,skilled employee / official,0.1571877277823892,none,yes
0,no checking account,36.39977422672344,all credits at this bank paid back duly,car (new),2337.973663511344,... < 100 DM,.. >= 7 years,2.191855953129254,male : single,none,6.013246454794601,real estate,36.43627945323286,none,own,0.05293717290604816,skilled employee / official,1.9984679046229994,"yes, registered under the customers name ",yes
0,< 0 DM,19.09452094463994,existing credits paid back duly till now,domestic appliances,7058.241959996813,... < 100 DM,1 <= ... < 4 years,4.543492856014553,male : single,none,4.591320728852485,unknown / no property,35.78033832806144,none,own,0.9779127540233032,skilled employee / official,1.955914862892203,"yes, registered under the customers name ",yes
0,no checking account,23.62183744596061,all credits at this bank paid back duly,furniture/equipment,1470.1300993164045,... < 100 DM,4 <= ... < 7 years,4.256658730712262,female : divorced/separated/married,none,2.9839834705917783,"if not A121/A122 : car or other, not in attribute 6",41.56494065354681,none,own,0.12224393447142334,unskilled - resident,0.6754031041029851,"yes, registered under the customers name ",no
0,< 0 DM,37.299228297786065,existing credits paid back duly till now,car (new),2323.6140991771126,... < 100 DM,4 <= ... < 7 years,2.2855141045038785,male : single,none,3.477761520457493,real estate,24.1709383711283,stores,rent,2.606199160016491,skilled employee / official,0.2914885131810816,"yes, registered under the customers name ",yes
0,< 0 DM,5.643736028938574,existing credits paid back duly till now,domestic appliances,932.5983470470749,... < 100 DM,1 <= ... < 4 years,2.286180502781289,male : single,co-applicant,2.7811812052237417,real estate,23.22187615813941,none,own,2.0423553170296844,skilled employee / official,0.44006420563844795,"yes, registered under the customers name ",yes
0,no checking account,9.737515568467087,delay in paying off in the past,domestic appliances,1919.5196605733465,... < 100 DM,1 <= ... < 4 years,4.771874292369828,female : divorced/separated/married,co-applicant,4.052644417615562,unknown / no property,36.85041232237503,none,own,0.8644721822063515,skilled employee / official,2.7423138461962333,none,yes
0,< 0 DM,11.066382319990122,existing credits paid back duly till now,domestic appliances,2443.902662325453,... < 100 DM,... < 1 year ,1.720323168867107,male : single,none,3.9292844082755374,unknown / no property,25.648320620389484,none,own,1.0365596644008743,skilled employee / official,1.3074107664940235,none,yes
1,0 <= ... < 200 DM,23.79456244213237,critical account/ other credits existing (not at this bank),car (new),11938.70072315686,... < 100 DM,1 <= ... < 4 years,1.487938580680873,male : single,none,3.0446582809634664,real estate,39.77575230044991,none,own,1.1834563738032786,skilled employee / official,2.174611847501205,none,yes
1,0 <= ... < 200 DM,17.04997794508942,existing credits paid back duly till now,business,6456.644186028873,... < 100 DM,.. >= 7 years,3.4008818603129667,female : divorced/separated/married,none,4.758353032644066,if not A121 : building society savings agreement/ life insurance,36.581385717304286,none,own,2.890027157743184,skilled employee / official,1.7377531414630534,"yes, registered under the customers name ",yes
0,0 <= ... < 200 DM,11.660966924099437,existing credits paid back duly till now,domestic appliances,6077.205400544875,unknown/ no savings account,1 <= ... < 4 years,0.9527128536161895,male : divorced/separated,none,2.13179842701082,unknown / no property,33.27647088278093,none,own,0.6200981758914463,management/ self-employed/ highly qualified employee/ officer,3.4459786114380284,"yes, registered under the customers name ",yes
0,0 <= ... < 200 DM,24.840308137457395,no credits taken/ all credits paid back duly,car (new),7722.303565067808,100 <= ... < 500 DM,1 <= ... < 4 years,0.20184664224516613,male : single,none,0.7064951406616242,real estate,31.46876374465458,none,own,0.7399234605450007,skilled employee / official,2.305010488846425,"yes, registered under the customers name ",yes
0,no checking account,12.27267957680765,existing credits paid back duly till now,domestic appliances,1410.840220162694,unknown/ no savings account,unemployed,1.2113864750482675,male : single,none,1.1870259753598194,unknown / no property,35.02983378712664,none,rent,1.6087897715292567,unskilled - resident,0.2789378852012073,none,yes
0,< 0 DM,6.434423643545857,critical account/ other credits existing (not at this bank),domestic appliances,1450.4873982896859,unknown/ no savings account,.. >= 7 years,1.3904549320538822,male : married/widowed,none,2.2351199431516653,unknown / no property,31.55877103473776,bank,rent,1.812005061916779,skilled employee / official,1.7263849452953757,none,yes
0,0 <= ... < 200 DM,15.237735602332277,existing credits paid back duly till now,car (new),391.7283256163127,... < 100 DM,.. >= 7 years,4.496343034340732,female : divorced/separated/married,none,5.215482416497694,real estate,23.558515181607564,none,own,0.7650340065021536,unskilled - resident,0.7857554566290896,none,yes
0,0 <= ... < 200 DM,17.405850044303207,critical account/ other credits existing (not at this bank),car (used),6258.847751158723,... < 100 DM,.. >= 7 years,3.9112380445689467,male : single,none,4.6159824241620475,if not A121 : building society savings agreement/ life insurance,27.357216430359276,none,own,1.010575205529075,skilled employee / official,1.1458719782825995,none,yes
1,< 0 DM,34.55394214561154,critical account/ other credits existing (not at this bank),car (new),7854.759562802929,.. >= 1000 DM ,4 <= ... < 7 years,4.198578620681517,male : single,none,2.7795294207714503,if not A121 : building society savings agreement/ life insurance,25.54712230543934,none,rent,2.7953554137930765,skilled employee / official,0.29877400736856474,none,yes
0,no checking account,12.07212950771387,delay in paying off in the past,domestic appliances,1680.1020312972405,... < 100 DM,1 <= ... < 4 years,3.489383938938409,male : single,none,1.2872907610363638,real estate,34.191369530127446,none,own,2.646493075483833,unskilled - resident,1.4388165233616967,"yes, registered under the customers name ",yes
0,0 <= ... < 200 DM,47.4705072909362,existing credits paid back duly till now,business,3578.07898871634,... < 100 DM,unemployed,3.7407907406849166,female : divorced/separated/married,none,1.748813885982477,"if not A121/A122 : car or other, not in attribute 6",46.39124307635468,none,own,1.5854862322460819,skilled employee / official,2.4520881320393144,"yes, registered under the customers name ",yes
1,< 0 DM,42.2326762113547,critical account/ other credits existing (not at this bank),business,7175.133680478757,... < 100 DM,4 <= ... < 7 years,4.062698303236714,male : married/widowed,none,2.3332491497931445,"if not A121/A122 : car or other, not in attribute 6",31.126943143212298,none,own,1.803314223624267,skilled employee / official,-0.31362810900416327,none,yes
0,no checking account,10.021852145523443,no credits taken/ all credits paid back duly,car (used),2131.6387295749964,... < 100 DM,1 <= ... < 4 years,2.1075341800536345,male : single,none,2.846769039741786,"if not A121/A122 : car or other, not in attribute 6",27.9746576907002,none,for free,1.8001459378988756,skilled employee / official,-0.12814673709206703,none,yes
1,< 0 DM,34.60177889132092,existing credits paid back duly till now,domestic appliances,4281.352034471803,100 <= ... < 500 DM,1 <= ... < 4 years,1.215098135819036,male : single,none,3.1758692786605236,unknown / no property,22.293624497884206,none,own,1.292202136831283,skilled employee / official,0.516841444702693,"yes, registered under the customers name ",yes
0,0 <= ... < 200 DM,11.760644372526976,delay in paying off in the past,car (used),2365.0113728505653,... < 100 DM,... < 1 year ,3.7725398075827608,male : single,none,1.7512573892922885,"if not A121/A122 : car or other, not in attribute 6",35.26642365649896,none,for free,1.653986232235115,management/ self-employed/ highly qualified employee/ officer,0.5632044398921703,"yes, registered under the customers name ",yes
1,no checking account,19.976502507378136,existing credits paid back duly till now,car (new),1835.4503172780437,unknown/ no savings account,4 <= ... < 7 years,3.555145681944831,female : divorced/separated/married,none,2.333549011636205,unknown / no property,24.354403397542328,none,own,2.1712408246005714,skilled employee / official,2.9984658747459307,none,yes
0,0 <= ... < 200 DM,24.179275634956316,existing credits paid back duly till now,business,3868.0031085501855,unknown/ no savings account,.. >= 7 years,4.044217002900183,male : divorced/separated,none,2.1855133065847436,real estate,41.732639566465494,none,own,0.5773713512502507,skilled employee / official,2.0017092200148388,none,yes
0,0 <= ... < 200 DM,12.219996683971765,existing credits paid back duly till now,car (new),1767.2501866617156,... < 100 DM,1 <= ... < 4 years,2.1908740150589603,male : single,none,2.687652484509013,if not A121 : building society savings agreement/ life insurance,23.000015219189603,none,own,0.671930376574402,unskilled - resident,1.944322352118264,none,yes
0,< 0 DM,11.359187575240437,delay in paying off in the past,car (new),780.7641706378251,... < 100 DM,.. >= 7 years,4.06767125806271,female : divorced/separated/married,none,4.546111830892447,"if not A121/A122 : car or other, not in attribute 6",63.356712639035955,none,own,1.9171029765184464,skilled employee / official,0.7356343064865996,none,yes
1,>= 200 DM / salary assignments for at least 1 year,18.83511124591458,critical account/ other credits existing (not at this bank),car (used),1923.8158242534848,unknown/ no savings account,4 <= ... < 7 years,3.971982215104256,female : divorced/separated/married,none,3.242644271323862,unknown / no property,27.746846810634295,none,own,0.48954213297152127,unemployed/ unskilled - non-resident,0.713686593213186,none,yes
0,< 0 DM,12.35687105914951,existing credits paid back duly till now,business,2120.729844870663,unknown/ no savings account,.. >= 7 years,4.193181579813198,male : divorced/separated,none,2.5566166656775544,real estate,29.9117545497069,none,own,3.481735594542127,management/ self-employed/ highly qualified employee/ officer,-0.45170541376539863,"yes, registered under the customers name ",yes
0,< 0 DM,13.463302891219563,critical account/ other credits existing (not at this bank),furniture/equipment,702.7713412422677,... < 100 DM,... < 1 year ,6.206525307140402,male : single,guarantor,1.9573169037725233,"if not A121/A122 : car or other, not in attribute 6",41.010063696864925,none,own,1.4798390369022167,skilled employee / official,1.7817402280478172,none,yes
1,< 0 DM,10.811236945677148,no credits taken/ all credits paid back duly,radio/television,638.9015539976921,unknown/ no savings account,1 <= ... < 4 years,3.476227221458765,male : single,none,2.4128913952224007,real estate,29.695689830510208,bank,own,2.373174917888648,skilled employee / official,1.4910546048087854,"yes, registered under the customers name ",yes
0,< 0 DM,11.360248467250253,existing credits paid back duly till now,car (new),1859.7561038898227,... < 100 DM,1 <= ... < 4 years,4.422289019125359,female : divorced/separated/married,none,1.2738555973136405,"if not A121/A122 : car or other, not in attribute 6",33.78614439900608,none,own,2.2634252616521597,skilled employee / official,2.2859973646782836,none,yes
1,no checking account,11.073424058594474,all credits at this bank paid back duly,car (new),3496.9025490423896,... < 100 DM,1 <= ... < 4 years,4.068462067244298,male : single,co-applicant,2.36970592563913,real estate,28.022753768868142,none,rent,2.0813878364250775,management/ self-employed/ highly qualified employee/ officer,0.7891702866438327,"yes, registered under the customers name ",yes
0,>= 200 DM / salary assignments for at least 1 year,47.61019019684423,existing credits paid back duly till now,car (new),8486.10579264802,100 <= ... < 500 DM,... < 1 year ,1.0980019140993829,male : single,none,2.6684176852860095,if not A121 : building society savings agreement/ life insurance,25.017177347620205,none,for free,0.06340218238975082,skilled employee / official,0.8582208537996031,none,yes
1,0 <= ... < 200 DM,34.623313852443694,delay in paying off in the past,car (new),6886.736926575543,... < 100 DM,... < 1 year ,6.337845119172165,male : single,none,2.330318571927797,unknown / no property,28.23347955302113,none,own,1.0119295331965668,skilled employee / official,1.1700455285606357,none,yes
0,>= 200 DM / salary assignments for at least 1 year,15.635150946814404,existing credits paid back duly till now,car (new),2707.3141473238234,... < 100 DM,unemployed,1.6219607082685232,male : single,guarantor,3.051832098992847,"if not A121/A122 : car or other, not in attribute 6",27.34977181771506,none,rent,2.01305392567544,skilled employee / official,1.8918975755070955,none,yes
0,0 <= ... < 200 DM,17.777777302901228,critical account/ other credits existing (not at this bank),car (used),1985.3817075933778,... < 100 DM,.. >= 7 years,4.324089222320047,male : married/widowed,none,3.3763974903706404,real estate,46.928683932874065,none,own,0.6328861159657668,management/ self-employed/ highly qualified employee/ officer,-0.4702156220974789,none,yes
0,< 0 DM,58.52919370549734,existing credits paid back duly till now,business,10143.835062224603,... < 100 DM,... < 1 year ,1.201194255107018,female : divorced/separated/married,none,3.473493303483885,"if not A121/A122 : car or other, not in attribute 6",19.94721693688834,none,own,0.4604725302296051,skilled employee / official,1.7360561337383746,"yes, registered under the customers name ",yes
0,0 <= ... < 200 DM,10.984420918792459,all credits at this bank paid back duly,car (new),1241.2884442493182,unknown/ no savings account,.. >= 7 years,3.6484752648567067,male : single,none,0.8750706448978454,if not A121 : building society savings agreement/ life insurance,37.39089685617668,none,own,1.6767174014836377,skilled employee / official,0.9795044378271694,none,yes
0,0 <= ... < 200 DM,27.313513847450196,all credits at this bank paid back duly,business,8613.06170463405,... < 100 DM,1 <= ... < 4 years,2.2489339103966577,male : married/widowed,none,3.2657749251665553,unknown / no property,28.382872239040733,none,own,2.4134795440557215,skilled employee / official,-0.05863726795369639,none,yes
1,< 0 DM,12.838126567894381,existing credits paid back duly till now,car (new),766.0372278364216,... < 100 DM,.. >= 7 years,4.84630406230773,male : single,none,4.0656851747200475,unknown / no property,66.20165754263448,none,own,1.4613501119857062,unskilled - resident,-1.0846057526540664,none,yes
0,>= 200 DM / salary assignments for at least 1 year,16.996730891691787,existing credits paid back duly till now,(vacation - does not exist?),2727.9112035522876,500 <= ... < 1000 DM ,unemployed,4.319094834023574,female : divorced/separated/married,none,2.537433854227337,unknown / no property,33.99084965863316,bank,own,2.418681518034795,skilled employee / official,0.8635262881216466,none,yes
0,< 0 DM,14.91386246600733,critical account/ other credits existing (not at this bank),car (new),1881.0037962516215,... < 100 DM,1 <= ... < 4 years,3.259114849334736,male : single,none,3.9721959519438137,if not A121 : building society savings agreement/ life insurance,44.30532828734869,none,own,1.4688696025418848,management/ self-employed/ highly qualified employee/ officer,2.4477129832740703,none,yes
0,0 <= ... < 200 DM,6.414409433275996,no credits taken/ all credits paid back duly,domestic appliances,710.7187950030499,... < 100 DM,... < 1 year ,1.9050346894073282,male : single,none,1.8107543034316083,"if not A121/A122 : car or other, not in attribute 6",26.853885968405454,none,rent,0.817921070651483,skilled employee / official,2.674684666741395,"yes, registered under the customers name ",yes
0,no checking account,35.01046187996813,existing credits paid back duly till now,car (used),4792.680389273249,.. >= 1000 DM ,4 <= ... < 7 years,3.6678314701609946,male : single,none,4.031762415110634,"if not A121/A122 : car or other, not in attribute 6",33.45404640224418,none,own,-1.8696200248549566,skilled employee / official,1.3553762106700964,"yes, registered under the customers name ",yes
0,0 <= ... < 200 DM,24.86795371926869,existing credits paid back duly till now,car (new),3413.9984542555612,unknown/ no savings account,1 <= ... < 4 years,5.703985107279387,male : single,none,1.7724705846367796,"if not A121/A122 : car or other, not in attribute 6",27.285123841342273,none,own,0.5152979680484577,management/ self-employed/ highly qualified employee/ officer,2.9620056638422474,"yes, registered under the customers name ",yes
1,< 0 DM,18.267711462343836,existing credits paid back duly till now,(vacation - does not exist?),2461.456829168944,... < 100 DM,.. >= 7 years,2.3942376494420308,male : single,none,2.2551933517560165,real estate,21.619375152933635,none,own,2.0789886401423785,skilled employee / official,0.9570589170432551,none,yes
0,no checking account,20.187058904689675,existing credits paid back duly till now,domestic appliances,2288.0145278819377,.. >= 1000 DM ,1 <= ... < 4 years,3.2805184540214523,male : single,none,3.602222086059792,if not A121 : building society savings agreement/ life insurance,24.420027917787102,none,own,-0.6818057566276796,unskilled - resident,1.9533035516427812,none,no
0,< 0 DM,47.58464273982032,delay in paying off in the past,radio/television,3566.690104424764,500 <= ... < 1000 DM ,.. >= 7 years,3.305736237751931,male : divorced/separated,none,2.372325560060305,"if not A121/A122 : car or other, not in attribute 6",28.158963832707155,none,own,1.1126912004155403,unskilled - resident,0.5487691110935727,"yes, registered under the customers name ",yes
0,no checking account,5.387903200940192,critical account/ other credits existing (not at this bank),domestic appliances,860.4730871980274,100 <= ... < 500 DM,unemployed,0.05732008546865952,male : single,none,4.835614927886245,real estate,39.094320156381094,none,rent,3.5852612141852873,skilled employee / official,0.4854011607158514,none,yes
0,0 <= ... < 200 DM,11.859209113583615,existing credits paid back duly till now,car (new),681.6157540871194,unknown/ no savings account,1 <= ... < 4 years,4.936569355856788,male : single,guarantor,2.886083606946916,unknown / no property,52.994428494681074,none,own,1.2393870469895192,skilled employee / official,0.3224908831193637,none,yes
0,0 <= ... < 200 DM,37.065980230787645,delay in paying off in the past,car (used),5372.019043693242,unknown/ no savings account,1 <= ... < 4 years,2.635622707106758,male : single,none,3.7767198471176204,"if not A121/A122 : car or other, not in attribute 6",27.883800715640245,none,own,2.002149080427686,skilled employee / official,-1.0605289471243124,"yes, registered under the customers name ",yes
0,no checking account,18.157048567445344,existing credits paid back duly till now,domestic appliances,1583.0301954031527,... < 100 DM,1 <= ... < 4 years,4.1273624756564855,male : married/widowed,none,4.239149284633461,"if not A121/A122 : car or other, not in attribute 6",44.26669895535192,none,own,0.6959837427720788,skilled employee / official,2.2870922599469115,"yes, registered under the customers name ",yes
0,0 <= ... < 200 DM,5.841365162961312,critical account/ other credits existing (not at this bank),car (new),1346.1840578312715,unknown/ no savings account,unemployed,1.9364913255617313,female : divorced/separated/married,none,4.270485386110199,real estate,41.6040820355894,none,own,2.627231141663572,unskilled - resident,1.3583675608619838,"yes, registered under the customers name ",yes
0,0 <= ... < 200 DM,8.964346247174188,existing credits paid back duly till now,(vacation - does not exist?),1924.962657572487,unknown/ no savings account,... < 1 year ,1.7314924079409346,male : single,co-applicant,3.0910023054862825,if not A121 : building society savings agreement/ life insurance,39.45451804095904,none,for free,0.9166673730033857,management/ self-employed/ highly qualified employee/ officer,0.1985612202448036,"yes, registered under the customers name ",no
0,< 0 DM,34.32531705529564,critical account/ other credits existing (not at this bank),radio/television,5848.272645263432,unknown/ no savings account,1 <= ... < 4 years,3.15325590711598,female : divorced/separated/married,none,1.4184990745503845,unknown / no property,24.37606959632077,bank,own,1.0466268427940182,skilled employee / official,-0.17997168161267552,none,yes
0,0 <= ... < 200 DM,23.513692090926668,existing credits paid back duly till now,retraining,7757.438516973217,... < 100 DM,.. >= 7 years,0.9244277138569845,female : divorced/separated/married,none,3.8659727791906344,"if not A121/A122 : car or other, not in attribute 6",28.161143890487484,none,own,2.3543004655056223,skilled employee / official,0.7956405634637169,none,yes
0,< 0 DM,23.94621744918168,existing credits paid back duly till now,domestic appliances,6967.697816839,unknown/ no savings account,.. >= 7 years,4.224297307181594,male : single,none,3.3917602706627132,if not A121 : building society savings agreement/ life insurance,35.31475719282098,none,for free,1.661478394645481,skilled employee / official,2.7634923105597426,none,yes
1,< 0 DM,13.767929913579882,delay in paying off in the past,domestic appliances,1282.1106131225786,... < 100 DM,unemployed,2.600959284699897,male : single,none,3.223525591851636,if not A121 : building society savings agreement/ life insurance,19.440299728850185,bank,own,0.12437126750326022,skilled employee / official,3.0937788508227175,"yes, registered under the customers name ",yes
0,no checking account,9.130274521472886,delay in paying off in the past,domestic appliances,1288.0013398467545,... < 100 DM,.. >= 7 years,3.3325323130976408,female : divorced/separated/married,none,6.671763379756685,"if not A121/A122 : car or other, not in attribute 6",48.36119788405399,stores,rent,1.3527220759126841,unskilled - resident,0.33913312419791675,none,yes
0,0 <= ... < 200 DM,12.982739511023057,existing credits paid back duly till now,car (new),340.47295357218957,... < 100 DM,.. >= 7 years,3.190546270902672,male : single,none,0.7365227498209646,real estate,46.338196132938656,none,own,1.4949313045232986,skilled employee / official,0.6455520040237177,"yes, registered under the customers name ",yes
0,>= 200 DM / salary assignments for at least 1 year,23.500704401460847,existing credits paid back duly till now,car (used),3509.54912787146,... < 100 DM,1 <= ... < 4 years,2.6774848420913937,male : single,none,1.5430145792187322,real estate,39.052423012799174,bank,for free,1.3758789449370599,management/ self-employed/ highly qualified employee/ officer,-0.03435777009369856,"yes, registered under the customers name ",yes
0,>= 200 DM / salary assignments for at least 1 year,4.815056233582975,existing credits paid back duly till now,furniture/equipment,1896.5823158298404,.. >= 1000 DM ,1 <= ... < 4 years,0.25613907290436577,male : single,none,1.3017785402674273,"if not A121/A122 : car or other, not in attribute 6",34.45601218210913,none,own,-0.11724331212052697,skilled employee / official,2.9883377412115197,"yes, registered under the customers name ",yes
0,no checking account,23.034883237767627,existing credits paid back duly till now,car (used),2870.8129295736258,500 <= ... < 1000 DM ,... < 1 year ,2.4784613552136165,male : single,none,3.948432160523786,"if not A121/A122 : car or other, not in attribute 6",34.668355239942514,none,own,0.9467592013609222,unskilled - resident,2.2865935472939265,"yes, registered under the customers name ",yes
0,no checking account,17.274773935464246,existing credits paid back duly till now,domestic appliances,1054.6367393524313,100 <= ... < 500 DM,4 <= ... < 7 years,3.0560464752779977,male : single,none,1.5466670326164849,real estate,28.672067486006558,none,own,0.5197873388751906,skilled employee / official,0.36343067262016504,"yes, registered under the customers name ",yes
0,0 <= ... < 200 DM,17.128469732435164,critical account/ other credits existing (not at this bank),domestic appliances,1261.745391830234,... < 100 DM,.. >= 7 years,5.301158348652031,male : single,none,3.5547965217253132,"if not A121/A122 : car or other, not in attribute 6",36.53325202121376,bank,own,3.616281753563726,skilled employee / official,1.072573080591019,none,yes
0,0 <= ... < 200 DM,9.178613320775614,critical account/ other credits existing (not at this bank),domestic appliances,7306.492674352227,... < 100 DM,1 <= ... < 4 years,2.6334215410273494,female : divorced/separated/married,none,4.676614551776526,unknown / no property,68.6545289020671,none,own,1.1767876377631528,skilled employee / official,0.5225813785922915,none,yes
0,0 <= ... < 200 DM,36.838489203736344,existing credits paid back duly till now,car (new),908.0148419676892,unknown/ no savings account,1 <= ... < 4 years,4.604993375678873,male : single,none,3.3551396933626703,if not A121 : building society savings agreement/ life insurance,35.774432978931394,none,own,0.09482494325642454,unskilled - resident,2.614246094374897,none,yes
0,< 0 DM,5.097072821912974,no credits taken/ all credits paid back duly,domestic appliances,2977.1391583214763,... < 100 DM,1 <= ... < 4 years,2.2472114211424503,female : divorced/separated/married,none,2.3404404435015453,if not A121 : building society savings agreement/ life insurance,32.30415044618618,bank,own,0.30136758533754626,skilled employee / official,1.5469595150160385,none,yes
1,0 <= ... < 200 DM,18.931573012874246,critical account/ other credits existing (not at this bank),car (used),1133.4574240920758,unknown/ no savings account,unemployed,6.812649248238723,female : divorced/separated/married,none,1.1239405358894214,"if not A121/A122 : car or other, not in attribute 6",31.86240600463731,none,own,-0.8893975878739204,unemployed/ unskilled - non-resident,1.669823420916438,none,yes
0,0 <= ... < 200 DM,11.384950966105864,existing credits paid back duly till now,domestic appliances,1578.8017419477471,500 <= ... < 1000 DM ,1 <= ... < 4 years,2.2907738960898447,male : single,co-applicant,0.38035701698598834,"if not A121/A122 : car or other, not in attribute 6",18.975737665641137,none,own,-0.09946188678050372,management/ self-employed/ highly qualified employee/ officer,-1.6669174780328975,none,yes
0,no checking account,23.84336210234191,existing credits paid back duly till now,domestic appliances,3971.588250582315,... < 100 DM,1 <= ... < 4 years,1.2616234191228919,male : single,none,3.0822910254997407,"if not A121/A122 : car or other, not in attribute 6",24.90587893543218,none,own,2.016323202540699,skilled employee / official,0.9332113211711892,none,yes
1,>= 200 DM / salary assignments for at least 1 year,23.959237473864565,delay in paying off in the past,domestic appliances,1934.636416709693,... < 100 DM,unemployed,3.383824915825476,female : divorced/separated/married,guarantor,2.8116111454017307,real estate,31.503650287524053,none,own,4.231786145492391,management/ self-employed/ highly qualified employee/ officer,3.083210959059034,none,yes
1,0 <= ... < 200 DM,14.345212304570609,no credits taken/ all credits paid back duly,car (new),948.8507960028118,... < 100 DM,4 <= ... < 7 years,3.149180377617307,female : divorced/separated/married,none,4.064209488858008,"if not A121/A122 : car or other, not in attribute 6",34.061518770413755,none,own,2.7263965131989583,skilled employee / official,3.3261290700366843,"yes, registered under the customers name ",yes
0,0 <= ... < 200 DM,12.44607220148208,existing credits paid back duly till now,business,761.0918695867747,100 <= ... < 500 DM,.. >= 7 years,2.9224167523962876,male : single,none,1.6886117009788877,real estate,26.607053434770553,none,own,0.9079574613789708,management/ self-employed/ highly qualified employee/ officer,-0.8470895859203031,none,yes
1,0 <= ... < 200 DM,23.54501651965922,critical account/ other credits existing (not at this bank),domestic appliances,2063.8831198135913,... < 100 DM,1 <= ... < 4 years,2.7003469359446344,male : single,guarantor,2.97666536997813,if not A121 : building society savings agreement/ life insurance,34.073656594992194,none,own,0.5680406243460834,management/ self-employed/ highly qualified employee/ officer,0.6865741673164059,none,yes
0,0 <= ... < 200 DM,6.774394236232752,critical account/ other credits existing (not at this bank),radio/television,1413.0021480167559,... < 100 DM,unemployed,2.7833962847105953,male : single,none,2.039313066024296,if not A121 : building society savings agreement/ life insurance,32.25380524644295,none,rent,0.043504186423637736,skilled employee / official,-0.20151946591872139,"yes, registered under the customers name ",yes
1,0 <= ... < 200 DM,19.72206242568038,existing credits paid back duly till now,car (used),3413.915149468338,500 <= ... < 1000 DM ,1 <= ... < 4 years,2.335042367537413,female : divorced/separated/married,none,1.7768076988651464,unknown / no property,24.92909300415548,none,own,4.059765899339741,unskilled - resident,2.71110156036287,"yes, registered under the customers name ",yes
1,< 0 DM,30.17258791772212,existing credits paid back duly till now,domestic appliances,7483.399794150957,100 <= ... < 500 DM,.. >= 7 years,4.051698321428614,male : single,none,-0.7612894046425449,if not A121 : building society savings agreement/ life insurance,52.489122911670854,none,own,0.8112512981356251,skilled employee / official,1.2442782822759084,"yes, registered under the customers name ",no
0,no checking account,13.579091256410434,critical account/ other credits existing (not at this bank),radio/television,2576.2380255416897,... < 100 DM,1 <= ... < 4 years,2.4810286647636555,female : divorced/separated/married,none,1.8630875180453552,real estate,42.409935584980566,none,own,3.1156298300625043,skilled employee / official,0.23220444026856402,none,yes
0,no checking account,6.159991613573438,critical account/ other credits existing (not at this bank),(vacation - does not exist?),338.14862709530286,100 <= ... < 500 DM,.. >= 7 years,4.507728451638252,female : divorced/separated/married,none,4.17711983000503,real estate,52.33662370662734,none,for free,3.393519509610061,management/ self-employed/ highly qualified employee/ officer,1.034157943540789,none,yes
0,>= 200 DM / salary assignments for at least 1 year,11.881361673890117,critical account/ other credits existing (not at this bank),furniture/equipment,1963.3662095977838,100 <= ... < 500 DM,... < 1 year ,4.603006853426677,male : single,none,2.627109600149166,if not A121 : building society savings agreement/ life insurance,28.900098014274878,none,own,0.2592035686537264,unemployed/ unskilled - non-resident,-0.6073655290684838,"yes, registered under the customers name ",yes
0,0 <= ... < 200 DM,21.28582613960254,existing credits paid back duly till now,car (new),571.417471958742,unknown/ no savings account,.. >= 7 years,3.6265910631761176,female : divorced/separated/married,co-applicant,4.380023299048613,"if not A121/A122 : car or other, not in attribute 6",64.2143229717325,none,own,1.3340476042407081,skilled employee / official,-0.0849613034565766,"yes, registered under the customers name ",yes
1,0 <= ... < 200 DM,37.30600174170682,critical account/ other credits existing (not at this bank),car (used),9570.679511015844,... < 100 DM,1 <= ... < 4 years,3.1211434026336673,male : single,none,0.012944845463113364,unknown / no property,29.204507551606156,stores,for free,1.3309548758261776,unskilled - resident,1.0364437258263095,"yes, registered under the customers name ",yes
1,no checking account,36.21938250136385,existing credits paid back duly till now,radio/television,4455.854685730135,... < 100 DM,1 <= ... < 4 years,2.2344311164820976,female : divorced/separated/married,none,0.5019602246089534,"if not A121/A122 : car or other, not in attribute 6",30.07921504780414,bank,own,1.9201536358942606,unskilled - resident,1.8456753684533225,none,yes
1,no checking account,20.58907276916626,existing credits paid back duly till now,domestic appliances,1646.1997883033982,... < 100 DM,1 <= ... < 4 years,2.1375152473752053,female : divorced/separated/married,none,1.2879458338170369,if not A121 : building society savings agreement/ life insurance,38.58299108689702,none,own,1.9396857468862465,skilled employee / official,0.058685879402659236,none,yes
0,< 0 DM,25.10628871005989,delay in paying off in the past,(vacation - does not exist?),3777.6328579146075,... < 100 DM,... < 1 year ,2.9976242542337825,male : single,none,4.564917281272912,if not A121 : building society savings agreement/ life insurance,52.35582118159815,none,own,3.996239095398143,management/ self-employed/ highly qualified employee/ officer,0.6188446922975707,"yes, registered under the customers name ",yes
1,no checking account,18.428756438461612,existing credits paid back duly till now,radio/television,883.9893613233818,500 <= ... < 1000 DM ,1 <= ... < 4 years,2.2594970109721846,male : single,none,4.690091415175395,real estate,35.97105826768524,none,own,-0.07722787447475876,skilled employee / official,3.009685738518822,"yes, registered under the customers name ",yes
0,no checking account,16.53575599199599,critical account/ other credits existing (not at this bank),car (used),1358.623612500922,.. >= 1000 DM ,.. >= 7 years,4.017334629151307,male : single,none,0.6320577226181372,"if not A121/A122 : car or other, not in attribute 6",31.38433395931341,bank,rent,2.22896993566439,unskilled - resident,-0.4514533243732721,"yes, registered under the customers name ",yes
1,< 0 DM,9.183234437221905,existing credits paid back duly till now,domestic appliances,5128.683802295419,... < 100 DM,... < 1 year ,1.8781947759466664,male : single,none,3.0189006325317855,"if not A121/A122 : car or other, not in attribute 6",74.39952475604514,none,own,1.6165077424678032,unemployed/ unskilled - non-resident,2.229182834784173,none,yes
0,no checking account,14.775530968279499,existing credits paid back duly till now,car (new),1175.3653637420637,... < 100 DM,4 <= ... < 7 years,1.5315743021005421,male : single,none,2.276764314059161,"if not A121/A122 : car or other, not in attribute 6",67.63240453383982,stores,own,2.998427995530804,skilled employee / official,1.0659745031060035,"yes, registered under the customers name ",yes
1,no checking account,10.631840800754334,critical account/ other credits existing (not at this bank),car (used),674.6129653804746,unknown/ no savings account,.. >= 7 years,6.010926112400514,male : divorced/separated,none,0.6426949397331843,real estate,19.272426318178606,none,rent,1.110180577781358,skilled employee / official,2.7143803203566024,none,yes
0,0 <= ... < 200 DM,19.650927932231248,all credits at this bank paid back duly,domestic appliances,3243.8590121025554,... < 100 DM,1 <= ... < 4 years,1.548982874076911,male : single,none,2.6379491691473476,real estate,35.12167498506594,none,own,0.9551911056934128,skilled employee / official,0.7698638068883623,none,yes
1,no checking account,25.7236657207833,critical account/ other credits existing (not at this bank),car (used),4592.531778890601,100 <= ... < 500 DM,1 <= ... < 4 years,2.7260983614463346,male : single,none,1.5779482338598674,"if not A121/A122 : car or other, not in attribute 6",55.00320586961775,none,own,3.106486194602682,skilled employee / official,0.8283994016249298,"yes, registered under the customers name ",yes
1,0 <= ... < 200 DM,47.8204807867174,existing credits paid back duly till now,car (new),3845.0075107709868,... < 100 DM,1 <= ... < 4 years,3.068926512057897,male : single,none,3.1781647035924463,unknown / no property,34.821937201108675,none,own,1.511398996174372,skilled employee / official,2.8549597531646884,none,yes
1,no checking account,26.61681267886401,existing credits paid back duly till now,(vacation - does not exist?),3914.7433458836003,... < 100 DM,4 <= ... < 7 years,3.0008551086689876,male : single,none,2.086253836225006,if not A121 : building society savings agreement/ life insurance,36.57628919171821,none,own,1.3276005842711287,skilled employee / official,0.6736513319506554,"yes, registered under the customers name ",yes
0,no checking account,7.461444292242202,existing credits paid back duly till now,car (new),2108.750121812137,... < 100 DM,.. >= 7 years,2.0368054990969546,male : single,none,0.8194056602465094,real estate,27.996682609638317,none,rent,1.5702009039120914,skilled employee / official,0.7791167934491414,none,yes
1,< 0 DM,43.89295431795651,critical account/ other credits existing (not at this bank),car (new),3032.9337934851883,... < 100 DM,4 <= ... < 7 years,4.173007139652226,male : single,none,3.8841964900282338,real estate,22.277530191740272,none,for free,2.4126079006362318,skilled employee / official,0.5442749891594895,none,yes
1,>= 200 DM / salary assignments for at least 1 year,8.105272981044173,all credits at this bank paid back duly,car (used),1502.960484600783,unknown/ no savings account,1 <= ... < 4 years,0.143688432885543,female : divorced/separated/married,none,4.058552816141815,unknown / no property,33.15686734198825,none,own,2.936966541914342,skilled employee / official,0.8610881872948998,none,yes
0,no checking account,6.643326794689044,existing credits paid back duly till now,radio/television,1380.7720001191774,100 <= ... < 500 DM,4 <= ... < 7 years,0.819692977150466,male : single,guarantor,-0.30177973741351005,"if not A121/A122 : car or other, not in attribute 6",28.283286798150645,none,own,2.071294613497437,unskilled - resident,1.848406448962838,none,yes
1,< 0 DM,11.60539487714041,all credits at this bank paid back duly,radio/television,950.0734668888429,... < 100 DM,... < 1 year ,4.014072082873505,female : divorced/separated/married,none,3.7935542415894608,if not A121 : building society savings agreement/ life insurance,25.36061009453543,none,own,2.8282416481167223,unskilled - resident,1.5541614850821732,none,yes
0,no checking account,23.99487813327993,existing credits paid back duly till now,radio/television,2761.484918786734,100 <= ... < 500 DM,1 <= ... < 4 years,3.784850834228871,female : divorced/separated/married,none,5.024756733750772,"if not A121/A122 : car or other, not in attribute 6",33.95914114935248,none,rent,0.3999947252888806,skilled employee / official,0.25131769147132377,"yes, registered under the customers name ",yes
1,< 0 DM,17.83655710147549,critical account/ other credits existing (not at this bank),car (new),4295.941718949162,... < 100 DM,... < 1 year ,3.1866095876533236,female : divorced/separated/married,none,2.581731609636191,real estate,40.318291202653114,none,own,0.7803688480825847,skilled employee / official,1.1366992033272125,none,yes
0,< 0 DM,9.337574548798933,existing credits paid back duly till now,car (new),934.6774588667083,... < 100 DM,1 <= ... < 4 years,3.4604648180788598,male : single,none,1.426330309141581,"if not A121/A122 : car or other, not in attribute 6",51.19090073280509,none,own,2.2523458313414473,skilled employee / official,2.490441614100524,none,yes
0,0 <= ... < 200 DM,13.407481861313716,critical account/ other credits existing (not at this bank),radio/television,1167.513805869301,.. >= 1000 DM ,4 <= ... < 7 years,3.823140806427204,female : divorced/separated/married,none,4.163495814306474,"if not A121/A122 : car or other, not in attribute 6",25.010832428702727,none,own,0.5216672385006049,skilled employee / official,0.16863430120269474,none,yes
0,< 0 DM,27.090584906901746,critical account/ other credits existing (not at this bank),car (used),5117.420226709474,... < 100 DM,... < 1 year ,3.090800023610048,male : divorced/separated,none,3.693797921028452,unknown / no property,26.540609502947074,none,own,1.0642668008156484,skilled employee / official,1.1451667803970127,none,yes
1,no checking account,12.643938793276858,existing credits paid back duly till now,business,901.8976032933889,500 <= ... < 1000 DM ,1 <= ... < 4 years,4.604791582550568,male : single,none,5.104495025205567,if not A121 : building society savings agreement/ life insurance,23.120080771050787,bank,rent,-0.1881986891203371,unskilled - resident,0.8068393230613714,none,yes
0,no checking account,9.949827898968977,existing credits paid back duly till now,car (new),1494.3494363795944,... < 100 DM,... < 1 year ,5.080856204950871,male : single,none,1.428965391127199,unknown / no property,39.38956025858006,bank,own,0.348822240944469,skilled employee / official,1.936994984163223,"yes, registered under the customers name ",yes
0,< 0 DM,29.951281598069883,existing credits paid back duly till now,domestic appliances,10622.325787538275,... < 100 DM,unemployed,2.70565227647275,female : divorced/separated/married,none,3.657155347090163,"if not A121/A122 : car or other, not in attribute 6",37.74268211473433,bank,for free,2.765049296225431,skilled employee / official,0.3693423777505993,none,yes
0,0 <= ... < 200 DM,11.156769729707129,critical account/ other credits existing (not at this bank),radio/television,1934.2876629355874,... < 100 DM,1 <= ... < 4 years,3.5438438038846423,male : single,none,4.47969053059753,"if not A121/A122 : car or other, not in attribute 6",43.00884530669695,none,own,1.530334557929695,skilled employee / official,2.410762854312204,none,yes
0,no checking account,10.781186939576372,critical account/ other credits existing (not at this bank),car (used),1423.120490371341,unknown/ no savings account,.. >= 7 years,4.437655673534306,male : single,none,3.3204495138460377,real estate,26.887706256783915,none,own,-0.0005256841573921811,management/ self-employed/ highly qualified employee/ officer,0.2256480991118167,none,no
0,no checking account,23.121847633071248,existing credits paid back duly till now,car (new),6570.281632877276,unknown/ no savings account,4 <= ... < 7 years,2.610844916410854,female : divorced/separated/married,none,3.0208828210024743,if not A121 : building society savings agreement/ life insurance,22.122128019834907,none,own,0.6060981271556976,skilled employee / official,2.0260719701535326,"yes, registered under the customers name ",yes
0,< 0 DM,11.665876559299187,delay in paying off in the past,education,1413.2975110711855,... < 100 DM,1 <= ... < 4 years,2.5657995667411146,female : divorced/separated/married,none,1.4516544621349814,"if not A121/A122 : car or other, not in attribute 6",54.6564642811743,none,own,-0.3359173093914338,skilled employee / official,0.37862339195248884,none,yes
0,no checking account,9.915902542356013,all credits at this bank paid back duly,domestic appliances,3074.8867590544046,500 <= ... < 1000 DM ,1 <= ... < 4 years,1.7903934769661722,male : single,none,2.0412060667816196,real estate,33.034177715724574,none,own,2.379752188498697,skilled employee / official,1.3744953481042397,"yes, registered under the customers name ",yes
0,< 0 DM,34.673607282260434,existing credits paid back duly till now,furniture/equipment,3834.510922531881,... < 100 DM,4 <= ... < 7 years,2.979585341155973,male : single,none,3.9384843203953626,"if not A121/A122 : car or other, not in attribute 6",45.300614806764536,none,for free,1.7402230636056872,skilled employee / official,2.2131232504654665,"yes, registered under the customers name ",yes
1,no checking account,27.030631492594416,critical account/ other credits existing (not at this bank),domestic appliances,5292.814043322814,unknown/ no savings account,4 <= ... < 7 years,3.291686465658673,male : single,none,4.704148141639784,"if not A121/A122 : car or other, not in attribute 6",50.55387632027883,none,for free,1.4505729802246015,skilled employee / official,1.9938846034779243,"yes, registered under the customers name ",yes
1,no checking account,29.51583056666642,existing credits paid back duly till now,radio/television,1907.2864460186297,... < 100 DM,.. >= 7 years,5.778320906719823,male : single,none,2.974820805555824,unknown / no property,65.86692355798873,bank,own,0.5629726923899983,unskilled - resident,1.208665898963983,none,yes
0,< 0 DM,35.67232690563804,existing credits paid back duly till now,car (new),3339.348291665081,500 <= ... < 1000 DM ,4 <= ... < 7 years,3.1335838613405613,female : divorced/separated/married,none,3.016977048237856,"if not A121/A122 : car or other, not in attribute 6",50.87991475493126,none,for free,1.5374297701390773,management/ self-employed/ highly qualified employee/ officer,1.7611505498063198,"yes, registered under the customers name ",yes
0,no checking account,7.002757825304604,existing credits paid back duly till now,domestic appliances,930.6219907231522,... < 100 DM,.. >= 7 years,1.0138982093325113,male : single,none,3.4663287721704164,real estate,40.379832329754386,none,own,1.2860049027653209,skilled employee / official,0.7114472197436,"yes, registered under the customers name ",yes
0,no checking account,18.538115437003928,critical account/ other credits existing (not at this bank),domestic appliances,3102.1893813200195,100 <= ... < 500 DM,... < 1 year ,3.0112776966186603,male : married/widowed,none,-0.3169250736329463,if not A121 : building society savings agreement/ life insurance,32.20952070244289,none,own,0.2172660884027049,skilled employee / official,0.9916323722811101,none,yes
0,0 <= ... < 200 DM,37.337398107442745,existing credits paid back duly till now,car (new),3910.7502162220485,100 <= ... < 500 DM,.. >= 7 years,1.9019264314674924,male : single,none,3.2082628254805003,"if not A121/A122 : car or other, not in attribute 6",23.47741057343609,none,rent,2.1964984781862906,skilled employee / official,0.3383756075361809,"yes, registered under the customers name ",yes
0,< 0 DM,23.8454943207501,existing credits paid back duly till now,car (new),3019.804641025702,... < 100 DM,1 <= ... < 4 years,1.3507370803898637,male : single,none,4.234093080797731,if not A121 : building society savings agreement/ life insurance,25.719109070022927,stores,own,1.8841877387127872,skilled employee / official,1.9040649493002597,none,no
0,< 0 DM,9.304057388329298,no credits taken/ all credits paid back duly,domestic appliances,1365.3249556793817,... < 100 DM,1 <= ... < 4 years,0.5144379967689285,male : single,none,5.001833969549407,real estate,63.613554237773585,stores,own,1.6015500023439195,skilled employee / official,0.3065866688326476,none,yes
0,no checking account,11.7761411831195,existing credits paid back duly till now,car (new),624.9555638322956,... < 100 DM,... < 1 year ,4.0926794460290035,male : single,co-applicant,2.426984767226469,real estate,27.62297344862938,none,rent,1.9256446213940928,skilled employee / official,2.485156344937853,"yes, registered under the customers name ",yes
0,< 0 DM,12.242496791271222,all credits at this bank paid back duly,domestic appliances,1201.2905637623212,unknown/ no savings account,1 <= ... < 4 years,3.2316443404520876,female : divorced/separated/married,none,4.085371381602588,real estate,23.54251544353555,none,for free,-0.9772787253673629,skilled employee / official,0.6841658316801756,none,yes
0,0 <= ... < 200 DM,12.17657335845371,existing credits paid back duly till now,radio/television,707.4109825769009,unknown/ no savings account,... < 1 year ,4.085993480747625,female : divorced/separated/married,none,0.3384950802614899,"if not A121/A122 : car or other, not in attribute 6",33.27102612221459,none,own,3.3538355467931074,skilled employee / official,1.0205085640163343,none,yes
0,< 0 DM,22.915611927766633,existing credits paid back duly till now,radio/television,2978.782558825715,unknown/ no savings account,.. >= 7 years,3.205956458301147,female : divorced/separated/married,none,2.155879548832475,"if not A121/A122 : car or other, not in attribute 6",30.807518073217523,none,own,2.3920621165837423,skilled employee / official,2.7587280206543343,"yes, registered under the customers name ",yes
0,< 0 DM,15.090489781627873,existing credits paid back duly till now,car (new),4656.099103004695,... < 100 DM,4 <= ... < 7 years,1.9003416541556586,female : divorced/separated/married,none,2.2550820438677586,real estate,29.310654747782657,none,rent,2.010781384005735,skilled employee / official,1.023864421189582,"yes, registered under the customers name ",yes
0,>= 200 DM / salary assignments for at least 1 year,36.228228330138904,delay in paying off in the past,radio/television,2613.5239509541925,... < 100 DM,1 <= ... < 4 years,4.234298360376898,female : divorced/separated/married,none,1.40802119227002,real estate,27.418797828200546,none,rent,2.3871617791163624,unskilled - resident,0.7020916857146897,"yes, registered under the customers name ",yes
1,no checking account,50.51747403753392,existing credits paid back duly till now,business,10961.728714234074,... < 100 DM,1 <= ... < 4 years,1.150921526806496,female : divorced/separated/married,none,1.0854237216726488,real estate,27.39723405297899,none,rent,2.048924824680156,skilled employee / official,0.9699765521915286,none,yes
1,no checking account,13.87684461128167,critical account/ other credits existing (not at this bank),car (new),7864.423352707767,... < 100 DM,... < 1 year ,4.579281971320933,male : single,none,3.937253316031325,if not A121 : building society savings agreement/ life insurance,54.95013898417502,none,own,0.7246907876379454,unskilled - resident,1.8938183535575839,none,yes
1,no checking account,8.14675664944118,existing credits paid back duly till now,car (new),1478.559540370616,... < 100 DM,1 <= ... < 4 years,6.185863766417626,male : single,none,2.615585287861288,if not A121 : building society savings agreement/ life insurance,21.331625316700467,none,rent,1.3671443768862055,management/ self-employed/ highly qualified employee/ officer,0.33714777786329453,none,yes
0,no checking account,23.712616638450825,all credits at this bank paid back duly,domestic appliances,3149.566187758575,unknown/ no savings account,... < 1 year ,4.2772895312108465,male : single,none,-0.4527575467621472,"if not A121/A122 : car or other, not in attribute 6",22.904918518693883,none,own,0.6882520910954479,unskilled - resident,0.8737629927267352,"yes, registered under the customers name ",yes
1,no checking account,34.536557998163,existing credits paid back duly till now,car (new),4209.45044737887,100 <= ... < 500 DM,1 <= ... < 4 years,4.48508176706413,female : divorced/separated/married,none,1.5511223797196152,real estate,27.162463004681996,none,own,1.8678761000651125,skilled employee / official,1.0102867273374754,none,yes
0,< 0 DM,8.409292986036514,critical account/ other credits existing (not at this bank),car (new),2505.877231567729,... < 100 DM,.. >= 7 years,0.9224386711326746,female : divorced/separated/married,none,5.509870683120315,if not A121 : building society savings agreement/ life insurance,51.704647832220644,none,own,-0.5864566445522004,unskilled - resident,1.8645851955276562,none,yes
0,no checking account,12.31560500359034,critical account/ other credits existing (not at this bank),domestic appliances,2139.815871668102,.. >= 1000 DM ,unemployed,1.7130925594636255,male : married/widowed,none,-0.07528838022137463,real estate,34.03900365807568,none,own,0.45842413820572225,unskilled - resident,0.9001546261285635,none,yes
0,0 <= ... < 200 DM,19.205853620888234,delay in paying off in the past,domestic appliances,866.0865055419215,... < 100 DM,.. >= 7 years,5.582829446773333,male : single,none,2.8697611871649564,if not A121 : building society savings agreement/ life insurance,26.407758805254197,none,own,3.0448232484766464,skilled employee / official,2.808299094493722,none,yes
0,no checking account,3.2709161622563916,existing credits paid back duly till now,car (new),1544.3270098687892,unknown/ no savings account,.. >= 7 years,1.0765202200666963,male : divorced/separated,none,0.515269238451006,"if not A121/A122 : car or other, not in attribute 6",43.22932493131541,none,own,2.3739195364276076,skilled employee / official,1.8434614222849048,"yes, registered under the customers name ",yes
1,no checking account,23.345853559932202,existing credits paid back duly till now,education,1822.2074741695421,... < 100 DM,1 <= ... < 4 years,2.9560559285313577,male : single,none,2.5457937598499525,unknown / no property,30.599584519790376,none,own,0.761316276936522,skilled employee / official,1.7623163615947202,"yes, registered under the customers name ",yes
1,no checking account,3.852710970261345,critical account/ other credits existing (not at this bank),car (new),14555.026585341326,... < 100 DM,4 <= ... < 7 years,0.960901078783447,male : single,none,3.097327507202867,"if not A121/A122 : car or other, not in attribute 6",23.204347687208955,bank,own,0.11741906664992374,management/ self-employed/ highly qualified employee/ officer,0.8289678783822683,none,yes
1,no checking account,20.837334079455093,no credits taken/ all credits paid back duly,car (new),2767.5705370361384,... < 100 DM,.. >= 7 years,3.9098075866226116,female : divorced/separated/married,none,2.7412817669850216,if not A121 : building society savings agreement/ life insurance,61.22610801004437,none,own,2.335845672885824,management/ self-employed/ highly qualified employee/ officer,-0.31664142865801015,none,yes
0,< 0 DM,10.937585588140436,delay in paying off in the past,domestic appliances,1291.6181907146654,100 <= ... < 500 DM,.. >= 7 years,3.0974934935567084,male : single,guarantor,2.9091596022138764,"if not A121/A122 : car or other, not in attribute 6",34.92126420776062,none,own,1.2637351098578051,skilled employee / official,-0.03672684675868498,"yes, registered under the customers name ",yes
0,no checking account,29.470560572633925,existing credits paid back duly till now,radio/television,2523.5518801201224,... < 100 DM,1 <= ... < 4 years,0.6950267812869,male : married/widowed,none,1.8484064665920439,"if not A121/A122 : car or other, not in attribute 6",39.64078513425264,bank,own,0.81438906519295,skilled employee / official,1.4693331102609068,none,yes
1,no checking account,23.12313922183241,existing credits paid back duly till now,radio/television,916.2769808321981,... < 100 DM,1 <= ... < 4 years,5.229375717650104,female : divorced/separated/married,none,3.1136597067412985,if not A121 : building society savings agreement/ life insurance,29.031134852944977,none,own,1.8488665360350707,skilled employee / official,2.13582984885013,none,yes
0,>= 200 DM / salary assignments for at least 1 year,5.905737445747443,existing credits paid back duly till now,car (new),1593.9987085672435,unknown/ no savings account,4 <= ... < 7 years,2.1940063911682026,male : married/widowed,none,1.1473068853651802,real estate,50.15147502464736,none,own,0.30123658118518415,skilled employee / official,1.9668739406379898,none,yes
1,< 0 DM,46.24227160864337,existing credits paid back duly till now,car (new),4606.683586209538,... < 100 DM,1 <= ... < 4 years,1.6063275156338284,female : divorced/separated/married,none,4.259541765571538,"if not A121/A122 : car or other, not in attribute 6",22.951408355172408,bank,rent,2.7886111192652208,skilled employee / official,1.5153558103842935,none,yes
0,>= 200 DM / salary assignments for at least 1 year,10.53295475460901,existing credits paid back duly till now,car (used),1184.4690234954444,... < 100 DM,4 <= ... < 7 years,3.9425936208997925,female : divorced/separated/married,co-applicant,2.258246186997227,unknown / no property,26.247963746347708,none,own,2.8222293155603566,unskilled - resident,2.226534745606595,none,yes
0,no checking account,14.129247112028299,existing credits paid back duly till now,radio/television,3448.0448728124543,... < 100 DM,1 <= ... < 4 years,4.492296911938037,male : single,none,3.485122558869581,if not A121 : building society savings agreement/ life insurance,35.22213224254945,none,own,2.0549560947192935,management/ self-employed/ highly qualified employee/ officer,3.551177132892261,none,yes
0,no checking account,22.71257741872597,existing credits paid back duly till now,domestic appliances,1258.0679866260512,unknown/ no savings account,.. >= 7 years,3.3794813793513385,male : single,none,1.3369566760601905,real estate,24.973044163564794,none,rent,1.1405409949180403,skilled employee / official,2.2553824609077604,none,yes
0,< 0 DM,10.90321442154536,critical account/ other credits existing (not at this bank),radio/television,716.587850621543,... < 100 DM,4 <= ... < 7 years,2.4178329838730823,male : single,co-applicant,3.1561900214752767,if not A121 : building society savings agreement/ life insurance,52.21534379328875,bank,own,6.241259076976785,management/ self-employed/ highly qualified employee/ officer,0.14691000276484234,"yes, registered under the customers name ",yes
0,< 0 DM,7.836913528321314,critical account/ other credits existing (not at this bank),car (new),1202.192303140225,... < 100 DM,1 <= ... < 4 years,3.255376643561437,male : single,none,-0.34986741229571616,"if not A121/A122 : car or other, not in attribute 6",35.50081313354611,none,own,2.054533696542082,management/ self-employed/ highly qualified employee/ officer,0.5047513798063443,"yes, registered under the customers name ",yes
0,0 <= ... < 200 DM,26.905067169240407,critical account/ other credits existing (not at this bank),domestic appliances,1924.8284354897837,.. >= 1000 DM ,.. >= 7 years,1.9452955631507287,female : divorced/separated/married,none,2.8723486799617683,"if not A121/A122 : car or other, not in attribute 6",25.37267907408312,none,for free,1.3248776244068265,skilled employee / official,2.813736070314719,none,yes
1,0 <= ... < 200 DM,16.828433371174658,existing credits paid back duly till now,car (new),431.44061676469437,... < 100 DM,.. >= 7 years,4.165672089883819,male : single,none,4.185834577518915,if not A121 : building society savings agreement/ life insurance,23.465660168345348,none,own,0.12407558591826484,management/ self-employed/ highly qualified employee/ officer,1.2411396920000222,none,yes
0,0 <= ... < 200 DM,5.6317510432119695,existing credits paid back duly till now,car (used),666.9672992358428,... < 100 DM,4 <= ... < 7 years,1.963418025130343,male : married/widowed,none,5.149376840957817,if not A121 : building society savings agreement/ life insurance,38.73228917295253,none,rent,1.902940874125859,skilled employee / official,0.7323729351039214,none,yes
0,0 <= ... < 200 DM,12.341555550940509,existing credits paid back duly till now,radio/television,2252.5167926571394,... < 100 DM,.. >= 7 years,0.9154801184885266,female : divorced/separated/married,none,1.955267065812132,"if not A121/A122 : car or other, not in attribute 6",45.56657301521849,none,rent,2.426326976900034,management/ self-employed/ highly qualified employee/ officer,1.7183479613308372,none,yes
1,0 <= ... < 200 DM,31.728697644405592,existing credits paid back duly till now,car (new),2149.2030890107035,... < 100 DM,.. >= 7 years,4.675144659894898,male : single,none,0.5948356393230396,"if not A121/A122 : car or other, not in attribute 6",24.482386237332452,none,own,2.7095346156262687,skilled employee / official,2.0072990673581126,none,yes
0,no checking account,23.013142921571763,existing credits paid back duly till now,radio/television,4151.301970742519,... < 100 DM,unemployed,-0.38126734012192065,female : divorced/separated/married,guarantor,3.966129681004106,if not A121 : building society savings agreement/ life insurance,33.163489797624926,none,own,3.478329100440229,skilled employee / official,0.4285504290717356,"yes, registered under the customers name ",yes
0,no checking account,8.754722154057891,critical account/ other credits existing (not at this bank),car (new),2029.274608477992,100 <= ... < 500 DM,1 <= ... < 4 years,3.0337861679388998,female : divorced/separated/married,none,0.629629390338893,if not A121 : building society savings agreement/ life insurance,23.20946555027708,bank,own,1.7851923067296196,skilled employee / official,1.2194399586199314,none,yes
0,no checking account,60.77733757606175,all credits at this bank paid back duly,domestic appliances,7417.371515269863,... < 100 DM,1 <= ... < 4 years,-0.18245057220643734,male : married/widowed,guarantor,1.3420034574210211,real estate,27.981072798691834,bank,own,-0.25566020629557196,unemployed/ unskilled - non-resident,1.9265600692170586,none,yes
0,no checking account,24.43476607446662,critical account/ other credits existing (not at this bank),domestic appliances,2684.7744947038655,.. >= 1000 DM ,... < 1 year ,4.331995493456935,female : divorced/separated/married,none,1.3525405715204808,real estate,33.26257807093789,none,own,2.4871618178256703,management/ self-employed/ highly qualified employee/ officer,-0.16028714595985316,"yes, registered under the customers name ",yes
1,< 0 DM,11.623843928769901,critical account/ other credits existing (not at this bank),car (new),2148.9614617381567,unknown/ no savings account,... < 1 year ,4.246683149610744,female : divorced/separated/married,co-applicant,2.6443017102336905,unknown / no property,30.117574196933155,bank,for free,-0.2414023780529977,skilled employee / official,1.01234545742614,"yes, registered under the customers name ",yes
0,no checking account,14.86617703548396,critical account/ other credits existing (not at this bank),domestic appliances,3813.739648041931,.. >= 1000 DM ,1 <= ... < 4 years,2.084586391463845,male : single,none,3.123435175816803,real estate,24.511136566359134,none,own,-0.4874711933807585,unskilled - resident,-0.11438965305071536,"yes, registered under the customers name ",yes
0,0 <= ... < 200 DM,9.625104191630019,existing credits paid back duly till now,car (new),1153.5177675212972,... < 100 DM,... < 1 year ,4.55092438089354,male : single,none,3.6625702458938254,real estate,56.63054466217625,none,rent,3.2391586845772387,management/ self-employed/ highly qualified employee/ officer,0.016419503073189068,"yes, registered under the customers name ",yes
0,0 <= ... < 200 DM,11.761826256025335,existing credits paid back duly till now,domestic appliances,1657.9993363324745,... < 100 DM,.. >= 7 years,-0.3772904917299811,female : divorced/separated/married,none,2.1074487026973165,if not A121 : building society savings agreement/ life insurance,27.29181276742631,none,own,1.5231994472697505,skilled employee / official,0.4368999225196959,none,yes
0,< 0 DM,23.733612509991044,existing credits paid back duly till now,car (new),1603.0974134129578,... < 100 DM,.. >= 7 years,3.215220752844009,female : divorced/separated/married,none,2.907817672913042,real estate,56.119087084851024,stores,own,1.9033770984808047,skilled employee / official,1.4771195378794704,"yes, registered under the customers name ",yes
0,>= 200 DM / salary assignments for at least 1 year,18.232169889626256,existing credits paid back duly till now,radio/television,5302.795778009744,.. >= 1000 DM ,... < 1 year ,2.13820512935328,male : single,none,4.330519528587595,real estate,35.53321081195648,none,own,3.497136240386094,skilled employee / official,0.6779773713618653,none,yes
0,no checking account,11.444672781180984,critical account/ other credits existing (not at this bank),business,2747.55284234267,... < 100 DM,.. >= 7 years,1.805020113880213,male : married/widowed,none,5.61191047746749,"if not A121/A122 : car or other, not in attribute 6",57.86777552052618,none,for free,3.5315859857427485,skilled employee / official,0.3515818750315939,"yes, registered under the customers name ",yes
0,0 <= ... < 200 DM,10.471538522545139,critical account/ other credits existing (not at this bank),car (used),1230.9504411624484,.. >= 1000 DM ,4 <= ... < 7 years,3.4776107297567704,male : single,none,3.5095378393062897,if not A121 : building society savings agreement/ life insurance,31.328851204869327,none,own,1.0153474150076236,skilled employee / official,2.0515545633249594,none,yes
1,< 0 DM,16.012715817819828,critical account/ other credits existing (not at this bank),(vacation - does not exist?),801.8845011207011,unknown/ no savings account,.. >= 7 years,4.789366555669705,male : divorced/separated,co-applicant,3.3951428190317254,"if not A121/A122 : car or other, not in attribute 6",36.52239770666682,none,own,0.8950233153153336,skilled employee / official,0.8530372717335704,none,yes
0,no checking account,36.155429327668465,existing credits paid back duly till now,repairs,6303.163942885154,... < 100 DM,4 <= ... < 7 years,4.608451736429679,male : single,none,1.2505646139614446,unknown / no property,35.20066353567503,stores,own,0.4928832143655122,unskilled - resident,1.42880321783391,none,yes
0,< 0 DM,24.351756408399204,existing credits paid back duly till now,car (new),1533.6620815345818,... < 100 DM,unemployed,3.785725057445535,male : single,none,2.9610707995151593,"if not A121/A122 : car or other, not in attribute 6",38.3426471991948,bank,own,-1.0033691294001956,management/ self-employed/ highly qualified employee/ officer,2.13138676195831,none,yes
1,no checking account,14.053155347577867,existing credits paid back duly till now,radio/television,8978.65024900558,100 <= ... < 500 DM,... < 1 year ,-0.8463370111204804,male : married/widowed,none,3.686957714073795,real estate,46.15796905256555,none,own,1.7406427098430741,skilled employee / official,0.9207959590119884,"yes, registered under the customers name ",yes
0,< 0 DM,24.000084393091413,critical account/ other credits existing (not at this bank),business,999.5935546949056,500 <= ... < 1000 DM ,... < 1 year ,3.5445187511451826,male : single,none,1.181502397589615,unknown / no property,24.815887067882837,none,own,1.2468756062090414,skilled employee / official,0.7973510066997918,"yes, registered under the customers name ",yes
0,no checking account,17.27844196645715,existing credits paid back duly till now,car (new),2663.536965653918,unknown/ no savings account,1 <= ... < 4 years,4.416368148138956,male : single,none,4.081450469628532,unknown / no property,30.728750840087596,none,own,1.8724985021430536,management/ self-employed/ highly qualified employee/ officer,1.3734403532155695,none,yes
0,< 0 DM,12.316494261673308,existing credits paid back duly till now,domestic appliances,1403.4493448012363,unknown/ no savings account,... < 1 year ,1.9095527474495224,female : divorced/separated/married,none,3.6737563183761717,real estate,35.917293177713184,none,own,2.1083475778800387,unskilled - resident,-1.0284694188315449,none,yes
0,0 <= ... < 200 DM,47.90271340158651,existing credits paid back duly till now,(vacation - does not exist?),12168.62505531015,... < 100 DM,4 <= ... < 7 years,4.631274730121576,female : divorced/separated/married,none,3.8225225129064127,real estate,36.39459942137054,bank,own,0.38068267537680234,skilled employee / official,1.5368174565978674,"yes, registered under the customers name ",yes
1,no checking account,50.09316830893059,critical account/ other credits existing (not at this bank),radio/television,3060.373052318434,... < 100 DM,1 <= ... < 4 years,4.908393297267304,male : divorced/separated,none,3.6228071252109286,"if not A121/A122 : car or other, not in attribute 6",29.844116413394268,bank,own,2.590311094555299,unskilled - resident,4.101885803744864,none,yes
1,0 <= ... < 200 DM,31.57335490247524,critical account/ other credits existing (not at this bank),radio/television,11997.376399310742,... < 100 DM,1 <= ... < 4 years,1.1268669762958425,male : divorced/separated,none,-0.9168158717650765,unknown / no property,34.3937249993144,none,rent,0.3388432713863584,unskilled - resident,0.8773237788852796,none,no
0,< 0 DM,9.385846552556501,critical account/ other credits existing (not at this bank),(vacation - does not exist?),2697.0233553161147,... < 100 DM,.. >= 7 years,-2.063779866312396,female : divorced/separated/married,none,0.868013559923039,if not A121 : building society savings agreement/ life insurance,31.61310344934875,none,own,-0.845878874626824,skilled employee / official,1.8808749662836692,"yes, registered under the customers name ",yes
0,no checking account,17.236942790305232,critical account/ other credits existing (not at this bank),car (used),2403.400250550881,500 <= ... < 1000 DM ,1 <= ... < 4 years,0.7219116372881966,male : single,none,2.961093486120216,real estate,26.766183966850285,none,rent,2.1233094044424585,unskilled - resident,1.7436070000996833,"yes, registered under the customers name ",yes
0,< 0 DM,10.887588528016583,existing credits paid back duly till now,car (new),1263.620070309136,... < 100 DM,1 <= ... < 4 years,3.886189158556082,male : married/widowed,none,1.8900493531200282,"if not A121/A122 : car or other, not in attribute 6",48.76050136441325,none,own,0.5291261202842392,skilled employee / official,2.645332668197962,none,yes
1,< 0 DM,7.191142953088865,critical account/ other credits existing (not at this bank),domestic appliances,4611.363698150343,... < 100 DM,1 <= ... < 4 years,0.453462206971622,male : single,none,3.233684650384294,unknown / no property,31.621714782635795,none,own,0.5599109894128682,management/ self-employed/ highly qualified employee/ officer,1.974967844434135,"yes, registered under the customers name ",yes
0,0 <= ... < 200 DM,24.26274922514714,delay in paying off in the past,domestic appliances,1900.7819708718955,500 <= ... < 1000 DM ,4 <= ... < 7 years,2.0158567768710043,male : divorced/separated,none,3.600279943710236,unknown / no property,28.041540894304738,none,rent,2.9753431178455254,unskilled - resident,-1.1556068785835505,none,yes
0,< 0 DM,15.480143403391612,existing credits paid back duly till now,(vacation - does not exist?),3369.1936185718564,... < 100 DM,.. >= 7 years,4.235247388310272,female : divorced/separated/married,guarantor,5.743621867291566,if not A121 : building society savings agreement/ life insurance,24.408448844246355,none,own,0.4741430172673282,management/ self-employed/ highly qualified employee/ officer,1.563398837662747,"yes, registered under the customers name ",yes
0,>= 200 DM / salary assignments for at least 1 year,10.255414013025808,existing credits paid back duly till now,domestic appliances,1571.8293845902047,... < 100 DM,.. >= 7 years,4.0133555915436725,male : single,none,2.768603765496369,if not A121 : building society savings agreement/ life insurance,47.460792082504334,bank,for free,1.382871135371471,skilled employee / official,3.5719301452416747,none,yes
0,no checking account,18.92743848155818,existing credits paid back duly till now,car (used),1442.9858974051347,... < 100 DM,unemployed,5.104940488957725,female : divorced/separated/married,none,3.4428294729469004,if not A121 : building society savings agreement/ life insurance,49.79785920027927,none,own,0.0051927628552485006,management/ self-employed/ highly qualified employee/ officer,1.622441046759465,"yes, registered under the customers name ",yes
0,0 <= ... < 200 DM,15.454420338214362,critical account/ other credits existing (not at this bank),domestic appliances,1520.7958386552198,... < 100 DM,unemployed,4.276958675219365,female : divorced/separated/married,none,5.304513697115551,"if not A121/A122 : car or other, not in attribute 6",62.536255062202464,none,own,1.9082614092673245,skilled employee / official,-0.15460191327174955,"yes, registered under the customers name ",yes
0,< 0 DM,22.889569315585522,existing credits paid back duly till now,radio/television,3878.0604684481173,... < 100 DM,1 <= ... < 4 years,4.458559136212169,female : divorced/separated/married,none,1.2594841794988803,"if not A121/A122 : car or other, not in attribute 6",36.58965926854839,none,own,1.2984312361750658,management/ self-employed/ highly qualified employee/ officer,1.281829624418614,"yes, registered under the customers name ",yes
0,< 0 DM,46.528475192550054,existing credits paid back duly till now,radio/television,10722.25044630026,100 <= ... < 500 DM,.. >= 7 years,1.3630092477145166,male : single,none,2.0090998037340055,if not A121 : building society savings agreement/ life insurance,36.692315156117814,none,own,1.3793443491806137,unskilled - resident,-0.280687251341067,"yes, registered under the customers name ",yes
0,no checking account,48.26371720435652,existing credits paid back duly till now,car (new),4786.673603896681,unknown/ no savings account,1 <= ... < 4 years,4.697488311921,male : divorced/separated,none,1.6411227540769844,"if not A121/A122 : car or other, not in attribute 6",25.285868907799948,none,own,0.05511038239774013,skilled employee / official,3.2328036892688594,"yes, registered under the customers name ",yes
0,0 <= ... < 200 DM,48.05246679835624,critical account/ other credits existing (not at this bank),domestic appliances,7581.97676628915,... < 100 DM,4 <= ... < 7 years,4.277430448556098,male : single,none,5.0732578317891575,"if not A121/A122 : car or other, not in attribute 6",30.31993084597159,none,own,0.23441208671167657,unskilled - resident,0.04411741197207453,"yes, registered under the customers name ",yes
0,no checking account,11.707828814196445,existing credits paid back duly till now,radio/television,1094.0035094104014,unknown/ no savings account,... < 1 year ,4.9710063359591885,male : married/widowed,none,3.5938663545290144,"if not A121/A122 : car or other, not in attribute 6",48.86960576108047,stores,own,2.927250507345886,unskilled - resident,1.074243634692023,"yes, registered under the customers name ",yes
1,< 0 DM,23.89651173193404,critical account/ other credits existing (not at this bank),domestic appliances,1024.8241996197958,unknown/ no savings account,... < 1 year ,2.419660682154465,male : single,none,2.9714957590587305,real estate,48.41384738581224,none,own,2.770797721727563,skilled employee / official,0.14221999800815233,none,yes
0,0 <= ... < 200 DM,11.748022621793115,existing credits paid back duly till now,radio/television,1076.1697065451428,... < 100 DM,.. >= 7 years,2.4466615152789033,male : single,none,1.782856386923686,if not A121 : building society savings agreement/ life insurance,25.55814421770713,none,own,1.4803078172241873,skilled employee / official,0.453551942452009,"yes, registered under the customers name ",yes
1,no checking account,36.15256251210247,existing credits paid back duly till now,car (new),9397.560946089896,unknown/ no savings account,... < 1 year ,2.141480768103218,male : divorced/separated,none,4.277344179720215,unknown / no property,26.426141069464116,none,own,0.10257927922856724,unskilled - resident,2.486150645860495,none,yes
0,0 <= ... < 200 DM,25.471491972993157,existing credits paid back duly till now,(vacation - does not exist?),6418.605427148131,... < 100 DM,... < 1 year ,3.202700806536146,female : divorced/separated/married,none,3.5052515694742876,unknown / no property,43.134301819118235,none,own,2.338938522462068,unskilled - resident,2.1034571648936975,none,yes
0,0 <= ... < 200 DM,39.4333415590687,critical account/ other credits existing (not at this bank),radio/television,4793.8708021108,... < 100 DM,4 <= ... < 7 years,3.5733950169409003,male : single,none,4.553953505995324,if not A121 : building society savings agreement/ life insurance,57.28133385646452,none,own,3.4274720443376094,unskilled - resident,0.4407975262742799,none,yes
0,>= 200 DM / salary assignments for at least 1 year,47.763149735490316,critical account/ other credits existing (not at this bank),car (new),7629.257640420921,... < 100 DM,1 <= ... < 4 years,5.1649444451881275,male : single,none,1.4170061163359327,if not A121 : building society savings agreement/ life insurance,46.07477678913551,none,own,2.102422810718912,management/ self-employed/ highly qualified employee/ officer,0.8547720291132772,none,yes
1,0 <= ... < 200 DM,48.17651242137245,existing credits paid back duly till now,radio/television,9960.845483108482,... < 100 DM,... < 1 year ,1.9277423995512053,male : single,none,2.620372393931358,"if not A121/A122 : car or other, not in attribute 6",26.45108728370382,stores,for free,2.4618408593935994,management/ self-employed/ highly qualified employee/ officer,-0.8717014863994363,none,yes
0,no checking account,12.2959939896871,critical account/ other credits existing (not at this bank),car (new),4673.424380672829,unknown/ no savings account,4 <= ... < 7 years,3.57251743696973,male : single,none,4.442222062036599,real estate,19.738578792826964,bank,own,0.259670634161288,unskilled - resident,-0.2512806335226867,"yes, registered under the customers name ",yes
0,< 0 DM,9.62808541867871,existing credits paid back duly till now,car (new),1286.3385831076932,... < 100 DM,.. >= 7 years,3.2499982637514884,male : single,none,1.9390769452920649,"if not A121/A122 : car or other, not in attribute 6",44.34050230382673,bank,own,0.9579139483636132,skilled employee / official,1.111959241444378,none,yes
0,no checking account,16.243278217521418,existing credits paid back duly till now,radio/television,2513.8425353677667,.. >= 1000 DM ,1 <= ... < 4 years,2.4925994235995748,male : single,none,3.55861768763405,if not A121 : building society savings agreement/ life insurance,44.67756944987541,none,own,1.6195652061255426,unskilled - resident,1.9802337687226637,none,yes
0,0 <= ... < 200 DM,21.32799548371411,critical account/ other credits existing (not at this bank),business,2744.0346488051914,... < 100 DM,1 <= ... < 4 years,2.693880951540046,female : divorced/separated/married,none,2.1515407957652664,real estate,31.81180814294892,none,for free,2.397328308262864,skilled employee / official,0.43964850757779894,none,yes
0,< 0 DM,7.7273502141641845,existing credits paid back duly till now,car (used),672.0534816268218,100 <= ... < 500 DM,... < 1 year ,0.5097778499612247,female : divorced/separated/married,none,4.550253743033699,"if not A121/A122 : car or other, not in attribute 6",53.556630120472875,bank,own,0.2336113198888392,skilled employee / official,2.5705436007190148,none,yes
1,< 0 DM,34.46613859508386,existing credits paid back duly till now,radio/television,3801.9155978450117,... < 100 DM,4 <= ... < 7 years,3.109979250236397,male : married/widowed,none,3.0617991527316084,"if not A121/A122 : car or other, not in attribute 6",43.09614236635534,bank,own,0.19048254286940036,skilled employee / official,0.28249957777177315,"yes, registered under the customers name ",yes
1,< 0 DM,24.86382801369819,existing credits paid back duly till now,(vacation - does not exist?),1344.6142704383572,... < 100 DM,4 <= ... < 7 years,1.237324494326257,female : divorced/separated/married,none,2.939420421798181,"if not A121/A122 : car or other, not in attribute 6",36.277639641132616,none,own,2.9882844031026585,management/ self-employed/ highly qualified employee/ officer,1.7619882771201207,"yes, registered under the customers name ",yes
0,0 <= ... < 200 DM,9.671474776877107,existing credits paid back duly till now,domestic appliances,1038.7538550699337,100 <= ... < 500 DM,.. >= 7 years,3.5653005262768658,female : divorced/separated/married,none,3.9759899498158413,real estate,48.405272656226,none,rent,3.191550812650145,skilled employee / official,-0.07957672033725194,none,yes
1,no checking account,47.93867565417115,critical account/ other credits existing (not at this bank),radio/television,10126.748897411962,500 <= ... < 1000 DM ,... < 1 year ,2.3693580596999047,male : married/widowed,co-applicant,5.088512194860284,"if not A121/A122 : car or other, not in attribute 6",44.0102466840169,none,own,2.5121435581219203,skilled employee / official,1.9907617345678559,none,yes
0,< 0 DM,4.947101489296051,delay in paying off in the past,car (used),1540.5192914900153,... < 100 DM,... < 1 year ,3.5067781544940893,female : divorced/separated/married,none,2.5159584767678442,"if not A121/A122 : car or other, not in attribute 6",33.00027010408818,none,own,2.8039304832528678,skilled employee / official,3.097510614044568,"yes, registered under the customers name ",yes
0,no checking account,29.66554382764412,critical account/ other credits existing (not at this bank),radio/television,4810.003581373998,... < 100 DM,... < 1 year ,3.9353811835291097,female : divorced/separated/married,none,4.4846435113117025,unknown / no property,24.259611347903213,none,rent,1.1346194363225965,skilled employee / official,-0.7618169609361978,none,yes
1,no checking account,13.300044594698958,existing credits paid back duly till now,business,728.2329019341026,... < 100 DM,... < 1 year ,4.0133758127158625,male : single,none,3.704015074321654,real estate,35.09166908939549,none,for free,0.6888007557684066,management/ self-employed/ highly qualified employee/ officer,0.6538379313653018,"yes, registered under the customers name ",yes
1,no checking account,8.582655241987707,existing credits paid back duly till now,radio/television,1234.2220057192715,500 <= ... < 1000 DM ,1 <= ... < 4 years,4.2910290551841355,male : single,none,2.991034022411747,real estate,24.33624824635237,none,own,2.3509909387784687,skilled employee / official,2.2647798470500353,none,yes
0,no checking account,10.732311605409944,existing credits paid back duly till now,(vacation - does not exist?),275.65247658780646,unknown/ no savings account,1 <= ... < 4 years,4.261420412729969,male : single,none,3.5560983635812438,real estate,19.6219460372492,none,own,1.7130692818515867,management/ self-employed/ highly qualified employee/ officer,-0.4469455214256013,"yes, registered under the customers name ",yes
0,< 0 DM,49.177411888977694,existing credits paid back duly till now,domestic appliances,5379.819999221533,... < 100 DM,1 <= ... < 4 years,3.826407309893258,male : single,none,3.493830733307666,real estate,40.32629894343156,none,own,0.017544741332408575,unskilled - resident,1.5666839069710865,"yes, registered under the customers name ",yes
0,no checking account,24.439086678929577,no credits taken/ all credits paid back duly,car (new),5511.804570301585,100 <= ... < 500 DM,1 <= ... < 4 years,4.279241553933562,male : single,none,1.6476139772195617,if not A121 : building society savings agreement/ life insurance,25.0378799944896,none,rent,-0.033635665518911395,unskilled - resident,2.221472200207571,none,yes
0,>= 200 DM / salary assignments for at least 1 year,25.74393452616779,existing credits paid back duly till now,car (new),3748.3248860478566,... < 100 DM,.. >= 7 years,3.368784631903563,male : single,guarantor,3.8258254377788012,unknown / no property,26.043450024351458,none,own,1.4919302013563092,skilled employee / official,1.0782288143568373,none,yes
1,0 <= ... < 200 DM,12.438993158738299,all credits at this bank paid back duly,car (used),685.4039540207356,.. >= 1000 DM ,1 <= ... < 4 years,2.055939350132401,female : divorced/separated/married,none,3.138223425474303,if not A121 : building society savings agreement/ life insurance,25.245947309396172,none,rent,0.8227253385160004,skilled employee / official,1.5502630709401326,"yes, registered under the customers name ",yes
0,>= 200 DM / salary assignments for at least 1 year,4.827988176797059,no credits taken/ all credits paid back duly,car (new),1494.565460419169,... < 100 DM,4 <= ... < 7 years,1.4961207080887857,male : single,none,3.0874546201484643,real estate,28.9713217123252,none,for free,0.9735700452593025,management/ self-employed/ highly qualified employee/ officer,3.7609023861276074,none,yes
1,no checking account,35.70342904646529,critical account/ other credits existing (not at this bank),radio/television,2747.83622583973,... < 100 DM,1 <= ... < 4 years,4.366332933650043,male : single,none,4.863150738704139,"if not A121/A122 : car or other, not in attribute 6",30.947387906944613,stores,for free,2.0725333647101944,skilled employee / official,2.9484265541011467,none,yes
0,no checking account,12.066545815859206,delay in paying off in the past,car (used),707.7970580563247,unknown/ no savings account,1 <= ... < 4 years,1.7117145418726811,male : single,none,2.8382789969587527,"if not A121/A122 : car or other, not in attribute 6",38.613044209770784,bank,own,1.7590371449850357,unemployed/ unskilled - non-resident,1.938032786965517,none,yes
0,no checking account,23.302576176699723,existing credits paid back duly till now,education,4351.376044369623,... < 100 DM,4 <= ... < 7 years,1.4049823189246768,male : single,none,3.3300049031217775,real estate,47.4579192028055,bank,own,2.3298732484184317,skilled employee / official,0.46762215070076685,none,yes
0,< 0 DM,12.989583934594853,delay in paying off in the past,car (new),699.5149445208725,... < 100 DM,.. >= 7 years,6.234386246197682,female : divorced/separated/married,none,3.1352747316531886,unknown / no property,31.052313664360824,none,own,0.06846389362663352,unskilled - resident,0.08001988892630352,none,yes
0,< 0 DM,13.821696376885134,existing credits paid back duly till now,car (used),3644.1904135632935,100 <= ... < 500 DM,.. >= 7 years,0.729603057904558,male : single,none,4.773891180909866,"if not A121/A122 : car or other, not in attribute 6",30.02378145262239,none,own,2.253397917221201,unskilled - resident,1.9769641504287125,none,yes
1,0 <= ... < 200 DM,30.78235034241766,existing credits paid back duly till now,car (new),4248.239491151929,... < 100 DM,.. >= 7 years,4.419464892853249,male : single,none,0.39374318170461775,unknown / no property,27.284142556218768,bank,own,2.6946885223972066,skilled employee / official,-0.37177555779096827,none,yes
1,no checking account,23.80934894249484,delay in paying off in the past,domestic appliances,1937.4392458359123,unknown/ no savings account,4 <= ... < 7 years,5.257778950869443,male : single,none,2.6868460610917193,"if not A121/A122 : car or other, not in attribute 6",32.10014291246008,none,own,-0.526585856687684,skilled employee / official,0.7474259620087976,"yes, registered under the customers name ",yes
0,0 <= ... < 200 DM,25.17124709346732,existing credits paid back duly till now,domestic appliances,2909.977752205151,... < 100 DM,... < 1 year ,3.1402532809442802,male : single,none,1.1655154620167625,"if not A121/A122 : car or other, not in attribute 6",32.50433974912463,none,own,0.34510435869002787,unskilled - resident,1.1026897709544659,none,yes
0,no checking account,18.75086898873126,existing credits paid back duly till now,business,2657.4371156546604,100 <= ... < 500 DM,... < 1 year ,4.011716417719366,female : divorced/separated/married,none,2.7788297171210314,unknown / no property,28.116468415051422,bank,rent,0.159514837671081,skilled employee / official,0.4969974872812455,"yes, registered under the customers name ",yes
0,0 <= ... < 200 DM,19.820646157646802,critical account/ other credits existing (not at this bank),domestic appliances,1028.228770028929,... < 100 DM,.. >= 7 years,1.6166112970426383,female : divorced/separated/married,co-applicant,3.910101494939771,real estate,35.066774449310664,none,own,2.0216981710599162,skilled employee / official,1.279820265019124,"yes, registered under the customers name ",yes
0,no checking account,8.730774691138645,critical account/ other credits existing (not at this bank),business,3398.967466272925,unknown/ no savings account,.. >= 7 years,1.5167028186484663,female : divorced/separated/married,none,4.283906001175474,real estate,38.55752705714999,none,own,3.6278539686940636,management/ self-employed/ highly qualified employee/ officer,3.564513318292758,"yes, registered under the customers name ",yes
0,0 <= ... < 200 DM,10.42795974434676,existing credits paid back duly till now,car (new),5801.292933823497,... < 100 DM,1 <= ... < 4 years,-0.2194742586230527,male : single,none,4.585247531358856,"if not A121/A122 : car or other, not in attribute 6",50.04506466577112,none,own,3.0225894046649007,skilled employee / official,0.8784014096534576,none,yes
0,no checking account,23.933046827101798,delay in paying off in the past,radio/television,1523.4111024358212,... < 100 DM,4 <= ... < 7 years,5.469937230941231,female : divorced/separated/married,none,3.0641368023781537,"if not A121/A122 : car or other, not in attribute 6",34.47200956837808,none,own,0.18571244692671773,unskilled - resident,1.5645943725726104,"yes, registered under the customers name ",yes
0,< 0 DM,34.82799280740518,existing credits paid back duly till now,radio/television,4472.8761907056705,unknown/ no savings account,4 <= ... < 7 years,4.169473871193261,male : married/widowed,none,1.3261483118194395,"if not A121/A122 : car or other, not in attribute 6",31.568409524574818,none,own,1.5265572504935743,unskilled - resident,2.0153318243818528,"yes, registered under the customers name ",yes
0,no checking account,5.481720157633726,existing credits paid back duly till now,radio/television,1068.7420289029794,unknown/ no savings account,... < 1 year ,4.999674019871989,male : divorced/separated,none,3.738735608958746,unknown / no property,26.228795161608137,none,own,1.5587978521423151,skilled employee / official,2.239583644145522,none,yes
0,no checking account,25.51122843327672,delay in paying off in the past,radio/television,6613.122011234034,... < 100 DM,4 <= ... < 7 years,1.0978888618189488,male : single,none,4.0189911866401085,real estate,76.836895169829,none,rent,2.387625771514748,management/ self-employed/ highly qualified employee/ officer,2.4393357712113763,"yes, registered under the customers name ",yes
1,< 0 DM,18.637533810897697,existing credits paid back duly till now,car (new),1862.9252339861823,... < 100 DM,unemployed,2.4474925266999454,male : single,none,1.96532074998141,real estate,28.808118689058126,none,own,2.3989796347392343,skilled employee / official,1.1646876198197185,none,yes
1,0 <= ... < 200 DM,59.30106957142125,critical account/ other credits existing (not at this bank),domestic appliances,7408.876543604081,... < 100 DM,1 <= ... < 4 years,4.260754384141167,male : single,none,0.11442709555652941,"if not A121/A122 : car or other, not in attribute 6",25.528560814293865,none,rent,1.303742502451328,skilled employee / official,0.7515767920289667,"yes, registered under the customers name ",yes
1,no checking account,46.986282633559604,existing credits paid back duly till now,domestic appliances,11590.270095434198,500 <= ... < 1000 DM ,... < 1 year ,1.966396560043858,male : single,none,3.602516665070569,if not A121 : building society savings agreement/ life insurance,25.021543865981485,none,for free,3.68757012080642,management/ self-employed/ highly qualified employee/ officer,-0.7837248880945553,"yes, registered under the customers name ",yes
1,no checking account,24.03278209287626,existing credits paid back duly till now,domestic appliances,4110.411971582127,... < 100 DM,1 <= ... < 4 years,2.508459173842834,female : divorced/separated/married,none,4.056205653089152,"if not A121/A122 : car or other, not in attribute 6",23.57733274178468,bank,own,3.1024665143680576,skilled employee / official,0.38026530618825993,none,yes
1,no checking account,4.783439850618873,critical account/ other credits existing (not at this bank),car (new),3385.8594948076234,unknown/ no savings account,.. >= 7 years,1.0846612807327638,male : single,none,3.718630008094299,"if not A121/A122 : car or other, not in attribute 6",43.14501521909162,bank,own,-0.06015389759826717,management/ self-employed/ highly qualified employee/ officer,-0.8356986904271027,none,yes
0,no checking account,12.328859722603418,existing credits paid back duly till now,domestic appliances,2101.4685527785064,... < 100 DM,.. >= 7 years,4.76743589203226,male : single,none,3.7531762044884145,if not A121 : building society savings agreement/ life insurance,23.151589844819522,none,own,1.7957210808805493,unskilled - resident,1.3793391662842396,none,yes
1,0 <= ... < 200 DM,15.312009471551244,delay in paying off in the past,domestic appliances,1275.6578880104332,... < 100 DM,1 <= ... < 4 years,4.834525547369058,female : divorced/separated/married,none,2.4879913708045875,if not A121 : building society savings agreement/ life insurance,23.52907858935514,none,own,1.8923733745114522,management/ self-employed/ highly qualified employee/ officer,-0.3622494798674596,"yes, registered under the customers name ",yes
0,no checking account,25.155312036106697,existing credits paid back duly till now,car (new),4171.710745527218,100 <= ... < 500 DM,.. >= 7 years,5.0494986058633184,female : divorced/separated/married,none,2.921042812951366,real estate,28.02903957150529,bank,rent,1.3149672871517888,skilled employee / official,2.255577365919383,none,yes
0,< 0 DM,10.60876147222444,existing credits paid back duly till now,radio/television,1520.7861954419095,... < 100 DM,... < 1 year ,4.843936891553356,male : single,none,0.3719577860487888,real estate,30.75012774091444,none,own,2.1314243705027294,management/ self-employed/ highly qualified employee/ officer,1.0302465648559538,none,yes
0,< 0 DM,21.7087104914019,critical account/ other credits existing (not at this bank),(vacation - does not exist?),5742.202117236381,... < 100 DM,.. >= 7 years,3.479462143852193,male : single,none,3.6518302091633252,real estate,21.961389493427593,none,own,2.1880740342990372,management/ self-employed/ highly qualified employee/ officer,0.7558130808983312,"yes, registered under the customers name ",yes
0,no checking account,21.30436672903026,existing credits paid back duly till now,domestic appliances,3599.427796398247,... < 100 DM,1 <= ... < 4 years,0.8099283270992551,female : divorced/separated/married,none,4.76411440550179,real estate,27.12178415098459,none,own,1.2004677210762507,skilled employee / official,0.1561449247956619,none,no
0,no checking account,18.072033573232577,existing credits paid back duly till now,business,3213.438991029389,500 <= ... < 1000 DM ,1 <= ... < 4 years,-1.0547613076752937,male : married/widowed,none,4.687553039486638,if not A121 : building society savings agreement/ life insurance,24.91889284345064,bank,own,1.1212405446770433,skilled employee / official,1.6222587482702062,"yes, registered under the customers name ",yes
0,< 0 DM,18.413890285372695,existing credits paid back duly till now,domestic appliances,4438.473284608054,... < 100 DM,... < 1 year ,0.8114138669939902,male : single,none,1.7821282390947402,if not A121 : building society savings agreement/ life insurance,32.515199600497766,none,for free,-1.0182440857996689,management/ self-employed/ highly qualified employee/ officer,0.1955021804575886,"yes, registered under the customers name ",yes
0,< 0 DM,11.616209681651208,existing credits paid back duly till now,domestic appliances,3947.967602980445,... < 100 DM,... < 1 year ,1.8117357099965017,male : single,none,-0.4682637598688473,unknown / no property,36.43967276717023,none,own,0.919601606094126,skilled employee / official,1.0146219959301193,none,yes
0,< 0 DM,12.936761723195257,existing credits paid back duly till now,car (used),1461.30984442209,... < 100 DM,.. >= 7 years,3.0301996048849262,female : divorced/separated/married,none,1.7676327606232287,"if not A121/A122 : car or other, not in attribute 6",43.35845957636677,none,own,0.3317494255454293,skilled employee / official,2.188349920605349,none,yes
0,< 0 DM,12.408896574808894,existing credits paid back duly till now,domestic appliances,882.326843470388,... < 100 DM,1 <= ... < 4 years,3.8236340495106695,male : married/widowed,none,4.256634381081529,"if not A121/A122 : car or other, not in attribute 6",22.106243661705527,stores,own,0.8135520218074428,skilled employee / official,1.3546211607750225,none,yes
0,no checking account,24.590906322793355,existing credits paid back duly till now,domestic appliances,3757.267714618598,500 <= ... < 1000 DM ,4 <= ... < 7 years,0.3082302569976869,male : single,none,4.177591116923592,"if not A121/A122 : car or other, not in attribute 6",20.744824441525957,none,own,2.4340182847395226,skilled employee / official,0.7650705717517278,none,yes
0,no checking account,4.418405600546057,delay in paying off in the past,domestic appliances,1743.9159303022795,... < 100 DM,.. >= 7 years,2.5020292518431306,female : divorced/separated/married,none,2.539304552942874,"if not A121/A122 : car or other, not in attribute 6",34.40712980320828,stores,own,2.5042075185344577,unskilled - resident,1.6414329847337166,"yes, registered under the customers name ",yes
1,< 0 DM,10.47594904805351,all credits at this bank paid back duly,car (new),1135.8908548484387,... < 100 DM,4 <= ... < 7 years,4.749457015406564,male : single,none,2.0829510535392393,"if not A121/A122 : car or other, not in attribute 6",32.51910299795682,none,rent,1.970168919055452,management/ self-employed/ highly qualified employee/ officer,2.0089318731106984,none,yes
0,no checking account,9.368356612700659,critical account/ other credits existing (not at this bank),domestic appliances,1235.7471185536822,... < 100 DM,1 <= ... < 4 years,1.6515406206439591,male : single,none,4.064943087550742,unknown / no property,22.80036817532237,bank,own,0.4351966488975737,skilled employee / official,1.3830131504516836,none,yes
1,no checking account,9.846583985843404,existing credits paid back duly till now,car (new),959.5622728719145,500 <= ... < 1000 DM ,.. >= 7 years,1.6216013131209714,male : married/widowed,none,2.4203228297761292,unknown / no property,27.85209712480999,none,rent,1.2961695846287402,skilled employee / official,0.18315209762454498,"yes, registered under the customers name ",yes
0,no checking account,17.429056338478205,critical account/ other credits existing (not at this bank),car (new),3227.708117731768,... < 100 DM,.. >= 7 years,1.9627507474478731,male : single,none,4.82567095330366,if not A121 : building society savings agreement/ life insurance,38.08893554088929,none,own,1.991436093317513,management/ self-employed/ highly qualified employee/ officer,3.0703986089106223,"yes, registered under the customers name ",yes
1,no checking account,12.81376368996621,delay in paying off in the past,car (new),6199.352627203917,100 <= ... < 500 DM,1 <= ... < 4 years,4.197556282527503,male : single,none,1.1942818333872078,"if not A121/A122 : car or other, not in attribute 6",26.535467631686412,none,for free,1.1730341564530593,unskilled - resident,0.42038003232377497,"yes, registered under the customers name ",yes
0,>= 200 DM / salary assignments for at least 1 year,11.068471555989039,critical account/ other credits existing (not at this bank),education,728.9129548077318,... < 100 DM,.. >= 7 years,2.814815419467682,male : single,none,3.654843132757102,unknown / no property,44.97276940331234,bank,for free,0.99517162772339,skilled employee / official,2.556016326949977,none,yes
1,< 0 DM,24.232878020137168,existing credits paid back duly till now,radio/television,1246.4661776621974,unknown/ no savings account,1 <= ... < 4 years,1.8135580212494324,male : single,none,-0.7038176800733402,if not A121 : building society savings agreement/ life insurance,22.24930206349584,bank,rent,1.8680664988511726,skilled employee / official,0.8111311506955236,none,yes
0,no checking account,12.234400892698696,critical account/ other credits existing (not at this bank),business,2330.6237878962165,... < 100 DM,1 <= ... < 4 years,1.150081130345024,male : single,none,3.3785380324222256,real estate,49.84393907089156,none,rent,-0.9360011290841299,skilled employee / official,1.8070971156549622,"yes, registered under the customers name ",yes
1,no checking account,36.27034323928173,existing credits paid back duly till now,domestic appliances,4462.492894719572,... < 100 DM,1 <= ... < 4 years,4.323990256272144,male : single,none,1.475585107028957,real estate,25.637389049563083,none,own,1.9424302375945959,unskilled - resident,1.7342234990261365,none,yes
0,0 <= ... < 200 DM,11.136654735260619,all credits at this bank paid back duly,domestic appliances,775.5896600266549,... < 100 DM,... < 1 year ,5.209264568425377,female : divorced/separated/married,co-applicant,0.9804154918325569,if not A121 : building society savings agreement/ life insurance,27.55213358822354,none,for free,0.5707086294524615,management/ self-employed/ highly qualified employee/ officer,2.1468517551500454,"yes, registered under the customers name ",yes
1,no checking account,29.852471319759648,all credits at this bank paid back duly,domestic appliances,2405.7460373219524,... < 100 DM,1 <= ... < 4 years,5.571335816082367,female : divorced/separated/married,none,4.1656121502326515,real estate,24.954692515411246,none,own,0.866170142244966,management/ self-employed/ highly qualified employee/ officer,0.1593762928358552,none,yes
0,no checking account,17.84747746754764,delay in paying off in the past,car (used),1238.6221934672417,... < 100 DM,1 <= ... < 4 years,5.569998484998947,male : single,none,3.9440545679547316,real estate,61.35246249718871,none,rent,0.49837144362809704,unskilled - resident,2.075635401278862,none,yes
0,no checking account,12.383393864353495,existing credits paid back duly till now,(vacation - does not exist?),3399.9163114410744,... < 100 DM,.. >= 7 years,1.001976406706122,male : single,none,0.7407861224223886,unknown / no property,37.338994510474826,none,for free,1.1376246052072956,management/ self-employed/ highly qualified employee/ officer,2.84643985091144,"yes, registered under the customers name ",yes
0,no checking account,12.999824246910295,delay in paying off in the past,business,2245.266790896791,... < 100 DM,1 <= ... < 4 years,1.6477349650502306,female : divorced/separated/married,none,2.2155079693017563,"if not A121/A122 : car or other, not in attribute 6",35.630299254791225,none,for free,3.923627220422718,skilled employee / official,0.7413070207581429,"yes, registered under the customers name ",yes
0,< 0 DM,4.941463918021591,critical account/ other credits existing (not at this bank),car (new),1766.8620000504122,... < 100 DM,.. >= 7 years,1.4803342958813794,male : single,co-applicant,1.0716758692109725,unknown / no property,20.403628332363223,none,own,0.676077526071449,unskilled - resident,1.0347060671421224,"yes, registered under the customers name ",yes
1,no checking account,17.87499096968042,existing credits paid back duly till now,radio/television,2472.6203134748575,... < 100 DM,... < 1 year ,6.531904677742178,male : single,none,1.4856889591905151,real estate,22.81359355998285,bank,own,1.2917110090941066,skilled employee / official,0.47655335751984584,none,yes
0,0 <= ... < 200 DM,13.481455547658973,existing credits paid back duly till now,domestic appliances,1542.3769477856954,unknown/ no savings account,4 <= ... < 7 years,3.480099203713916,male : single,none,2.7181487522713343,real estate,36.96874053192356,none,own,2.994746418409113,skilled employee / official,0.6535637478149001,"yes, registered under the customers name ",yes
0,no checking account,17.256411771187437,no credits taken/ all credits paid back duly,radio/television,3848.873012089799,... < 100 DM,... < 1 year ,4.11939716199838,male : single,none,1.03000653853094,real estate,27.44830970575638,none,rent,1.4499844216274447,management/ self-employed/ highly qualified employee/ officer,2.7114227989324906,"yes, registered under the customers name ",yes
0,0 <= ... < 200 DM,17.17774998270968,existing credits paid back duly till now,radio/television,3651.3286310668495,... < 100 DM,.. >= 7 years,0.6122120444507094,male : single,none,3.716836671113494,real estate,21.820834006786587,none,for free,2.814675348928969,unskilled - resident,-0.0042345261302041415,none,yes
1,< 0 DM,36.20230619183119,existing credits paid back duly till now,business,3447.245634960172,... < 100 DM,... < 1 year ,3.1168003688448755,female : divorced/separated/married,none,2.30310188495033,"if not A121/A122 : car or other, not in attribute 6",41.862773298163745,none,own,1.0053230066271073,management/ self-employed/ highly qualified employee/ officer,1.0578811781492279,none,yes
0,0 <= ... < 200 DM,18.84438519048532,existing credits paid back duly till now,domestic appliances,3001.95959052575,... < 100 DM,.. >= 7 years,2.7889078833832395,female : divorced/separated/married,none,4.124697277651347,"if not A121/A122 : car or other, not in attribute 6",40.73614426226106,none,own,2.7818962258649265,unskilled - resident,2.610900936414377,none,no
0,>= 200 DM / salary assignments for at least 1 year,36.01142605556066,no credits taken/ all credits paid back duly,car (new),3077.4852452242067,unknown/ no savings account,1 <= ... < 4 years,2.8993387357656397,male : single,none,3.7448358249785456,real estate,34.44528992692015,none,rent,1.7502011249463192,management/ self-employed/ highly qualified employee/ officer,1.6245484258883622,none,yes
0,no checking account,19.32896059043699,delay in paying off in the past,radio/television,6070.829121071066,... < 100 DM,... < 1 year ,2.7615636490196973,male : married/widowed,none,2.4637276859557553,"if not A121/A122 : car or other, not in attribute 6",32.410118668446195,none,own,2.307108362582422,skilled employee / official,3.1203702490425242,"yes, registered under the customers name ",yes
0,< 0 DM,10.856793982566527,all credits at this bank paid back duly,domestic appliances,2146.4048550876355,... < 100 DM,.. >= 7 years,0.8852220509980774,male : single,none,1.5227920365389684,if not A121 : building society savings agreement/ life insurance,21.86369713710747,none,own,1.9343693181134134,skilled employee / official,0.5495613621741468,"yes, registered under the customers name ",yes
0,< 0 DM,60.841820066890065,existing credits paid back duly till now,radio/television,13754.394728752868,... < 100 DM,1 <= ... < 4 years,3.592912089122808,male : married/widowed,none,3.416113060907781,real estate,64.77150928248675,none,own,0.37595856012078943,skilled employee / official,1.1262811372375694,none,yes
1,0 <= ... < 200 DM,60.554116501324096,existing credits paid back duly till now,car (new),14781.97570261623,100 <= ... < 500 DM,... < 1 year ,2.6453026970403224,male : single,none,3.991720116070413,if not A121 : building society savings agreement/ life insurance,60.8756555318533,none,own,2.075791549964353,skilled employee / official,0.3393230562281956,none,yes
1,no checking account,50.32765310034608,critical account/ other credits existing (not at this bank),domestic appliances,7685.364534489033,500 <= ... < 1000 DM ,.. >= 7 years,-0.43924963857261545,male : single,none,3.391752052800883,unknown / no property,34.797307358864636,none,rent,1.8973614590200243,management/ self-employed/ highly qualified employee/ officer,1.143301168647696,none,yes
0,0 <= ... < 200 DM,17.794838311133955,delay in paying off in the past,radio/television,2320.5560752738234,unknown/ no savings account,1 <= ... < 4 years,2.5044446476624684,female : divorced/separated/married,none,3.6252119305794657,real estate,32.486238373360024,none,own,1.9868885690033293,skilled employee / official,-0.7740966972843037,"yes, registered under the customers name ",yes
0,no checking account,4.996477707933487,delay in paying off in the past,car (new),846.1772613669489,... < 100 DM,1 <= ... < 4 years,2.3009781468960737,male : single,none,3.7207790807883163,real estate,35.867654326642516,stores,own,0.6833771949381423,unskilled - resident,1.6849545566550082,"yes, registered under the customers name ",yes
1,< 0 DM,37.60425436151714,existing credits paid back duly till now,domestic appliances,14318.291231416848,... < 100 DM,... < 1 year ,4.042631024437747,female : divorced/separated/married,none,1.0349872752204896,"if not A121/A122 : car or other, not in attribute 6",56.52755978792757,none,own,0.749217465822227,unskilled - resident,1.323474083492338,none,yes
0,no checking account,5.542300569043174,existing credits paid back duly till now,domestic appliances,363.4736113922531,unknown/ no savings account,1 <= ... < 4 years,3.9132952991578764,male : single,none,3.721903707012091,if not A121 : building society savings agreement/ life insurance,50.67561779192311,none,for free,2.992476613583053,management/ self-employed/ highly qualified employee/ officer,0.9424453375340811,"yes, registered under the customers name ",yes
0,0 <= ... < 200 DM,20.10788044434303,existing credits paid back duly till now,domestic appliances,2213.2260339099107,... < 100 DM,4 <= ... < 7 years,3.726296004182232,male : married/widowed,none,4.225859836316553,"if not A121/A122 : car or other, not in attribute 6",40.94476223765049,none,for free,2.2251614550998555,skilled employee / official,0.6096356754003353,"yes, registered under the customers name ",yes
1,no checking account,19.309550684860525,existing credits paid back duly till now,domestic appliances,12973.132945046218,... < 100 DM,1 <= ... < 4 years,3.790340581784704,male : single,none,4.324884718824585,"if not A121/A122 : car or other, not in attribute 6",38.312539913982576,none,own,0.3328494862316296,skilled employee / official,0.10524601263190048,"yes, registered under the customers name ",yes
0,0 <= ... < 200 DM,20.397740458941076,existing credits paid back duly till now,domestic appliances,1282.6825614451623,500 <= ... < 1000 DM ,.. >= 7 years,2.467135121647293,male : married/widowed,none,5.878379131993129,"if not A121/A122 : car or other, not in attribute 6",25.47481632286309,none,own,0.3314121425525103,skilled employee / official,1.7277129120327612,none,yes
0,< 0 DM,10.74835278589386,existing credits paid back duly till now,domestic appliances,1329.8353489724561,... < 100 DM,4 <= ... < 7 years,3.48298577504564,male : single,none,0.3310906599965806,if not A121 : building society savings agreement/ life insurance,25.307985050767787,stores,for free,1.3793589196671123,skilled employee / official,-0.1710899857034065,none,yes
0,no checking account,28.398722062881145,all credits at this bank paid back duly,radio/television,4270.247901427273,... < 100 DM,1 <= ... < 4 years,2.6840379131173813,female : divorced/separated/married,none,1.9265213384095996,"if not A121/A122 : car or other, not in attribute 6",26.722274147178002,none,for free,3.5275320647572546,management/ self-employed/ highly qualified employee/ officer,1.5118959120492432,"yes, registered under the customers name ",yes
0,< 0 DM,17.205863709974576,existing credits paid back duly till now,car (new),2238.0941830582324,500 <= ... < 1000 DM ,1 <= ... < 4 years,1.3859152246556317,female : divorced/separated/married,none,1.4261239468194264,real estate,24.61956723901799,none,own,3.1459903083125598,skilled employee / official,3.0744513948094574,none,yes
0,no checking account,18.439636606016993,delay in paying off in the past,business,1127.2487577724105,... < 100 DM,4 <= ... < 7 years,2.391193290730028,male : single,none,1.9765770407991847,real estate,20.7166568262925,bank,own,-0.2518522121799116,skilled employee / official,2.4855214886442982,"yes, registered under the customers name ",yes
0,no checking account,18.524187842812772,critical account/ other credits existing (not at this bank),car (new),7372.913432140409,500 <= ... < 1000 DM ,.. >= 7 years,4.6685553432567355,male : single,none,3.4993818540113466,real estate,40.61100195982526,none,own,1.735924030008138,skilled employee / official,-0.5051279426706532,"yes, registered under the customers name ",yes
0,< 0 DM,15.276274179328555,existing credits paid back duly till now,domestic appliances,2326.33640093869,... < 100 DM,1 <= ... < 4 years,3.123094630441539,female : divorced/separated/married,none,2.4507428236557565,"if not A121/A122 : car or other, not in attribute 6",25.3710024349397,none,own,0.06939644531048772,skilled employee / official,0.46326193965669715,"yes, registered under the customers name ",yes
0,< 0 DM,7.587234116107633,existing credits paid back duly till now,car (new),1448.0841765227035,... < 100 DM,.. >= 7 years,2.9550047923569935,female : divorced/separated/married,guarantor,1.4891654409469846,if not A121 : building society savings agreement/ life insurance,28.597027859850982,none,rent,1.7324874780847417,skilled employee / official,1.4214507405553376,none,yes
0,0 <= ... < 200 DM,15.689896563367355,critical account/ other credits existing (not at this bank),radio/television,1819.3280879763204,unknown/ no savings account,.. >= 7 years,0.03915440153046745,male : single,none,0.926297587282199,if not A121 : building society savings agreement/ life insurance,30.182389214723877,none,for free,2.604409996035354,unskilled - resident,0.9297180779856498,"yes, registered under the customers name ",yes
0,no checking account,12.054353585390382,existing credits paid back duly till now,radio/television,984.4773936341701,... < 100 DM,4 <= ... < 7 years,1.7059697466988162,male : married/widowed,none,2.273393318876222,if not A121 : building society savings agreement/ life insurance,20.280944208780426,none,own,-0.4226006487830172,skilled employee / official,-0.3994057182824211,none,yes
0,< 0 DM,35.528223966361665,critical account/ other credits existing (not at this bank),car (new),3248.457442179888,... < 100 DM,.. >= 7 years,0.340112118580312,male : single,none,3.2043211583294138,if not A121 : building society savings agreement/ life insurance,37.92458024338118,none,rent,-0.6188652932801901,unskilled - resident,2.3853159514734914,"yes, registered under the customers name ",yes
0,0 <= ... < 200 DM,6.459385771716612,existing credits paid back duly till now,domestic appliances,1957.4622124890107,... < 100 DM,4 <= ... < 7 years,1.3087992768481658,female : divorced/separated/married,none,2.9529082792335455,if not A121 : building society savings agreement/ life insurance,30.076834875971805,none,own,0.1714458465663976,skilled employee / official,0.9899831048837007,none,yes
0,no checking account,9.70195362622127,existing credits paid back duly till now,domestic appliances,2404.128781883939,500 <= ... < 1000 DM ,... < 1 year ,1.1125361752578402,male : single,none,3.583786545292948,if not A121 : building society savings agreement/ life insurance,29.83809977840019,none,own,1.2873106025759928,skilled employee / official,2.9143254086037818,none,yes
0,no checking account,39.138241432058685,existing credits paid back duly till now,car (new),11761.862317561396,... < 100 DM,1 <= ... < 4 years,0.8401607142330347,male : single,none,3.6010918374142937,"if not A121/A122 : car or other, not in attribute 6",32.250297672664836,none,own,1.620754820640757,skilled employee / official,0.7467712973825533,none,yes
0,0 <= ... < 200 DM,12.760133085375854,critical account/ other credits existing (not at this bank),car (new),2578.6026524463064,... < 100 DM,1 <= ... < 4 years,2.55808998292031,female : divorced/separated/married,none,3.0961207104191253,unknown / no property,55.065983301918244,none,for free,1.4374484348615333,skilled employee / official,2.1680033853265908,none,yes
0,no checking account,36.22921137411507,critical account/ other credits existing (not at this bank),domestic appliances,2347.8175001573495,... < 100 DM,1 <= ... < 4 years,2.81670244357274,male : single,none,1.7397713694368788,real estate,45.53558818076882,none,rent,3.1756854032310162,unskilled - resident,-0.2670884031299756,"yes, registered under the customers name ",yes
1,no checking account,12.530064705601466,critical account/ other credits existing (not at this bank),radio/television,1223.5755465099999,100 <= ... < 500 DM,1 <= ... < 4 years,0.35579174961355176,female : divorced/separated/married,none,-0.8582426621125354,if not A121 : building society savings agreement/ life insurance,44.98593080711472,none,rent,0.2369144057660708,skilled employee / official,-0.0280092978965083,none,yes
0,>= 200 DM / salary assignments for at least 1 year,23.295326737130118,existing credits paid back duly till now,domestic appliances,1514.590180571052,100 <= ... < 500 DM,1 <= ... < 4 years,4.588703278215151,female : divorced/separated/married,none,0.5056600498173058,unknown / no property,41.73340373026916,none,own,3.188336538358937,unskilled - resident,1.72166195980949,none,yes
0,0 <= ... < 200 DM,17.82038858616854,existing credits paid back duly till now,car (used),1474.1825307417525,100 <= ... < 500 DM,1 <= ... < 4 years,2.5539306215411663,male : married/widowed,none,4.398981900702346,if not A121 : building society savings agreement/ life insurance,38.95151609952934,bank,own,0.6879046799537085,unskilled - resident,2.0837307806073744,"yes, registered under the customers name ",yes
0,no checking account,18.196776096656958,existing credits paid back duly till now,domestic appliances,1886.6760152245035,... < 100 DM,1 <= ... < 4 years,4.980190871671822,male : single,none,4.824937889614103,unknown / no property,27.5344132204114,none,own,2.7314943098048676,skilled employee / official,0.0426072739256077,"yes, registered under the customers name ",yes
1,0 <= ... < 200 DM,24.82052847541742,existing credits paid back duly till now,car (used),8647.795930484952,unknown/ no savings account,... < 1 year ,2.2811731656434793,male : single,none,1.2869529183086863,if not A121 : building society savings agreement/ life insurance,26.314393007641737,none,own,0.6765745732367956,unemployed/ unskilled - non-resident,1.0240774064839118,none,no
0,no checking account,13.606258827775427,existing credits paid back duly till now,business,801.5083443850345,... < 100 DM,.. >= 7 years,3.302442793403692,male : single,none,3.05185486052752,if not A121 : building society savings agreement/ life insurance,28.54708948613161,none,own,2.00495669700907,skilled employee / official,-0.3815791735290779,none,yes
0,0 <= ... < 200 DM,18.521167255732113,no credits taken/ all credits paid back duly,business,2898.4193485972546,... < 100 DM,1 <= ... < 4 years,3.134060116167714,female : divorced/separated/married,none,2.4843080784865283,if not A121 : building society savings agreement/ life insurance,42.91767432180727,none,own,1.2362707705890137,unskilled - resident,1.8187801736945206,none,yes
1,< 0 DM,23.734161208084622,existing credits paid back duly till now,(vacation - does not exist?),2039.6946706116285,unknown/ no savings account,... < 1 year ,-0.6474962990474387,male : single,none,-0.24762779914379252,real estate,23.270042933926923,none,own,2.155751037498418,management/ self-employed/ highly qualified employee/ officer,1.836922785624126,"yes, registered under the customers name ",yes
0,0 <= ... < 200 DM,23.882457832671868,delay in paying off in the past,radio/television,2197.255906850104,... < 100 DM,... < 1 year ,4.290733177866822,male : single,none,4.709661865637877,if not A121 : building society savings agreement/ life insurance,42.466747817317305,none,own,0.4147453773922347,unskilled - resident,1.5650415008638552,none,yes
0,< 0 DM,15.829519042024073,existing credits paid back duly till now,domestic appliances,1053.651748141403,100 <= ... < 500 DM,1 <= ... < 4 years,3.645412452748642,male : single,none,3.6711212285632473,if not A121 : building society savings agreement/ life insurance,27.244776283798657,none,own,1.030752548534904,skilled employee / official,0.7509652940561972,"yes, registered under the customers name ",yes
0,>= 200 DM / salary assignments for at least 1 year,22.006939628945844,critical account/ other credits existing (not at this bank),domestic appliances,3234.9912053105145,500 <= ... < 1000 DM ,.. >= 7 years,0.6278044719364857,male : single,guarantor,2.4934319881836955,if not A121 : building society savings agreement/ life insurance,25.944523983743665,none,rent,-0.08523529114214301,skilled employee / official,-0.1297953982960518,none,yes
1,< 0 DM,10.703527671925238,existing credits paid back duly till now,domestic appliances,939.5131998110771,... < 100 DM,1 <= ... < 4 years,3.4642851272305997,male : single,none,1.9596576134659875,real estate,26.302377690481876,none,own,3.505496044208275,management/ self-employed/ highly qualified employee/ officer,0.35164158637507426,none,yes
0,no checking account,22.51781460255718,critical account/ other credits existing (not at this bank),car (new),1966.581151256075,unknown/ no savings account,... < 1 year ,3.098965970745048,male : single,none,1.8048162534777914,unknown / no property,21.428338306263914,none,own,1.7772165364561263,skilled employee / official,2.7581109162143385,none,yes
0,0 <= ... < 200 DM,30.666383880151695,delay in paying off in the past,domestic appliances,7255.229731841409,... < 100 DM,1 <= ... < 4 years,4.57567759217066,male : single,none,-0.022447056043479297,real estate,34.864846392967586,none,own,3.287170242508088,skilled employee / official,1.0729248917171328,none,yes
1,0 <= ... < 200 DM,11.321735559844823,existing credits paid back duly till now,domestic appliances,2290.4320695835695,... < 100 DM,unemployed,2.2972213881066903,female : divorced/separated/married,none,2.129409536895869,unknown / no property,42.74641821963296,bank,own,1.4649705456916255,management/ self-employed/ highly qualified employee/ officer,-0.0023077666505981753,"yes, registered under the customers name ",yes
0,< 0 DM,10.749433899727741,critical account/ other credits existing (not at this bank),car (new),1598.260937323563,100 <= ... < 500 DM,.. >= 7 years,1.5586492002659462,male : single,co-applicant,1.6419373304288254,"if not A121/A122 : car or other, not in attribute 6",39.24797127753844,none,own,1.9272264856887904,skilled employee / official,1.6852280500820083,"yes, registered under the customers name ",yes
1,no checking account,23.715115933617426,critical account/ other credits existing (not at this bank),car (new),1382.367907450721,unknown/ no savings account,1 <= ... < 4 years,5.1099696431057,male : single,none,0.894164817847882,"if not A121/A122 : car or other, not in attribute 6",34.83515561842024,bank,own,2.360901587477053,management/ self-employed/ highly qualified employee/ officer,-0.5974276211665621,none,yes
0,no checking account,36.197790081941854,existing credits paid back duly till now,(vacation - does not exist?),5841.147841194034,100 <= ... < 500 DM,.. >= 7 years,3.356763157463963,male : single,none,2.065532580830051,if not A121 : building society savings agreement/ life insurance,34.13314764007664,bank,own,0.3567530301445332,unskilled - resident,0.9858403078597877,none,yes
1,no checking account,13.089217496710793,existing credits paid back duly till now,car (new),2581.229273610556,100 <= ... < 500 DM,4 <= ... < 7 years,3.2550170612743585,female : divorced/separated/married,none,1.1151313675078096,real estate,34.23599848276339,none,rent,1.6123449200984505,unskilled - resident,3.360339739046453,"yes, registered under the customers name ",yes
0,< 0 DM,19.32768613226769,delay in paying off in the past,car (new),8471.995490282945,... < 100 DM,1 <= ... < 4 years,0.3679141771910891,male : single,none,2.944415868540273,"if not A121/A122 : car or other, not in attribute 6",23.311409347450677,none,own,2.958511253780106,skilled employee / official,0.8575175756133949,none,yes
0,0 <= ... < 200 DM,20.93086206527386,delay in paying off in the past,domestic appliances,2782.971139006823,... < 100 DM,unemployed,1.616235396553313,female : divorced/separated/married,none,2.1366022830127007,"if not A121/A122 : car or other, not in attribute 6",31.367053526680888,none,own,0.7412736136125626,skilled employee / official,2.890730176101206,"yes, registered under the customers name ",yes
1,0 <= ... < 200 DM,19.3535858895694,delay in paying off in the past,domestic appliances,1042.028022187026,... < 100 DM,.. >= 7 years,1.6729002030546898,male : married/widowed,none,3.2283943683343845,real estate,34.35818414710498,none,for free,-0.2107735775251085,management/ self-employed/ highly qualified employee/ officer,0.9046521615039441,none,yes
0,0 <= ... < 200 DM,15.09212665843411,existing credits paid back duly till now,business,3185.7827738417814,100 <= ... < 500 DM,1 <= ... < 4 years,0.1388063154944439,male : single,none,3.0079940295488132,"if not A121/A122 : car or other, not in attribute 6",21.156341296899022,none,own,1.9429557561096633,unskilled - resident,0.964021303808504,none,yes
0,no checking account,11.162601776172538,existing credits paid back duly till now,(vacation - does not exist?),2027.7905911729604,... < 100 DM,.. >= 7 years,3.719266599149288,female : divorced/separated/married,none,1.884665005192664,real estate,30.765342536136284,none,own,-0.19950882755775678,unskilled - resident,1.6408941585421233,none,yes
0,no checking account,11.405599647801266,no credits taken/ all credits paid back duly,car (new),958.3905305963195,... < 100 DM,4 <= ... < 7 years,3.5498905661291262,male : single,none,4.064312186247182,"if not A121/A122 : car or other, not in attribute 6",45.57827265296254,none,own,1.8216485654890977,skilled employee / official,-0.6725875822194012,"yes, registered under the customers name ",yes
0,< 0 DM,19.519463487434983,critical account/ other credits existing (not at this bank),car (used),1592.401186275034,unknown/ no savings account,.. >= 7 years,3.5642699118332604,female : divorced/separated/married,none,2.0215591199585656,unknown / no property,33.30432088048332,none,own,1.959875942196671,skilled employee / official,1.2049393236535748,"yes, registered under the customers name ",yes
1,0 <= ... < 200 DM,11.111866146266347,existing credits paid back duly till now,car (used),2762.181314217861,500 <= ... < 1000 DM ,4 <= ... < 7 years,1.1009367917351547,male : single,none,4.814447453266162,real estate,23.99611186398865,none,own,1.7155380517039993,skilled employee / official,0.9510135119390484,"yes, registered under the customers name ",yes
0,>= 200 DM / salary assignments for at least 1 year,17.64198331192557,critical account/ other credits existing (not at this bank),domestic appliances,2778.088556376863,... < 100 DM,1 <= ... < 4 years,2.133789272564012,female : divorced/separated/married,none,3.375257478166736,if not A121 : building society savings agreement/ life insurance,21.727533693625798,none,own,0.3733684404874674,skilled employee / official,2.4860388935151474,none,yes
0,< 0 DM,28.803585019378602,critical account/ other credits existing (not at this bank),radio/television,2743.824427062385,100 <= ... < 500 DM,.. >= 7 years,6.106884733278147,male : single,none,2.380829252837673,if not A121 : building society savings agreement/ life insurance,29.17065194175005,none,own,1.3154163111721449,unskilled - resident,1.9646793941636171,"yes, registered under the customers name ",yes
0,>= 200 DM / salary assignments for at least 1 year,19.720769831165985,existing credits paid back duly till now,car (new),1149.9211507463947,... < 100 DM,... < 1 year ,3.4231515268516874,male : single,none,3.5250959739725976,real estate,44.6094875663694,none,own,2.098915478763111,skilled employee / official,-0.13369168554680066,"yes, registered under the customers name ",yes
0,< 0 DM,7.61781848462296,existing credits paid back duly till now,car (used),1313.6546595284478,... < 100 DM,unemployed,0.983163276266574,male : single,none,5.877136475331643,if not A121 : building society savings agreement/ life insurance,19.811255786988774,none,rent,2.006390477619749,skilled employee / official,2.2421386186275805,none,yes
1,0 <= ... < 200 DM,18.39282746825992,existing credits paid back duly till now,car (new),1190.745498906525,... < 100 DM,... < 1 year ,3.8220552213428425,female : divorced/separated/married,none,4.792507411672607,if not A121 : building society savings agreement/ life insurance,53.50588766428122,none,own,5.287450000653147,skilled employee / official,1.737685474419005,none,yes
0,0 <= ... < 200 DM,3.9594560608424656,existing credits paid back duly till now,car (used),3447.7290718698423,unknown/ no savings account,.. >= 7 years,-0.5221992751914284,male : married/widowed,none,2.3949440209960766,"if not A121/A122 : car or other, not in attribute 6",73.94684351193024,none,for free,-0.5074811997787745,unskilled - resident,0.09554677370395492,"yes, registered under the customers name ",yes
1,0 <= ... < 200 DM,24.474697088463202,existing credits paid back duly till now,radio/television,11327.07101083287,... < 100 DM,unemployed,3.027581070553822,male : married/widowed,none,4.4034703847675045,real estate,27.344627496012816,none,own,2.315342017786578,skilled employee / official,1.1971032508712023,none,yes
0,0 <= ... < 200 DM,5.868913349312273,existing credits paid back duly till now,radio/television,1871.1318065693592,100 <= ... < 500 DM,1 <= ... < 4 years,2.9816844676387415,female : divorced/separated/married,none,3.659103420554983,"if not A121/A122 : car or other, not in attribute 6",36.52882749338461,none,for free,1.9134649737657081,unskilled - resident,0.7972306443361818,none,yes
0,no checking account,22.16909417415247,existing credits paid back duly till now,business,2056.3645367515423,.. >= 1000 DM ,.. >= 7 years,4.102472367103156,male : single,none,2.1071550728393236,real estate,33.377962626034076,none,own,3.0188112432067427,management/ self-employed/ highly qualified employee/ officer,2.5384653140285236,none,yes
0,0 <= ... < 200 DM,9.928296991568484,delay in paying off in the past,car (new),2136.236948611546,... < 100 DM,... < 1 year ,2.7573809525997257,male : single,none,0.7207460278247335,"if not A121/A122 : car or other, not in attribute 6",26.907948493346883,none,own,0.06145545269076702,skilled employee / official,1.34062202849121,none,yes
1,< 0 DM,11.394999287191268,existing credits paid back duly till now,(vacation - does not exist?),1483.9165512167733,unknown/ no savings account,.. >= 7 years,1.0419883992987709,female : divorced/separated/married,none,1.5262020181238958,"if not A121/A122 : car or other, not in attribute 6",25.847873289497343,none,own,0.3253517818176762,skilled employee / official,1.2056589208860058,none,yes
0,no checking account,5.466099761626445,critical account/ other credits existing (not at this bank),domestic appliances,659.5600122954703,... < 100 DM,.. >= 7 years,1.016898072341725,male : single,co-applicant,3.3486257099324477,"if not A121/A122 : car or other, not in attribute 6",22.5770857441775,none,for free,0.41072914093600377,skilled employee / official,1.9006470828554398,"yes, registered under the customers name ",yes
0,0 <= ... < 200 DM,22.93024758871031,existing credits paid back duly till now,business,1284.044381175655,100 <= ... < 500 DM,1 <= ... < 4 years,4.276414364253754,male : single,co-applicant,4.100169637993473,unknown / no property,37.818070093274486,none,own,1.9238010612801961,skilled employee / official,2.092871618092712,"yes, registered under the customers name ",yes
0,0 <= ... < 200 DM,41.34571672331244,existing credits paid back duly till now,business,3392.7526825303057,... < 100 DM,.. >= 7 years,4.995539328162682,male : single,none,3.715900994639217,if not A121 : building society savings agreement/ life insurance,63.60233611905482,stores,own,2.3231975968587073,management/ self-employed/ highly qualified employee/ officer,1.7836050942972992,"yes, registered under the customers name ",yes
1,0 <= ... < 200 DM,12.427890440694917,critical account/ other credits existing (not at this bank),car (new),610.1208406514031,unknown/ no savings account,.. >= 7 years,3.870263796811497,male : single,none,2.9250128017358517,real estate,25.037527396318914,none,rent,1.4837013936085137,skilled employee / official,2.4194634728149538,"yes, registered under the customers name ",yes
0,no checking account,11.810755659063595,critical account/ other credits existing (not at this bank),business,1883.3353739999368,... < 100 DM,... < 1 year ,4.070113158733216,male : divorced/separated,none,5.982260300145589,real estate,39.33314253207511,none,own,0.9942324538172168,skilled employee / official,1.6086824129137884,none,yes
0,no checking account,12.328662002282481,critical account/ other credits existing (not at this bank),domestic appliances,1620.3605916776569,unknown/ no savings account,unemployed,2.5711740662910474,male : single,none,3.0465131702147414,real estate,27.841750337252073,bank,own,-0.3298910224405813,skilled employee / official,1.1676514647267018,none,yes
0,< 0 DM,20.361921853928845,critical account/ other credits existing (not at this bank),domestic appliances,2627.6093145700247,... < 100 DM,1 <= ... < 4 years,1.0283812269870403,male : married/widowed,none,3.063977711368855,"if not A121/A122 : car or other, not in attribute 6",28.96283921506612,none,own,2.7277861503101892,skilled employee / official,2.2391720620880293,"yes, registered under the customers name ",yes
1,0 <= ... < 200 DM,13.320661655528166,all credits at this bank paid back duly,repairs,720.4387054823592,... < 100 DM,.. >= 7 years,4.739692508412923,male : married/widowed,none,3.626557033650485,"if not A121/A122 : car or other, not in attribute 6",39.97973670788158,none,own,0.9470413363369721,unskilled - resident,1.9091038599178614,none,yes
1,no checking account,47.65721384913562,existing credits paid back duly till now,domestic appliances,5095.855972339946,100 <= ... < 500 DM,.. >= 7 years,2.819343097059747,female : divorced/separated/married,none,4.106006291502786,real estate,30.101307055153264,none,rent,2.161734790014699,unskilled - resident,1.0332465163446616,none,yes
0,>= 200 DM / salary assignments for at least 1 year,7.523142183154269,existing credits paid back duly till now,car (used),1244.2900403964836,... < 100 DM,1 <= ... < 4 years,6.6036262987504095,male : single,none,3.6710801296666227,"if not A121/A122 : car or other, not in attribute 6",39.92226364195274,none,own,1.2922612205200634,management/ self-employed/ highly qualified employee/ officer,2.7215769172969146,"yes, registered under the customers name ",yes
1,>= 200 DM / salary assignments for at least 1 year,37.06722241657198,existing credits paid back duly till now,car (used),1844.3257797918816,... < 100 DM,4 <= ... < 7 years,3.623895809440418,male : married/widowed,none,3.5786627253543006,if not A121 : building society savings agreement/ life insurance,34.42424813745519,none,rent,-0.6022747273509945,unskilled - resident,2.621924127955231,none,yes
0,0 <= ... < 200 DM,6.668511827902745,existing credits paid back duly till now,(vacation - does not exist?),2577.5164401005895,... < 100 DM,1 <= ... < 4 years,1.5419181983318724,male : single,none,2.9785928636649643,if not A121 : building society savings agreement/ life insurance,35.01932742366739,bank,own,0.9659739973169247,skilled employee / official,0.9918241930766771,none,yes
0,< 0 DM,13.114592444577378,all credits at this bank paid back duly,domestic appliances,1423.693434378713,... < 100 DM,1 <= ... < 4 years,3.7689658715737453,male : single,none,3.4617009046833505,if not A121 : building society savings agreement/ life insurance,56.40036591688133,none,own,2.295952688284265,management/ self-employed/ highly qualified employee/ officer,0.5464484226943833,none,yes
1,no checking account,15.38337711318247,critical account/ other credits existing (not at this bank),domestic appliances,1511.4067798151295,.. >= 1000 DM ,1 <= ... < 4 years,3.8191041689121383,male : married/widowed,none,2.9622449655514695,unknown / no property,61.006734534101625,none,own,2.160942136616051,skilled employee / official,2.4631735002084985,"yes, registered under the customers name ",yes
0,0 <= ... < 200 DM,35.86886246979665,existing credits paid back duly till now,car (new),11053.67445498848,... < 100 DM,1 <= ... < 4 years,3.464912846623288,male : single,co-applicant,0.4186892184890072,if not A121 : building society savings agreement/ life insurance,29.231357195038534,bank,own,0.8003302008271435,skilled employee / official,1.800418357915214,none,yes
0,< 0 DM,6.3487758940462955,no credits taken/ all credits paid back duly,domestic appliances,518.5098982484766,500 <= ... < 1000 DM ,1 <= ... < 4 years,2.596837323069951,female : divorced/separated/married,none,1.704190345123167,"if not A121/A122 : car or other, not in attribute 6",28.753114144172716,none,own,0.12965298234256684,skilled employee / official,1.315581254197363,"yes, registered under the customers name ",no
0,0 <= ... < 200 DM,13.9510125601263,existing credits paid back duly till now,retraining,2758.894775865749,.. >= 1000 DM ,unemployed,2.5411308382180406,male : single,none,5.940866939181869,real estate,32.65576360298327,none,own,3.757766466680822,skilled employee / official,0.6781272898100554,"yes, registered under the customers name ",yes
0,0 <= ... < 200 DM,26.076980529053753,delay in paying off in the past,education,2669.6047558549967,... < 100 DM,1 <= ... < 4 years,3.1724157592653386,male : single,none,4.7212253727997915,"if not A121/A122 : car or other, not in attribute 6",35.40613725470544,none,own,-0.029602594884779343,skilled employee / official,1.331696578714594,"yes, registered under the customers name ",yes
1,no checking account,24.06938113513278,critical account/ other credits existing (not at this bank),business,4818.4671812507095,... < 100 DM,1 <= ... < 4 years,1.589466011984985,female : divorced/separated/married,none,4.461799167547305,real estate,31.589850246315272,none,own,0.27460574237176005,skilled employee / official,0.9782915401122974,none,yes
0,< 0 DM,24.160190593317076,critical account/ other credits existing (not at this bank),domestic appliances,2678.885790108222,... < 100 DM,1 <= ... < 4 years,4.089592767368434,male : single,none,0.15389786382266912,"if not A121/A122 : car or other, not in attribute 6",31.469196036692818,none,rent,1.570034196084023,skilled employee / official,0.3356618204270042,none,yes
0,< 0 DM,12.076240157466385,existing credits paid back duly till now,car (new),3907.2995890930374,... < 100 DM,4 <= ... < 7 years,2.9959386848222582,male : single,none,2.2363242820282005,"if not A121/A122 : car or other, not in attribute 6",35.3781640093956,bank,rent,0.1439793101132103,unskilled - resident,2.1290423285872353,none,yes
1,< 0 DM,11.154338967232652,existing credits paid back duly till now,radio/television,3386.090742563752,500 <= ... < 1000 DM ,... < 1 year ,2.395401383820459,male : single,none,3.0568400756306104,real estate,34.73220542632482,none,own,2.2745906653813397,skilled employee / official,1.2654240456396075,"yes, registered under the customers name ",yes
0,0 <= ... < 200 DM,6.333070372618256,existing credits paid back duly till now,(vacation - does not exist?),344.7853183942247,... < 100 DM,... < 1 year ,2.157615537969328,male : single,none,0.7722344544186571,unknown / no property,26.424241475561786,none,own,1.6241931142173556,management/ self-employed/ highly qualified employee/ officer,0.6246049330797689,none,yes
0,0 <= ... < 200 DM,17.974137152046143,critical account/ other credits existing (not at this bank),repairs,4594.357319422711,unknown/ no savings account,1 <= ... < 4 years,1.083402532481789,female : divorced/separated/married,none,2.7722114773525046,unknown / no property,32.21211370113122,none,own,1.8992310718111098,unskilled - resident,1.9038256886095177,none,yes
0,no checking account,36.31390821145755,critical account/ other credits existing (not at this bank),education,3620.9629605732493,... < 100 DM,.. >= 7 years,-0.2594130667061334,female : divorced/separated/married,none,2.101820613103299,"if not A121/A122 : car or other, not in attribute 6",37.38169053447962,none,rent,1.5581170119496541,skilled employee / official,3.2888323923109892,"yes, registered under the customers name ",yes
0,>= 200 DM / salary assignments for at least 1 year,14.166631194050595,existing credits paid back duly till now,car (new),1720.2753889484823,... < 100 DM,... < 1 year ,0.6868322818000627,female : divorced/separated/married,none,1.5873589773987784,"if not A121/A122 : car or other, not in attribute 6",35.94662515557149,none,own,0.8388764825436299,skilled employee / official,1.9698976936554127,none,yes
0,no checking account,10.41043250669103,existing credits paid back duly till now,car (new),3016.1462407774125,... < 100 DM,.. >= 7 years,2.845389241380091,male : married/widowed,none,-0.31502910553775343,"if not A121/A122 : car or other, not in attribute 6",35.08632591687303,none,own,-0.0631487101554229,skilled employee / official,0.7237516147860052,none,yes
0,0 <= ... < 200 DM,9.927016564008708,delay in paying off in the past,car (new),754.459705955015,unknown/ no savings account,4 <= ... < 7 years,2.811119846402395,female : divorced/separated/married,guarantor,2.6188360685092262,real estate,37.38302049624522,none,own,1.8599245587750395,unskilled - resident,1.755821504188372,"yes, registered under the customers name ",yes
0,no checking account,16.88261588701039,no credits taken/ all credits paid back duly,radio/television,1950.9885532424653,... < 100 DM,unemployed,3.297245040178796,female : divorced/separated/married,none,1.4914525899395903,real estate,34.986174047890714,none,own,1.0247636882473652,skilled employee / official,1.0779613974600402,none,yes
0,< 0 DM,23.541324715060668,existing credits paid back duly till now,domestic appliances,2924.0402565020004,... < 100 DM,1 <= ... < 4 years,2.2259141150179502,male : single,none,6.063894535656669,if not A121 : building society savings agreement/ life insurance,63.53849785364108,none,own,1.4861553100763836,skilled employee / official,0.7642540214340483,"yes, registered under the customers name ",no
1,< 0 DM,23.706808413351236,existing credits paid back duly till now,domestic appliances,1657.7136066649164,unknown/ no savings account,.. >= 7 years,3.5594921391520065,male : single,none,3.362458244000213,"if not A121/A122 : car or other, not in attribute 6",28.987970080101054,stores,own,1.8067798305481015,skilled employee / official,1.6727293784977457,none,yes
0,0 <= ... < 200 DM,49.93723116242952,existing credits paid back duly till now,car (new),7236.63974163371,... < 100 DM,... < 1 year ,4.322504331523122,male : single,none,1.1040148008539357,"if not A121/A122 : car or other, not in attribute 6",31.685063359242854,none,own,3.4768086311982076,skilled employee / official,2.146131640956948,none,yes
0,no checking account,34.105993369907296,existing credits paid back duly till now,domestic appliances,2762.572863597814,... < 100 DM,1 <= ... < 4 years,2.6619475894305165,male : single,none,3.4210759380697837,if not A121 : building society savings agreement/ life insurance,28.42666775873137,none,own,2.3717676405528634,unskilled - resident,3.5935480020693076,"yes, registered under the customers name ",yes
0,< 0 DM,23.03790888365837,existing credits paid back duly till now,car (used),4677.2323778870605,.. >= 1000 DM ,4 <= ... < 7 years,3.016129415276004,male : single,none,3.936400417014647,"if not A121/A122 : car or other, not in attribute 6",34.18299134925792,none,own,2.924575356595186,skilled employee / official,2.45727086327856,none,yes
1,no checking account,24.347708452450956,existing credits paid back duly till now,domestic appliances,3092.1094853594473,unknown/ no savings account,1 <= ... < 4 years,2.538973719419162,female : divorced/separated/married,none,0.4547000544712423,if not A121 : building society savings agreement/ life insurance,22.297933176968414,none,rent,0.7028552627698579,management/ self-employed/ highly qualified employee/ officer,1.711150156934524,"yes, registered under the customers name ",yes
1,no checking account,5.592921763649675,existing credits paid back duly till now,radio/television,449.125043921708,unknown/ no savings account,4 <= ... < 7 years,3.566767343376979,female : divorced/separated/married,none,3.6967983832895026,"if not A121/A122 : car or other, not in attribute 6",22.24978092975787,none,for free,0.5217228619918053,skilled employee / official,1.2491705012881797,"yes, registered under the customers name ",yes
1,0 <= ... < 200 DM,8.715636161959905,existing credits paid back duly till now,car (new),653.9865842130752,... < 100 DM,4 <= ... < 7 years,4.32774646995195,male : single,none,4.09552241149581,unknown / no property,29.785620748621305,none,own,1.4736718908168014,skilled employee / official,1.1637222550580182,none,yes
0,no checking account,6.185325649415382,critical account/ other credits existing (not at this bank),domestic appliances,1235.739585242662,... < 100 DM,.. >= 7 years,4.584169073352291,male : single,none,4.550433510934785,"if not A121/A122 : car or other, not in attribute 6",36.8868263287992,none,own,0.6135271272830912,skilled employee / official,0.9963105963668923,none,yes
1,no checking account,18.619171116975394,critical account/ other credits existing (not at this bank),car (new),1244.8092395396654,unknown/ no savings account,.. >= 7 years,3.0923824938993993,male : single,none,0.6909049476120144,if not A121 : building society savings agreement/ life insurance,32.321650121158854,none,own,1.2691857888276576,unskilled - resident,-0.7389872271999107,"yes, registered under the customers name ",yes
1,no checking account,17.660741516115984,existing credits paid back duly till now,domestic appliances,3113.837201003367,100 <= ... < 500 DM,4 <= ... < 7 years,1.0364807556142315,male : single,none,4.610742155796194,if not A121 : building society savings agreement/ life insurance,26.51259499343123,none,own,-0.06119218933542103,skilled employee / official,0.1274408909184349,none,yes
0,< 0 DM,40.06385153273436,critical account/ other credits existing (not at this bank),car (used),2571.0959987502256,... < 100 DM,unemployed,1.968380431336973,male : single,none,1.8624994039194123,real estate,24.257695721276555,none,own,0.11837231752369892,skilled employee / official,0.9522829818295696,none,yes
0,0 <= ... < 200 DM,22.858061773857596,critical account/ other credits existing (not at this bank),furniture/equipment,5150.542862087081,... < 100 DM,.. >= 7 years,4.211713784170597,female : divorced/separated/married,none,1.7771778242427887,if not A121 : building society savings agreement/ life insurance,24.48337523802526,none,own,1.6354093010182902,skilled employee / official,-1.1055392782089841,"yes, registered under the customers name ",yes
0,no checking account,12.006339062362269,critical account/ other credits existing (not at this bank),domestic appliances,1036.6093223974008,... < 100 DM,1 <= ... < 4 years,3.762149241958686,male : single,none,5.1379567694000485,"if not A121/A122 : car or other, not in attribute 6",39.75816421722817,none,rent,1.8866900754060962,skilled employee / official,0.4556782077272509,none,yes
0,< 0 DM,17.597673726595833,existing credits paid back duly till now,car (used),1479.7058526805445,.. >= 1000 DM ,1 <= ... < 4 years,3.719931373119125,male : single,none,4.01839421557132,"if not A121/A122 : car or other, not in attribute 6",44.38930539110441,stores,own,1.0143438310333195,skilled employee / official,1.752386966875574,"yes, registered under the customers name ",yes
0,< 0 DM,12.223079742625275,critical account/ other credits existing (not at this bank),car (new),3573.4499783413467,... < 100 DM,1 <= ... < 4 years,2.816526996140105,female : divorced/separated/married,none,0.501062450038054,"if not A121/A122 : car or other, not in attribute 6",23.215698713885953,none,own,1.6706143105064206,management/ self-employed/ highly qualified employee/ officer,0.784573446514542,"yes, registered under the customers name ",yes
0,< 0 DM,25.433214506606173,critical account/ other credits existing (not at this bank),domestic appliances,1201.5633130735164,100 <= ... < 500 DM,.. >= 7 years,3.1187615525639494,male : single,none,1.889346253772349,real estate,25.95808028875767,none,own,0.4672643269647253,skilled employee / official,0.33827640181185525,none,yes
0,>= 200 DM / salary assignments for at least 1 year,30.09152017817321,critical account/ other credits existing (not at this bank),radio/television,3622.114584437024,.. >= 1000 DM ,1 <= ... < 4 years,4.217440415303261,female : divorced/separated/married,none,4.974751815086582,"if not A121/A122 : car or other, not in attribute 6",57.43105449259965,none,own,2.01650517620031,skilled employee / official,0.6584861856185996,none,yes
0,no checking account,15.580777095329797,critical account/ other credits existing (not at this bank),business,960.3299435386573,unknown/ no savings account,unemployed,2.9641752533340444,female : divorced/separated/married,none,3.31003969286695,"if not A121/A122 : car or other, not in attribute 6",30.22938766149246,none,own,3.4169444157906472,skilled employee / official,2.723893828123862,none,yes
0,< 0 DM,11.943216805607308,all credits at this bank paid back duly,education,1163.7776095302786,... < 100 DM,4 <= ... < 7 years,3.8997023325565916,male : single,none,4.874342428446387,"if not A121/A122 : car or other, not in attribute 6",44.05909333302502,none,own,1.8074872340229486,skilled employee / official,1.662145281490603,"yes, registered under the customers name ",yes
1,0 <= ... < 200 DM,5.829592418835795,critical account/ other credits existing (not at this bank),domestic appliances,1208.1905136811072,... < 100 DM,... < 1 year ,3.8856778319952525,male : married/widowed,none,5.0813747939371465,if not A121 : building society savings agreement/ life insurance,46.358984084012434,none,own,1.795871988022193,skilled employee / official,0.4396992231018503,none,yes
0,no checking account,11.22051760327458,critical account/ other credits existing (not at this bank),domestic appliances,3077.878058578908,... < 100 DM,.. >= 7 years,2.1071050300094716,male : single,none,4.7329085574375345,real estate,53.69376624076249,bank,own,2.9087903584569665,skilled employee / official,0.9316522116380367,none,yes
0,0 <= ... < 200 DM,24.430301358957554,critical account/ other credits existing (not at this bank),car (new),3755.6269969831146,... < 100 DM,1 <= ... < 4 years,4.8479587434637,male : married/widowed,none,4.265528649116472,real estate,60.949580056651456,none,own,0.29612065895020223,unskilled - resident,0.9716866643477331,"yes, registered under the customers name ",yes
0,< 0 DM,9.148462810814232,existing credits paid back duly till now,furniture/equipment,1418.3283679728315,... < 100 DM,... < 1 year ,4.377736236274744,female : divorced/separated/married,none,2.089508999763814,real estate,35.42763621887975,none,for free,0.014125025007454273,skilled employee / official,0.23204456625984893,none,yes
0,>= 200 DM / salary assignments for at least 1 year,6.665585236313429,critical account/ other credits existing (not at this bank),domestic appliances,3518.178740963286,... < 100 DM,1 <= ... < 4 years,1.9977497554958425,female : divorced/separated/married,none,2.762740280902598,"if not A121/A122 : car or other, not in attribute 6",25.679759257698567,none,for free,0.27787772977140934,skilled employee / official,0.2308697822561454,"yes, registered under the customers name ",yes
0,>= 200 DM / salary assignments for at least 1 year,13.08528700444591,existing credits paid back duly till now,domestic appliances,1933.3837069118078,... < 100 DM,.. >= 7 years,2.8153160721716333,female : divorced/separated/married,none,0.7876317069402743,"if not A121/A122 : car or other, not in attribute 6",27.7595472694493,none,rent,1.745498946593385,skilled employee / official,2.010524020326713,none,yes
1,>= 200 DM / salary assignments for at least 1 year,27.36653140723723,critical account/ other credits existing (not at this bank),radio/television,8317.977314724674,... < 100 DM,.. >= 7 years,1.2982330537332176,female : divorced/separated/married,none,3.0446884911801915,real estate,41.09651746277616,none,rent,-0.3545506142918935,skilled employee / official,0.580215622483184,none,yes
0,< 0 DM,5.713751266444308,existing credits paid back duly till now,car (new),1236.3774598473344,... < 100 DM,... < 1 year ,1.7659554527262329,male : married/widowed,none,0.7179855180647903,"if not A121/A122 : car or other, not in attribute 6",26.26473673823967,none,own,1.7925717633031897,unskilled - resident,-0.09469638703087147,"yes, registered under the customers name ",yes
0,< 0 DM,6.453965579308696,no credits taken/ all credits paid back duly,domestic appliances,366.9282986731383,... < 100 DM,1 <= ... < 4 years,3.2380084761730097,male : single,none,4.24145215960243,if not A121 : building society savings agreement/ life insurance,37.030181936738174,none,own,0.4554292681050881,skilled employee / official,0.9568596559305573,none,yes
0,no checking account,11.691326944453587,existing credits paid back duly till now,radio/television,2121.6463852583865,unknown/ no savings account,4 <= ... < 7 years,4.090659936088132,male : divorced/separated,none,3.440812598004263,if not A121 : building society savings agreement/ life insurance,39.32346505095061,bank,own,2.783759767397799,management/ self-employed/ highly qualified employee/ officer,2.1180097531291238,"yes, registered under the customers name ",yes
1,0 <= ... < 200 DM,24.93554712546515,existing credits paid back duly till now,radio/television,2994.8960113646285,unknown/ no savings account,.. >= 7 years,4.21064087739324,female : divorced/separated/married,none,3.9582027721244875,real estate,18.62694934043136,bank,own,1.35241937901004,unskilled - resident,-0.9727042241938353,"yes, registered under the customers name ",yes
1,no checking account,34.168593915784875,existing credits paid back duly till now,business,9034.322797464094,... < 100 DM,4 <= ... < 7 years,3.877916112028608,male : single,none,2.003476290877664,if not A121 : building society savings agreement/ life insurance,28.521471505242232,none,own,0.39930337223066303,skilled employee / official,0.959253642182807,"yes, registered under the customers name ",yes
0,no checking account,23.664392631881356,all credits at this bank paid back duly,domestic appliances,1583.8499145058477,... < 100 DM,.. >= 7 years,1.8074565091925914,male : divorced/separated,co-applicant,4.0793156564321205,"if not A121/A122 : car or other, not in attribute 6",37.847634177145714,none,own,2.5899608453629037,skilled employee / official,1.8679799343482604,none,yes
0,0 <= ... < 200 DM,16.009188004876002,existing credits paid back duly till now,radio/television,1301.711977022991,... < 100 DM,... < 1 year ,3.451927066755177,female : divorced/separated/married,co-applicant,1.768553202311209,"if not A121/A122 : car or other, not in attribute 6",32.24042135412809,bank,own,1.7232630598237697,skilled employee / official,1.451229385521833,none,yes
0,no checking account,4.504939169772795,existing credits paid back duly till now,radio/television,1321.8185209320711,unknown/ no savings account,... < 1 year ,3.2318751342893033,male : single,none,4.5946902113701835,unknown / no property,27.499785141243738,none,own,1.2314542102085893,skilled employee / official,4.229795115194971,none,no
1,0 <= ... < 200 DM,25.36386222981391,existing credits paid back duly till now,car (new),3122.433705084419,... < 100 DM,4 <= ... < 7 years,4.553076787025245,male : single,none,0.7564719582751385,"if not A121/A122 : car or other, not in attribute 6",25.511943256068147,none,own,0.5069757446175815,skilled employee / official,2.251109482312179,none,yes
0,>= 200 DM / salary assignments for at least 1 year,36.89518498197169,existing credits paid back duly till now,domestic appliances,5492.375396591785,unknown/ no savings account,4 <= ... < 7 years,2.2489135986750295,male : single,none,5.322135894078476,real estate,43.08560940297406,bank,own,-1.2253631870979826,skilled employee / official,3.4489340247508533,none,yes
0,0 <= ... < 200 DM,8.28051976671521,all credits at this bank paid back duly,domestic appliances,1127.3251467288749,... < 100 DM,1 <= ... < 4 years,3.008668355954839,female : divorced/separated/married,none,4.635843338265932,real estate,47.69233310161506,none,rent,-0.09065997436928486,skilled employee / official,3.8000859359143266,"yes, registered under the customers name ",yes
1,no checking account,22.4974965439591,no credits taken/ all credits paid back duly,(vacation - does not exist?),1216.3302899456166,... < 100 DM,.. >= 7 years,4.484453439248422,male : married/widowed,none,2.8095162453116447,"if not A121/A122 : car or other, not in attribute 6",38.796943690028215,none,own,1.2575304395764215,skilled employee / official,2.758156261774598,none,yes
1,>= 200 DM / salary assignments for at least 1 year,21.03547116215835,critical account/ other credits existing (not at this bank),business,1206.7882661974556,... < 100 DM,1 <= ... < 4 years,5.217725187451136,female : divorced/separated/married,none,4.1615246521538465,real estate,23.298959176012197,none,for free,1.0741661766060218,skilled employee / official,1.163070207932701,none,yes
1,0 <= ... < 200 DM,9.456504492067365,existing credits paid back duly till now,car (new),1309.4987194410696,... < 100 DM,unemployed,4.919423676646986,female : divorced/separated/married,none,5.64811216182388,real estate,28.601571377895425,bank,own,0.05461732064018476,skilled employee / official,1.973740293431332,"yes, registered under the customers name ",yes
0,< 0 DM,17.420415012247403,existing credits paid back duly till now,car (used),2357.8928076526704,unknown/ no savings account,unemployed,3.521700452736959,male : divorced/separated,none,1.8187689654532988,"if not A121/A122 : car or other, not in attribute 6",36.749550538926144,bank,rent,0.486548012950891,unskilled - resident,0.44076356660500626,none,yes
1,>= 200 DM / salary assignments for at least 1 year,15.434884271463648,all credits at this bank paid back duly,car (new),6849.956866410359,... < 100 DM,... < 1 year ,1.3587960839062543,female : divorced/separated/married,none,2.4477150300950683,if not A121 : building society savings agreement/ life insurance,32.99195212912597,none,own,-0.22533068158259906,skilled employee / official,2.1076863194949693,"yes, registered under the customers name ",yes
0,0 <= ... < 200 DM,23.44042771395051,existing credits paid back duly till now,car (used),1414.9975141778048,... < 100 DM,4 <= ... < 7 years,4.905259401493955,male : single,none,2.5458788377391453,"if not A121/A122 : car or other, not in attribute 6",27.082917447789693,none,own,1.1711138985312706,unskilled - resident,0.35227235692168635,none,yes
0,no checking account,39.46508020950031,no credits taken/ all credits paid back duly,business,8588.132346506403,unknown/ no savings account,... < 1 year ,3.6928729269142146,female : divorced/separated/married,none,0.9633771008353995,real estate,45.60552520522431,none,own,1.4257145945849077,skilled employee / official,1.3979845575628818,"yes, registered under the customers name ",no
1,< 0 DM,10.439041647005556,existing credits paid back duly till now,domestic appliances,759.0679131691693,unknown/ no savings account,1 <= ... < 4 years,3.398539188440994,female : divorced/separated/married,none,2.510707949213514,"if not A121/A122 : car or other, not in attribute 6",25.737621869289832,none,own,1.4023653484198224,skilled employee / official,0.34809091198017983,none,no
0,no checking account,35.70267663730237,existing credits paid back duly till now,education,4686.548128379643,... < 100 DM,.. >= 7 years,3.706767640418973,male : divorced/separated,none,0.6061648479653743,real estate,31.830657492978634,none,own,1.0123611319052592,skilled employee / official,0.31307150013828233,none,yes
0,no checking account,15.099477473015739,existing credits paid back duly till now,car (used),2687.8956052433145,500 <= ... < 1000 DM ,.. >= 7 years,2.216204676322688,male : married/widowed,none,3.3743758935986037,unknown / no property,27.2722388617721,none,rent,-0.5410729965013943,unskilled - resident,1.4134732931055045,"yes, registered under the customers name ",yes
0,no checking account,11.913899348178951,critical account/ other credits existing (not at this bank),domestic appliances,583.0025333071102,... < 100 DM,4 <= ... < 7 years,4.804880565862379,male : single,none,5.075722967494192,if not A121 : building society savings agreement/ life insurance,19.251311126630043,none,own,1.380046336107149,skilled employee / official,0.8622885592194328,none,yes
0,0 <= ... < 200 DM,24.790806121690082,critical account/ other credits existing (not at this bank),domestic appliances,2253.317673518209,unknown/ no savings account,1 <= ... < 4 years,4.12374001441139,male : single,none,1.356756290308358,real estate,54.091293772175455,none,for free,0.5926933276815155,skilled employee / official,-0.927521135716747,none,yes
0,no checking account,6.344645226236052,existing credits paid back duly till now,car (new),609.2102912910862,100 <= ... < 500 DM,.. >= 7 years,3.4134843490800355,female : divorced/separated/married,guarantor,2.695522192253473,real estate,37.95462779365231,none,own,1.5967046870793746,unskilled - resident,-0.4555569213120896,"yes, registered under the customers name ",yes
0,no checking account,6.668326018107997,existing credits paid back duly till now,domestic appliances,1360.2851234381026,... < 100 DM,.. >= 7 years,2.010982892582401,male : single,co-applicant,4.446461021245187,"if not A121/A122 : car or other, not in attribute 6",40.8091174883856,none,for free,1.0749812179898364,management/ self-employed/ highly qualified employee/ officer,0.8527335085385366,none,yes
1,< 0 DM,35.31162771776924,existing credits paid back duly till now,repairs,7128.31202526222,... < 100 DM,.. >= 7 years,3.4359940177677144,male : single,none,3.9399077522448684,if not A121 : building society savings agreement/ life insurance,22.840387332479327,none,for free,3.425541372371019,skilled employee / official,0.11702809388602564,none,yes
0,0 <= ... < 200 DM,6.897815408410548,existing credits paid back duly till now,domestic appliances,1202.6848256101148,... < 100 DM,1 <= ... < 4 years,3.555240074279424,female : divorced/separated/married,none,2.0125785023518334,if not A121 : building society savings agreement/ life insurance,42.71109411914734,none,rent,1.8120962126845996,skilled employee / official,1.4144233294786381,"yes, registered under the customers name ",yes
0,no checking account,7.628936947623991,existing credits paid back duly till now,(vacation - does not exist?),698.0654692642869,... < 100 DM,4 <= ... < 7 years,2.288526840269541,male : married/widowed,none,4.656818526720137,real estate,34.26118453747907,none,own,1.0124822201513055,management/ self-employed/ highly qualified employee/ officer,1.2189388470716358,none,yes
0,no checking account,23.02985048034859,critical account/ other credits existing (not at this bank),(vacation - does not exist?),5505.731986083156,... < 100 DM,unemployed,2.784755543423845,male : married/widowed,none,3.272632259340868,"if not A121/A122 : car or other, not in attribute 6",42.9437550073348,none,own,2.6784028752966336,unskilled - resident,2.065279371699199,none,yes
1,no checking account,17.11230434428544,existing credits paid back duly till now,domestic appliances,3187.2503239803696,... < 100 DM,... < 1 year ,3.7822937927047118,female : divorced/separated/married,none,2.0403364055546906,unknown / no property,24.318359226574735,none,own,1.6403023676657362,skilled employee / official,1.752801822941771,none,yes
1,no checking account,49.33578433632023,existing credits paid back duly till now,car (used),7118.765874462717,... < 100 DM,1 <= ... < 4 years,2.786203138150044,male : single,none,3.687731805393347,unknown / no property,52.862117811057765,none,own,1.193932527048435,skilled employee / official,3.071902956182658,none,yes
0,no checking account,23.80865601330494,existing credits paid back duly till now,domestic appliances,3487.8116158727357,... < 100 DM,.. >= 7 years,1.1995213082658194,female : divorced/separated/married,none,2.4143966253997444,"if not A121/A122 : car or other, not in attribute 6",23.074927078566226,none,rent,1.8488659226354391,skilled employee / official,1.608396191459123,none,yes
0,< 0 DM,19.403821392066558,existing credits paid back duly till now,domestic appliances,1112.575537290218,... < 100 DM,1 <= ... < 4 years,5.893048885422544,female : divorced/separated/married,co-applicant,3.0795442437507003,real estate,27.03925360963406,none,own,0.8396233640547366,skilled employee / official,2.2096793090914897,"yes, registered under the customers name ",yes
0,no checking account,25.557464288107816,critical account/ other credits existing (not at this bank),car (used),7967.07887903903,.. >= 1000 DM ,1 <= ... < 4 years,2.6823925098127925,male : single,none,4.568206447063832,real estate,28.812676890937727,none,own,0.5900465099855552,unskilled - resident,2.0993517422876558,"yes, registered under the customers name ",yes
0,< 0 DM,16.455045576270713,critical account/ other credits existing (not at this bank),business,1533.1985198365167,100 <= ... < 500 DM,1 <= ... < 4 years,3.9299871411871994,male : single,none,3.384723314585234,real estate,30.76381969776735,bank,rent,1.4552027246371417,skilled employee / official,1.9194127917400996,none,yes
0,no checking account,4.131485816805452,critical account/ other credits existing (not at this bank),domestic appliances,1502.8296115766439,unknown/ no savings account,4 <= ... < 7 years,1.6285822639179313,male : single,none,-0.32358830140138917,real estate,42.18871096341122,none,own,2.216961823614524,management/ self-employed/ highly qualified employee/ officer,2.376095367553991,"yes, registered under the customers name ",yes
1,< 0 DM,36.258228823322696,existing credits paid back duly till now,car (new),2299.8653063325232,... < 100 DM,4 <= ... < 7 years,5.082351929791735,female : divorced/separated/married,none,2.459645624151589,real estate,30.295840062425484,none,own,0.7723223708141722,skilled employee / official,2.2710718708601423,none,yes
0,0 <= ... < 200 DM,7.564718021669904,existing credits paid back duly till now,car (new),662.6172815804922,unknown/ no savings account,4 <= ... < 7 years,2.4580165997738073,male : single,none,3.887836099889416,unknown / no property,42.431477113927414,bank,own,0.9625469150167005,skilled employee / official,-0.3457882425033967,none,yes
0,0 <= ... < 200 DM,35.63822952255583,critical account/ other credits existing (not at this bank),car (new),2273.5553602285086,... < 100 DM,... < 1 year ,4.1482564245159885,female : divorced/separated/married,none,2.5611865331764823,if not A121 : building society savings agreement/ life insurance,32.90858680161315,none,own,1.280914521111538,management/ self-employed/ highly qualified employee/ officer,1.70953682585955,"yes, registered under the customers name ",yes
1,0 <= ... < 200 DM,14.058877904075041,existing credits paid back duly till now,domestic appliances,2631.309391570157,... < 100 DM,... < 1 year ,2.5421952857242562,male : married/widowed,none,3.8132418651956472,unknown / no property,28.290133327088757,none,rent,2.6101305037971096,skilled employee / official,0.694209534348269,none,yes
0,no checking account,11.551435791971645,critical account/ other credits existing (not at this bank),education,1503.9814797493082,... < 100 DM,1 <= ... < 4 years,4.24468192548735,female : divorced/separated/married,none,5.306999553404016,if not A121 : building society savings agreement/ life insurance,42.794231779328584,bank,rent,0.956549365491074,management/ self-employed/ highly qualified employee/ officer,2.1526828774815705,none,no
0,0 <= ... < 200 DM,24.452333950643137,existing credits paid back duly till now,car (used),1309.835171903539,unknown/ no savings account,.. >= 7 years,4.145514805335595,male : single,none,3.351930770818657,"if not A121/A122 : car or other, not in attribute 6",24.501104720389858,none,rent,1.166448843948228,skilled employee / official,2.5713949969507697,"yes, registered under the customers name ",yes
0,< 0 DM,22.434240927819484,existing credits paid back duly till now,radio/television,3107.008755386185,... < 100 DM,1 <= ... < 4 years,3.825031963285822,male : married/widowed,none,2.4712504578458936,unknown / no property,24.992273718894317,none,own,2.3571419244288725,skilled employee / official,-0.45017937021026255,none,yes
1,>= 200 DM / salary assignments for at least 1 year,21.63747090265112,existing credits paid back duly till now,radio/television,2318.040572246858,unknown/ no savings account,.. >= 7 years,3.0456401202092658,female : divorced/separated/married,guarantor,-0.3357205093045694,"if not A121/A122 : car or other, not in attribute 6",33.366336968934064,none,own,-0.1545856144263249,management/ self-employed/ highly qualified employee/ officer,2.411167174149276,"yes, registered under the customers name ",yes
0,0 <= ... < 200 DM,5.461228682382257,existing credits paid back duly till now,domestic appliances,1374.749222927201,... < 100 DM,1 <= ... < 4 years,3.134657167898166,male : single,guarantor,3.937522921749758,real estate,74.08544495320608,none,for free,0.105716978117948,management/ self-employed/ highly qualified employee/ officer,-0.1714451860262689,none,no
0,< 0 DM,19.147812660733564,critical account/ other credits existing (not at this bank),car (new),3610.3126523055867,... < 100 DM,4 <= ... < 7 years,1.3780748731697907,male : single,none,3.665067962726393,"if not A121/A122 : car or other, not in attribute 6",37.300714541817726,none,own,-1.2099444596162092,skilled employee / official,-0.14121524556082266,none,yes
1,no checking account,45.60573969509953,all credits at this bank paid back duly,domestic appliances,7762.06973531273,500 <= ... < 1000 DM ,4 <= ... < 7 years,4.614440122892475,male : single,none,4.863092453610908,"if not A121/A122 : car or other, not in attribute 6",40.893417506212124,none,rent,1.5647422584904072,unskilled - resident,0.7657142976726353,none,yes
0,no checking account,17.21343422489583,existing credits paid back duly till now,car (new),3050.5163686467254,... < 100 DM,.. >= 7 years,1.6312383280671479,male : single,none,0.185830018013887,"if not A121/A122 : car or other, not in attribute 6",45.69055731827425,stores,own,-0.21221002374676634,management/ self-employed/ highly qualified employee/ officer,0.6817935278674154,none,yes
1,no checking account,10.313531848765898,existing credits paid back duly till now,car (new),1533.739100176999,unknown/ no savings account,1 <= ... < 4 years,1.4802411525117667,female : divorced/separated/married,none,1.1770493475099124,"if not A121/A122 : car or other, not in attribute 6",24.057834768128906,none,own,1.1325697098956522,unskilled - resident,-0.5584172797168765,"yes, registered under the customers name ",yes
0,no checking account,23.17377053363605,critical account/ other credits existing (not at this bank),car (used),2032.8399226051329,... < 100 DM,1 <= ... < 4 years,4.407728369618039,male : single,none,4.352002953937632,if not A121 : building society savings agreement/ life insurance,60.27233340112833,none,own,2.370988224939553,unskilled - resident,1.649877973492567,none,yes
1,no checking account,30.24766590110894,critical account/ other credits existing (not at this bank),domestic appliances,6350.236955388719,... < 100 DM,... < 1 year ,3.679459621662452,female : divorced/separated/married,none,3.8459666834241335,real estate,29.147202184935054,none,for free,1.6023528388925201,unskilled - resident,1.679402424726602,"yes, registered under the customers name ",yes
1,0 <= ... < 200 DM,17.820773374550246,existing credits paid back duly till now,domestic appliances,2863.895041844,unknown/ no savings account,4 <= ... < 7 years,2.7874827043855253,male : single,none,1.4045451930861568,"if not A121/A122 : car or other, not in attribute 6",33.03320647883397,none,rent,-0.20401691383605924,skilled employee / official,3.0540415961636707,"yes, registered under the customers name ",yes
0,0 <= ... < 200 DM,11.746622431051986,existing credits paid back duly till now,car (used),1256.3638503249326,... < 100 DM,1 <= ... < 4 years,3.954441873245459,male : single,none,3.7336029248074913,real estate,61.56471000321316,bank,rent,1.934838381859309,skilled employee / official,0.5665446702221348,none,yes
1,0 <= ... < 200 DM,23.84081512861994,critical account/ other credits existing (not at this bank),business,1332.7633411753482,... < 100 DM,.. >= 7 years,3.512886439184822,female : divorced/separated/married,none,1.3509402469587206,unknown / no property,43.02119864351236,bank,for free,3.670280420787749,skilled employee / official,1.9604172850275514,"yes, registered under the customers name ",yes
0,< 0 DM,24.203388240619944,all credits at this bank paid back duly,radio/television,2020.2192618924366,... < 100 DM,... < 1 year ,3.6881086877446,male : married/widowed,none,5.605483382793965,real estate,34.30599738230751,none,own,2.7143146799843163,skilled employee / official,0.9695728350973574,"yes, registered under the customers name ",yes
0,>= 200 DM / salary assignments for at least 1 year,22.991463958056894,existing credits paid back duly till now,car (new),1551.1967599080483,... < 100 DM,4 <= ... < 7 years,5.020639698775832,male : single,none,2.048952866361442,real estate,33.24283038386824,none,own,1.9873230940269508,unskilled - resident,3.6879954414684644,"yes, registered under the customers name ",no
1,< 0 DM,12.706849640899051,existing credits paid back duly till now,car (used),626.5511917287017,... < 100 DM,1 <= ... < 4 years,2.2650239179545673,female : divorced/separated/married,none,3.2391352549518233,"if not A121/A122 : car or other, not in attribute 6",24.136656506253832,stores,own,1.3374931388188396,skilled employee / official,-1.8342447826332182,"yes, registered under the customers name ",yes
0,< 0 DM,48.66266597038548,existing credits paid back duly till now,domestic appliances,8858.395509106362,... < 100 DM,1 <= ... < 4 years,2.499788104295799,male : single,none,1.568444305594613,unknown / no property,34.18092533599995,none,own,0.9948936111546225,unskilled - resident,0.04305565101089659,none,yes
0,no checking account,12.3850379376561,existing credits paid back duly till now,radio/television,994.4329417497646,... < 100 DM,1 <= ... < 4 years,2.3208895723762826,male : married/widowed,none,3.257321145298847,"if not A121/A122 : car or other, not in attribute 6",23.994955597566666,none,own,2.718621625391053,skilled employee / official,1.0055408427917976,none,yes
0,0 <= ... < 200 DM,6.556533442751263,delay in paying off in the past,car (new),1749.2756574805917,100 <= ... < 500 DM,1 <= ... < 4 years,1.8917666616770268,female : divorced/separated/married,none,2.815315356337676,if not A121 : building society savings agreement/ life insurance,44.322459987093104,none,own,0.8419787712531591,skilled employee / official,0.914429765084497,none,yes
1,>= 200 DM / salary assignments for at least 1 year,48.29641800080866,existing credits paid back duly till now,car (new),6998.418278650798,100 <= ... < 500 DM,4 <= ... < 7 years,0.5663725148458123,male : single,none,2.0338094413989762,if not A121 : building society savings agreement/ life insurance,33.311547882395786,none,own,2.560528275272844,skilled employee / official,0.7416796427288825,none,yes
0,no checking account,14.035073302731067,existing credits paid back duly till now,repairs,1994.6345304058857,... < 100 DM,1 <= ... < 4 years,1.9149717033201221,female : divorced/separated/married,none,-0.7040996256474057,real estate,27.358352651014037,none,own,0.3671565451478833,skilled employee / official,0.8739244636300907,"yes, registered under the customers name ",yes
0,>= 200 DM / salary assignments for at least 1 year,8.91290582894749,no credits taken/ all credits paid back duly,business,1197.6240864113984,.. >= 1000 DM ,1 <= ... < 4 years,4.389037590433763,female : divorced/separated/married,none,4.926855913576541,"if not A121/A122 : car or other, not in attribute 6",68.7810384592423,none,for free,1.827066887160071,unskilled - resident,0.3423138912075312,none,yes
1,no checking account,11.692916781665422,existing credits paid back duly till now,car (new),1330.3716288918806,... < 100 DM,.. >= 7 years,1.619961937807804,male : divorced/separated,none,0.7472776874269416,if not A121 : building society savings agreement/ life insurance,23.623587177972887,none,own,1.1641473600764247,skilled employee / official,1.0644689261026725,none,yes
1,0 <= ... < 200 DM,17.246472419642622,existing credits paid back duly till now,domestic appliances,2277.2713895147403,unknown/ no savings account,1 <= ... < 4 years,0.9007936574387561,female : divorced/separated/married,none,2.788453396919471,real estate,28.359711498904108,bank,own,2.2462780914938585,unskilled - resident,1.6281492777578133,none,yes
1,no checking account,19.967737329422164,existing credits paid back duly till now,car (new),5003.771533259762,100 <= ... < 500 DM,.. >= 7 years,1.839568090774252,female : divorced/separated/married,none,4.409751219623289,"if not A121/A122 : car or other, not in attribute 6",29.46238565885032,bank,rent,2.4937227144602483,skilled employee / official,0.7637335549689981,none,yes
1,no checking account,22.755528212398925,no credits taken/ all credits paid back duly,radio/television,3552.80912131099,... < 100 DM,4 <= ... < 7 years,4.435006177988935,male : single,none,4.581198811994252,real estate,27.791498932084824,none,own,0.42080501547510063,skilled employee / official,0.5468052660312643,none,yes
1,>= 200 DM / salary assignments for at least 1 year,17.111202686769083,critical account/ other credits existing (not at this bank),(vacation - does not exist?),1927.8541895419112,... < 100 DM,... < 1 year ,3.490124342296572,male : single,none,1.1736568231710918,if not A121 : building society savings agreement/ life insurance,29.743016324630652,bank,rent,0.6567155478897972,skilled employee / official,0.8342350833461278,"yes, registered under the customers name ",yes
0,no checking account,23.92931961834793,existing credits paid back duly till now,domestic appliances,2963.607960204129,... < 100 DM,1 <= ... < 4 years,4.358956440651471,female : divorced/separated/married,none,4.717725608750063,unknown / no property,49.64414833715198,stores,own,2.6247850398997947,management/ self-employed/ highly qualified employee/ officer,1.9925636533544107,none,yes
1,< 0 DM,24.334295128497715,existing credits paid back duly till now,radio/television,1546.139924312039,... < 100 DM,.. >= 7 years,4.0460581385771155,male : single,none,4.113370538025223,real estate,23.265926531856472,bank,own,3.489254169023358,skilled employee / official,-0.7403195653344219,"yes, registered under the customers name ",yes
0,0 <= ... < 200 DM,6.051142058552162,critical account/ other credits existing (not at this bank),domestic appliances,682.1834248925444,... < 100 DM,... < 1 year ,3.328156620895797,male : married/widowed,co-applicant,-0.2560547928680381,if not A121 : building society savings agreement/ life insurance,29.31847806679658,none,own,1.4474207112023787,unskilled - resident,1.4615539179612786,"yes, registered under the customers name ",yes
1,no checking account,35.23446472257029,existing credits paid back duly till now,radio/television,12387.853167917832,... < 100 DM,.. >= 7 years,2.6823835853400984,male : single,none,3.830125516420261,"if not A121/A122 : car or other, not in attribute 6",36.77253237239266,none,own,-0.3239920947301105,skilled employee / official,0.5489987705532056,none,yes
0,< 0 DM,24.900184564019963,delay in paying off in the past,car (new),4711.059778791075,... < 100 DM,... < 1 year ,5.133568702875625,male : divorced/separated,none,3.381279015558926,"if not A121/A122 : car or other, not in attribute 6",37.50120832711421,none,own,1.2268048831571232,unskilled - resident,2.261535074811051,none,yes
0,< 0 DM,24.739412672300947,existing credits paid back duly till now,domestic appliances,1552.3651868360284,.. >= 1000 DM ,... < 1 year ,2.058462397770199,male : single,none,3.676594798245697,unknown / no property,23.11810346500646,none,rent,2.509117569050969,skilled employee / official,1.5910534756424748,none,yes
1,no checking account,11.840351692577983,critical account/ other credits existing (not at this bank),car (used),1370.8365262002078,... < 100 DM,1 <= ... < 4 years,2.201344853214922,female : divorced/separated/married,none,3.7173484576086775,unknown / no property,32.9269697291787,none,rent,2.341115611681286,skilled employee / official,2.1700664042196554,"yes, registered under the customers name ",yes
0,no checking account,23.34708385533529,existing credits paid back duly till now,domestic appliances,2578.162059559063,unknown/ no savings account,... < 1 year ,2.439516144291429,female : divorced/separated/married,none,0.8096565118316299,real estate,34.178891711705184,none,own,-0.2128906345418562,skilled employee / official,-0.011003793714908339,"yes, registered under the customers name ",yes
0,0 <= ... < 200 DM,48.5484279208298,critical account/ other credits existing (not at this bank),car (used),3979.7297156737836,unknown/ no savings account,1 <= ... < 4 years,2.1903830310827708,female : divorced/separated/married,none,1.4906069024558883,if not A121 : building society savings agreement/ life insurance,41.64215295229926,none,own,1.8756671791510988,skilled employee / official,1.6286133588125735,"yes, registered under the customers name ",yes
1,no checking account,48.187973587486105,critical account/ other credits existing (not at this bank),retraining,6756.412901699202,.. >= 1000 DM ,1 <= ... < 4 years,3.469360659620774,male : single,none,2.8508609038591928,real estate,31.445928348338455,none,for free,1.195932064443969,skilled employee / official,-0.24245848745740917,"yes, registered under the customers name ",yes
1,< 0 DM,22.55187274058495,critical account/ other credits existing (not at this bank),car (new),3234.025128711216,unknown/ no savings account,1 <= ... < 4 years,6.272991825979389,male : single,none,4.725707983318722,"if not A121/A122 : car or other, not in attribute 6",22.89741405379142,none,own,1.8645784512858747,unskilled - resident,0.2948087910706739,"yes, registered under the customers name ",yes
0,no checking account,29.932019744015594,existing credits paid back duly till now,radio/television,5953.780064204734,... < 100 DM,.. >= 7 years,3.6399361658007914,female : divorced/separated/married,none,2.784954288687918,real estate,39.642161691930404,none,own,0.6563989055996207,skilled employee / official,2.2521054245085916,"yes, registered under the customers name ",yes
0,no checking account,24.26203581207438,critical account/ other credits existing (not at this bank),business,5433.341508685537,... < 100 DM,... < 1 year ,3.4734130814417563,male : single,none,4.363263079247531,"if not A121/A122 : car or other, not in attribute 6",26.311373129121662,none,rent,-0.5638146913219246,skilled employee / official,2.487490577922495,none,yes
0,>= 200 DM / salary assignments for at least 1 year,14.100305213512247,critical account/ other credits existing (not at this bank),domestic appliances,805.9870612318964,unknown/ no savings account,4 <= ... < 7 years,4.182914730128705,male : single,none,3.9275876611694565,"if not A121/A122 : car or other, not in attribute 6",22.437673300193108,none,own,1.6211975594529022,skilled employee / official,-0.1481332948044598,"yes, registered under the customers name ",yes
0,no checking account,9.189843392837442,delay in paying off in the past,domestic appliances,1080.5464007200683,... < 100 DM,1 <= ... < 4 years,3.9267816760161787,male : single,none,3.3916325040959814,"if not A121/A122 : car or other, not in attribute 6",28.04449189405057,none,own,3.124795965171238,unemployed/ unskilled - non-resident,0.5417223316827164,"yes, registered under the customers name ",yes
0,0 <= ... < 200 DM,13.54517751474221,existing credits paid back duly till now,car (new),2786.737610701143,... < 100 DM,... < 1 year ,2.3812713900809754,female : divorced/separated/married,none,1.1020644814985037,unknown / no property,24.3625929996966,none,own,1.9174085382548394,unskilled - resident,0.9238043279760508,"yes, registered under the customers name ",yes
0,no checking account,13.33618610001217,critical account/ other credits existing (not at this bank),domestic appliances,2930.029423575585,... < 100 DM,4 <= ... < 7 years,1.1841733520155673,female : divorced/separated/married,none,1.339641766713351,real estate,26.101982246585795,none,own,1.4052400913064313,skilled employee / official,1.5856056418097813,none,no
0,no checking account,25.24794998505943,critical account/ other credits existing (not at this bank),business,1928.0287809197455,... < 100 DM,1 <= ... < 4 years,2.0362248127656115,male : single,none,2.1860528436521887,"if not A121/A122 : car or other, not in attribute 6",30.56166258622038,none,rent,1.5255087705729293,skilled employee / official,-0.7598102635364925,"yes, registered under the customers name ",yes
1,no checking account,35.747482665697035,existing credits paid back duly till now,car (new),2817.785812628957,.. >= 1000 DM ,unemployed,5.266304557169366,male : single,none,4.557575842824816,"if not A121/A122 : car or other, not in attribute 6",26.522879097981917,none,own,1.1542272052741058,skilled employee / official,-0.6030000815284384,"yes, registered under the customers name ",yes
0,no checking account,24.363454337839073,existing credits paid back duly till now,car (new),937.3457265798016,... < 100 DM,4 <= ... < 7 years,5.372342342866518,male : single,co-applicant,1.6624563067071059,"if not A121/A122 : car or other, not in attribute 6",27.760945525881116,none,rent,3.0264256805472187,skilled employee / official,1.4896261438724023,"yes, registered under the customers name ",yes
1,no checking account,15.590078034200126,existing credits paid back duly till now,business,1057.1896220052877,unknown/ no savings account,4 <= ... < 7 years,2.0088936844126497,male : single,none,3.64501668931506,real estate,29.646903668582194,none,for free,2.387495847814461,skilled employee / official,-0.9490385689179244,none,yes
0,no checking account,10.843652339734668,delay in paying off in the past,domestic appliances,3123.8469741237936,... < 100 DM,... < 1 year ,1.9679988045538646,male : married/widowed,none,5.054545094620777,unknown / no property,49.80117837228173,none,rent,2.4903685994018825,management/ self-employed/ highly qualified employee/ officer,1.5532025938611298,"yes, registered under the customers name ",yes
0,< 0 DM,8.70622107984787,critical account/ other credits existing (not at this bank),car (new),1388.5502024960265,unknown/ no savings account,.. >= 7 years,3.913040024393979,male : single,none,2.0784501307779113,if not A121 : building society savings agreement/ life insurance,26.148728175920272,bank,own,2.502115147994613,management/ self-employed/ highly qualified employee/ officer,1.1620918085588408,none,yes
1,no checking account,34.92786697857314,existing credits paid back duly till now,car (new),2383.296930919102,unknown/ no savings account,4 <= ... < 7 years,4.339808574490431,male : single,none,0.9383346807934592,unknown / no property,34.28806607026218,none,own,-0.054842334318573105,skilled employee / official,1.4156659699331173,"yes, registered under the customers name ",yes
0,no checking account,12.714396482630658,delay in paying off in the past,(vacation - does not exist?),2132.880633800723,100 <= ... < 500 DM,1 <= ... < 4 years,4.460218639435063,male : divorced/separated,none,4.309002356085701,if not A121 : building society savings agreement/ life insurance,51.70478329287934,none,for free,0.44797373184057787,skilled employee / official,0.858281904456168,none,yes
1,< 0 DM,19.997296530747995,existing credits paid back duly till now,car (used),2037.379086481692,unknown/ no savings account,1 <= ... < 4 years,1.9943504681243183,male : single,co-applicant,6.032337024710338,real estate,20.467614826567686,none,rent,1.1579333488346955,skilled employee / official,0.6342432809524694,"yes, registered under the customers name ",yes
0,0 <= ... < 200 DM,7.823385280570698,existing credits paid back duly till now,domestic appliances,2796.655656691581,unknown/ no savings account,unemployed,2.0827182018631887,male : married/widowed,none,0.9763522383001091,unknown / no property,36.505885064535356,none,for free,1.4356867622387581,skilled employee / official,2.8445708597164794,none,yes
0,0 <= ... < 200 DM,11.162536595914807,existing credits paid back duly till now,business,1289.9427658012253,... < 100 DM,... < 1 year ,5.4101619953019355,male : single,none,1.203206933393905,"if not A121/A122 : car or other, not in attribute 6",22.50160187263119,bank,for free,1.7831365352724502,skilled employee / official,1.2852059263657576,none,yes
1,0 <= ... < 200 DM,18.23544836830993,critical account/ other credits existing (not at this bank),domestic appliances,1216.0150050722755,... < 100 DM,... < 1 year ,4.309412839759925,male : married/widowed,none,2.2003425777023558,real estate,45.29336269366572,stores,rent,0.8126007790960159,skilled employee / official,0.3529833780485401,none,yes
1,0 <= ... < 200 DM,13.61111614849962,existing credits paid back duly till now,domestic appliances,2245.5444721549966,.. >= 1000 DM ,1 <= ... < 4 years,3.624184272469533,male : single,none,2.452995279155005,real estate,59.54159172544684,none,rent,1.0074671925028102,skilled employee / official,1.0377228966822383,none,yes
0,< 0 DM,10.777625687460096,existing credits paid back duly till now,car (new),383.6135577467298,... < 100 DM,1 <= ... < 4 years,3.1667374084627538,male : single,none,2.9504096921180607,"if not A121/A122 : car or other, not in attribute 6",58.848516105388505,none,own,4.065771675187662,management/ self-employed/ highly qualified employee/ officer,1.3831690226561928,"yes, registered under the customers name ",yes
0,< 0 DM,24.249036122306943,existing credits paid back duly till now,car (used),1963.5900302969162,500 <= ... < 1000 DM ,4 <= ... < 7 years,6.1586590107048345,female : divorced/separated/married,none,5.347323241613559,unknown / no property,43.54589647977865,none,rent,2.170338770806788,skilled employee / official,2.7182372414513813,none,yes
0,0 <= ... < 200 DM,22.821298850813108,critical account/ other credits existing (not at this bank),(vacation - does not exist?),1571.8261622999055,.. >= 1000 DM ,1 <= ... < 4 years,4.469824923204967,female : divorced/separated/married,none,5.800990600688737,if not A121 : building society savings agreement/ life insurance,36.24007151264208,none,rent,1.9346820628963304,skilled employee / official,1.7863236682915793,none,yes
1,0 <= ... < 200 DM,22.348240851820734,existing credits paid back duly till now,domestic appliances,2717.270422805864,... < 100 DM,.. >= 7 years,3.7129974253450992,female : divorced/separated/married,none,4.448142144626706,unknown / no property,19.707295835578513,none,own,1.3931409031474242,unemployed/ unskilled - non-resident,2.2145568559539437,"yes, registered under the customers name ",no
1,no checking account,22.71893079315417,existing credits paid back duly till now,domestic appliances,1358.3779709979947,... < 100 DM,... < 1 year ,2.3918141887884588,male : single,none,2.6234052769765146,real estate,40.75711836867445,none,own,1.4611463913598357,skilled employee / official,0.38939260370037,none,yes
1,0 <= ... < 200 DM,5.576393393539162,critical account/ other credits existing (not at this bank),business,931.4525384189795,... < 100 DM,1 <= ... < 4 years,0.177297976920899,female : divorced/separated/married,none,3.4927388666385184,if not A121 : building society savings agreement/ life insurance,32.86870267523168,none,rent,1.3202916840072247,management/ self-employed/ highly qualified employee/ officer,0.47581709374499737,none,yes
1,0 <= ... < 200 DM,23.47941158714459,existing credits paid back duly till now,car (new),1442.3208496463246,... < 100 DM,1 <= ... < 4 years,5.23788368791873,male : single,none,3.57244551867048,unknown / no property,22.640338321332692,none,own,1.8117774787080696,management/ self-employed/ highly qualified employee/ officer,0.76462000718701,none,yes
1,0 <= ... < 200 DM,24.812601287753644,existing credits paid back duly till now,radio/television,4241.238600790928,... < 100 DM,.. >= 7 years,1.2868911182926048,female : divorced/separated/married,none,3.428864085640263,if not A121 : building society savings agreement/ life insurance,36.330307312177545,none,rent,2.2837808848887353,skilled employee / official,0.8564273533618361,none,yes
1,< 0 DM,18.241659719820838,existing credits paid back duly till now,car (new),2776.577768204932,... < 100 DM,4 <= ... < 7 years,0.08622026517107395,male : single,none,0.22505695542127313,real estate,32.18052726241197,none,own,2.288838351659376,unskilled - resident,-0.008024957802890365,"yes, registered under the customers name ",yes
0,no checking account,22.225037940357872,critical account/ other credits existing (not at this bank),radio/television,3861.932406230955,... < 100 DM,4 <= ... < 7 years,2.038289928983819,female : divorced/separated/married,none,3.3960915692447435,"if not A121/A122 : car or other, not in attribute 6",33.89045899327445,none,own,0.6668752341163593,skilled employee / official,2.2659336265568184,none,yes
0,0 <= ... < 200 DM,7.515410402900811,existing credits paid back duly till now,car (used),2328.945065133797,... < 100 DM,4 <= ... < 7 years,0.4562171956472766,male : single,none,1.968245592371294,"if not A121/A122 : car or other, not in attribute 6",45.742604959235294,none,own,2.6898226204410154,skilled employee / official,1.883351637758792,none,yes
1,no checking account,8.42246111264435,no credits taken/ all credits paid back duly,domestic appliances,919.1326898205195,... < 100 DM,1 <= ... < 4 years,5.411316985876712,male : single,none,3.417805536116446,"if not A121/A122 : car or other, not in attribute 6",30.044138896665594,none,own,2.3421822947732185,skilled employee / official,0.6943221386984928,"yes, registered under the customers name ",yes
1,no checking account,25.27444721694124,critical account/ other credits existing (not at this bank),car (new),1838.264539809338,... < 100 DM,1 <= ... < 4 years,3.9121643213963004,male : single,none,2.610476647781874,"if not A121/A122 : car or other, not in attribute 6",33.945924823962095,none,own,1.6328391323516083,unskilled - resident,1.6417106490138536,none,yes
1,no checking account,35.37241246356308,critical account/ other credits existing (not at this bank),business,3347.5782363506555,... < 100 DM,1 <= ... < 4 years,4.20470668602053,male : single,none,3.4581708074791093,real estate,28.557396557193623,none,own,1.3784669392929856,skilled employee / official,1.222899163003838,none,yes
0,no checking account,9.363384716897764,all credits at this bank paid back duly,radio/television,1274.6876445583441,... < 100 DM,1 <= ... < 4 years,5.178954578591648,male : single,none,2.0701355183661274,"if not A121/A122 : car or other, not in attribute 6",22.88432715752055,none,own,0.9120409490188229,skilled employee / official,1.7198279809313748,"yes, registered under the customers name ",yes
0,no checking account,24.54113161080453,existing credits paid back duly till now,radio/television,2829.3581210958673,... < 100 DM,.. >= 7 years,3.102507029145338,female : divorced/separated/married,none,4.806100216800136,if not A121 : building society savings agreement/ life insurance,22.18964049902239,none,own,-0.26112373134713507,skilled employee / official,-0.3443071235256301,none,yes
0,< 0 DM,24.762926482336937,existing credits paid back duly till now,education,4526.508079105199,... < 100 DM,.. >= 7 years,2.0071531921660606,male : single,none,0.35222285889552896,unknown / no property,72.94212373546912,none,rent,0.7838277766780344,skilled employee / official,0.8543389268025652,none,yes
1,0 <= ... < 200 DM,36.4480993639362,no credits taken/ all credits paid back duly,radio/television,2671.19526303148,... < 100 DM,4 <= ... < 7 years,3.8035015796018925,male : single,none,5.468081822665297,if not A121 : building society savings agreement/ life insurance,51.29705719649116,none,own,1.1014000334052567,skilled employee / official,0.9419614720942047,none,yes
0,< 0 DM,16.314402682615192,existing credits paid back duly till now,domestic appliances,2050.782315306565,... < 100 DM,.. >= 7 years,4.827172799621222,male : single,none,1.7865167513318303,"if not A121/A122 : car or other, not in attribute 6",31.85981527285132,none,own,1.2294564744446623,management/ self-employed/ highly qualified employee/ officer,1.6236420996116512,"yes, registered under the customers name ",yes
0,< 0 DM,15.538034439928252,no credits taken/ all credits paid back duly,domestic appliances,1299.6161990742924,unknown/ no savings account,.. >= 7 years,2.6691227473865093,male : married/widowed,none,3.9610899652137825,real estate,44.56788823954699,none,own,1.4695363670158261,skilled employee / official,1.3715623988178667,none,yes
1,0 <= ... < 200 DM,10.9656919483256,no credits taken/ all credits paid back duly,radio/television,741.2882190630903,... < 100 DM,.. >= 7 years,2.3319654001109034,male : married/widowed,none,3.6451126876611215,unknown / no property,22.097593260851813,none,own,1.921330197877685,skilled employee / official,-1.4999307240823962,"yes, registered under the customers name ",yes
1,< 0 DM,10.235276111588263,existing credits paid back duly till now,car (new),1239.7476258750155,... < 100 DM,.. >= 7 years,1.8237209270437922,male : single,guarantor,3.2345046989577506,unknown / no property,49.99098687988864,bank,for free,0.30784592830713287,unskilled - resident,0.9183002823170794,none,yes
0,no checking account,19.57626556460094,no credits taken/ all credits paid back duly,car (new),3356.9574213789556,100 <= ... < 500 DM,1 <= ... < 4 years,3.3970216874329964,male : single,none,1.4205599144183005,"if not A121/A122 : car or other, not in attribute 6",28.577317015147674,none,own,0.3169243927909887,unskilled - resident,0.9389520142890927,none,yes
0,< 0 DM,24.446322147543064,delay in paying off in the past,business,3632.078598706115,... < 100 DM,4 <= ... < 7 years,0.607773987079717,female : divorced/separated/married,none,3.5365553863746038,if not A121 : building society savings agreement/ life insurance,21.333984186039604,bank,own,2.4508566797431586,management/ self-employed/ highly qualified employee/ officer,1.0638842255033316,"yes, registered under the customers name ",yes
1,no checking account,17.19340109569263,no credits taken/ all credits paid back duly,radio/television,1807.3219284715065,.. >= 1000 DM ,4 <= ... < 7 years,2.143189598059834,female : divorced/separated/married,none,-0.852727861690278,if not A121 : building society savings agreement/ life insurance,21.449183082666206,stores,own,1.7709815891931486,skilled employee / official,2.6837481226249844,none,yes
0,no checking account,46.71736534973948,critical account/ other credits existing (not at this bank),car (new),12204.532129373882,... < 100 DM,... < 1 year ,1.3210206856480178,female : divorced/separated/married,none,2.861758494203367,real estate,49.658897167611315,none,own,0.6092290578666788,unskilled - resident,1.582746440658099,none,yes
0,< 0 DM,60.7138201364824,existing credits paid back duly till now,domestic appliances,9159.914244648415,... < 100 DM,.. >= 7 years,1.9924327033688494,male : divorced/separated,none,3.1915936141825663,if not A121 : building society savings agreement/ life insurance,24.187653006493978,bank,rent,0.8927888310477632,skilled employee / official,1.0815302792314894,none,yes
0,0 <= ... < 200 DM,6.2416445216767515,existing credits paid back duly till now,car (new),3674.223013360674,unknown/ no savings account,1 <= ... < 4 years,1.9303778576228923,male : single,guarantor,2.2986558502361585,if not A121 : building society savings agreement/ life insurance,35.99726198785142,none,own,2.8972860533251015,skilled employee / official,1.9676087232185624,none,yes
1,>= 200 DM / salary assignments for at least 1 year,29.386023198607102,critical account/ other credits existing (not at this bank),domestic appliances,3441.32401252419,... < 100 DM,4 <= ... < 7 years,1.2287698337653612,male : married/widowed,co-applicant,4.348203015944819,real estate,23.73128870915955,none,own,1.031574122281383,management/ self-employed/ highly qualified employee/ officer,2.104183382169693,none,no
0,0 <= ... < 200 DM,13.451178849021064,existing credits paid back duly till now,business,639.2398099113811,... < 100 DM,1 <= ... < 4 years,5.657376120232497,female : divorced/separated/married,none,1.7344595253707638,real estate,49.590882073491635,none,for free,1.4726830922386132,skilled employee / official,0.4098895478425618,"yes, registered under the customers name ",yes
0,< 0 DM,20.55934757843026,existing credits paid back duly till now,radio/television,3652.577402577519,... < 100 DM,.. >= 7 years,1.3154439758201995,male : single,none,3.3282739620810307,"if not A121/A122 : car or other, not in attribute 6",25.89401505066078,none,rent,4.534992746099832,skilled employee / official,0.8597162122594012,none,yes
1,0 <= ... < 200 DM,18.032107673970934,existing credits paid back duly till now,business,1530.0465574733278,unknown/ no savings account,4 <= ... < 7 years,2.316908198414825,female : divorced/separated/married,none,1.3724227587889708,unknown / no property,31.958082017825227,none,rent,2.1897565611626524,skilled employee / official,-0.08925812013830159,none,yes
1,< 0 DM,48.2689134476786,existing credits paid back duly till now,radio/television,3914.7618547740426,... < 100 DM,unemployed,5.537357551897802,male : single,none,1.1165748439123642,if not A121 : building society savings agreement/ life insurance,38.06745456606786,none,own,1.6625981504252507,skilled employee / official,2.418906048695304,"yes, registered under the customers name ",yes
0,< 0 DM,11.380334065871386,existing credits paid back duly till now,radio/television,1859.1755065765087,100 <= ... < 500 DM,1 <= ... < 4 years,4.211460152363917,male : single,none,2.0520748860237426,"if not A121/A122 : car or other, not in attribute 6",22.846125245905604,none,own,-0.6864767061901427,skilled employee / official,1.3924989370016136,none,yes
1,< 0 DM,18.47113629339993,critical account/ other credits existing (not at this bank),education,2600.1924211177684,100 <= ... < 500 DM,... < 1 year ,3.4479752709884233,male : single,none,3.9361294148755075,"if not A121/A122 : car or other, not in attribute 6",66.83950200282257,none,own,1.515100007221165,skilled employee / official,0.2924767039960541,"yes, registered under the customers name ",yes
0,0 <= ... < 200 DM,14.466547652835276,all credits at this bank paid back duly,(vacation - does not exist?),1980.1320522884141,... < 100 DM,4 <= ... < 7 years,3.8448668688194068,female : divorced/separated/married,none,4.022108950853475,"if not A121/A122 : car or other, not in attribute 6",35.38855168127922,none,rent,2.228815002716605,skilled employee / official,0.885544989681692,none,yes
0,< 0 DM,5.588361677783791,delay in paying off in the past,furniture/equipment,2113.6557021062113,... < 100 DM,.. >= 7 years,3.3530735775420593,male : single,none,2.04630996479414,real estate,40.46021169698704,bank,own,1.4023153913566158,unskilled - resident,1.50965076320628,none,yes
1,0 <= ... < 200 DM,10.36264263980334,delay in paying off in the past,domestic appliances,1438.590452297916,500 <= ... < 1000 DM ,4 <= ... < 7 years,3.466202819625682,male : single,none,2.0739219596495078,real estate,29.787084442098205,bank,own,-3.3891145848648367,skilled employee / official,0.7492810872777246,none,yes
0,< 0 DM,40.95941394748757,critical account/ other credits existing (not at this bank),domestic appliances,4042.3750621518925,... < 100 DM,.. >= 7 years,3.183206820729744,female : divorced/separated/married,none,5.226940876435939,"if not A121/A122 : car or other, not in attribute 6",35.30174730313714,bank,own,2.6740232023161967,unskilled - resident,0.46552937828739915,none,yes
0,no checking account,6.58721966907051,critical account/ other credits existing (not at this bank),radio/television,3833.0778433557452,unknown/ no savings account,.. >= 7 years,0.9575661899208918,male : single,none,4.63080016414602,"if not A121/A122 : car or other, not in attribute 6",62.96666250401097,none,own,2.9181643946287688,unskilled - resident,0.34572631401566856,none,yes
0,no checking account,25.610936995011894,critical account/ other credits existing (not at this bank),domestic appliances,3658.7801242551586,unknown/ no savings account,1 <= ... < 4 years,2.090156827667573,female : divorced/separated/married,none,4.726872863696424,if not A121 : building society savings agreement/ life insurance,26.240091128043556,none,own,-0.9959075861197932,management/ self-employed/ highly qualified employee/ officer,1.3389618992411148,"yes, registered under the customers name ",no
1,no checking account,20.549327952607,existing credits paid back duly till now,car (new),1552.1692301183946,... < 100 DM,.. >= 7 years,3.0137598894834023,male : single,none,4.190600678867918,if not A121 : building society savings agreement/ life insurance,42.4348716054996,none,own,2.519387675645512,skilled employee / official,0.6419457207893149,none,yes
0,no checking account,14.594730734550668,existing credits paid back duly till now,radio/television,1444.1459382941448,unknown/ no savings account,1 <= ... < 4 years,3.944314947350006,male : divorced/separated,none,0.3472037061542055,"if not A121/A122 : car or other, not in attribute 6",22.103554843875727,none,own,-1.771955630625928,skilled employee / official,0.5462422652372538,"yes, registered under the customers name ",yes
1,0 <= ... < 200 DM,7.063161959379815,critical account/ other credits existing (not at this bank),business,1979.9829621106626,... < 100 DM,.. >= 7 years,2.0053228604517006,female : divorced/separated/married,none,1.8727466910147124,real estate,17.822210232299128,bank,own,2.937998945053413,unskilled - resident,-0.3360617550554057,none,yes
1,0 <= ... < 200 DM,23.689516023804057,existing credits paid back duly till now,car (used),1355.2830685880099,unknown/ no savings account,1 <= ... < 4 years,4.140209478936736,male : single,none,3.8285501685122068,"if not A121/A122 : car or other, not in attribute 6",25.313236527374716,none,own,0.9913513739877597,skilled employee / official,1.0776405765271697,none,yes
0,< 0 DM,11.713777050159331,critical account/ other credits existing (not at this bank),domestic appliances,1394.0845151609299,unknown/ no savings account,1 <= ... < 4 years,5.207425028311201,male : single,none,2.709253463084382,real estate,45.80059817417597,bank,own,0.6500287847553836,unskilled - resident,1.8187765612080917,"yes, registered under the customers name ",yes
0,no checking account,23.810076158977743,critical account/ other credits existing (not at this bank),education,1374.234779684697,... < 100 DM,unemployed,3.670790601640992,male : single,none,0.7364098498417565,real estate,24.856333697975256,none,own,1.4461378272397865,skilled employee / official,0.6783516513580353,"yes, registered under the customers name ",no
0,0 <= ... < 200 DM,58.88661195807815,existing credits paid back duly till now,domestic appliances,15653.973819071718,... < 100 DM,4 <= ... < 7 years,1.7860468561391882,male : single,none,5.336379457876824,if not A121 : building society savings agreement/ life insurance,19.956088225410536,none,own,3.1508397491520586,skilled employee / official,1.1987706774887184,"yes, registered under the customers name ",yes
0,< 0 DM,12.579561142476477,existing credits paid back duly till now,radio/television,1493.008281909958,... < 100 DM,unemployed,4.664292302055635,male : single,co-applicant,3.237338103793847,real estate,33.528140352278584,none,own,1.3638870038215731,skilled employee / official,2.748002262735898,none,yes
1,no checking account,42.524507375286085,critical account/ other credits existing (not at this bank),(vacation - does not exist?),4369.796218138876,... < 100 DM,1 <= ... < 4 years,2.4148115510729884,female : divorced/separated/married,none,0.6539386721550122,real estate,25.394550512128035,none,own,2.584827637059613,management/ self-employed/ highly qualified employee/ officer,2.7015654719404685,none,yes
1,no checking account,16.505594380180693,existing credits paid back duly till now,car (new),748.5288847656151,unknown/ no savings account,... < 1 year ,4.588640151737403,male : divorced/separated,none,-0.555839411664935,"if not A121/A122 : car or other, not in attribute 6",28.519524679309185,none,own,0.5883238876609383,skilled employee / official,1.5527285008997627,none,yes
0,no checking account,15.699196731694888,existing credits paid back duly till now,car (new),1308.5030486683768,... < 100 DM,... < 1 year ,3.9120935126307854,male : single,guarantor,5.664776058748272,real estate,37.38645744071085,bank,rent,0.1386102447789781,skilled employee / official,0.7593297213642787,none,yes
1,< 0 DM,17.05268498194589,existing credits paid back duly till now,radio/television,4620.585892148969,... < 100 DM,1 <= ... < 4 years,2.0306014222613795,female : divorced/separated/married,none,1.90968098974487,real estate,40.880923463199196,none,own,1.6918640223370642,skilled employee / official,0.43300166405875806,"yes, registered under the customers name ",yes
0,0 <= ... < 200 DM,24.17196033243706,existing credits paid back duly till now,radio/television,1851.6483940112387,.. >= 1000 DM ,.. >= 7 years,3.0431632871203536,male : single,none,1.3525897942983827,"if not A121/A122 : car or other, not in attribute 6",32.98101740031914,stores,own,3.7497539194462957,skilled employee / official,-0.043915641322437304,none,yes
0,0 <= ... < 200 DM,17.662674837931494,critical account/ other credits existing (not at this bank),car (new),1878.507894164527,... < 100 DM,4 <= ... < 7 years,5.447058696031102,male : single,none,0.7260082351029968,real estate,31.957695274327403,none,for free,3.1295808542274592,skilled employee / official,0.406843492661918,none,no
1,< 0 DM,35.857996785592476,delay in paying off in the past,radio/television,7980.053457912618,.. >= 1000 DM ,.. >= 7 years,3.8435785208567013,male : single,none,2.522692245682668,"if not A121/A122 : car or other, not in attribute 6",26.164619711151964,none,for free,0.012124170398653877,skilled employee / official,1.0196500951365697,none,yes
0,< 0 DM,30.61525676696856,existing credits paid back duly till now,domestic appliances,4582.880831162672,... < 100 DM,unemployed,3.6403540938983108,female : divorced/separated/married,none,3.42309514951162,unknown / no property,31.941217348419233,none,own,0.4851055927890662,skilled employee / official,0.21371387834751732,none,yes
1,no checking account,10.269328394492781,existing credits paid back duly till now,domestic appliances,1387.169538147294,100 <= ... < 500 DM,1 <= ... < 4 years,1.48636373928509,male : single,none,1.6069470624139703,unknown / no property,25.23490387310258,none,own,0.15403225820265953,skilled employee / official,1.096057139117443,none,yes
1,no checking account,24.164390702977304,all credits at this bank paid back duly,radio/television,946.8213448309862,100 <= ... < 500 DM,.. >= 7 years,4.291205201131493,female : divorced/separated/married,none,4.367401527738422,if not A121 : building society savings agreement/ life insurance,38.17002431425457,none,own,-0.5929754512801433,skilled employee / official,1.0345433220881357,none,yes
1,< 0 DM,11.60953605053719,delay in paying off in the past,radio/television,683.3058614388543,... < 100 DM,4 <= ... < 7 years,6.3926767230182415,male : divorced/separated,none,4.051651714447315,"if not A121/A122 : car or other, not in attribute 6",39.76375036737631,none,own,1.0441899195560391,skilled employee / official,0.3390081109929779,"yes, registered under the customers name ",yes
0,no checking account,49.847825012956044,delay in paying off in the past,business,7475.493397304029,100 <= ... < 500 DM,1 <= ... < 4 years,2.942613255336721,male : single,none,2.42953197456844,real estate,49.0553720668084,bank,own,1.3934158051805228,unskilled - resident,1.819406120864795,none,yes
1,no checking account,11.825827266195041,existing credits paid back duly till now,car (new),1923.2728827687547,... < 100 DM,4 <= ... < 7 years,2.1021855001002234,female : divorced/separated/married,none,2.2566944990430855,unknown / no property,37.99189433970059,none,own,-0.43025328324236756,skilled employee / official,0.5255854046341555,none,yes
1,no checking account,25.667887611119518,existing credits paid back duly till now,(vacation - does not exist?),2303.536296969181,... < 100 DM,.. >= 7 years,5.286590131287233,male : divorced/separated,none,1.8532326628690758,unknown / no property,45.426840480021426,none,own,1.777128459275528,skilled employee / official,0.16296634677610888,none,yes
1,no checking account,34.89625930221799,critical account/ other credits existing (not at this bank),domestic appliances,8085.614370018477,... < 100 DM,.. >= 7 years,1.1731908946069263,male : single,none,4.719093046088337,unknown / no property,41.55193726585775,none,rent,4.601103944020014,skilled employee / official,-0.09384714129743843,none,yes
0,no checking account,24.58725916680279,existing credits paid back duly till now,car (used),2345.7635535800355,500 <= ... < 1000 DM ,... < 1 year ,3.9792936358937663,female : divorced/separated/married,none,3.6232910662519706,"if not A121/A122 : car or other, not in attribute 6",35.14549304703531,none,own,1.451840875156297,skilled employee / official,1.4230359747304004,none,yes
0,no checking account,14.319400263791229,existing credits paid back duly till now,radio/television,3971.4328229094144,... < 100 DM,1 <= ... < 4 years,0.4140817895484151,female : divorced/separated/married,guarantor,4.347934477182711,real estate,21.916177478498035,none,own,0.8274780140160158,skilled employee / official,2.3749077114679675,none,yes
1,< 0 DM,11.130952752135217,existing credits paid back duly till now,radio/television,888.3884742008515,unknown/ no savings account,1 <= ... < 4 years,4.268162780955316,male : single,none,3.767149283884415,"if not A121/A122 : car or other, not in attribute 6",40.13240906273673,none,own,-0.9498011756530316,unskilled - resident,1.5969261389938556,none,yes
0,0 <= ... < 200 DM,48.17739611463694,existing credits paid back duly till now,domestic appliances,10220.240184292305,500 <= ... < 1000 DM ,... < 1 year ,3.049463792814258,female : divorced/separated/married,none,4.915434691572861,real estate,37.07049622902117,none,own,0.6677378437129259,management/ self-employed/ highly qualified employee/ officer,0.7844366253374182,none,yes
0,no checking account,31.2125188368316,existing credits paid back duly till now,(vacation - does not exist?),4221.7517964658355,... < 100 DM,.. >= 7 years,1.8200599121166938,male : single,none,0.0930630149040993,"if not A121/A122 : car or other, not in attribute 6",27.378988245192627,none,own,2.007384974130326,unskilled - resident,2.071631839889072,"yes, registered under the customers name ",yes
0,< 0 DM,17.676208295713398,critical account/ other credits existing (not at this bank),radio/television,6361.128621592491,unknown/ no savings account,1 <= ... < 4 years,2.4498153265565343,female : divorced/separated/married,none,1.0043076423431596,"if not A121/A122 : car or other, not in attribute 6",40.0550661643799,none,own,1.1687475952281896,skilled employee / official,-0.8104457043583122,none,yes
0,0 <= ... < 200 DM,10.308037350830237,delay in paying off in the past,car (used),1299.386951799574,... < 100 DM,1 <= ... < 4 years,1.991691113725738,male : single,guarantor,4.014885875207596,unknown / no property,21.377232669733473,none,rent,1.378876912020174,skilled employee / official,2.966868642912667,none,yes
1,no checking account,11.982437173522554,existing credits paid back duly till now,domestic appliances,898.8998644462757,... < 100 DM,1 <= ... < 4 years,3.299915970354111,male : single,none,2.4024407533435213,"if not A121/A122 : car or other, not in attribute 6",22.64139264646137,stores,own,1.2442417432305724,skilled employee / official,3.4441003023263694,none,yes
0,no checking account,20.097576905207486,existing credits paid back duly till now,radio/television,2240.8973379089593,... < 100 DM,1 <= ... < 4 years,3.6526171664014684,female : divorced/separated/married,none,1.570527354105499,unknown / no property,50.566970659583724,none,for free,1.7356563027343295,skilled employee / official,-1.7063375294200829,none,yes
0,no checking account,5.657659061336117,existing credits paid back duly till now,car (new),1051.798287700923,unknown/ no savings account,1 <= ... < 4 years,2.571184565773722,male : single,none,1.3147463055895878,"if not A121/A122 : car or other, not in attribute 6",34.30534064662114,stores,own,2.286194942554317,skilled employee / official,0.902496771083243,none,yes
0,0 <= ... < 200 DM,5.918412230314879,delay in paying off in the past,radio/television,1048.1913896402914,... < 100 DM,1 <= ... < 4 years,1.5774390172012536,male : single,none,3.8311574147970338,real estate,52.52070869215797,none,for free,2.002031993310248,skilled employee / official,0.28105296813043645,none,yes
0,no checking account,22.294347783984485,existing credits paid back duly till now,car (new),6313.30378794842,... < 100 DM,... < 1 year ,4.118796539902902,male : divorced/separated,none,0.4180474825621008,real estate,27.885685653652732,none,own,1.9045019266903556,skilled employee / official,0.7352282290952661,"yes, registered under the customers name ",yes
0,< 0 DM,28.384341660679322,existing credits paid back duly till now,car (used),3496.2239674283733,... < 100 DM,... < 1 year ,3.6004510584115716,male : single,none,2.0095522862568465,if not A121 : building society savings agreement/ life insurance,35.304330132660475,none,own,1.3175948908316768,skilled employee / official,1.5816149303840765,none,yes
0,< 0 DM,48.48206683552552,existing credits paid back duly till now,education,3609.001999356415,unknown/ no savings account,.. >= 7 years,0.7286235070682754,male : single,none,-0.1005653330301517,if not A121 : building society savings agreement/ life insurance,27.795243012073758,bank,own,0.8138289373358816,skilled employee / official,1.8117590984793583,none,yes
1,0 <= ... < 200 DM,11.47728130383032,existing credits paid back duly till now,car (used),4843.281955867395,100 <= ... < 500 DM,.. >= 7 years,2.9800983290934147,male : single,none,2.265614237551099,"if not A121/A122 : car or other, not in attribute 6",44.85286497493857,none,own,1.3532410835204287,unskilled - resident,0.8874300930320091,"yes, registered under the customers name ",yes
0,no checking account,27.435255658179432,existing credits paid back duly till now,domestic appliances,3016.301319564015,... < 100 DM,unemployed,3.344256537567686,male : single,none,4.136873320689385,"if not A121/A122 : car or other, not in attribute 6",46.21299801652746,bank,rent,1.5228796669176043,skilled employee / official,0.08909278580004343,none,yes
0,no checking account,24.784844036608135,existing credits paid back duly till now,domestic appliances,4138.910679597299,... < 100 DM,1 <= ... < 4 years,3.6910625658668774,male : married/widowed,none,3.4878833420195665,"if not A121/A122 : car or other, not in attribute 6",24.439262614341377,stores,own,1.4447740558297948,skilled employee / official,0.8278148387048758,none,yes
0,no checking account,36.27236975527424,delay in paying off in the past,car (new),5740.401947624723,500 <= ... < 1000 DM ,4 <= ... < 7 years,3.4359781248017756,male : single,guarantor,2.5266980421045764,"if not A121/A122 : car or other, not in attribute 6",30.553874391647117,none,own,2.3861469009921907,skilled employee / official,1.5147842369624098,none,yes
0,< 0 DM,59.28612517596352,existing credits paid back duly till now,business,10366.135123451868,... < 100 DM,... < 1 year ,1.5356196078045516,female : divorced/separated/married,none,4.567170707019694,real estate,42.558218575547535,none,own,1.0282553715100455,unskilled - resident,-0.18372132776528183,none,yes
0,< 0 DM,4.6831697889417585,existing credits paid back duly till now,car (used),2080.450020673422,unknown/ no savings account,1 <= ... < 4 years,1.485198231477707,male : single,none,0.06741097905938953,"if not A121/A122 : car or other, not in attribute 6",24.151516971747977,bank,own,0.6960653234798568,management/ self-employed/ highly qualified employee/ officer,-0.6462336889699805,none,yes
1,< 0 DM,21.835807896314336,existing credits paid back duly till now,business,2579.772580587356,... < 100 DM,... < 1 year ,3.760382844565353,male : single,none,0.6389830720925305,real estate,41.27547261096778,none,own,0.6718571678533394,unskilled - resident,3.99274280083532,none,yes
0,0 <= ... < 200 DM,30.34935062256043,critical account/ other credits existing (not at this bank),(vacation - does not exist?),4528.384949109415,unknown/ no savings account,1 <= ... < 4 years,4.365487345038504,male : single,none,5.973521436813671,real estate,27.320910002669873,none,rent,0.49187900758431313,skilled employee / official,0.35757332029156375,none,no
0,no checking account,26.382602282684072,existing credits paid back duly till now,car (used),5150.988531862851,unknown/ no savings account,1 <= ... < 4 years,5.565779531203255,male : married/widowed,none,2.9527912399229637,unknown / no property,33.3820575744625,stores,own,-0.6458011720890138,skilled employee / official,0.8626470130804772,none,yes
1,< 0 DM,72.42018859872493,existing credits paid back duly till now,repairs,5595.364525037993,... < 100 DM,... < 1 year ,2.5086595430180987,male : single,none,2.610841031136689,"if not A121/A122 : car or other, not in attribute 6",24.798912927591022,none,own,1.382895095161692,skilled employee / official,0.6022045941744274,none,yes
0,< 0 DM,24.387703141262016,existing credits paid back duly till now,car (used),2383.273984902299,unknown/ no savings account,.. >= 7 years,2.2265854611903193,male : single,none,3.3130623783341537,unknown / no property,63.06043725814724,none,own,1.2315468252783206,management/ self-employed/ highly qualified employee/ officer,1.5480877040821421,"yes, registered under the customers name ",yes
0,< 0 DM,17.833072069891436,existing credits paid back duly till now,car (new),1452.719399553162,... < 100 DM,unemployed,3.453995631446959,male : single,none,1.0796727392675645,"if not A121/A122 : car or other, not in attribute 6",24.90460631078396,none,own,1.8496702524484938,unskilled - resident,2.772789923091044,none,yes
0,no checking account,6.816775867200791,existing credits paid back duly till now,radio/television,1536.4993305972182,... < 100 DM,... < 1 year ,2.232863743309009,male : single,none,1.366745797726406,unknown / no property,57.61411392302449,none,own,0.4685430976932051,skilled employee / official,1.5799338417292843,none,yes
0,>= 200 DM / salary assignments for at least 1 year,12.625085201248154,existing credits paid back duly till now,domestic appliances,2277.974589872222,unknown/ no savings account,4 <= ... < 7 years,3.7784038300018974,male : married/widowed,guarantor,4.561541154619645,unknown / no property,37.10090153514707,bank,own,2.8953836254766676,skilled employee / official,-0.5183651475399911,none,yes
0,< 0 DM,16.251725008565195,critical account/ other credits existing (not at this bank),car (new),1477.462188653643,... < 100 DM,1 <= ... < 4 years,4.995634806117833,male : divorced/separated,none,3.136774117316699,"if not A121/A122 : car or other, not in attribute 6",32.376770816553865,bank,own,1.6202640521503668,unskilled - resident,-0.38412342700852986,none,yes
0,no checking account,23.478677081362715,critical account/ other credits existing (not at this bank),car (new),5104.22842081228,unknown/ no savings account,.. >= 7 years,2.309884458848054,female : divorced/separated/married,none,2.5517102263557665,real estate,46.378605506452885,bank,own,2.124890357805304,skilled employee / official,0.6010352246730835,"yes, registered under the customers name ",yes
0,< 0 DM,35.564592527056035,critical account/ other credits existing (not at this bank),car (used),9856.360496609113,... < 100 DM,1 <= ... < 4 years,-0.4855391595222738,female : divorced/separated/married,none,1.9498278803192897,real estate,30.350876878361742,none,for free,1.0063150801573353,skilled employee / official,1.7317668004667335,"yes, registered under the customers name ",yes
0,0 <= ... < 200 DM,59.52089682908802,critical account/ other credits existing (not at this bank),radio/television,6527.640213659329,... < 100 DM,.. >= 7 years,4.14116901883264,male : single,none,4.267774197492511,real estate,33.29104097895416,none,own,-0.7339224032296623,skilled employee / official,0.2780487304533994,"yes, registered under the customers name ",yes
0,< 0 DM,10.790801721178989,critical account/ other credits existing (not at this bank),car (new),1346.4616837971384,unknown/ no savings account,1 <= ... < 4 years,2.2435232792536857,male : divorced/separated,none,0.7872812009574099,real estate,25.71685219739634,bank,for free,3.532627892393128,skilled employee / official,1.8193409201744406,none,yes
0,no checking account,37.49837444029673,critical account/ other credits existing (not at this bank),education,2862.247947560852,... < 100 DM,4 <= ... < 7 years,3.7602289871064083,male : single,none,3.4274810421208386,if not A121 : building society savings agreement/ life insurance,28.49957959777949,none,own,2.371067390768662,skilled employee / official,-0.08632055788147852,none,yes
0,no checking account,8.541159506850699,all credits at this bank paid back duly,business,2752.858604497856,... < 100 DM,4 <= ... < 7 years,4.286842262645503,male : single,none,6.6264849090369005,real estate,34.80499562234558,none,own,1.600745162884758,unskilled - resident,2.4933015621257555,none,yes
0,no checking account,11.575226272206908,delay in paying off in the past,business,3651.8730566000927,... < 100 DM,4 <= ... < 7 years,-0.9097629057462808,male : single,none,4.350170051262012,if not A121 : building society savings agreement/ life insurance,30.4070741296796,bank,own,0.10391119222422018,skilled employee / official,3.8206325972057207,none,yes
0,no checking account,15.314077223869798,existing credits paid back duly till now,car (new),974.4651886617814,... < 100 DM,1 <= ... < 4 years,0.7205032040861021,male : single,none,3.718347886894163,if not A121 : building society savings agreement/ life insurance,26.107159285443295,none,own,3.8112676815591198,skilled employee / official,0.7517464673678227,"yes, registered under the customers name ",yes
0,0 <= ... < 200 DM,14.754238499987098,existing credits paid back duly till now,car (new),2629.4274717499975,... < 100 DM,.. >= 7 years,1.9679677548384225,male : divorced/separated,none,1.9143927022588523,unknown / no property,25.293076653266915,none,for free,0.6482808384783441,unskilled - resident,1.4389726404181848,none,yes
0,0 <= ... < 200 DM,24.95205365313989,existing credits paid back duly till now,domestic appliances,2894.6180509686365,... < 100 DM,1 <= ... < 4 years,1.9366801402890401,male : married/widowed,none,-0.9387526270035254,real estate,29.265317680077985,stores,own,0.7309741687733476,management/ self-employed/ highly qualified employee/ officer,-0.2319472220842016,none,yes
0,0 <= ... < 200 DM,3.7482227093809533,existing credits paid back duly till now,car (new),4715.468122506058,... < 100 DM,... < 1 year ,0.6342832143537908,male : single,none,1.6777136040998157,if not A121 : building society savings agreement/ life insurance,43.25687959244555,none,own,3.437259080436076,skilled employee / official,2.6236763264791145,none,yes
0,0 <= ... < 200 DM,23.173294953083104,existing credits paid back duly till now,business,2282.750940029322,... < 100 DM,unemployed,5.399136381696088,female : divorced/separated/married,none,3.2827928561027138,real estate,27.878971584220025,none,own,1.6589105844808723,management/ self-employed/ highly qualified employee/ officer,0.50180757656563,"yes, registered under the customers name ",yes
0,no checking account,5.217583666038554,critical account/ other credits existing (not at this bank),business,1236.4102120156795,... < 100 DM,4 <= ... < 7 years,2.9543483290916974,female : divorced/separated/married,none,3.21024391987522,if not A121 : building society savings agreement/ life insurance,50.36100110363144,none,own,3.2011031387545934,skilled employee / official,-0.08723532158835345,none,yes
0,0 <= ... < 200 DM,9.679643987613854,existing credits paid back duly till now,education,1102.534231835142,... < 100 DM,4 <= ... < 7 years,4.495272946068598,female : divorced/separated/married,none,2.3007479018359533,if not A121 : building society savings agreement/ life insurance,29.716195739712674,none,own,2.2487222603190196,skilled employee / official,0.7106650117470158,"yes, registered under the customers name ",yes
0,no checking account,11.036361555631196,critical account/ other credits existing (not at this bank),radio/television,928.3746065500264,100 <= ... < 500 DM,.. >= 7 years,1.1456303143438848,male : single,none,1.8343495243159786,"if not A121/A122 : car or other, not in attribute 6",37.906108173481634,stores,rent,0.6029692004212752,unskilled - resident,0.5342519915946371,none,yes
0,no checking account,17.084843884154076,critical account/ other credits existing (not at this bank),retraining,1798.262285404863,100 <= ... < 500 DM,.. >= 7 years,4.393229776984827,male : single,none,0.9379537411534453,"if not A121/A122 : car or other, not in attribute 6",25.07912377932421,none,rent,1.3881951165402042,skilled employee / official,0.6748405969962457,none,yes
0,no checking account,14.798895345481169,existing credits paid back duly till now,car (used),1905.2036331787099,... < 100 DM,.. >= 7 years,3.138017644686625,female : divorced/separated/married,none,2.7732312654483637,if not A121 : building society savings agreement/ life insurance,40.007989308907945,none,own,-0.8469961771906269,skilled employee / official,1.949679902816359,"yes, registered under the customers name ",yes
1,0 <= ... < 200 DM,13.112965891660263,delay in paying off in the past,radio/television,1121.8720469764944,... < 100 DM,.. >= 7 years,4.857210353556612,male : single,none,3.9495259272185783,real estate,29.79284711851768,none,rent,0.7214042271937955,skilled employee / official,0.2146924073642673,"yes, registered under the customers name ",yes
1,no checking account,47.754939348809295,delay in paying off in the past,domestic appliances,6330.506598659617,... < 100 DM,unemployed,2.8879557456407987,male : single,none,3.1084705453279637,"if not A121/A122 : car or other, not in attribute 6",45.51014779141085,none,own,3.144593338827381,skilled employee / official,2.735022999773876,"yes, registered under the customers name ",yes
0,>= 200 DM / salary assignments for at least 1 year,22.969186279728845,existing credits paid back duly till now,business,1377.1414194733406,... < 100 DM,unemployed,4.835376993902231,female : divorced/separated/married,none,1.2589814202211052,real estate,45.18741163343136,none,own,1.598834172656069,skilled employee / official,-0.32505963282535366,none,yes
0,0 <= ... < 200 DM,29.94304545878647,existing credits paid back duly till now,domestic appliances,2500.674628625126,... < 100 DM,... < 1 year ,5.186142502118831,male : divorced/separated,none,1.218808973852994,if not A121 : building society savings agreement/ life insurance,41.26835898801852,none,own,2.020308006560406,skilled employee / official,2.615430273178595,"yes, registered under the customers name ",yes
0,< 0 DM,28.049173621441348,delay in paying off in the past,domestic appliances,2528.236826116788,... < 100 DM,1 <= ... < 4 years,4.210864602088087,male : single,none,1.5223602138344687,real estate,32.72532406314662,none,own,0.005065556183670772,unskilled - resident,0.9834893780933063,"yes, registered under the customers name ",yes
0,0 <= ... < 200 DM,14.024041183885096,existing credits paid back duly till now,domestic appliances,5325.902907462274,... < 100 DM,4 <= ... < 7 years,0.8237869410380241,male : single,co-applicant,3.7678743095046427,"if not A121/A122 : car or other, not in attribute 6",35.57534733180757,none,own,1.2268730180127372,skilled employee / official,0.9989867674633843,none,yes
1,no checking account,47.08942511607855,critical account/ other credits existing (not at this bank),domestic appliances,6559.546561701632,... < 100 DM,1 <= ... < 4 years,3.4003099083096733,male : single,none,1.8214280321061462,unknown / no property,24.42218666143744,none,rent,2.012813705195373,skilled employee / official,0.5098038865219803,none,yes
1,no checking account,12.558548959274223,existing credits paid back duly till now,radio/television,2969.2598078568053,unknown/ no savings account,.. >= 7 years,1.138481629899327,male : single,none,3.596945897308883,"if not A121/A122 : car or other, not in attribute 6",24.651413034045014,stores,rent,2.4307192564699847,skilled employee / official,0.6562713284621453,none,yes
0,< 0 DM,8.778463884269199,critical account/ other credits existing (not at this bank),car (new),1207.0249216931254,... < 100 DM,4 <= ... < 7 years,4.302258218485461,male : single,guarantor,3.85796039176706,"if not A121/A122 : car or other, not in attribute 6",24.193253748554408,none,own,1.1667351696333592,unskilled - resident,1.8013572363555488,none,yes
0,no checking account,9.647484690709474,critical account/ other credits existing (not at this bank),domestic appliances,2117.836046499973,unknown/ no savings account,1 <= ... < 4 years,1.886646002160193,female : divorced/separated/married,none,1.7217462315428271,real estate,37.55172826904378,none,for free,0.20304234671879395,skilled employee / official,3.4998267972288106,none,yes
0,0 <= ... < 200 DM,17.986353208204704,critical account/ other credits existing (not at this bank),domestic appliances,628.4190398114686,... < 100 DM,.. >= 7 years,3.949371886943009,male : single,none,3.4704503555701707,"if not A121/A122 : car or other, not in attribute 6",32.42644741619827,none,own,2.867181814112013,skilled employee / official,2.190524704955642,none,yes
1,< 0 DM,6.701663648089567,existing credits paid back duly till now,car (used),1195.7242635962782,... < 100 DM,4 <= ... < 7 years,4.7065325128978275,female : divorced/separated/married,none,4.668197843557631,unknown / no property,34.439100909156174,bank,rent,-2.131904818744181,skilled employee / official,0.5951436676581523,none,yes
0,no checking account,19.96492188595936,existing credits paid back duly till now,domestic appliances,2476.640990719395,... < 100 DM,... < 1 year ,3.925231078435272,female : divorced/separated/married,none,3.852926500491396,if not A121 : building society savings agreement/ life insurance,47.109424189192055,none,own,1.382845708865145,skilled employee / official,1.1842552224045533,"yes, registered under the customers name ",yes
0,no checking account,8.987915349211733,existing credits paid back duly till now,domestic appliances,1137.8868315902712,100 <= ... < 500 DM,.. >= 7 years,2.859793143348842,female : divorced/separated/married,none,4.080607775620521,if not A121 : building society savings agreement/ life insurance,24.1171344854524,none,rent,4.570321980944598,unskilled - resident,0.21792212633163788,none,yes
1,no checking account,59.78930998563684,critical account/ other credits existing (not at this bank),car (new),14025.987316148612,100 <= ... < 500 DM,1 <= ... < 4 years,3.858597329174622,male : single,none,1.218209770266672,unknown / no property,26.41647662120896,none,rent,-0.508373387331847,skilled employee / official,0.008449687425305163,none,yes
0,0 <= ... < 200 DM,28.78410907589587,existing credits paid back duly till now,domestic appliances,7596.126596710278,... < 100 DM,1 <= ... < 4 years,1.0675554840808246,male : single,none,3.1393169568354744,"if not A121/A122 : car or other, not in attribute 6",64.63642521234166,none,own,1.758630545298634,skilled employee / official,-0.14630090572866883,none,no
0,0 <= ... < 200 DM,28.436522052131313,existing credits paid back duly till now,car (new),3076.4163196431937,100 <= ... < 500 DM,.. >= 7 years,3.1149339115810126,male : single,none,2.769147501966808,if not A121 : building society savings agreement/ life insurance,40.868581937733914,none,own,1.9920890098752735,unskilled - resident,1.5624266930158708,"yes, registered under the customers name ",yes
0,< 0 DM,18.68574903527466,critical account/ other credits existing (not at this bank),radio/television,1504.4715738688844,... < 100 DM,.. >= 7 years,4.161919367285068,male : single,none,2.4449420625446217,"if not A121/A122 : car or other, not in attribute 6",31.641990694108976,bank,own,0.5374171859434229,skilled employee / official,1.249605631014942,none,yes
0,< 0 DM,23.64904761778202,existing credits paid back duly till now,(vacation - does not exist?),3148.606291156109,unknown/ no savings account,1 <= ... < 4 years,4.039369044918553,male : married/widowed,none,2.455298438416576,real estate,31.28738070964355,none,rent,3.0363742425589795,management/ self-employed/ highly qualified employee/ officer,-0.9118151597515047,none,yes
0,no checking account,18.97771971835267,existing credits paid back duly till now,domestic appliances,6146.661617588677,... < 100 DM,1 <= ... < 4 years,1.9139654469658525,male : single,none,4.280854348725522,real estate,31.15479224452384,stores,own,2.472451014355301,skilled employee / official,0.9536462974192342,none,yes
1,no checking account,8.903821063076668,existing credits paid back duly till now,domestic appliances,1338.0473152860739,100 <= ... < 500 DM,4 <= ... < 7 years,4.17570045616485,female : divorced/separated/married,none,2.0462032758149538,real estate,31.25438613502262,none,own,2.152300372547319,unskilled - resident,2.5160251245495244,none,yes
1,0 <= ... < 200 DM,7.128018857349303,existing credits paid back duly till now,domestic appliances,431.6023138368816,... < 100 DM,.. >= 7 years,5.289929698618241,male : single,none,2.696411890822769,if not A121 : building society savings agreement/ life insurance,23.09352605052662,none,own,1.7972725611692801,management/ self-employed/ highly qualified employee/ officer,3.121911069074125,"yes, registered under the customers name ",yes
1,>= 200 DM / salary assignments for at least 1 year,9.719262154628076,no credits taken/ all credits paid back duly,radio/television,1227.3372985916446,... < 100 DM,.. >= 7 years,2.2653885030628045,female : divorced/separated/married,guarantor,2.935108761022784,if not A121 : building society savings agreement/ life insurance,23.949153382890717,none,rent,1.0167507090717423,skilled employee / official,0.4148159234733342,none,yes
0,no checking account,7.503361310096674,existing credits paid back duly till now,domestic appliances,791.9229461940665,100 <= ... < 500 DM,... < 1 year ,4.179646680780054,female : divorced/separated/married,none,3.9112280051906474,real estate,65.64338852344069,none,for free,4.1798644888235135,management/ self-employed/ highly qualified employee/ officer,-0.39687290928278607,none,yes
1,no checking account,26.07711355810473,existing credits paid back duly till now,repairs,2571.1273547616424,... < 100 DM,.. >= 7 years,2.4146214980269565,male : single,none,2.899222084054013,if not A121 : building society savings agreement/ life insurance,21.24710256483042,none,own,1.151346933656741,skilled employee / official,1.4598303064648266,"yes, registered under the customers name ",yes
0,0 <= ... < 200 DM,7.461178866720329,existing credits paid back duly till now,car (new),250.09760399249544,... < 100 DM,.. >= 7 years,1.629289615526895,male : single,none,3.386992729908838,if not A121 : building society savings agreement/ life insurance,42.12948231294792,bank,for free,2.195282098489704,skilled employee / official,-1.3174282502075,none,yes
0,< 0 DM,15.282586982919296,critical account/ other credits existing (not at this bank),car (new),1315.0594697844988,... < 100 DM,1 <= ... < 4 years,1.095192496785578,male : single,none,2.2284606817323214,if not A121 : building society savings agreement/ life insurance,46.678464215346075,none,own,0.28953195042672464,skilled employee / official,2.1101541158826773,none,yes
1,< 0 DM,18.767317240461228,critical account/ other credits existing (not at this bank),car (new),1881.4707276933002,500 <= ... < 1000 DM ,... < 1 year ,3.830449284299556,male : single,none,4.632376192565799,if not A121 : building society savings agreement/ life insurance,23.942345203877135,none,own,1.456549672696576,skilled employee / official,0.7864125421167595,"yes, registered under the customers name ",yes
1,< 0 DM,46.85983908087377,existing credits paid back duly till now,car (used),6416.073275314586,... < 100 DM,.. >= 7 years,5.841255614426904,male : single,none,3.28208789083488,if not A121 : building society savings agreement/ life insurance,59.324851658511044,bank,own,2.1473776817998096,unskilled - resident,2.8313003205774008,"yes, registered under the customers name ",yes
0,0 <= ... < 200 DM,22.880464124729475,critical account/ other credits existing (not at this bank),radio/television,1275.0375232323397,unknown/ no savings account,4 <= ... < 7 years,0.7355696388227864,male : married/widowed,none,4.247006707484174,real estate,35.6733766664322,none,own,0.6645431496401275,skilled employee / official,-0.7269654855764658,"yes, registered under the customers name ",yes
0,no checking account,24.44781371672271,critical account/ other credits existing (not at this bank),domestic appliances,6402.909129070374,... < 100 DM,4 <= ... < 7 years,-0.1696100024788274,male : single,none,1.2642480097496804,"if not A121/A122 : car or other, not in attribute 6",32.8439364991781,none,own,-1.1575571743019548,unskilled - resident,1.9181462252078334,"yes, registered under the customers name ",yes
1,0 <= ... < 200 DM,24.058274330935447,existing credits paid back duly till now,domestic appliances,1986.9691674859157,... < 100 DM,.. >= 7 years,0.6980654298364954,female : divorced/separated/married,none,4.701350838344826,"if not A121/A122 : car or other, not in attribute 6",20.708226280846922,none,own,1.0323154711875748,management/ self-employed/ highly qualified employee/ officer,1.8994911631858016,none,yes
0,< 0 DM,8.548738818864127,existing credits paid back duly till now,car (used),759.7856248902949,unknown/ no savings account,4 <= ... < 7 years,5.727418286628101,female : divorced/separated/married,none,4.845294394907639,if not A121 : building society savings agreement/ life insurance,46.241837800010984,bank,rent,2.370744507474978,skilled employee / official,0.6689494685279196,"yes, registered under the customers name ",yes
0,no checking account,23.812329009071547,existing credits paid back duly till now,radio/television,2601.55802126436,... < 100 DM,... < 1 year ,1.537660294478713,female : divorced/separated/married,none,3.6252049252099168,if not A121 : building society savings agreement/ life insurance,25.759295739002056,bank,own,1.0423812286961256,skilled employee / official,-0.3698434652121445,"yes, registered under the customers name ",yes
0,< 0 DM,4.278143726454627,critical account/ other credits existing (not at this bank),car (used),3379.483489257839,... < 100 DM,1 <= ... < 4 years,0.9743609396523258,male : single,none,1.0709947154249482,real estate,36.61166609686735,none,own,0.6638753973736564,skilled employee / official,2.5957479067117166,none,yes
0,< 0 DM,36.15811908490511,existing credits paid back duly till now,car (new),3990.9146240539867,... < 100 DM,1 <= ... < 4 years,2.59721705889376,female : divorced/separated/married,none,1.5537947356527377,unknown / no property,28.99631097435161,bank,own,-0.85848793774098,unskilled - resident,1.6761373847768577,"yes, registered under the customers name ",yes
1,no checking account,24.777767389084925,critical account/ other credits existing (not at this bank),business,11558.631665702449,... < 100 DM,1 <= ... < 4 years,0.05557712159690853,male : married/widowed,none,3.5119800984380656,real estate,22.21885750771722,bank,own,2.4522541227021932,management/ self-employed/ highly qualified employee/ officer,2.7851278019658894,"yes, registered under the customers name ",yes
0,no checking account,18.80700828194447,existing credits paid back duly till now,business,4379.810444488461,unknown/ no savings account,1 <= ... < 4 years,2.7648493533855647,male : single,none,5.544449478118673,real estate,35.899825832128286,none,own,1.6612751088830449,skilled employee / official,3.0080502628605923,none,yes
0,no checking account,4.38012800560823,critical account/ other credits existing (not at this bank),business,6760.180246071229,500 <= ... < 1000 DM ,1 <= ... < 4 years,3.45824360573656,male : single,none,2.327028982272535,"if not A121/A122 : car or other, not in attribute 6",45.81325767871964,none,own,0.21826750089889968,unskilled - resident,1.406104671044265,none,yes
1,no checking account,27.752731444659144,critical account/ other credits existing (not at this bank),domestic appliances,4280.111350429398,... < 100 DM,4 <= ... < 7 years,5.392070920974255,male : married/widowed,none,3.525919526633639,real estate,25.95224538151146,none,own,3.134532448697219,skilled employee / official,-0.003862583617514792,"yes, registered under the customers name ",yes
0,no checking account,25.001745397651508,existing credits paid back duly till now,car (new),2324.611366818933,... < 100 DM,1 <= ... < 4 years,1.1470621822077276,male : single,co-applicant,1.4125071762686987,"if not A121/A122 : car or other, not in attribute 6",31.729326244656306,none,own,1.765695525892109,unskilled - resident,-0.36849143352238634,none,yes
0,>= 200 DM / salary assignments for at least 1 year,11.187725093261937,existing credits paid back duly till now,domestic appliances,1049.4773936649747,100 <= ... < 500 DM,... < 1 year ,4.647574103061686,male : single,none,3.2423882754577527,real estate,22.88804316576835,none,for free,2.1323159425473452,skilled employee / official,2.47322434563947,none,yes
0,< 0 DM,19.979376980486663,critical account/ other credits existing (not at this bank),radio/television,3160.50658315419,100 <= ... < 500 DM,... < 1 year ,3.1684772273336237,male : single,none,1.2916001070466523,real estate,40.895213346352186,none,own,1.583525091833342,management/ self-employed/ highly qualified employee/ officer,0.22182571572213405,none,yes
0,no checking account,22.140164593454372,critical account/ other credits existing (not at this bank),domestic appliances,2481.6881968342227,... < 100 DM,1 <= ... < 4 years,2.223632361153779,male : divorced/separated,none,4.631804699211929,"if not A121/A122 : car or other, not in attribute 6",21.921626971874236,bank,own,1.6536827088113184,unskilled - resident,2.480229868971307,"yes, registered under the customers name ",yes
0,< 0 DM,39.0990348210072,existing credits paid back duly till now,domestic appliances,14179.671228011613,unknown/ no savings account,1 <= ... < 4 years,5.019510917664629,male : single,none,6.7996972218373095,unknown / no property,29.812000898483202,none,own,2.5207208987017387,skilled employee / official,1.5250720408620666,none,yes
0,no checking account,13.930838226350529,all credits at this bank paid back duly,repairs,1796.2253481437378,100 <= ... < 500 DM,.. >= 7 years,4.1600928466435505,female : divorced/separated/married,none,0.6333212063494779,real estate,28.252449314592393,none,own,2.8684723215011956,skilled employee / official,1.3299028815939604,none,yes
0,no checking account,16.797594522434316,existing credits paid back duly till now,business,2510.4230036286226,... < 100 DM,1 <= ... < 4 years,2.0460522510478993,female : divorced/separated/married,none,2.3332420670097624,real estate,23.753212064827864,none,own,-0.8187577691239185,skilled employee / official,0.6931316874397018,none,yes
1,< 0 DM,12.51629757210145,critical account/ other credits existing (not at this bank),car (used),1274.313819020107,... < 100 DM,1 <= ... < 4 years,2.5301347507804275,male : single,none,1.8999996644297332,real estate,35.76973985240142,stores,own,-0.5010594336215146,skilled employee / official,1.6606729130022508,none,yes
0,no checking account,20.628283303414307,critical account/ other credits existing (not at this bank),(vacation - does not exist?),5247.50825258027,unknown/ no savings account,... < 1 year ,0.8332242659980138,male : single,none,2.273075041069843,if not A121 : building society savings agreement/ life insurance,24.94933610076685,none,rent,0.2639920998102283,management/ self-employed/ highly qualified employee/ officer,0.9845292371631978,none,yes
0,0 <= ... < 200 DM,14.106869378415137,existing credits paid back duly till now,car (used),3029.892855816323,500 <= ... < 1000 DM ,.. >= 7 years,2.7497655536581234,female : divorced/separated/married,guarantor,3.2993469305535403,real estate,31.251481970516476,none,own,0.8701798283274468,unemployed/ unskilled - non-resident,0.6307867085311896,none,yes
0,< 0 DM,6.011451291670655,critical account/ other credits existing (not at this bank),domestic appliances,427.2254899384866,500 <= ... < 1000 DM ,4 <= ... < 7 years,2.3914960373481073,male : single,none,0.7179709522100552,"if not A121/A122 : car or other, not in attribute 6",49.8663974003576,none,own,1.3881369233081795,skilled employee / official,1.6960047866482002,"yes, registered under the customers name ",yes
1,0 <= ... < 200 DM,17.700735296114743,all credits at this bank paid back duly,radio/television,975.3810534474086,... < 100 DM,4 <= ... < 7 years,0.6063625287029557,female : divorced/separated/married,none,1.3681843109172194,"if not A121/A122 : car or other, not in attribute 6",23.250323293190462,none,own,1.3246816532288501,skilled employee / official,0.8560278907788694,"yes, registered under the customers name ",yes
0,< 0 DM,10.984932094271183,existing credits paid back duly till now,repairs,840.3436291064519,unknown/ no savings account,4 <= ... < 7 years,0.38092817988183536,male : single,none,3.8220424442543135,real estate,23.505267515932772,none,own,2.1171058114560313,management/ self-employed/ highly qualified employee/ officer,0.20166522126117314,none,yes
0,0 <= ... < 200 DM,32.048755650863285,critical account/ other credits existing (not at this bank),car (used),5770.434361251645,500 <= ... < 1000 DM ,4 <= ... < 7 years,4.113875194142012,female : divorced/separated/married,none,2.757776760936187,real estate,23.57050176163653,none,own,3.148495298580351,unskilled - resident,1.5998267754606512,none,yes
1,0 <= ... < 200 DM,13.78516840207213,existing credits paid back duly till now,domestic appliances,1556.0991915555478,unknown/ no savings account,1 <= ... < 4 years,5.079009639236113,female : divorced/separated/married,none,3.7725793692443435,real estate,56.78494812288014,none,own,1.127614891706207,skilled employee / official,1.9360143443714348,none,yes
1,no checking account,25.13604868355543,critical account/ other credits existing (not at this bank),radio/television,1285.6287962936103,... < 100 DM,... < 1 year ,2.802411710965843,male : married/widowed,none,3.5032752972062946,"if not A121/A122 : car or other, not in attribute 6",31.391149091854643,none,own,1.2385761100504713,skilled employee / official,1.4889100117578045,"yes, registered under the customers name ",yes
0,no checking account,5.079149602190872,existing credits paid back duly till now,car (new),1300.709943954012,unknown/ no savings account,1 <= ... < 4 years,1.638759381675977,female : divorced/separated/married,none,0.8011683970211282,unknown / no property,74.16820580711125,none,own,2.1521684522781617,skilled employee / official,1.5461401416458136,none,yes
1,no checking account,15.85501932429728,existing credits paid back duly till now,(vacation - does not exist?),1273.2676442038992,... < 100 DM,4 <= ... < 7 years,3.3315416951336925,male : married/widowed,none,2.728144815499115,unknown / no property,39.85438466067837,none,own,1.8117529616464334,skilled employee / official,-0.2091213046809559,none,yes
0,< 0 DM,24.6396264094979,existing credits paid back duly till now,radio/television,1391.9692829680678,... < 100 DM,4 <= ... < 7 years,2.7501482632323335,female : divorced/separated/married,none,2.39703160229398,real estate,30.01302024420393,none,for free,1.3217913690484948,skilled employee / official,2.7350739625142753,"yes, registered under the customers name ",yes
1,no checking account,12.442545624204053,existing credits paid back duly till now,domestic appliances,691.0704191273273,... < 100 DM,4 <= ... < 7 years,4.8719754997190075,female : divorced/separated/married,none,1.2132734061550898,unknown / no property,34.45367564148734,none,for free,-1.4087120764716907,unskilled - resident,2.5466114107635742,"yes, registered under the customers name ",yes
0,0 <= ... < 200 DM,16.249665267043778,existing credits paid back duly till now,car (used),5043.823799683357,unknown/ no savings account,unemployed,0.30553475807464703,male : single,none,3.5558785456344846,real estate,59.179171774600874,none,for free,3.4112440396396844,unskilled - resident,1.883784961261961,"yes, registered under the customers name ",yes
1,0 <= ... < 200 DM,18.635371142861278,existing credits paid back duly till now,(vacation - does not exist?),2123.2223940722515,... < 100 DM,1 <= ... < 4 years,2.383040599835054,male : single,none,4.759385208830743,real estate,26.857473075464707,none,own,2.566408677397475,skilled employee / official,0.6121893146257268,none,yes
0,< 0 DM,12.740014236304335,delay in paying off in the past,car (new),2213.3699174897442,... < 100 DM,1 <= ... < 4 years,3.4664804743171205,female : divorced/separated/married,none,3.303048282932717,"if not A121/A122 : car or other, not in attribute 6",24.301124742852025,none,own,0.40429672458659405,skilled employee / official,0.6996820268389274,none,yes
1,no checking account,21.63690628337221,critical account/ other credits existing (not at this bank),domestic appliances,12678.942845125861,500 <= ... < 1000 DM ,1 <= ... < 4 years,4.889127317527008,female : divorced/separated/married,guarantor,4.59032057298639,if not A121 : building society savings agreement/ life insurance,31.60636115063072,none,own,2.9273697552302282,management/ self-employed/ highly qualified employee/ officer,2.3823274458964647,"yes, registered under the customers name ",yes
0,0 <= ... < 200 DM,24.340791408002104,existing credits paid back duly till now,car (new),2461.9481127271015,... < 100 DM,.. >= 7 years,3.457996096474029,male : single,none,2.934954327281191,if not A121 : building society savings agreement/ life insurance,28.205673145191955,none,own,1.6525688295138057,skilled employee / official,0.6461699624325867,"yes, registered under the customers name ",yes
0,0 <= ... < 200 DM,10.216388870285817,critical account/ other credits existing (not at this bank),car (new),1154.8557156214797,500 <= ... < 1000 DM ,unemployed,2.305956676142358,female : divorced/separated/married,co-applicant,4.169746180985516,if not A121 : building society savings agreement/ life insurance,40.36801003649452,none,own,2.132519385828058,skilled employee / official,0.3674439636527025,"yes, registered under the customers name ",yes
1,< 0 DM,30.08362107741056,critical account/ other credits existing (not at this bank),car (new),3106.7832815816137,... < 100 DM,... < 1 year ,0.1786496580753616,male : single,guarantor,4.924699196769792,"if not A121/A122 : car or other, not in attribute 6",30.01080422836932,stores,rent,0.5128841896023728,skilled employee / official,2.872234675636453,"yes, registered under the customers name ",yes
0,no checking account,9.443808041150875,critical account/ other credits existing (not at this bank),car (new),2901.8421269591377,... < 100 DM,.. >= 7 years,2.752647554550939,male : single,none,4.446141004247675,"if not A121/A122 : car or other, not in attribute 6",32.059753610818234,none,rent,2.6519918374433393,skilled employee / official,0.9523223183861277,none,yes
0,< 0 DM,10.72015904235998,critical account/ other credits existing (not at this bank),domestic appliances,3616.0822464625826,... < 100 DM,1 <= ... < 4 years,1.82571364142531,male : single,none,4.927545777313543,unknown / no property,26.501889658351953,none,own,2.8950152936941196,management/ self-employed/ highly qualified employee/ officer,2.7684253285138456,"yes, registered under the customers name ",yes
0,< 0 DM,13.681816619300823,critical account/ other credits existing (not at this bank),car (used),1657.8095689700963,... < 100 DM,1 <= ... < 4 years,2.7698959812747646,male : single,guarantor,4.750423554403577,"if not A121/A122 : car or other, not in attribute 6",64.6008751236771,none,own,2.1494841007395094,unemployed/ unskilled - non-resident,-0.398391910690002,none,yes
0,no checking account,25.728995340885703,critical account/ other credits existing (not at this bank),business,2811.5486155490357,... < 100 DM,1 <= ... < 4 years,2.967725386779474,female : divorced/separated/married,none,3.5605364866531097,real estate,26.200005308218255,none,rent,2.203782153025446,skilled employee / official,1.5181848827845017,none,yes
1,< 0 DM,37.359220600295615,no credits taken/ all credits paid back duly,radio/television,8065.072017641917,... < 100 DM,1 <= ... < 4 years,3.5767083615434014,female : divorced/separated/married,none,0.6561010883086664,if not A121 : building society savings agreement/ life insurance,22.349776452701825,none,own,2.5851394574610764,unskilled - resident,3.071082599216615,"yes, registered under the customers name ",yes
0,< 0 DM,21.255213416855874,delay in paying off in the past,business,3273.704658815534,unknown/ no savings account,4 <= ... < 7 years,0.7556711448204709,female : divorced/separated/married,none,4.420362125842624,"if not A121/A122 : car or other, not in attribute 6",35.65949390496816,none,own,0.945651934865928,skilled employee / official,1.0297507446588618,none,yes
0,< 0 DM,25.350625120952657,existing credits paid back duly till now,car (new),2224.7060917581275,100 <= ... < 500 DM,.. >= 7 years,3.8362358958777985,male : single,none,4.546089230831429,if not A121 : building society savings agreement/ life insurance,52.65394782092294,none,own,3.1103909723574628,skilled employee / official,0.7359955077322038,none,yes
0,< 0 DM,12.012053180601825,existing credits paid back duly till now,domestic appliances,1481.119500680803,... < 100 DM,.. >= 7 years,1.5724356354078752,female : divorced/separated/married,none,5.090471991138566,real estate,65.76297612696024,none,own,5.538483229427952,unskilled - resident,-0.16775191759841968,"yes, registered under the customers name ",yes
1,< 0 DM,24.20279727689778,existing credits paid back duly till now,car (new),1371.296915870736,500 <= ... < 1000 DM ,... < 1 year ,6.6347407544150006,female : divorced/separated/married,none,3.0636787249547064,if not A121 : building society savings agreement/ life insurance,25.715005810993574,stores,own,1.3174104487994214,unskilled - resident,2.0823430544352473,none,yes
0,no checking account,34.906528629538016,existing credits paid back duly till now,radio/television,3533.6531974512204,... < 100 DM,... < 1 year ,4.555912031299442,female : divorced/separated/married,none,3.093568940722837,real estate,36.1499758322877,none,for free,2.1167600878725663,skilled employee / official,0.22987191735931256,none,yes
0,no checking account,18.39699130449884,all credits at this bank paid back duly,radio/television,3509.2106668777246,... < 100 DM,1 <= ... < 4 years,3.5361995586485655,female : divorced/separated/married,guarantor,1.4599002663077703,"if not A121/A122 : car or other, not in attribute 6",23.694017627212393,none,rent,1.1706270836190815,management/ self-employed/ highly qualified employee/ officer,0.9051914406100114,none,yes
0,no checking account,36.06038592842442,existing credits paid back duly till now,radio/television,5709.878568953983,... < 100 DM,.. >= 7 years,4.465496774166279,female : divorced/separated/married,none,1.9288330111469134,unknown / no property,37.928554596952395,bank,own,3.3104295008315177,skilled employee / official,-0.2345022797926115,none,yes
0,no checking account,16.697347883165534,existing credits paid back duly till now,domestic appliances,3873.4623552634735,... < 100 DM,.. >= 7 years,0.9891310821436825,male : single,none,2.1142383894288717,real estate,67.03156566728991,bank,for free,0.4008022649670776,unskilled - resident,2.556894600097433,"yes, registered under the customers name ",yes
1,no checking account,38.9488028881834,existing credits paid back duly till now,radio/television,4933.8091947318535,... < 100 DM,1 <= ... < 4 years,3.504506718589227,male : divorced/separated,none,2.3751081637541906,if not A121 : building society savings agreement/ life insurance,24.65161564893768,none,own,1.721682440288339,management/ self-employed/ highly qualified employee/ officer,2.1548853107256827,"yes, registered under the customers name ",yes
0,no checking account,23.92027043614319,critical account/ other credits existing (not at this bank),car (used),1940.0954390384877,... < 100 DM,1 <= ... < 4 years,3.3389309041928596,female : divorced/separated/married,none,2.1475770850110454,if not A121 : building society savings agreement/ life insurance,61.227291146642195,none,own,-0.5374429491266413,skilled employee / official,0.9684152507868691,none,yes
0,0 <= ... < 200 DM,13.79756116664464,existing credits paid back duly till now,domestic appliances,1407.5636243367526,... < 100 DM,.. >= 7 years,2.5010854326224656,male : single,guarantor,1.0547434481266238,"if not A121/A122 : car or other, not in attribute 6",30.149792624860943,none,own,-0.18386786263997368,skilled employee / official,-0.1541489355869281,"yes, registered under the customers name ",yes
1,0 <= ... < 200 DM,12.894213328513409,critical account/ other credits existing (not at this bank),car (new),835.0165840213409,... < 100 DM,.. >= 7 years,5.065977629743134,male : single,none,3.3516813728601074,"if not A121/A122 : car or other, not in attribute 6",23.31316560733235,none,own,0.48219999730202956,skilled employee / official,2.535907049242632,"yes, registered under the customers name ",yes
0,no checking account,20.011445439091467,critical account/ other credits existing (not at this bank),car (new),6468.6877611315995,100 <= ... < 500 DM,unemployed,1.3847685442049928,male : single,none,5.824879017807115,"if not A121/A122 : car or other, not in attribute 6",60.06796997116363,none,own,0.9440630059395773,skilled employee / official,0.6340682729528528,none,yes
0,0 <= ... < 200 DM,18.248787309801084,existing credits paid back duly till now,(vacation - does not exist?),1942.2128836917232,100 <= ... < 500 DM,4 <= ... < 7 years,4.094469991819638,male : married/widowed,none,0.7843436315280383,"if not A121/A122 : car or other, not in attribute 6",33.44328404786392,none,own,2.7690833257701195,unskilled - resident,-0.10520484081751857,"yes, registered under the customers name ",yes
0,no checking account,22.0442123781042,existing credits paid back duly till now,car (used),2676.109169811492,... < 100 DM,1 <= ... < 4 years,3.010802084856015,female : divorced/separated/married,none,3.670608462587306,unknown / no property,38.68096981633149,none,own,1.5359928049252245,unskilled - resident,-0.762118012472544,none,yes
0,no checking account,47.79708601520445,existing credits paid back duly till now,domestic appliances,2749.4079869977586,... < 100 DM,4 <= ... < 7 years,3.943558903112893,male : single,none,3.042622523078706,"if not A121/A122 : car or other, not in attribute 6",38.01191101624863,none,own,1.0879214898102063,skilled employee / official,1.354034868106225,none,yes
1,< 0 DM,46.917572802611716,critical account/ other credits existing (not at this bank),business,6224.3015523068125,... < 100 DM,... < 1 year ,3.4233015110724976,male : single,none,5.781226927581568,"if not A121/A122 : car or other, not in attribute 6",51.98119999868696,none,rent,0.2720195146358847,management/ self-employed/ highly qualified employee/ officer,-0.4546381225299396,none,yes
1,0 <= ... < 200 DM,39.84894812239307,existing credits paid back duly till now,domestic appliances,5999.0155152164825,.. >= 1000 DM ,... < 1 year ,3.550516570230296,male : single,none,2.5071310521755983,"if not A121/A122 : car or other, not in attribute 6",27.57926981189881,none,own,2.3747486832306546,management/ self-employed/ highly qualified employee/ officer,0.3771791634771754,"yes, registered under the customers name ",yes
1,< 0 DM,20.253901743347487,critical account/ other credits existing (not at this bank),domestic appliances,1186.3416644344177,... < 100 DM,.. >= 7 years,3.479590373650935,male : single,guarantor,3.523115976966722,"if not A121/A122 : car or other, not in attribute 6",37.27436517485537,none,rent,2.1266103486291925,skilled employee / official,2.744408733697715,none,yes
0,< 0 DM,22.749684461076853,critical account/ other credits existing (not at this bank),education,6312.992095484627,unknown/ no savings account,... < 1 year ,2.8914633673148433,male : single,none,5.548725558462862,unknown / no property,37.88951193488066,none,for free,1.028149910224203,unskilled - resident,1.6245998360247667,"yes, registered under the customers name ",yes
0,0 <= ... < 200 DM,6.511221814547534,no credits taken/ all credits paid back duly,car (new),1221.2738423983085,.. >= 1000 DM ,4 <= ... < 7 years,0.21420373061722686,male : single,none,1.625210847281742,if not A121 : building society savings agreement/ life insurance,27.733053593004378,bank,rent,1.5574735344611677,skilled employee / official,1.355693382113711,none,yes
0,0 <= ... < 200 DM,24.391264659933235,critical account/ other credits existing (not at this bank),radio/television,2891.6992354151535,... < 100 DM,... < 1 year ,2.4837024031384916,male : single,none,4.722201708966457,unknown / no property,50.9037865170718,none,own,2.1249328357046426,skilled employee / official,0.27666534046776814,"yes, registered under the customers name ",yes
0,< 0 DM,22.21329248863192,existing credits paid back duly till now,car (new),3060.1478381445986,... < 100 DM,4 <= ... < 7 years,5.100370680697223,male : single,co-applicant,1.5228570348875725,if not A121 : building society savings agreement/ life insurance,33.14126596951037,none,own,0.006672873275313518,skilled employee / official,1.0651690663642313,none,yes
0,no checking account,8.877315362504874,existing credits paid back duly till now,car (new),2300.6743018899265,... < 100 DM,4 <= ... < 7 years,2.6756066331644783,female : divorced/separated/married,co-applicant,3.8287672559076737,"if not A121/A122 : car or other, not in attribute 6",21.11928207928856,none,own,1.392030398057523,management/ self-employed/ highly qualified employee/ officer,2.920900822086021,"yes, registered under the customers name ",yes
1,< 0 DM,18.995701385899924,existing credits paid back duly till now,car (used),7510.672694569745,500 <= ... < 1000 DM ,.. >= 7 years,1.5603291782322568,female : divorced/separated/married,none,2.3404031616735956,if not A121 : building society savings agreement/ life insurance,51.35021249785853,none,for free,3.2726589908933312,skilled employee / official,1.6515139219731034,none,yes
0,no checking account,13.059223738896321,delay in paying off in the past,domestic appliances,1257.8519275954523,... < 100 DM,1 <= ... < 4 years,1.7424788010902086,female : divorced/separated/married,none,2.9445662190442956,if not A121 : building society savings agreement/ life insurance,22.846173463027863,none,own,2.2053556822514575,skilled employee / official,1.3844294376196586,none,yes
0,no checking account,25.025836842885237,critical account/ other credits existing (not at this bank),business,716.4365285745749,100 <= ... < 500 DM,1 <= ... < 4 years,4.573362470172945,male : single,none,4.839201355152263,"if not A121/A122 : car or other, not in attribute 6",53.55253636179352,none,own,1.2243905207383956,skilled employee / official,-0.5655272274684384,none,yes
0,no checking account,9.03891320690146,critical account/ other credits existing (not at this bank),car (new),1548.5569878467586,... < 100 DM,4 <= ... < 7 years,3.356438875049352,male : single,none,1.9500946089132873,unknown / no property,34.573914429768934,none,own,1.410368702671538,skilled employee / official,2.5201061224168706,"yes, registered under the customers name ",yes
0,< 0 DM,23.15495467203085,existing credits paid back duly till now,domestic appliances,1596.960293717653,unknown/ no savings account,... < 1 year ,3.7403859686542256,male : single,none,3.6808942594470255,unknown / no property,54.02526283109839,none,own,1.5299912809846523,unskilled - resident,1.5227933710551347,none,yes
0,< 0 DM,16.91630117264194,critical account/ other credits existing (not at this bank),education,1795.4424546049697,... < 100 DM,1 <= ... < 4 years,3.9698044873917455,female : divorced/separated/married,none,3.2512503760190823,if not A121 : building society savings agreement/ life insurance,48.54267634656033,stores,own,0.6058841562465855,skilled employee / official,2.0505336499065008,none,yes
0,< 0 DM,20.34460490475036,existing credits paid back duly till now,domestic appliances,4271.695573237143,... < 100 DM,... < 1 year ,1.8742776789190643,male : single,none,3.779343926758717,if not A121 : building society savings agreement/ life insurance,23.985665995488088,none,own,2.7010360268721065,skilled employee / official,0.8768197042410948,none,no
0,0 <= ... < 200 DM,12.379280034365163,existing credits paid back duly till now,retraining,975.590351071632,... < 100 DM,1 <= ... < 4 years,3.018090154049197,male : single,none,4.301113167100693,real estate,35.97399633775949,none,own,3.1178344005497225,skilled employee / official,1.6115793650208063,"yes, registered under the customers name ",yes
0,no checking account,13.287331111605065,critical account/ other credits existing (not at this bank),car (new),7472.092354038255,... < 100 DM,1 <= ... < 4 years,0.14447354709142424,male : single,none,2.982916206461762,if not A121 : building society savings agreement/ life insurance,23.53806481073297,bank,own,0.6890933279274274,management/ self-employed/ highly qualified employee/ officer,1.6710124272110005,none,yes
1,no checking account,37.099979650342085,existing credits paid back duly till now,car (new),9269.079084074105,... < 100 DM,unemployed,2.1087021528134096,male : married/widowed,none,-1.6251466840968023,unknown / no property,22.67160479453689,none,own,0.6227643259037267,skilled employee / official,0.547559660487283,none,yes
0,no checking account,5.867771343468828,existing credits paid back duly till now,education,590.4770351272265,100 <= ... < 500 DM,.. >= 7 years,4.726132374669509,male : single,none,2.1682388257371903,real estate,27.97697536811318,none,own,0.038434608878170406,management/ self-employed/ highly qualified employee/ officer,2.091906435761852,"yes, registered under the customers name ",yes
0,no checking account,10.75579412113913,existing credits paid back duly till now,domestic appliances,929.999436902877,... < 100 DM,1 <= ... < 4 years,2.084434835531006,male : single,none,4.159096242189006,real estate,64.39536626345756,bank,own,3.8500643995324335,skilled employee / official,0.2410151360069004,none,yes
0,no checking account,41.6808934029891,critical account/ other credits existing (not at this bank),business,9283.039693526598,500 <= ... < 1000 DM ,1 <= ... < 4 years,1.2783329395705043,female : divorced/separated/married,none,1.901136884037714,if not A121 : building society savings agreement/ life insurance,54.43155791628225,none,own,0.4376316170768091,skilled employee / official,1.777934220027543,"yes, registered under the customers name ",yes
1,0 <= ... < 200 DM,15.217231194810525,existing credits paid back duly till now,radio/television,1778.9607343075945,... < 100 DM,unemployed,0.6239566684268518,male : single,none,1.403376242526725,real estate,25.934196678927815,none,own,0.9889673132967445,skilled employee / official,0.609794705833469,"yes, registered under the customers name ",yes
0,no checking account,7.797916754610596,existing credits paid back duly till now,domestic appliances,905.0471844699517,... < 100 DM,4 <= ... < 7 years,2.3656690064744543,male : married/widowed,none,2.267540286126554,real estate,26.06718110965398,none,for free,2.892168830399606,skilled employee / official,1.3495579486320601,none,yes
0,0 <= ... < 200 DM,5.422105891922344,critical account/ other credits existing (not at this bank),domestic appliances,482.02616613014106,... < 100 DM,4 <= ... < 7 years,2.635571581935759,male : single,none,2.695132137006593,"if not A121/A122 : car or other, not in attribute 6",27.613316357511717,none,rent,1.4664928167495073,management/ self-employed/ highly qualified employee/ officer,0.5380069976457391,none,yes
1,0 <= ... < 200 DM,36.252884814969896,existing credits paid back duly till now,(vacation - does not exist?),9629.273803845323,... < 100 DM,.. >= 7 years,3.579491656563109,male : single,none,3.473146804012823,"if not A121/A122 : car or other, not in attribute 6",23.982566103050992,bank,rent,2.5723951080293523,unskilled - resident,1.0499759747065955,"yes, registered under the customers name ",yes
1,< 0 DM,47.49604225858939,existing credits paid back duly till now,business,3050.9928831448715,100 <= ... < 500 DM,1 <= ... < 4 years,2.4662040603407913,female : divorced/separated/married,none,3.754498510264499,"if not A121/A122 : car or other, not in attribute 6",53.96023776857183,none,own,1.8833995689324272,unemployed/ unskilled - non-resident,-0.07469370169176703,none,yes
1,no checking account,47.37193391627463,critical account/ other credits existing (not at this bank),car (used),3931.170176943192,100 <= ... < 500 DM,1 <= ... < 4 years,4.00720706037637,male : divorced/separated,none,5.148742349822743,real estate,46.174819327020806,none,for free,1.7710362167598053,unskilled - resident,2.247556984688794,"yes, registered under the customers name ",yes
0,0 <= ... < 200 DM,36.31145283430344,critical account/ other credits existing (not at this bank),car (new),7431.537872924828,unknown/ no savings account,.. >= 7 years,1.4647444333694217,male : married/widowed,none,1.2679920670942857,"if not A121/A122 : car or other, not in attribute 6",51.642512541012685,none,own,0.5868900472032852,skilled employee / official,1.044187834959586,"yes, registered under the customers name ",yes
0,no checking account,5.598007419870795,critical account/ other credits existing (not at this bank),domestic appliances,1338.66435367424,unknown/ no savings account,1 <= ... < 4 years,-0.46245738485415266,male : married/widowed,none,3.9371932768560445,real estate,63.88087630700785,none,own,1.2725526229714672,skilled employee / official,0.45984644592752744,"yes, registered under the customers name ",yes
0,>= 200 DM / salary assignments for at least 1 year,6.244104388978352,all credits at this bank paid back duly,domestic appliances,1554.932638842991,... < 100 DM,1 <= ... < 4 years,1.7798696125227764,male : single,none,2.183342213998421,real estate,23.852711686465444,none,own,1.7309695157393397,skilled employee / official,0.9449720336097038,none,yes
0,< 0 DM,36.27320402285212,existing credits paid back duly till now,car (new),15857.483982293952,100 <= ... < 500 DM,4 <= ... < 7 years,2.7528721671488805,male : single,none,4.560350929874458,"if not A121/A122 : car or other, not in attribute 6",43.580622619446984,none,own,1.43846362477666,skilled employee / official,1.13400447616791,none,yes
1,0 <= ... < 200 DM,16.860570998908425,critical account/ other credits existing (not at this bank),car (new),1344.7391715415954,... < 100 DM,4 <= ... < 7 years,4.843174310022669,female : divorced/separated/married,none,2.6996917417636865,real estate,24.621898658465977,none,rent,1.3416908859581642,skilled employee / official,0.38364294673488775,none,yes
0,no checking account,11.518758876134587,critical account/ other credits existing (not at this bank),radio/television,1098.8923106123857,... < 100 DM,1 <= ... < 4 years,1.4592655037359181,male : married/widowed,co-applicant,2.958806656010961,unknown / no property,26.52899973875075,bank,own,1.6173397391357982,skilled employee / official,0.8712414242703308,"yes, registered under the customers name ",yes
0,0 <= ... < 200 DM,13.437776939916462,existing credits paid back duly till now,car (new),3016.769236208037,... < 100 DM,4 <= ... < 7 years,3.2989181525841507,female : divorced/separated/married,none,2.231979403265022,"if not A121/A122 : car or other, not in attribute 6",23.327684133679586,none,own,-0.3292987229217992,skilled employee / official,-0.005551940894920948,"yes, registered under the customers name ",yes
1,no checking account,34.83792048726571,existing credits paid back duly till now,radio/television,2713.2217286662176,.. >= 1000 DM ,4 <= ... < 7 years,2.6759788558069233,male : single,none,1.9362457350093518,if not A121 : building society savings agreement/ life insurance,42.469723764508544,none,own,1.1462370569655076,skilled employee / official,4.345733038961008,"yes, registered under the customers name ",yes
0,0 <= ... < 200 DM,5.883345551029469,existing credits paid back duly till now,radio/television,731.644558411984,... < 100 DM,unemployed,2.968797931560415,male : single,none,3.7892810209232373,real estate,46.414186393164115,none,own,1.795730512192701,unskilled - resident,2.059118660208185,none,yes
0,no checking account,16.138154846757487,existing credits paid back duly till now,radio/television,3779.1203575726327,... < 100 DM,1 <= ... < 4 years,3.009173248182129,male : single,none,1.6709463279517838,if not A121 : building society savings agreement/ life insurance,35.75807998694009,bank,own,0.10962775229124166,management/ self-employed/ highly qualified employee/ officer,1.273094105631551,none,yes
0,no checking account,21.029109946576668,existing credits paid back duly till now,domestic appliances,1602.6737943936678,unknown/ no savings account,... < 1 year ,3.8837333546896344,female : divorced/separated/married,none,2.7441768657574177,"if not A121/A122 : car or other, not in attribute 6",29.349579547326805,none,own,2.5076617688887177,skilled employee / official,2.172112927476695,none,yes
1,< 0 DM,18.0309172780327,existing credits paid back duly till now,domestic appliances,3966.8605297079616,... < 100 DM,4 <= ... < 7 years,2.8421506585682637,female : divorced/separated/married,none,4.854239860576833,"if not A121/A122 : car or other, not in attribute 6",32.547381060346055,bank,own,3.9653421122427757,unskilled - resident,-0.9792524766837778,"yes, registered under the customers name ",yes
1,< 0 DM,17.88238914457488,critical account/ other credits existing (not at this bank),education,4166.558816247799,.. >= 1000 DM ,... < 1 year ,3.924496037012573,male : married/widowed,none,2.231009977255514,real estate,35.75444983479932,none,own,4.52835647520895,unemployed/ unskilled - non-resident,-0.5576797378340062,none,yes
1,no checking account,37.214189828928504,existing credits paid back duly till now,business,8334.123890075773,.. >= 1000 DM ,1 <= ... < 4 years,1.3356436066697992,female : divorced/separated/married,none,4.235289709169869,real estate,48.2838451268293,none,own,0.608802496679339,skilled employee / official,0.6007089382500939,"yes, registered under the customers name ",yes
0,no checking account,45.327165566897065,critical account/ other credits existing (not at this bank),car (new),6680.773545415456,unknown/ no savings account,.. >= 7 years,6.49392700572799,male : single,none,2.874776489620165,if not A121 : building society savings agreement/ life insurance,36.11014734096988,none,own,0.4612881034509323,unskilled - resident,0.621435856397891,"yes, registered under the customers name ",yes
0,no checking account,24.395933874430824,existing credits paid back duly till now,(vacation - does not exist?),2375.7472720511437,... < 100 DM,... < 1 year ,3.084774278846676,female : divorced/separated/married,guarantor,1.0325099226247656,if not A121 : building society savings agreement/ life insurance,42.68433644472557,stores,rent,0.8905789695607587,skilled employee / official,1.7633944755516708,none,yes
1,< 0 DM,19.561438201803572,delay in paying off in the past,domestic appliances,1216.0574100714382,... < 100 DM,1 <= ... < 4 years,4.980673294327426,female : divorced/separated/married,none,5.14344682477698,real estate,21.052694834310184,none,own,1.208641906487007,skilled employee / official,1.2056566405948987,none,yes
1,< 0 DM,43.87221923510829,critical account/ other credits existing (not at this bank),furniture/equipment,11814.88267239795,... < 100 DM,1 <= ... < 4 years,2.9704979808637306,female : divorced/separated/married,none,3.8221742747113105,unknown / no property,27.91249788023855,none,own,2.202318180558355,skilled employee / official,1.9204144983406113,none,yes
0,0 <= ... < 200 DM,23.620193488210106,existing credits paid back duly till now,car (new),5084.414616285027,... < 100 DM,1 <= ... < 4 years,1.0043097731581931,male : single,none,3.22522800442164,real estate,41.18839994880789,none,rent,0.18870366521325088,management/ self-employed/ highly qualified employee/ officer,-0.13826398427521358,none,yes
1,>= 200 DM / salary assignments for at least 1 year,14.24710808277138,existing credits paid back duly till now,domestic appliances,2327.578661633815,... < 100 DM,.. >= 7 years,2.493267793839099,male : single,none,4.4310991655892975,real estate,23.38551874590961,none,own,0.8250701179961599,skilled employee / official,1.3996306861600716,none,yes
1,0 <= ... < 200 DM,11.105653953922472,delay in paying off in the past,car (new),1082.087962896331,100 <= ... < 500 DM,.. >= 7 years,3.892466255733936,male : single,none,4.281808548683552,"if not A121/A122 : car or other, not in attribute 6",47.26585225338533,none,for free,0.021334333110643255,skilled employee / official,1.0143896931522325,"yes, registered under the customers name ",yes
0,no checking account,11.67373799497696,existing credits paid back duly till now,domestic appliances,886.21958492718,... < 100 DM,1 <= ... < 4 years,4.554330004632391,male : married/widowed,none,2.5781549168645217,real estate,18.985285519066586,none,rent,1.9263767478332465,unskilled - resident,1.3475093099330846,"yes, registered under the customers name ",yes
0,>= 200 DM / salary assignments for at least 1 year,5.427485283684504,delay in paying off in the past,(vacation - does not exist?),600.7412940983143,unknown/ no savings account,.. >= 7 years,1.2306723023806256,male : single,none,2.8619529247184663,"if not A121/A122 : car or other, not in attribute 6",21.98201127623232,none,rent,0.22932074032783323,skilled employee / official,1.4802280492464002,none,yes
0,< 0 DM,25.83738667548752,existing credits paid back duly till now,radio/television,2958.478278935716,... < 100 DM,4 <= ... < 7 years,5.196339485370247,male : single,none,3.6813269094231957,real estate,64.2004203999102,none,rent,1.9653436485870208,skilled employee / official,2.3831351398621203,"yes, registered under the customers name ",yes
0,>= 200 DM / salary assignments for at least 1 year,23.664060774959854,existing credits paid back duly till now,(vacation - does not exist?),2610.0993078162874,100 <= ... < 500 DM,... < 1 year ,4.075399543146062,male : single,none,2.8304136275027094,if not A121 : building society savings agreement/ life insurance,46.4035880702811,none,own,0.5733065787022209,skilled employee / official,0.8964913515702738,none,yes
1,0 <= ... < 200 DM,37.90506021406447,all credits at this bank paid back duly,car (new),5178.412679237236,unknown/ no savings account,unemployed,3.8321259305736888,male : single,none,0.6172618297013732,real estate,29.187467672172527,none,own,0.4176464005384266,skilled employee / official,2.774182223503769,"yes, registered under the customers name ",yes
0,no checking account,21.035576476984623,existing credits paid back duly till now,business,2993.0109855135274,500 <= ... < 1000 DM ,4 <= ... < 7 years,4.096064233057181,male : single,none,1.9120725905801026,if not A121 : building society savings agreement/ life insurance,26.997221443720886,none,rent,1.7204088464824727,skilled employee / official,0.20961134631777634,"yes, registered under the customers name ",yes
1,0 <= ... < 200 DM,19.75369102670108,existing credits paid back duly till now,domestic appliances,1943.878954027701,100 <= ... < 500 DM,1 <= ... < 4 years,4.580395964858603,male : single,co-applicant,4.296033077042617,unknown / no property,21.463915040955275,none,own,0.9887091530391698,skilled employee / official,1.7428273399555536,none,yes
0,0 <= ... < 200 DM,23.90670135034651,existing credits paid back duly till now,domestic appliances,1557.5026268299055,... < 100 DM,4 <= ... < 7 years,4.731813394320888,male : single,none,5.850463233843754,"if not A121/A122 : car or other, not in attribute 6",48.86084392446572,none,own,1.4797325155225118,management/ self-employed/ highly qualified employee/ officer,0.9403315194394715,"yes, registered under the customers name ",yes
0,< 0 DM,18.131057826046145,all credits at this bank paid back duly,business,3420.6897032502347,unknown/ no savings account,... < 1 year ,3.3354133277414033,female : divorced/separated/married,none,4.085999065005216,real estate,46.95679017310398,none,rent,4.4390750834862205,management/ self-employed/ highly qualified employee/ officer,1.6722575833332363,"yes, registered under the customers name ",yes
0,0 <= ... < 200 DM,21.365474472642834,critical account/ other credits existing (not at this bank),domestic appliances,3973.9622714922652,unknown/ no savings account,... < 1 year ,0.9547372186015259,male : single,none,0.665822957789695,unknown / no property,35.86817677972667,none,for free,1.7327109427693563,skilled employee / official,1.6323153404675466,"yes, registered under the customers name ",yes
1,no checking account,21.178853679367535,existing credits paid back duly till now,domestic appliances,6761.0326952252535,unknown/ no savings account,.. >= 7 years,1.4322778567472985,male : single,none,3.9060145672153785,real estate,68.90236741713532,none,own,2.962164543146245,skilled employee / official,0.7008265208104105,"yes, registered under the customers name ",yes
0,< 0 DM,24.851285574844788,critical account/ other credits existing (not at this bank),education,1247.8816941827934,.. >= 1000 DM ,.. >= 7 years,3.3791786143194114,female : divorced/separated/married,none,4.739504133108306,if not A121 : building society savings agreement/ life insurance,28.630612362483333,none,own,2.446104109943138,skilled employee / official,-1.6619653371573282,none,yes
0,no checking account,8.292735470048536,existing credits paid back duly till now,car (new),1363.615449889982,... < 100 DM,.. >= 7 years,3.7861992686529145,male : single,none,4.86636623498504,if not A121 : building society savings agreement/ life insurance,58.26244313593205,none,rent,1.5697078815226975,skilled employee / official,-2.0628681231743076,none,yes
1,< 0 DM,12.968997870275858,existing credits paid back duly till now,domestic appliances,709.6613781898917,... < 100 DM,4 <= ... < 7 years,4.975984050294052,male : single,none,3.189111056191411,real estate,57.02454983240399,none,rent,0.9632928043810046,skilled employee / official,2.272422160284049,"yes, registered under the customers name ",yes
1,0 <= ... < 200 DM,19.638167462915657,existing credits paid back duly till now,radio/television,2234.358457279217,100 <= ... < 500 DM,.. >= 7 years,3.8448697104675995,male : single,none,2.5911065144305567,unknown / no property,32.67865746996275,none,rent,3.0091119062550553,skilled employee / official,2.230258457879696,"yes, registered under the customers name ",yes
0,0 <= ... < 200 DM,23.510249817098792,existing credits paid back duly till now,domestic appliances,4042.2312820227435,... < 100 DM,.. >= 7 years,4.430919018824352,male : single,none,3.2579865751102597,"if not A121/A122 : car or other, not in attribute 6",42.79881023650525,none,own,3.073009285961657,skilled employee / official,2.8873409462559465,"yes, registered under the customers name ",yes
0,no checking account,15.908601359892112,critical account/ other credits existing (not at this bank),car (new),1470.7006620922482,unknown/ no savings account,1 <= ... < 4 years,5.36846939376513,male : single,none,2.6461924804531423,"if not A121/A122 : car or other, not in attribute 6",37.03712789695982,none,own,2.6485658379660353,unskilled - resident,0.9824717517178225,none,yes
1,no checking account,18.031085587771152,existing credits paid back duly till now,(vacation - does not exist?),1442.6721143150965,... < 100 DM,... < 1 year ,4.2433989164005395,male : single,guarantor,3.651630636765928,real estate,30.237999762996388,none,rent,0.5453724029638971,skilled employee / official,0.7073651980021087,"yes, registered under the customers name ",yes
0,0 <= ... < 200 DM,36.278575914511805,critical account/ other credits existing (not at this bank),(vacation - does not exist?),10875.475128067348,unknown/ no savings account,... < 1 year ,1.17810822845696,female : divorced/separated/married,none,2.0915264392388613,"if not A121/A122 : car or other, not in attribute 6",44.76532318407774,none,own,1.1585398469053525,skilled employee / official,1.5804161573489985,none,yes
0,0 <= ... < 200 DM,24.013985221865294,critical account/ other credits existing (not at this bank),domestic appliances,1473.3080663038254,... < 100 DM,4 <= ... < 7 years,5.57537664943554,male : divorced/separated,none,1.1278444975666042,real estate,34.21174890719616,none,own,0.7251458959695161,skilled employee / official,1.0114245153613128,"yes, registered under the customers name ",yes
0,0 <= ... < 200 DM,10.336583126605435,critical account/ other credits existing (not at this bank),radio/television,893.8313482465995,... < 100 DM,1 <= ... < 4 years,3.938982648971592,male : single,none,1.8508407094613641,"if not A121/A122 : car or other, not in attribute 6",38.53410850496646,none,for free,1.7796210207358993,unskilled - resident,-0.007038224285109251,"yes, registered under the customers name ",yes
0,< 0 DM,15.424965897436149,critical account/ other credits existing (not at this bank),domestic appliances,3344.0437433977204,unknown/ no savings account,... < 1 year ,4.126165196430975,female : divorced/separated/married,none,2.0103355631823545,unknown / no property,27.356252574733748,none,for free,0.9786535809294402,management/ self-employed/ highly qualified employee/ officer,2.6485747229738665,"yes, registered under the customers name ",yes
1,no checking account,13.063033067294585,critical account/ other credits existing (not at this bank),radio/television,3959.393376870254,... < 100 DM,4 <= ... < 7 years,2.6603949743934314,male : single,none,1.5918268240110458,real estate,28.47096150243236,stores,for free,2.1368686334505633,skilled employee / official,3.239502879643737,none,yes
0,no checking account,9.666572668609534,existing credits paid back duly till now,car (used),3575.6030379422486,... < 100 DM,unemployed,0.11020967370280244,male : single,none,2.3948112711460907,real estate,25.776710277946016,bank,own,2.315236628744281,management/ self-employed/ highly qualified employee/ officer,2.4782807007301777,"yes, registered under the customers name ",yes
0,0 <= ... < 200 DM,23.0179805801697,critical account/ other credits existing (not at this bank),furniture/equipment,5804.6556180611715,500 <= ... < 1000 DM ,1 <= ... < 4 years,2.531360569684708,male : single,guarantor,0.7853316726914386,"if not A121/A122 : car or other, not in attribute 6",25.40404284039378,none,own,3.199170468677206,unskilled - resident,0.9891362533018041,none,yes
1,0 <= ... < 200 DM,16.557700864440587,critical account/ other credits existing (not at this bank),car (new),2167.9153893775638,unknown/ no savings account,1 <= ... < 4 years,4.632868323557288,female : divorced/separated/married,none,2.7141137485533005,unknown / no property,28.59528606033804,none,own,2.2055405644802866,skilled employee / official,-0.2949669784744322,"yes, registered under the customers name ",yes
1,< 0 DM,23.941588756141318,delay in paying off in the past,business,2440.412513069961,500 <= ... < 1000 DM ,1 <= ... < 4 years,3.2165989461033795,male : single,none,2.8162409029398052,unknown / no property,35.666287282513146,none,own,-0.03699390465871821,skilled employee / official,2.546433896156051,none,yes
0,0 <= ... < 200 DM,27.083981003314456,critical account/ other credits existing (not at this bank),business,4527.024098839841,100 <= ... < 500 DM,.. >= 7 years,7.059531228996823,female : divorced/separated/married,none,3.64273430193763,if not A121 : building society savings agreement/ life insurance,32.50837532501795,bank,for free,2.4826354994557756,management/ self-employed/ highly qualified employee/ officer,2.0763068108490463,none,yes
1,0 <= ... < 200 DM,9.30649383542772,existing credits paid back duly till now,car (new),2210.2898854759183,... < 100 DM,1 <= ... < 4 years,0.913926417387521,male : single,none,0.28424171562168343,if not A121 : building society savings agreement/ life insurance,24.12962632570892,none,own,0.39247095904458373,skilled employee / official,0.7108356015893877,none,yes
0,< 0 DM,15.831031857667975,critical account/ other credits existing (not at this bank),car (new),2221.1572328434363,... < 100 DM,.. >= 7 years,0.74261752501863,male : single,none,2.9074457296165876,"if not A121/A122 : car or other, not in attribute 6",20.086510790787294,bank,own,-0.6490663313591984,skilled employee / official,1.4811740886745377,none,yes
0,no checking account,16.657824833629093,existing credits paid back duly till now,radio/television,2388.7909677439725,500 <= ... < 1000 DM ,.. >= 7 years,4.510138715613441,female : divorced/separated/married,guarantor,1.4173708030318293,unknown / no property,26.10055976043091,none,own,0.7125288679441638,skilled employee / official,0.41428847101081445,none,no
0,no checking account,11.593056251227441,existing credits paid back duly till now,domestic appliances,3331.6785239514,.. >= 1000 DM ,... < 1 year ,3.5293134789672953,female : divorced/separated/married,none,5.664233251497638,"if not A121/A122 : car or other, not in attribute 6",41.667403339228485,none,for free,2.3247369656272516,skilled employee / official,1.1468751731218185,"yes, registered under the customers name ",yes
0,< 0 DM,35.415125865067,existing credits paid back duly till now,radio/television,7408.629221830538,500 <= ... < 1000 DM ,.. >= 7 years,3.064589656943222,male : single,none,2.3150430361161707,if not A121 : building society savings agreement/ life insurance,39.15346792717088,none,own,2.4607420101184636,skilled employee / official,-0.44246685084565995,none,yes
0,no checking account,11.953412729660661,existing credits paid back duly till now,car (used),652.2355698706399,500 <= ... < 1000 DM ,.. >= 7 years,4.5722424201872744,male : single,none,4.562857920182391,"if not A121/A122 : car or other, not in attribute 6",24.095695377596257,none,own,3.017809371605892,skilled employee / official,2.087087189252434,none,yes
0,< 0 DM,36.27886428464724,delay in paying off in the past,radio/television,7678.87193436652,... < 100 DM,.. >= 7 years,0.15645258254129035,male : married/widowed,none,4.017536901673059,real estate,38.81247342401283,none,own,2.1772301452681115,skilled employee / official,0.8955889588643268,"yes, registered under the customers name ",yes
0,< 0 DM,4.992107050376456,existing credits paid back duly till now,car (new),1342.4381934564744,... < 100 DM,.. >= 7 years,0.32248845430823325,male : single,none,2.9736015458848066,"if not A121/A122 : car or other, not in attribute 6",46.180335340663916,bank,own,4.447802753592907,skilled employee / official,3.158800860634012,none,yes
0,>= 200 DM / salary assignments for at least 1 year,24.724282677456227,critical account/ other credits existing (not at this bank),domestic appliances,1381.3838072600092,... < 100 DM,1 <= ... < 4 years,2.926384270862433,male : single,co-applicant,0.5098616517606207,real estate,24.64820407393669,none,own,2.1775212255170513,skilled employee / official,0.7988638221583806,none,yes
0,0 <= ... < 200 DM,15.0630023683347,delay in paying off in the past,domestic appliances,872.8056345192755,500 <= ... < 1000 DM ,1 <= ... < 4 years,2.104954150052119,female : divorced/separated/married,none,-0.21190971998127672,unknown / no property,22.80098960748499,none,rent,1.0224802961537363,skilled employee / official,0.8638002912160216,none,yes
0,0 <= ... < 200 DM,10.108053746688089,existing credits paid back duly till now,domestic appliances,3588.9355272538737,... < 100 DM,... < 1 year ,2.116980234023887,male : single,none,0.7212900322231284,real estate,27.95887686405121,none,own,-0.27939008792149633,unskilled - resident,0.7876825717080425,"yes, registered under the customers name ",yes
0,no checking account,9.041408559602969,critical account/ other credits existing (not at this bank),business,1320.1716046885585,.. >= 1000 DM ,.. >= 7 years,1.7571723783895665,male : single,none,4.401748919319746,real estate,39.55569054780432,none,own,3.110562740292768,skilled employee / official,1.7597569730181433,none,yes
0,no checking account,17.987680707070687,critical account/ other credits existing (not at this bank),car (new),1940.7298287890155,unknown/ no savings account,1 <= ... < 4 years,1.6778040339125513,male : single,none,2.8768220179120383,real estate,36.936968995589204,none,rent,0.4978748710595211,skilled employee / official,0.12416004597690844,"yes, registered under the customers name ",yes
0,< 0 DM,35.779032682213646,existing credits paid back duly till now,domestic appliances,3596.8089145420827,... < 100 DM,unemployed,3.462806205986582,male : single,none,2.3195540067233615,if not A121 : building society savings agreement/ life insurance,28.57839819801684,none,own,0.352952360591273,skilled employee / official,0.5135776268007715,none,yes
1,no checking account,8.896579886425366,critical account/ other credits existing (not at this bank),car (used),1423.4253289434703,100 <= ... < 500 DM,.. >= 7 years,2.168714164048924,female : divorced/separated/married,none,0.6981772477789023,if not A121 : building society savings agreement/ life insurance,27.52299532824733,none,own,2.281230563762572,skilled employee / official,1.0010471860825367,none,yes
0,no checking account,29.972017543469782,existing credits paid back duly till now,car (new),6740.3739155113735,.. >= 1000 DM ,... < 1 year ,2.3964085022070676,male : married/widowed,none,3.2963830201167545,if not A121 : building society savings agreement/ life insurance,34.90107543440946,bank,for free,3.158222668795957,unskilled - resident,1.1212241836893566,"yes, registered under the customers name ",yes
0,no checking account,24.22555983951018,existing credits paid back duly till now,business,7814.724854671556,... < 100 DM,.. >= 7 years,3.30558019190248,male : single,none,2.5113174310370376,"if not A121/A122 : car or other, not in attribute 6",37.458685644564355,none,own,2.132051367210679,unemployed/ unskilled - non-resident,-0.706096940217759,"yes, registered under the customers name ",yes
0,no checking account,24.9476496098483,critical account/ other credits existing (not at this bank),radio/television,9278.422106349924,... < 100 DM,1 <= ... < 4 years,2.893798745935457,male : single,none,5.406615533650644,real estate,48.27200110688319,bank,rent,0.6378088659450188,skilled employee / official,0.7691941345119835,none,yes
0,0 <= ... < 200 DM,28.888895099082443,critical account/ other credits existing (not at this bank),domestic appliances,2180.543190019261,... < 100 DM,.. >= 7 years,4.752383732712678,female : divorced/separated/married,none,4.323718895579065,"if not A121/A122 : car or other, not in attribute 6",35.371680014611584,none,own,1.9490241346947483,skilled employee / official,1.7952302186437135,none,yes
0,< 0 DM,16.828028407099204,critical account/ other credits existing (not at this bank),domestic appliances,1098.10144743065,... < 100 DM,.. >= 7 years,5.140812789361381,female : divorced/separated/married,none,5.235782892994141,if not A121 : building society savings agreement/ life insurance,64.7216335596989,none,own,1.9401456023041486,unskilled - resident,0.6216619654760974,"yes, registered under the customers name ",yes
1,< 0 DM,22.906676142112616,critical account/ other credits existing (not at this bank),education,4054.992106949195,100 <= ... < 500 DM,.. >= 7 years,2.998081599990946,male : married/widowed,none,2.2443532835748075,real estate,43.44135869252995,bank,rent,1.782518180672398,skilled employee / official,0.7752682457866784,none,yes
1,no checking account,12.288916667168706,critical account/ other credits existing (not at this bank),car (used),795.2667361679767,... < 100 DM,.. >= 7 years,4.3034669008166695,male : single,none,4.056143340244168,"if not A121/A122 : car or other, not in attribute 6",52.651227318798696,none,own,2.55356466849423,skilled employee / official,1.1624060508427265,"yes, registered under the customers name ",yes
0,< 0 DM,25.244947378646444,existing credits paid back duly till now,radio/television,2823.936440270565,unknown/ no savings account,unemployed,4.511513701919191,male : single,none,2.0189128418837217,if not A121 : building society savings agreement/ life insurance,34.22605958910203,none,own,2.368146555198407,unskilled - resident,1.874039567453001,none,yes
1,no checking account,47.56866056176049,existing credits paid back duly till now,car (used),15672.19963501791,... < 100 DM,... < 1 year ,2.1416566973910256,male : single,guarantor,1.5863947572555819,if not A121 : building society savings agreement/ life insurance,24.592728456019568,bank,for free,2.9748910853573585,unskilled - resident,-0.030515502387604476,none,yes
0,< 0 DM,33.49830015584035,existing credits paid back duly till now,radio/television,6612.438797077811,unknown/ no savings account,.. >= 7 years,3.602805690082926,male : married/widowed,none,3.737895777255371,"if not A121/A122 : car or other, not in attribute 6",33.828141201013004,none,own,2.8971944180330613,unskilled - resident,0.9636538763330955,"yes, registered under the customers name ",yes
0,0 <= ... < 200 DM,26.296007137389623,existing credits paid back duly till now,car (new),7824.542858224478,... < 100 DM,4 <= ... < 7 years,2.66755746566023,male : single,none,3.2741417793128607,real estate,41.17933780971921,none,own,1.7652006058855818,unskilled - resident,2.9940731700058962,"yes, registered under the customers name ",yes
0,no checking account,26.166963277203987,existing credits paid back duly till now,radio/television,2443.0245126754266,500 <= ... < 1000 DM ,.. >= 7 years,3.1824416016700345,male : single,none,2.784497141154305,if not A121 : building society savings agreement/ life insurance,43.559370067307356,none,own,4.828711406128975,skilled employee / official,0.9488240527329095,"yes, registered under the customers name ",yes
0,no checking account,14.442271112504786,delay in paying off in the past,business,1828.216820138285,... < 100 DM,4 <= ... < 7 years,4.42161682990983,female : divorced/separated/married,none,2.586482676347347,"if not A121/A122 : car or other, not in attribute 6",44.532758006513234,bank,for free,3.7059402787087734,unskilled - resident,0.625518110514182,"yes, registered under the customers name ",yes
0,< 0 DM,11.591611372745273,existing credits paid back duly till now,car (used),2169.8630774185895,... < 100 DM,... < 1 year ,3.9059848259148446,male : single,none,1.6602518842926028,real estate,36.897862970736476,none,rent,3.998288983341334,skilled employee / official,-0.38163132393507726,none,yes
0,< 0 DM,36.038581122980915,critical account/ other credits existing (not at this bank),car (used),5797.84397695745,... < 100 DM,... < 1 year ,2.3368262493632352,female : divorced/separated/married,none,2.943653536496542,if not A121 : building society savings agreement/ life insurance,33.1664041169301,bank,own,3.186891344599081,skilled employee / official,1.941381950490345,"yes, registered under the customers name ",yes
0,0 <= ... < 200 DM,17.688253669177552,existing credits paid back duly till now,radio/television,1168.7335864659249,unknown/ no savings account,1 <= ... < 4 years,3.3377551806754076,female : divorced/separated/married,none,3.6274938966718446,if not A121 : building society savings agreement/ life insurance,28.145165083067216,none,rent,2.025674453657999,skilled employee / official,0.9076417931621211,"yes, registered under the customers name ",yes
0,0 <= ... < 200 DM,37.049339610543406,existing credits paid back duly till now,car (new),8946.418406065719,... < 100 DM,.. >= 7 years,1.7896012722172114,male : single,none,0.40150146798671704,"if not A121/A122 : car or other, not in attribute 6",30.909710253893184,none,rent,0.7833067459440796,skilled employee / official,1.1498003663941367,none,yes
0,no checking account,20.32398269431863,existing credits paid back duly till now,business,2604.448980587652,... < 100 DM,.. >= 7 years,4.9788413412371995,female : divorced/separated/married,none,2.6318771537466947,unknown / no property,28.61464404808182,none,own,1.5760695035613907,skilled employee / official,1.0922656001431774,"yes, registered under the customers name ",yes
0,0 <= ... < 200 DM,11.137682040524457,existing credits paid back duly till now,domestic appliances,1592.453018756312,... < 100 DM,4 <= ... < 7 years,3.0786176695317877,male : single,none,3.790898571232915,real estate,36.255158416704724,none,rent,2.6739744952710462,management/ self-employed/ highly qualified employee/ officer,-0.20360021489545277,"yes, registered under the customers name ",yes
0,no checking account,15.478875538520462,existing credits paid back duly till now,car (used),2185.5500296181353,... < 100 DM,... < 1 year ,0.13719998042672987,male : single,none,3.363503950151746,real estate,33.30817508872508,none,own,1.4337691222144515,skilled employee / official,-0.0334955314604064,none,yes
1,no checking account,16.46435793007388,delay in paying off in the past,domestic appliances,4151.924264041355,unknown/ no savings account,... < 1 year ,2.808547749602018,male : single,none,3.321046009164836,"if not A121/A122 : car or other, not in attribute 6",41.55432044394679,none,own,1.454531871868811,management/ self-employed/ highly qualified employee/ officer,-0.4601335298517806,none,yes
1,0 <= ... < 200 DM,16.38969170532,existing credits paid back duly till now,car (new),2624.4454275943594,... < 100 DM,... < 1 year ,1.439551190205627,male : single,none,4.642317146500495,"if not A121/A122 : car or other, not in attribute 6",40.91775875637013,none,own,1.0513978543170923,unskilled - resident,-0.0667792375573999,none,yes
0,< 0 DM,20.10255318372627,existing credits paid back duly till now,business,3486.07130453893,... < 100 DM,1 <= ... < 4 years,0.5934993729877673,female : divorced/separated/married,none,4.662526129781281,if not A121 : building society savings agreement/ life insurance,44.07058957541734,none,own,1.6721089373687876,skilled employee / official,2.357337583999806,none,yes
0,no checking account,35.85255751008183,critical account/ other credits existing (not at this bank),domestic appliances,10477.602936943755,... < 100 DM,1 <= ... < 4 years,3.021222289219133,female : divorced/separated/married,none,2.4776857693919405,unknown / no property,42.02577019369499,none,own,1.8378654933560823,skilled employee / official,0.26688166871740404,none,yes
0,no checking account,16.588276107149262,critical account/ other credits existing (not at this bank),radio/television,1385.8699739385015,unknown/ no savings account,1 <= ... < 4 years,3.462903010433887,male : single,none,1.7689403201005098,if not A121 : building society savings agreement/ life insurance,40.18292875353896,none,own,1.13542598524553,skilled employee / official,1.4662251226514789,"yes, registered under the customers name ",yes
0,no checking account,23.37779255470528,existing credits paid back duly till now,domestic appliances,1278.6191050184648,... < 100 DM,.. >= 7 years,3.5911009097912103,male : single,none,-0.6182272695183921,real estate,38.10624029770333,none,rent,2.7180999962398222,skilled employee / official,0.16369858004407833,none,yes
0,0 <= ... < 200 DM,14.060298170524078,existing credits paid back duly till now,radio/television,1105.8390880436132,... < 100 DM,.. >= 7 years,2.0411800203491777,male : married/widowed,none,4.446317858910323,"if not A121/A122 : car or other, not in attribute 6",21.24059654619307,none,own,0.7602862214691982,skilled employee / official,2.7595337457632194,none,yes
0,0 <= ... < 200 DM,20.7745685507719,existing credits paid back duly till now,domestic appliances,3763.032370100727,... < 100 DM,.. >= 7 years,3.142589222790115,male : single,none,0.4051247359843999,"if not A121/A122 : car or other, not in attribute 6",24.785060918249986,none,own,1.0526120759113806,management/ self-employed/ highly qualified employee/ officer,-0.02608200093131563,none,yes
0,0 <= ... < 200 DM,34.72298355502977,critical account/ other credits existing (not at this bank),car (new),3711.1473223304865,... < 100 DM,.. >= 7 years,2.020037290866312,male : single,none,0.9521597811301798,unknown / no property,26.0379228699284,none,for free,0.13462233959349135,skilled employee / official,1.0392279277617564,none,yes
0,< 0 DM,15.069919580994826,critical account/ other credits existing (not at this bank),radio/television,3593.5301634915013,unknown/ no savings account,.. >= 7 years,-0.19911712614523025,male : single,none,0.9593991451584953,"if not A121/A122 : car or other, not in attribute 6",45.48700525080326,bank,own,2.7166310664731554,skilled employee / official,1.0528513098689487,none,yes
0,no checking account,7.923754799681232,existing credits paid back duly till now,radio/television,3195.4354583359573,... < 100 DM,.. >= 7 years,1.54387700411218,female : divorced/separated/married,none,0.5033395232771196,if not A121 : building society savings agreement/ life insurance,32.905155393071496,none,own,2.3666791787182824,skilled employee / official,3.3278053364265916,none,yes
0,< 0 DM,35.2482441521865,existing credits paid back duly till now,car (new),4453.2195665453555,500 <= ... < 1000 DM ,4 <= ... < 7 years,3.515010275738276,male : single,none,5.352593909756545,"if not A121/A122 : car or other, not in attribute 6",33.22459287598964,none,own,3.624497845956756,skilled employee / official,1.630425287980165,"yes, registered under the customers name ",yes
1,no checking account,24.39703330001549,no credits taken/ all credits paid back duly,car (new),4736.509820707776,... < 100 DM,... < 1 year ,3.8879239715294664,male : single,none,6.422447901083496,real estate,25.50046452498512,bank,own,1.2033645246957105,unskilled - resident,0.4070959856707266,"yes, registered under the customers name ",yes
0,0 <= ... < 200 DM,30.555582088650127,no credits taken/ all credits paid back duly,domestic appliances,2991.5518587715314,... < 100 DM,unemployed,1.9988802780021098,male : single,none,3.5242508806873825,"if not A121/A122 : car or other, not in attribute 6",25.356908849215703,none,own,1.5743542832792357,skilled employee / official,1.685048963650514,"yes, registered under the customers name ",yes
0,< 0 DM,10.377832299745743,existing credits paid back duly till now,car (new),2139.082840119303,... < 100 DM,.. >= 7 years,-1.2350354978986662,male : single,none,0.6795768531555899,unknown / no property,26.911692206945308,none,own,0.8464496778299619,skilled employee / official,3.138174470485208,"yes, registered under the customers name ",yes
1,>= 200 DM / salary assignments for at least 1 year,24.987405145046402,existing credits paid back duly till now,radio/television,3162.19030570351,... < 100 DM,.. >= 7 years,4.357364972155674,male : married/widowed,none,-0.2369254987260212,real estate,32.196816709096126,none,own,1.5280186796945225,skilled employee / official,-0.629636090484295,"yes, registered under the customers name ",no
1,no checking account,49.15750775802113,critical account/ other credits existing (not at this bank),radio/television,18420.952367434646,... < 100 DM,1 <= ... < 4 years,2.9445977922602284,male : divorced/separated,none,1.7558912814778984,"if not A121/A122 : car or other, not in attribute 6",32.10231033380886,none,own,1.3139651524992144,unskilled - resident,0.15751795743127328,"yes, registered under the customers name ",yes
0,0 <= ... < 200 DM,11.43630175656329,existing credits paid back duly till now,car (new),2847.383950974444,... < 100 DM,unemployed,2.5759202885453893,female : divorced/separated/married,none,1.683634576838556,real estate,30.27092885325775,none,own,1.0582643872514874,unskilled - resident,1.7631024408867062,none,yes
1,0 <= ... < 200 DM,6.529413407125722,existing credits paid back duly till now,business,14897.025348034258,... < 100 DM,1 <= ... < 4 years,2.8309542887565655,male : single,none,3.3487038736398556,real estate,67.94865714165503,none,own,1.1377536922771294,skilled employee / official,0.582911772858049,"yes, registered under the customers name ",yes
1,no checking account,25.3634287120857,existing credits paid back duly till now,car (new),2358.6827132747476,... < 100 DM,... < 1 year ,-0.019760185381463513,male : single,none,1.2213752539762284,real estate,33.281206455922906,none,own,1.4519222833936487,management/ self-employed/ highly qualified employee/ officer,0.6672433016701254,"yes, registered under the customers name ",yes
1,no checking account,22.119201572025943,critical account/ other credits existing (not at this bank),car (new),3343.5338140175304,100 <= ... < 500 DM,.. >= 7 years,4.912152395976779,male : single,none,2.3951731428154863,"if not A121/A122 : car or other, not in attribute 6",39.972792361435744,none,rent,0.7058475651544358,management/ self-employed/ highly qualified employee/ officer,-0.304232265593243,"yes, registered under the customers name ",no
0,0 <= ... < 200 DM,17.682093451371536,critical account/ other credits existing (not at this bank),car (new),1815.9062629382834,100 <= ... < 500 DM,... < 1 year ,3.278005460263288,male : single,none,2.323083257937901,if not A121 : building society savings agreement/ life insurance,27.662523596873385,none,own,1.7575032079219668,skilled employee / official,2.4039560535500124,none,yes
0,no checking account,47.132994743676576,existing credits paid back duly till now,(vacation - does not exist?),12750.026905746321,... < 100 DM,1 <= ... < 4 years,4.224289399416924,male : single,none,0.6838751280315127,"if not A121/A122 : car or other, not in attribute 6",37.82793826744721,none,for free,2.7073620136715535,skilled employee / official,-0.42260859847661925,none,yes
1,< 0 DM,9.119225861127392,existing credits paid back duly till now,car (new),1364.0784954694514,unknown/ no savings account,... < 1 year ,1.7270475712602675,male : single,none,2.898378170425738,"if not A121/A122 : car or other, not in attribute 6",22.187141986770214,none,rent,3.710546768846383,skilled employee / official,0.7997871903775009,none,yes
0,no checking account,11.428550780803263,delay in paying off in the past,domestic appliances,2003.128991100962,.. >= 1000 DM ,... < 1 year ,2.355544235117284,male : single,none,4.665833097806716,"if not A121/A122 : car or other, not in attribute 6",28.68494539096242,none,own,-0.2043669485340438,skilled employee / official,3.045830591760698,none,yes
1,no checking account,23.833842158050267,all credits at this bank paid back duly,domestic appliances,6871.944897900958,100 <= ... < 500 DM,... < 1 year ,1.3237533026363848,female : divorced/separated/married,none,1.0125137594215305,unknown / no property,53.58483322651749,none,rent,-0.25947120437605875,management/ self-employed/ highly qualified employee/ officer,0.9698151428541474,"yes, registered under the customers name ",yes
1,0 <= ... < 200 DM,13.88217488020405,existing credits paid back duly till now,(vacation - does not exist?),695.8076046695576,... < 100 DM,1 <= ... < 4 years,4.898555280142617,female : divorced/separated/married,none,2.8883575248346505,if not A121 : building society savings agreement/ life insurance,47.122559870149345,none,own,1.0428471721918502,skilled employee / official,0.020605833097230963,none,yes
0,< 0 DM,17.830280203579623,existing credits paid back duly till now,domestic appliances,1048.4168849276973,... < 100 DM,4 <= ... < 7 years,4.800719121669656,female : divorced/separated/married,none,4.790075549472231,unknown / no property,22.19598417838177,none,for free,0.8967115849614449,unskilled - resident,-0.3486756563739577,none,yes
1,no checking account,48.413792317190214,critical account/ other credits existing (not at this bank),domestic appliances,10295.982775658898,... < 100 DM,4 <= ... < 7 years,4.276819729330821,male : single,none,2.5782379309528842,if not A121 : building society savings agreement/ life insurance,39.322909230404726,none,rent,3.895780511037257,skilled employee / official,1.770000803972218,"yes, registered under the customers name ",yes
0,no checking account,29.767730670075764,delay in paying off in the past,domestic appliances,1867.8662252008585,... < 100 DM,4 <= ... < 7 years,2.6495785819446143,male : single,none,2.565777792542397,unknown / no property,59.49570672118003,none,own,1.591252942048272,management/ self-employed/ highly qualified employee/ officer,0.24297043414953357,none,yes
0,0 <= ... < 200 DM,12.075713287956834,no credits taken/ all credits paid back duly,radio/television,1344.7324278097628,.. >= 1000 DM ,... < 1 year ,3.68836056605028,male : single,none,1.2444592812594717,real estate,44.05660984904161,stores,for free,2.1720311367804683,skilled employee / official,2.205231091702978,"yes, registered under the customers name ",yes
0,0 <= ... < 200 DM,24.006016680436073,existing credits paid back duly till now,car (new),1745.280838866124,... < 100 DM,... < 1 year ,3.253883517057274,female : divorced/separated/married,none,-0.05626540829066795,"if not A121/A122 : car or other, not in attribute 6",24.68362872947972,none,own,1.528935546957899,unskilled - resident,-0.40145114772417956,none,yes
1,< 0 DM,9.448324065973159,existing credits paid back duly till now,radio/television,1669.5964078814807,unknown/ no savings account,4 <= ... < 7 years,4.869675756694491,male : single,none,2.7552517759761006,real estate,21.088688511266326,none,own,0.3079138433716305,skilled employee / official,1.8130357368876218,none,yes
0,0 <= ... < 200 DM,10.165307535547177,existing credits paid back duly till now,domestic appliances,1223.1368143376558,... < 100 DM,... < 1 year ,4.178184852817185,male : single,none,1.3513096759879177,if not A121 : building society savings agreement/ life insurance,31.731428751032343,none,own,1.7558772282473811,skilled employee / official,1.1155495231644645,none,yes
0,no checking account,13.647393997603329,existing credits paid back duly till now,business,523.2935099684594,unknown/ no savings account,... < 1 year ,5.056385586030883,female : divorced/separated/married,none,5.099183993785311,if not A121 : building society savings agreement/ life insurance,42.536301432208276,none,own,1.9799054516242032,unskilled - resident,2.189836394352477,"yes, registered under the customers name ",yes
0,0 <= ... < 200 DM,12.309620081909166,existing credits paid back duly till now,car (new),1496.6499008818737,.. >= 1000 DM ,1 <= ... < 4 years,3.2447805805829795,female : divorced/separated/married,none,1.3964868174109184,"if not A121/A122 : car or other, not in attribute 6",22.61416122538838,none,own,-0.5842163388718526,unskilled - resident,2.441076778240017,"yes, registered under the customers name ",yes
1,>= 200 DM / salary assignments for at least 1 year,30.589546886035603,delay in paying off in the past,business,1920.604229104685,100 <= ... < 500 DM,4 <= ... < 7 years,1.2604668777105208,female : divorced/separated/married,none,3.208649581873369,real estate,29.3317299946947,none,own,0.838689795277404,skilled employee / official,0.5622045016281341,none,yes
1,0 <= ... < 200 DM,7.849135490814433,all credits at this bank paid back duly,domestic appliances,744.9667052604831,100 <= ... < 500 DM,.. >= 7 years,1.2330381018699457,male : single,none,3.19972978034417,unknown / no property,28.256783781513857,none,for free,-0.12156606127765901,unskilled - resident,0.27418330526677603,none,no
0,no checking account,5.91212325758438,critical account/ other credits existing (not at this bank),radio/television,2061.83806559362,500 <= ... < 1000 DM ,4 <= ... < 7 years,5.421626978082209,male : single,none,3.4697273397350483,"if not A121/A122 : car or other, not in attribute 6",28.328940915161546,none,own,1.7641082236837744,unskilled - resident,0.4522363716531268,none,yes
1,>= 200 DM / salary assignments for at least 1 year,60.94028946488359,critical account/ other credits existing (not at this bank),domestic appliances,6287.32272581599,... < 100 DM,1 <= ... < 4 years,3.598745060680176,male : single,none,4.068100963437719,if not A121 : building society savings agreement/ life insurance,42.699673275352865,none,own,1.2453549485724165,skilled employee / official,0.807473430476742,"yes, registered under the customers name ",yes
0,>= 200 DM / salary assignments for at least 1 year,24.865968638417154,existing credits paid back duly till now,radio/television,6841.198381159232,... < 100 DM,4 <= ... < 7 years,1.2492753817348876,male : divorced/separated,none,5.480453033930686,"if not A121/A122 : car or other, not in attribute 6",45.046429185305975,none,own,2.611061200073943,unemployed/ unskilled - non-resident,1.9090351052086714,none,yes
0,< 0 DM,12.21160973279505,existing credits paid back duly till now,radio/television,3525.7253815979843,... < 100 DM,1 <= ... < 4 years,3.6426602934362338,male : single,none,3.11518088315279,"if not A121/A122 : car or other, not in attribute 6",45.370608108824285,none,own,-0.8396549898024643,skilled employee / official,1.1693022633982268,none,yes
0,< 0 DM,10.886393959567952,all credits at this bank paid back duly,business,1546.0948268597303,... < 100 DM,1 <= ... < 4 years,4.265159945488326,male : divorced/separated,none,1.6956593950820784,unknown / no property,30.478379662641842,none,own,-0.48356668605160325,unskilled - resident,-0.023085253033058972,"yes, registered under the customers name ",yes
0,>= 200 DM / salary assignments for at least 1 year,24.490766708993817,no credits taken/ all credits paid back duly,domestic appliances,927.7720844493082,100 <= ... < 500 DM,.. >= 7 years,4.024448721919787,male : divorced/separated,none,1.1621767412223503,if not A121 : building society savings agreement/ life insurance,30.735581287275295,none,rent,1.6632154402564954,skilled employee / official,0.4390709991209618,none,yes
0,no checking account,5.200306258259322,existing credits paid back duly till now,radio/television,1452.8196337912618,unknown/ no savings account,1 <= ... < 4 years,1.7065969089360262,male : single,none,1.7030254590454112,"if not A121/A122 : car or other, not in attribute 6",41.243090127234936,none,own,0.2213303583339492,unskilled - resident,2.35982566628689,none,yes
0,< 0 DM,15.289359156957111,critical account/ other credits existing (not at this bank),retraining,1844.6203235291518,... < 100 DM,1 <= ... < 4 years,3.8678987871868746,male : single,none,2.2370505418424687,"if not A121/A122 : car or other, not in attribute 6",45.8387705688192,none,rent,2.2246293575998046,skilled employee / official,1.1362583062534923,none,yes
0,no checking account,47.64430168442897,existing credits paid back duly till now,car (new),8356.197143803582,100 <= ... < 500 DM,4 <= ... < 7 years,1.227162798387466,female : divorced/separated/married,none,0.9494125985665699,if not A121 : building society savings agreement/ life insurance,31.889379546017352,none,own,0.17668285647721005,skilled employee / official,2.199554469825827,none,yes
1,< 0 DM,24.335841256933023,critical account/ other credits existing (not at this bank),radio/television,3348.2478391319323,unknown/ no savings account,.. >= 7 years,5.600047281319608,male : single,none,5.307915623779839,"if not A121/A122 : car or other, not in attribute 6",31.38505962704864,none,own,1.8433448919249784,skilled employee / official,3.9554865439637883,none,yes
0,< 0 DM,9.069405624147224,existing credits paid back duly till now,domestic appliances,2858.0908971113968,... < 100 DM,.. >= 7 years,4.422467424237227,female : divorced/separated/married,none,2.0299849680284243,real estate,38.35447895499546,none,for free,0.11141537524303735,skilled employee / official,1.7593337714584683,"yes, registered under the customers name ",yes
1,no checking account,18.38288573638505,critical account/ other credits existing (not at this bank),business,1532.1287839279742,unknown/ no savings account,.. >= 7 years,4.726029033039142,male : married/widowed,none,0.9445466251920852,if not A121 : building society savings agreement/ life insurance,42.97470573443505,none,own,2.0489037151715825,skilled employee / official,3.3825206424082257,none,yes
1,< 0 DM,20.351587174785216,no credits taken/ all credits paid back duly,car (new),3623.00096310159,500 <= ... < 1000 DM ,.. >= 7 years,3.1692701090701716,female : divorced/separated/married,none,3.9599050878955637,"if not A121/A122 : car or other, not in attribute 6",31.844201190692885,none,own,5.208160913916495,unskilled - resident,1.76677429226312,none,yes
0,no checking account,16.27653659259458,existing credits paid back duly till now,radio/television,3590.0564115671696,unknown/ no savings account,... < 1 year ,1.830323998975581,male : single,guarantor,2.273005627592653,real estate,41.12997039410756,none,own,0.7268223698788745,skilled employee / official,3.7098992559273833,none,yes
1,no checking account,36.45176860094099,critical account/ other credits existing (not at this bank),radio/television,2145.2453710089953,100 <= ... < 500 DM,1 <= ... < 4 years,2.754861892474043,male : single,none,3.383861037981873,"if not A121/A122 : car or other, not in attribute 6",23.17018161779247,none,own,2.6953771478606483,management/ self-employed/ highly qualified employee/ officer,2.8508536342912674,none,yes
1,0 <= ... < 200 DM,24.477529337266795,critical account/ other credits existing (not at this bank),domestic appliances,4111.223601703658,... < 100 DM,4 <= ... < 7 years,2.7054312453383886,female : divorced/separated/married,none,3.933807367311239,real estate,27.922561132367797,bank,own,-0.8081627135937397,skilled employee / official,1.9511651707789268,"yes, registered under the customers name ",yes
1,< 0 DM,34.83757121986007,existing credits paid back duly till now,car (new),10973.346036866364,... < 100 DM,1 <= ... < 4 years,1.483904804227234,male : single,none,1.5922692283955668,"if not A121/A122 : car or other, not in attribute 6",24.17804177043192,bank,own,2.426768922217504,skilled employee / official,1.7063801464245854,"yes, registered under the customers name ",yes
0,no checking account,11.28789795812106,critical account/ other credits existing (not at this bank),repairs,1893.2153026299416,... < 100 DM,4 <= ... < 7 years,1.871830458014188,male : single,none,4.025962113433505,real estate,30.123102110260895,none,rent,0.793227836448106,skilled employee / official,0.7947678280626326,none,no
0,0 <= ... < 200 DM,25.37054098861413,all credits at this bank paid back duly,radio/television,1229.975471087087,... < 100 DM,1 <= ... < 4 years,2.9818823884813144,female : divorced/separated/married,co-applicant,1.9971862614741704,unknown / no property,59.065024257700856,none,own,2.1297823224618435,skilled employee / official,0.9586627190360901,"yes, registered under the customers name ",no
0,>= 200 DM / salary assignments for at least 1 year,29.515969868427323,existing credits paid back duly till now,radio/television,3656.908062843518,... < 100 DM,.. >= 7 years,4.531223228592581,male : married/widowed,none,3.240132074655085,"if not A121/A122 : car or other, not in attribute 6",49.08008262462309,none,rent,1.088313723671763,skilled employee / official,0.6621626686497379,none,yes
0,0 <= ... < 200 DM,11.242920312402985,no credits taken/ all credits paid back duly,(vacation - does not exist?),1152.797303414099,unknown/ no savings account,1 <= ... < 4 years,2.1137995653402966,female : divorced/separated/married,none,4.983239969445404,real estate,34.874989875096986,bank,own,3.7805411094965002,skilled employee / official,1.6212516108950559,"yes, registered under the customers name ",yes
1,< 0 DM,27.998080146823654,critical account/ other credits existing (not at this bank),car (new),4005.713633864135,500 <= ... < 1000 DM ,1 <= ... < 4 years,3.184366707175664,male : married/widowed,none,1.3710546450672254,"if not A121/A122 : car or other, not in attribute 6",45.608890516577034,none,own,-0.448357837970381,skilled employee / official,0.2796519626406515,none,yes
0,0 <= ... < 200 DM,24.408036176881268,delay in paying off in the past,car (new),3068.4139483600243,unknown/ no savings account,1 <= ... < 4 years,5.950943482686692,male : single,none,3.1711248371997285,if not A121 : building society savings agreement/ life insurance,29.09591083385092,none,rent,2.24163726289874,management/ self-employed/ highly qualified employee/ officer,0.8088937902200901,none,yes
0,< 0 DM,7.616874398498608,delay in paying off in the past,car (used),1740.164320659382,... < 100 DM,1 <= ... < 4 years,0.7309103851401877,female : divorced/separated/married,none,3.3095256365144,unknown / no property,29.33665055833554,stores,own,1.5907496933898173,skilled employee / official,-1.3551698851783,none,yes
0,no checking account,21.13102711619342,delay in paying off in the past,retraining,2352.3595099281447,.. >= 1000 DM ,.. >= 7 years,0.9725666458162764,male : single,none,5.340254400951829,"if not A121/A122 : car or other, not in attribute 6",47.626576389791005,none,own,0.5973093225969104,skilled employee / official,2.7230898947725093,none,yes
0,< 0 DM,13.997656019309199,critical account/ other credits existing (not at this bank),car (used),3555.729106372929,... < 100 DM,4 <= ... < 7 years,3.3044355228138156,male : single,none,2.516990472161142,unknown / no property,29.254554125512726,bank,for free,2.5949368233406984,unskilled - resident,0.7795254174136816,none,yes
1,< 0 DM,23.89027254830571,no credits taken/ all credits paid back duly,radio/television,2396.763869908222,... < 100 DM,1 <= ... < 4 years,2.2637268834616644,male : divorced/separated,none,1.5448826659613326,if not A121 : building society savings agreement/ life insurance,34.5118912246614,stores,own,1.9326573471908468,skilled employee / official,1.4555804373365768,none,yes
0,no checking account,5.964389263809909,existing credits paid back duly till now,radio/television,453.2656122426087,unknown/ no savings account,1 <= ... < 4 years,3.028326745082941,male : single,none,0.7605289348836765,unknown / no property,21.350394367398337,none,for free,2.9076359704420263,unskilled - resident,2.4577866947114027,none,yes
0,>= 200 DM / salary assignments for at least 1 year,28.635258347798434,critical account/ other credits existing (not at this bank),domestic appliances,1715.4850938684972,500 <= ... < 1000 DM ,... < 1 year ,2.4000506659156553,male : single,none,0.195850038425041,"if not A121/A122 : car or other, not in attribute 6",26.125836055220834,bank,own,2.2213561293133424,skilled employee / official,1.3002934374411799,none,yes
1,< 0 DM,26.744167928659177,critical account/ other credits existing (not at this bank),car (new),2520.2383883748375,500 <= ... < 1000 DM ,... < 1 year ,5.409906217275028,female : divorced/separated/married,none,1.0052268809713552,"if not A121/A122 : car or other, not in attribute 6",22.59053444748763,none,own,1.2018542952135651,skilled employee / official,2.4443437020934313,none,yes
0,0 <= ... < 200 DM,14.257807906002563,critical account/ other credits existing (not at this bank),repairs,3567.911386054747,100 <= ... < 500 DM,.. >= 7 years,3.3183854474695664,male : single,none,0.9555835116915676,"if not A121/A122 : car or other, not in attribute 6",52.89076286639699,none,own,0.9150101990632511,unskilled - resident,-0.24173781215136692,none,yes
0,no checking account,42.92435775718744,existing credits paid back duly till now,radio/television,7165.569541666538,... < 100 DM,... < 1 year ,4.031400164778503,female : divorced/separated/married,none,3.3819455932147924,if not A121 : building society savings agreement/ life insurance,28.66743681852164,none,own,1.1210379396635743,skilled employee / official,3.397376589597702,none,yes
0,>= 200 DM / salary assignments for at least 1 year,11.034611874185256,critical account/ other credits existing (not at this bank),car (new),3939.79654403052,unknown/ no savings account,1 <= ... < 4 years,0.9675256760825449,male : single,none,0.965279009315255,if not A121 : building society savings agreement/ life insurance,40.339592623255186,none,own,3.5263031999864394,skilled employee / official,3.087110198488766,none,yes
0,no checking account,14.71720425085243,existing credits paid back duly till now,radio/television,1513.7641657561858,... < 100 DM,1 <= ... < 4 years,5.028053565399183,male : divorced/separated,none,0.436294881456851,unknown / no property,21.821896533180368,none,own,1.4375177133671149,skilled employee / official,1.209202492486641,none,yes
0,no checking account,23.893818069377424,critical account/ other credits existing (not at this bank),business,7392.693302712174,100 <= ... < 500 DM,1 <= ... < 4 years,0.9466971310088457,male : single,none,4.219402669753905,unknown / no property,41.586491401751815,none,own,1.1762926210964593,skilled employee / official,3.4250793326254456,none,yes
1,< 0 DM,24.223122018406166,existing credits paid back duly till now,business,1193.1046900298882,... < 100 DM,unemployed,0.9692561677394702,female : divorced/separated/married,none,4.234595580893437,"if not A121/A122 : car or other, not in attribute 6",29.98906462137554,none,own,1.8001204129016923,management/ self-employed/ highly qualified employee/ officer,-0.16863488598937204,"yes, registered under the customers name ",yes
1,< 0 DM,60.61681419968978,critical account/ other credits existing (not at this bank),car (new),7298.6965866829705,... < 100 DM,4 <= ... < 7 years,3.415970666777992,male : single,none,5.7007927584283165,real estate,33.26118856305666,none,for free,0.9494429641453609,skilled employee / official,0.7113851212305062,none,yes
0,0 <= ... < 200 DM,29.00028777133062,critical account/ other credits existing (not at this bank),car (new),2829.659643791979,100 <= ... < 500 DM,.. >= 7 years,4.119123929366277,male : single,none,1.3316616316452974,if not A121 : building society savings agreement/ life insurance,32.55363484497156,none,own,2.3045920856783244,management/ self-employed/ highly qualified employee/ officer,2.4442503964023796,none,yes
0,< 0 DM,22.958412367378727,critical account/ other credits existing (not at this bank),car (new),1258.7698568930552,... < 100 DM,4 <= ... < 7 years,3.3179986944140474,male : married/widowed,none,3.2961005896232707,real estate,56.379801545446085,none,own,1.0037053507974742,skilled employee / official,-0.8670601808949647,none,yes
0,no checking account,7.1046792154025304,delay in paying off in the past,radio/television,751.1068288387619,... < 100 DM,1 <= ... < 4 years,1.21574149108482,male : single,none,3.312712579274802,real estate,64.14817887787142,none,own,0.6050027287018254,management/ self-employed/ highly qualified employee/ officer,1.5604577749588049,none,yes
0,no checking account,17.58766312779527,critical account/ other credits existing (not at this bank),domestic appliances,2427.2172731582286,unknown/ no savings account,.. >= 7 years,3.8749555841401158,male : single,guarantor,1.746162438874467,"if not A121/A122 : car or other, not in attribute 6",42.561661807802736,none,for free,1.4354928343863131,unemployed/ unskilled - non-resident,1.5321761598451538,none,yes
1,no checking account,22.583157907403127,critical account/ other credits existing (not at this bank),business,2539.5750828276086,... < 100 DM,... < 1 year ,3.389901133942886,female : divorced/separated/married,none,4.744333588749676,if not A121 : building society savings agreement/ life insurance,48.126764808261036,bank,own,1.4462348461638381,management/ self-employed/ highly qualified employee/ officer,3.9692258168221626,"yes, registered under the customers name ",yes
1,0 <= ... < 200 DM,15.443812709383105,critical account/ other credits existing (not at this bank),furniture/equipment,1264.4886685244674,... < 100 DM,4 <= ... < 7 years,4.299664069614838,female : divorced/separated/married,none,2.7752291868507144,"if not A121/A122 : car or other, not in attribute 6",24.28759512664784,none,own,-0.402095996042765,skilled employee / official,-0.5829554197222364,none,yes
1,0 <= ... < 200 DM,30.463369806032688,delay in paying off in the past,business,8386.17062507854,... < 100 DM,1 <= ... < 4 years,1.9102692300883815,male : divorced/separated,none,2.32741109519754,unknown / no property,49.58658233733348,none,own,0.24962469167352097,unskilled - resident,2.609631057031633,none,yes
1,>= 200 DM / salary assignments for at least 1 year,46.46928474274329,existing credits paid back duly till now,domestic appliances,4843.439550531197,unknown/ no savings account,1 <= ... < 4 years,4.54523215169656,female : divorced/separated/married,none,1.7443602949522043,"if not A121/A122 : car or other, not in attribute 6",33.19581838788146,none,own,2.4984202756503233,skilled employee / official,0.44052925685109723,none,yes
0,< 0 DM,21.229481715463606,existing credits paid back duly till now,domestic appliances,2923.0310472004885,... < 100 DM,.. >= 7 years,0.8043776691923117,male : single,guarantor,0.642469891445465,"if not A121/A122 : car or other, not in attribute 6",26.28846062481678,none,own,0.7934007394325034,skilled employee / official,0.5529905400881452,none,yes
1,0 <= ... < 200 DM,36.73558309242837,all credits at this bank paid back duly,domestic appliances,8228.747937184597,... < 100 DM,.. >= 7 years,2.259287641534908,female : divorced/separated/married,none,0.6322461012029408,"if not A121/A122 : car or other, not in attribute 6",27.90054025543411,bank,own,1.7044116685560984,skilled employee / official,0.7779956130402068,none,yes
0,no checking account,24.374386451706265,critical account/ other credits existing (not at this bank),car (new),2027.2140233920686,unknown/ no savings account,1 <= ... < 4 years,0.6786359283547307,male : single,none,1.1940822213823084,unknown / no property,28.5612248727598,none,rent,-0.4787565179008344,unskilled - resident,-0.08785203746692516,none,yes
0,no checking account,15.631981483761395,delay in paying off in the past,car (new),1432.7101243845252,... < 100 DM,4 <= ... < 7 years,3.5529274081321356,male : single,none,2.377992476098312,if not A121 : building society savings agreement/ life insurance,25.419497272309716,stores,rent,2.568311308965879,unskilled - resident,1.4035223474539225,none,yes
0,0 <= ... < 200 DM,40.59573090190925,all credits at this bank paid back duly,car (new),6289.198381160626,500 <= ... < 1000 DM ,1 <= ... < 4 years,2.210534670789247,male : married/widowed,none,-0.12397176242943408,"if not A121/A122 : car or other, not in attribute 6",33.38995994419775,none,own,1.8386472956308864,skilled employee / official,-0.11233191478135551,"yes, registered under the customers name ",yes
0,0 <= ... < 200 DM,13.331040154996195,critical account/ other credits existing (not at this bank),radio/television,1408.2327829314693,100 <= ... < 500 DM,4 <= ... < 7 years,3.586003830959867,male : divorced/separated,none,4.439923966687664,real estate,64.27563678232907,none,own,0.5185599771094913,skilled employee / official,1.7402843336529155,none,yes
0,< 0 DM,23.697380240529554,existing credits paid back duly till now,radio/television,6578.1937181793155,... < 100 DM,.. >= 7 years,4.2219827776762715,male : single,co-applicant,3.19662786898701,real estate,28.505423117838394,none,rent,1.1809599574211318,management/ self-employed/ highly qualified employee/ officer,0.3370339530302465,"yes, registered under the customers name ",yes
0,no checking account,23.517209841275356,existing credits paid back duly till now,car (used),1741.639756562408,... < 100 DM,.. >= 7 years,5.383720361192999,male : single,guarantor,1.09193756767085,real estate,48.827252651140505,bank,own,1.5041747461879722,skilled employee / official,-0.21303380584864762,none,yes
0,no checking account,12.870555609419727,critical account/ other credits existing (not at this bank),domestic appliances,3565.390725026089,... < 100 DM,unemployed,2.64072911020292,female : divorced/separated/married,none,1.283441435744637,"if not A121/A122 : car or other, not in attribute 6",35.439632526056904,none,own,-0.12387491988835597,skilled employee / official,1.4721908536401056,"yes, registered under the customers name ",yes
0,0 <= ... < 200 DM,16.47927451067423,existing credits paid back duly till now,furniture/equipment,1569.545323261967,... < 100 DM,.. >= 7 years,5.627401339464686,male : single,none,2.9658888604702898,"if not A121/A122 : car or other, not in attribute 6",33.934171211326074,none,own,1.9222479411719373,skilled employee / official,2.3367071917563056,none,yes
0,no checking account,19.79437005460036,existing credits paid back duly till now,radio/television,1936.2316604442365,... < 100 DM,.. >= 7 years,1.9409577826949447,female : divorced/separated/married,none,3.6950778290608377,real estate,22.43612532344754,none,own,2.243017561348193,management/ self-employed/ highly qualified employee/ officer,0.7226467380689806,"yes, registered under the customers name ",yes
0,no checking account,37.314807871505906,all credits at this bank paid back duly,car (new),3959.9651704927287,unknown/ no savings account,1 <= ... < 4 years,6.390222710651804,male : single,none,2.3096704208222243,real estate,29.32270205793297,none,own,0.6860575452521482,skilled employee / official,1.0342101183327983,"yes, registered under the customers name ",yes
0,no checking account,11.890265818369816,critical account/ other credits existing (not at this bank),car (used),2390.0878676370808,... < 100 DM,4 <= ... < 7 years,3.514603797085877,male : single,none,3.6018956486064413,"if not A121/A122 : car or other, not in attribute 6",50.428747787453545,bank,own,0.033814627927562624,skilled employee / official,1.6962074618360838,none,yes
0,no checking account,12.352720163026342,existing credits paid back duly till now,domestic appliances,1736.3920109373657,... < 100 DM,... < 1 year ,2.233538165802331,female : divorced/separated/married,none,3.3212118261578216,"if not A121/A122 : car or other, not in attribute 6",32.07747854271968,none,own,-0.469857516107135,unskilled - resident,2.0824214516169484,none,yes
0,no checking account,30.766822871784242,existing credits paid back duly till now,domestic appliances,3857.3038374256375,500 <= ... < 1000 DM ,1 <= ... < 4 years,2.789947150310966,male : single,none,5.011660413706647,real estate,39.656744238163135,none,rent,1.2238927070680576,skilled employee / official,0.6899046914105691,none,yes
0,0 <= ... < 200 DM,12.121177949299462,existing credits paid back duly till now,domestic appliances,803.9084599805818,... < 100 DM,4 <= ... < 7 years,6.331024671558071,male : divorced/separated,guarantor,3.754279226337801,unknown / no property,38.78068108992578,none,own,2.613440960225359,skilled employee / official,-0.04422201557615857,"yes, registered under the customers name ",yes
1,0 <= ... < 200 DM,45.130764187911545,existing credits paid back duly till now,domestic appliances,1844.4691781718705,... < 100 DM,unemployed,4.819447572617897,male : single,none,3.350396290405169,"if not A121/A122 : car or other, not in attribute 6",23.0497406654446,stores,own,1.2031664767410382,skilled employee / official,1.0760944789225162,"yes, registered under the customers name ",yes
0,< 0 DM,45.82375313187618,all credits at this bank paid back duly,car (used),4578.214152615792,... < 100 DM,4 <= ... < 7 years,2.6658792666196915,male : single,none,2.746694737654837,if not A121 : building society savings agreement/ life insurance,26.10726779076199,none,own,-0.38276160609282606,skilled employee / official,1.4706495861040718,"yes, registered under the customers name ",yes
