CRIM,ZN,INDUS,CHAS,NOX,RM,AGE,DIS,RAD,TAX,PTRATIO,B,LSTAT,HousingClas
0.31103707975443134,20.420415012247403,1.809255256243084,-0.3151743898852239,-0.795474318734201,7.723256424515989,65.33911173976159,3.9359666834241334,0.8229864139235631,297.78103845924227,14.251572357465475,398.24111561168127,5.775459874870404,1
-1.0126741062404956,0.4348842714636474,5.414904656814817,-1.9345307357131178,-1.0028123513241858,6.9631952857242565,78.80411639743403,5.371645193086157,2.0610148554142054,243.6235871779729,18.60179590990045,395.6871093654581,9.430050091663755,1
0.7777411958064573,-0.5595722860494895,6.024956290413698,-1.268013916843997,1.0341533788097694,7.429681925487349,60.2651488472285,4.700702924807492,2.889413456524525,242.35971149890412,16.82361479223374,392.7056671791511,4.109496063091449,1
0.9729347163912139,0.46508020950030626,1.1589548393216782,-2.7496760196305754,-2.1438883150516888,7.143514805335595,45.72800140756021,5.41314024695872,2.900788264773949,222.4623856588503,18.481766555452825,394.825932064444,0.3472834845977313,1
-1.8819851886538363,-1.5609583529944429,2.2321733186575337,-0.23412553728291255,0.66341052696126,6.972031963285822,55.45970585288041,7.667683382793964,3.3991032052982533,222.79149893208483,18.404719527279948,397.76457845128584,,1
-1.2723295068623182,-0.29732336269763543,1.906149494453763,-0.18838412726438336,-0.020083057753824463,7.475640120209265,58.58097149339988,7.111152866361442,2.4583996985660788,220.74301632463064,19.058103612659217,393.77639890559965,4.315727995846444,1
0.21613040316728538,12.599477473015739,7.5331680323594075,,1.8322466068799101,5.146657167898166,65.71019601065159,4.7996352549518235,5.572095723598482,311.644148337152,13.080896059782667,394.0361853086781,14.481812755938957,1
-0.1716925923435822,12.413899348178951,8.489701965482478,1.0788790390297387,0.030531790846124285,4.55007487316979,95.60775291123461,6.518944305594613,5.375730297612357,310.26592653185645,16.090909814929457,397.5211975594529,17.700758519348682,1
0.19443884249571122,13.29080612169008,8.209875361192704,1.1985198365166936,1.183484214251896,6.245440122892475,100.20085029727593,5.3394211452988465,5.86581700317982,311.31847806679656,14.523009652387834,387.75479596517124,29.117598841443463,0
-0.6830039275735801,12.844645226236052,8.186047870644286,,0.1270861587622084,6.635238328067147,85.52648600281915,5.407415356337676,5.713460462444488,310.7725323723927,16.419963294777055,386.6274085382548,14.897150617490372,0
1.1042879748628285,13.168326018107997,8.279828457328692,-2.134693667476856,0.6377481534861434,6.857241152511767,94.78530328306314,7.380509441398976,5.5887356228811464,311.5012083271142,14.721835075483845,392.9252400913064,20.812124975942698,0
0.8952619354289483,11.811627717769241,8.486134668002238,0.6172815804922585,1.2608365309200513,6.416728369618039,83.42284376074903,4.522600374352594,4.90158259134222,311.11810346500647,15.151156414265989,396.4255087705729,12.168743179188768,0
0.15981069756121605,13.397815408410548,5.762046658222557,0.5553602285085755,0.061444283675419875,5.568459621662452,39.88898318040465,6.377755913576541,5.244939227044468,307.9269697291787,17.113786040068423,389.6542272052741,14.636999845901647,1
1.7570012069680327,1.6289369476239914,7.775561747735539,0.309391570156945,1.534554884498404,6.736482704385525,63.22355947226503,4.454777687426941,5.063508928451526,307.1788917117052,20.72266179120633,397.9264256805472,6.887485782825602,0
1.1054693422520456,-0.9701495196514126,5.959789935510527,,-0.45569787710648313,6.050441873245459,85.49585872437235,4.250353396919471,3.3479254305972055,307.6421529522993,22.23884988467346,380.40749584781446,11.037355062737863,0
-0.23190246288323824,-0.8876956557145598,8.176059926797796,-1.16482809646104,0.8325928425583791,5.346886439184821,55.56576093585204,4.908351219623289,3.3715922213031346,307.44592834833844,21.03904508556456,396.1103685994019,9.181463651567547,0
1.4226807840824989,1.3357843363202329,8.135367027775656,2.008755386185139,1.4606397227878527,5.623108687744599,28.396465553423727,5.079798811994252,4.181431397950362,306.8974140537914,21.41541883029349,388.35211514799465,8.392033891078786,1
-0.1746826008289989,-0.19134398669506028,9.185532274789681,-0.959427753141868,1.198037491790335,8.010639698775833,81.62422852354018,3.431556823171092,4.415279690265454,308.6421616919304,21.069958589411375,385.69515766568145,13.984293378927026,0
1.6811603013072727,1.403821392066557,9.327634392721121,0.7492229272008546,2.45444487673541,3.7210239179545677,36.14882464276059,4.514225608750063,3.1758935007359956,307.31137312912165,21.847851626300123,288.4379737318406,11.9088193710468,0
0.6758740890137471,-0.4425357118921839,8.342775048252367,-1.6873476944133516,-0.22543931731066047,6.2267881042957995,68.36167327303906,3.909870538025223,3.9252374365866918,307.4376733001931,20.31446838714695,391.1079333488347,9.990664802598047,0
1.0669276364547393,1.4550455762707113,7.639638922603101,-0.9302646872700508,-0.8411492513485879,3.890889572376283,97.658308205827,2.5418452071319617,3.9060012257712153,308.04449189405057,20.015951476980813,376.0056867622387,20.68496097726468,0
0.17111045559605864,0.13148581680545218,8.625161112545738,1.5163686467253361,-0.4563351084951194,5.856766661677026,88.72548706638096,3.8424255164202608,1.7847198843965293,307.3625929996966,20.361423809622977,393.3131365352724,13.311154686718822,0
2.45501133867403,0.2582288233226952,7.612082362675687,-0.2608998230008499,1.198442566548437,5.708372514845813,91.0281522602388,5.358179015558926,3.78040601074124,306.1019822465858,21.09971037632409,396.712600779096,19.18444995749542,0
0.8339005179311979,1.5647180216699044,8.138607348556652,0.8399226051327979,1.0359229342693785,3.727971703320122,99.68421051384499,5.771794798245697,3.842682167151534,304.5616625862204,20.77918121444967,393.54746719250284,20.89702180641819,0
0.3219321778368928,-0.36177047744417123,9.126136316960768,0.2369553887192461,0.6402566596474158,6.313037590433764,95.27845085031832,5.116948457608678,3.8397070571769807,306.5228790979819,21.710274876471175,394.39577167518763,17.2910666908315,0
0.48840644951177037,-0.9411220959249583,7.582228654010577,-0.10495815600017268,-0.5849570491071299,5.218961937807804,85.89923804124925,3.26425651183163,5.415914274577268,307.76094552588114,22.30473169982152,303.5903387708068,15.667187727782391,0
1.2042191855533488,-0.44856420802835434,8.945678639242502,1.3638503249326897,1.3048672933290608,3.713793657438756,92.77180907605546,5.172606902455889,2.7842017014911247,306.6469036685822,20.024161662764993,377.81468206289634,15.808467904623,0
1.3212140643640784,0.4523339506431387,8.817401368692304,-0.23665882465190033,-0.6867047776505404,6.886568090774252,88.97050818601964,5.304260903859193,3.1753774287953873,307.80117837228175,20.266051208386067,306.7731409031474,17.235914862892205,0
1.1857226115959882,-1.5657590721805144,7.185208182869179,-1.7807381075634705,1.6969495823768999,7.930006177988935,94.10993422606275,5.180407983318722,1.387804201680666,307.14872817592027,19.563760581687145,388.4011463913598,12.475403104102986,0
1.4332710030078828,0.6374709026511215,9.113894128217401,-0.8032400919517051,3.395438423139865,8.164124342296573,87.30413288265487,5.023954288687918,3.519083333825859,308.2880660702622,23.030372990759105,380.5502916840072,11.271488513181081,0
3.272457600870461,-0.5387713176177432,8.838566345371506,0.5511917287016942,0.9044511465715506,6.071956440651471,94.35649197844353,4.596263079247531,3.604356445873999,306.7047832928793,21.304669499121825,359.98177747870807,22.040064205638448,0
0.9483049836153843,1.1478126607335635,8.241925887372657,0.39550910636250813,1.1211081356577433,6.118058138577116,100.43525395717106,4.102587661169456,3.490022823665744,307.4676148265677,21.47980232005158,376.0137808848888,14.782313846196232,0
0.8757472709284627,-2.3942603049004716,7.377676541972348,-1.5670582502354382,0.04514023110444065,7.278156620895797,84.07671132585902,3.3816325040959816,5.10767733948376,307.50588506453533,19.659791614968952,232.88883835165936,28.017410766494024,0
0.33794727175212236,-0.7865657751041687,7.280793981424431,-0.724342519408201,-1.2722133210868163,7.383383585340098,94.15467953502242,1.8892644814985036,4.860617522336963,308.50160187263117,20.998830010993125,358.4368752341163,18.524611847501205,0
2.2287994225754955,-1.686468151234102,7.602337423096978,-0.5817213492022466,-0.0647193630302223,7.229568702875625,97.75904605817774,4.09944176671335,4.0778567242673045,305.2933626936657,21.509247984413086,249.99982262044102,20.077753141463052,0
1.1931422927208917,-0.8262294663639526,6.50259446329196,-0.365469594114225,-0.5938952410987494,4.991462397770198,68.40775059761413,3.5463528436521887,4.629386946460138,278.54159172544684,18.947242309465576,398.2421822947732,,0
-0.016507457654875074,0.24766590110894313,,-1.3759135886015514,-0.9480045764150157,6.042344853214922,59.828902257429384,3.935475842824816,6.026189668106864,279.8485161053885,20.275705624826394,378.1928391323516,12.715010488846424,0
-0.760016476962528,-0.1792266254497549,6.39751224861987,-0.6283711081194786,2.221359941995649,6.2895161442914285,42.27069878209476,2.5966563067071062,4.980242140164148,280.54589647977866,21.51183112564283,397.27846693929297,8.048937885201207,0
-0.6494312156912395,-0.25337756894801494,4.718244471121608,-0.7286104852595274,0.771862518025773,4.156383031082771,31.467623560803904,4.492316689315061,4.181729961081542,279.2400715126421,18.252937172906048,393.34204094901884,9.856384945295376,1
0.6782227878247011,74.84081512861994,2.7459314155611514,0.7715332597619193,0.8076875806139836,7.064360659620774,20.94282359622257,7.455645094620777,1.2837513225154484,251.70729583557852,17.277912754023305,394.36887626865285,4.10575545662909,1
0.7768441712034423,75.20338824061994,3.0596477545740086,0.8091213109902438,0.11897763480375045,9.29699182597939,15.79106613210803,5.479550130777911,2.558685506104317,252.75711836867444,17.422243934471425,395.40382777667804,2.1258719782825994,1
0.670594268305195,-1.0085360419431078,9.355130145058917,-0.145810458088816,0.27512891755656366,7.409936165800791,1.1746457379922963,5.6592346807934595,3.7546436171726087,233.86870267523167,19.50619916001649,385.51140003340527,4.138774007368564,1
-0.5240097072886943,0.7068496408990508,5.532684344479633,-0.3920397958707315,1.4125506822393334,7.642413081441756,5.341193540315663,6.029902356085701,5.27653868954309,232.6403383213327,18.942355317029683,383.59945647444465,6.248816523361696,1
0.3915213230667198,0.6626659703854839,8.382014566490133,,0.41566288130478457,6.393914730128706,7.548029577617252,7.753237024710338,3.061610346189476,233.33030731217755,17.76447218220635,394.9295363670158,8.892088132039316,1
0.2393758091407282,0.385037937656101,7.05984241398728,-0.8165751074555749,0.9786939380247328,5.995781676016178,39.533583493992566,4.697252238300109,2.234644484879696,234.18052726241197,17.93655966440087,390.3113301978777,8.236371890995837,0
0.39010859672901294,0.5565334427512632,7.321171918015963,-1.146832082167441,0.2519957021549841,6.063271390080976,32.69119702506196,5.303606933393905,1.815034791715786,234.89045899327445,17.083456373803276,396.2078459283071,9.081853262907934,0
1.0597887779481898,0.2964180008086595,7.028347913388204,-0.9402212089257169,0.10584710926795282,4.970173352015567,33.52946036445843,4.300742577702356,3.551954896305599,233.74260495923528,18.790027157743182,396.216924392791,13.666841444702694,0
0.45286554877468227,2.0350733027310675,,-0.6348131639714567,-0.958914165601862,5.066224812765611,84.97758756856898,5.142395279155005,1.2353839476157316,233.0441388966656,17.520098175891444,394.19085667974315,18.363204439892172,0
0.9327835630718948,-0.0870941710525099,6.756314895637982,-1.163473799792271,-1.5297490623671282,6.665304557169366,94.82917834222447,5.82040969211806,3.550345101404888,232.9459248239621,17.639923460545,397.6709815891931,32.80846587474593,0
0.28734906948889144,-0.30708321833457675,8.364050181457458,0.16205955906287475,0.1864380989335982,6.974342342866518,62.739326025674906,7.435023241613559,3.8177116062629124,233.5573965571936,18.508789771529255,396.50922905786666,17.201709220014838,0
0.37784939868998413,20.246472419642622,5.183528855775277,0.7297156737837084,0.4954966919932327,4.97189368441265,44.538266641065654,8.615690600688737,4.436279453232864,242.88432715752054,16.61200506191678,395.45278883104777,14.394322352118264,0
0.6746582258385404,19.967737329422164,,-1.5870983007982418,-0.8471300367087908,7.082998804553864,62.09463478731817,7.262842144626706,3.7803383280614424,243.18964049902237,16.565034006502156,393.86728605332513,9.165634306486599,0
-1.4035558198556664,19.755528212398925,4.995632879786977,0.02512871121603335,0.40452513496536713,6.424040024393979,21.25407999214887,6.438105276976515,4.564940653546815,241.94212373546912,16.810575205529076,396.93157412228135,4.993686593213186,1
,20.111202686769083,5.579748153598713,-0.21993579526633558,0.492752562990502,6.337808574490431,22.369409790748204,9.307438866638519,4.1709383711283,244.29705719649115,17.595355413793076,397.3726830922386,6.978294586234601,1
-0.4567726542927955,74.92931961834793,2.928037447709781,0.3415086855368029,-1.7460080060593792,6.348218639435063,48.83816030148985,6.89214551867048,2.221876158139408,467.85981527285134,22.746493075483833,399.4349927460998,15.581740228047819,0
-0.625767848243342,90.33429512849771,1.6750237203475198,-0.012938768103588062,-0.5121246594795011,8.243350468124317,21.234938279638374,8.125464085640262,6.850412322375026,225.567888239547,18.485486232246082,396.11975656116266,5.301054604808785,1
-0.2545922512266837,85.05114205855216,2.1851259569265338,-1.4535992799316308,0.8172638937354685,6.465718201863189,36.63737696691965,7.412656955421273,1.6483206203894838,313.0975932608518,18.103314223624267,397.56259815042523,7.055997364678284,1
1.509261311234396,99.23446472257028,1.242643820179146,-1.2623892988571654,0.7980587293957438,8.226161995301936,39.71585770652959,9.720891569244744,5.775752300449909,257.9909868798886,14.900145937898875,391.2135232938098,3.7391702866438328,1
-0.7113811156932432,25.900184564019963,4.93311430129609,0.029423575584972723,-0.7006749163997605,6.454412839759924,31.0262093469068,8.783045592371295,5.581385717304285,283.5773170151477,18.99220213683128,390.1951000072212,6.718220853799603,1
1.0715583545914809,25.739412672300947,4.015383036932073,1.0287809197455093,0.6114480504997349,6.551184272469532,46.06622897458028,9.349805536116445,9.276470882780929,283.33398418603963,20.353986232235115,398.1288150027166,9.390045528560636,0
-1.5335497716158049,24.840351692577983,4.900707346447692,-2.214187371043003,1.4754072253604722,4.907737408462753,67.52847881079174,5.835876647781873,9.468763744654582,283.4491830826662,19.87124082460057,395.51231539135665,14.041897575507097,0
-0.16317502998577485,24.34708385533529,3.5372057402784725,0.34572657980157995,1.2300729589908983,8.124659010704834,92.74351389318129,8.27667080747911,8.029833787126638,285.6588971676113,18.27737135125025,373.69088541513514,12.96978437790252,0
0.2730230651050056,25.5484279208298,4.217122013281172,1.1896220052876432,0.3577142129860654,6.925824923204967,69.8132464547946,7.295635518366128,8.558771034737758,281.187653006494,19.3719303765744,397.5740232023162,7.466056133738375,1
0.7127223313592781,25.187973587486105,5.356786046109136,-0.1530258762062131,-0.01497631332429239,7.474997425345099,43.991320728852486,8.787000216800136,8.558515181607563,282.9972619878514,19.617102976518446,397.49816439462876,9.479504437827169,1
0.730736579792855,16.05187274058495,2.699013197741396,0.5502024960264408,-0.21324448433450438,5.495814188788459,58.48398347059178,7.575122858895528,2.3572164303592755,218.73128870915954,18.089542132971523,391.2440924138802,6.991362732046304,1
0.8291872351999252,79.93201974401559,6.179210861229503,-0.7030690808978022,0.8658197829096571,5.467297976920899,17.277761520457496,8.079581822665297,4.54712230543934,337.5908820734916,17.581735594542128,398.4193876756455,2.5853942473459335,1
-0.3049350722484376,80.26203581207439,2.783414914929099,-0.11936619927687682,0.593103973142888,7.024883687918731,31.881181205223744,7.398016751331831,3.1913695301274445,335.89401505066076,16.579839036902218,394.12804436937404,10.103526288121646,0
-0.40446179266456717,11.600305213512247,7.50530015664544,-1.6209135183081516,1.0384040061022004,6.164891118292605,22.45264441761556,6.459089965213782,3.391243076354674,344.95808201782523,20.273174917888646,397.1479989450534,9.547712983274069,1
0.9935158812571538,12.689843392837442,6.313752480401648,-2.344343308418874,0.5408738131211519,3.6802202651710743,36.72928440827553,7.143112687661121,5.126943143212299,345.06745456606785,19.163425261652158,396.89135137398773,14.764684666741395,0
-0.0631443248816149,11.04517751474221,5.918752353253624,0.9427658012252752,1.2277639503474418,6.923289928983818,33.04465828096347,5.732504698957751,4.9746576907002025,345.8461252459056,18.981387836425075,394.55002878475534,9.145376210670095,0
-1.1874263233379219,1.3361861000121709,11.242594451726152,-0.9849949277244419,0.5075925329577001,5.8732171956472765,7.358353032644065,4.707859914418301,3.2936244978842075,306.83950200282254,18.26340218238975,384.1761378272398,8.682005663842247,1
-0.9745272140034806,1.2479499850594318,10.871916483679959,-0.4555278450034305,1.1976887161316865,7.372316985876712,17.63179842701082,4.823855386374603,3.2664236564989593,305.38855168127924,19.211929533196567,378.09083974915205,9.837058917043256,1
-0.8278122860016113,-0.25251733430296475,10.920395725612218,-1.3864422532701932,1.283822770366639,5.977164321396301,6.506495140661624,3.434572138309722,3.354403397542328,304.460211696987,19.21305392567544,391.2738870038216,6.473303551642781,1
0.692550744053764,0.36345433783907316,10.401666837173332,-1.4099697030838758,-0.39152663022481354,6.44970668602053,5.387025975359819,6.149058494203367,4.73263956646549,305.7870844420982,17.832886115965767,377.75482763705963,,1
0.22138573607056525,-2.409921965799875,11.43189034020115,-0.17383770009461635,-1.3711440468707459,7.451954578591648,,5.443093614182566,4.000015219189603,397.3017473031371,18.160472530229605,394.50832388766094,6.265401160715852,1
0.7856053540677682,-1.1563476602653329,11.286374797477919,-0.7295771941356465,1.9804928560145534,5.388507029145337,46.21548241649769,3.8012558502361586,5.356712639035953,396.96666250401097,18.37671740148364,381.368610244779,8.262490883119364,1
-0.32572264633653425,-0.2937789201521298,13.483244883281227,0.37797099799469847,0.6936587307122617,5.2861531921660605,76.11598242416204,4.400403015944819,5.7468468106342945,396.24009112804356,19.11347954405572,374.3518640223371,9.909471052875688,0
0.2456096910767142,-1.0721330214268592,12.553299909914287,0.4525384189795919,-1.2774858954961215,5.943501579601892,46.57952942077145,3.824959525370763,4.9117545497069,396.4348716054996,19.161350111985705,388.70975391944626,11.557092259946911,0
0.6820503939673367,0.7143964826306588,12.233911100343834,0.32084964632460716,-0.2768194972187111,7.059172799621223,53.98729076103637,5.34237396208103,6.010063696864927,397.1035548438757,18.118681518034794,387.52958085422745,11.698367560861984,0
-0.2254765397202384,1.997296530747994,12.838505626723153,0.2386007909284437,1.2088742923698284,4.543122747386509,37.34881388598248,3.8750227587889707,4.695689830510208,396.82221023229914,19.168869602541886,394.07212417039864,,0
0.49790523755741145,23.823385280570697,5.654932252915628,1.5777682049318862,0.146323168867107,5.058965400110903,32.83324914979315,4.517274843912364,3.7861443990060857,281.3132365273747,18.817921070651483,395.38510559278905,4.110028318387324,1
-0.6173059410666513,24.16253659591481,5.0403639430263985,-1.067593769044886,-0.08606141931912709,7.442720927043792,70.24676903974179,6.452774886023742,3.0227537688681436,279.80059817417595,16.130379975145043,394.78403225820267,7.015640563463717,1
-0.32646384656507177,25.23544836830993,4.203945063359033,-0.05493486620291775,1.8268818603129666,5.699021687432996,31.375869278660527,5.336829414875507,5.017177347620205,277.85633369797523,18.515297968048458,395.3070245487198,8.483492310559743,1
-0.3462278939983291,26.611116148499622,6.0862929556489505,1.1326898205195888,-0.6212871463838106,5.774773987079716,45.451257389292294,7.422808950853476,3.2334795530211298,279.95608822541055,20.078988640142377,390.68418991955605,9.603778850822717,1
-1.1452496455890397,-1.2223743125399031,6.069185502981632,1.2645398093380364,-0.34915335775483386,4.532189598059834,48.33354901163621,4.8257099647941395,3.3497718177150593,246.52814035227857,16.81819424337232,397.2934158051805,7.9591331241979155,1
0.5443224807855818,0.24903612230694197,4.984556655322853,-1.4217636493445729,0.6603864750482675,5.951020685648018,56.28551330658475,3.511621959649508,2.928683932874065,246.39455051212803,18.61269120041554,390.8697467167576,6.175552004023718,1
-0.4175223402027239,1.8212988508131087,5.46366351134409,-0.3123554416558699,0.8394549320538822,6.007432703368849,45.78765248450902,5.654140876435939,1.9472169368883374,248.51952467930917,20.085261214185287,396.7671284592755,11.8256422299063,1
0.08400411872768743,-1.6517591481792673,5.731959996813812,1.3581210958672605,0.9453430343407315,7.051377857622892,57.34611183089245,4.3784001641460195,2.3908968561766795,246.38645744071084,17.73938704698952,395.75110394402,,1
0.5373466589059089,-1.281069206845832,4.540099316404514,0.5080791051990653,1.4002380445689468,6.235769833765361,86.54264427132387,4.148572863696423,3.3828722390407338,270.8809234631992,17.802149080427686,396.35184087515626,5.7865935472939265,1
0.4995511760299441,-0.42360660646083825,4.024099177112624,0.19526303147977275,0.6875786206815169,8.736376120232496,63.656616665677554,4.6051006788679185,2.2016575426344804,269.98101740031916,16.49598374277208,395.88747801401604,5.063430672620165,1
0.7122251089727862,-0.520588412855411,4.008347047074883,-0.21768469343465674,0.9783839389384091,5.732443975820199,66.05731690377252,2.4395037061542055,0.9908496586331581,269.9576952743274,19.427231141663572,390.230198824347,8.882573080591019,1
-0.05916548450942361,0.8126012877536446,3.929660573346503,-0.38380092570774543,0.22979074068491678,5.721908198414826,74.31289139522241,2.964846691014712,2.3053282873486918,269.16461971115194,17.716667373003386,393.21773784371294,7.722581378592291,1
-0.38126831204415373,,13.942662325452956,0.2882190630903242,0.5266983032367143,7.979357551897802,52.87385559731364,3.494450168512207,3.853885968405455,269.94121734841923,18.24662684279402,395.0173849741303,9.774246094374897,1
-0.05096821090639905,26.225037940357872,15.740723156859584,-0.25237412498448336,0.5715341800536344,6.422460152363917,29.26970592563913,2.3751534630843816,7.454046402244181,269.2349038731026,19.554300465505623,396.49874759522817,6.756959515016038,1
-1.6443944339580299,28.515410402900812,13.684186028873444,-0.04257862104444418,0.6790981358190361,5.696975270988423,77.96841768528601,3.351409849841757,4.285123841342273,270.1700243142546,18.86147839464548,397.27887691202017,11.259823420916439,0
-1.3250724724230873,-0.5775388873556505,2.0954005448749453,0.07859870611503737,1.2175398075827608,6.469866868819406,57.130318571927795,4.831579457876824,1.6193751529336355,275.7637503673763,17.12437126750326,358.2242417432306,3.983082521967103,1
-1.2076596123544023,1.274447216941239,4.193565067808088,-0.6780715284934992,1.000145681944831,7.516073577542059,69.65183209899284,3.732538103793847,3.4200279177871042,275.0553720668084,17.352722075912684,391.56565630273434,11.273211321171189,1
-0.8764168276014818,-0.6275875364369197,3.7302201626941978,0.5321293738814383,0.4892170029001831,9.535202819625683,75.37639749037064,2.1491386721550123,0.15896383270715453,276.9918943397006,18.4949313045233,397.18619494255427,6.293210959059034,1
0.4816442267234366,-0.6366152831022357,4.377398289685862,2.9142446484154196,-0.3641259849410398,7.003206820729744,36.37349330348388,1.939360588335065,2.0943201563810976,276.42684048002144,17.37587894493706,394.5320319933102,4.896129070036684,1
-0.8368790553600608,0.5411316108045314,2.618325616312708,-1.7769866393260751,0.5126712580627095,7.373566189920892,61.375070644897846,5.1599760587482715,3.9944284946810726,275.55193726585776,15.882756687879473,396.8045019266903,4.3429104140796975,1
-0.2295025540393897,0.7629264823369366,7.407751158723233,0.3240125241899799,0.4919822151042561,6.817156827667573,81.16577492516656,2.68748098974487,4.883800715640246,384.1454930470353,20.84675920136092,395.0775948908317,9.106574167316406,1
1.4135482977860654,0.4480993639362036,8.319562802929658,-0.7601900886189056,0.7131815798131984,5.7947598894834025,72.36568517472004,2.2086897942983827,3.266698955351921,383.916177478498,19.41978733887519,395.39382893733585,6.468480534081278,1
-0.12750397106142594,-1.6855973173848082,8.662031297240574,0.57740257751925,2.726525307140402,6.349314947350006,85.93743385422734,2.440708235102997,4.6040820355894025,383.1324090627367,22.516281753563725,70.15324108352043,12.34110156036287,0
0.9491255684670865,0.5380344399282511,8.63898871634001,0.04655747332786092,-0.0037727785412353665,6.1423228604517,,1.237392245682668,6.454518040959037,384.07049622902116,21.07678763776315,394.99287966691764,13.684278282275908,0
-0.794017680009877,-1.034308051674399,9.693680478756702,0.7618547740424635,0.9422890191253596,7.307209478936736,89.81075430343161,3.8440951495116193,5.376069596320771,383.3789882451926,19.994824943256422,392.1347740558298,11.562204440268564,0
-0.07281755786763003,0.2352761115882635,8.198729574996555,1.1755065765087795,1.5884620672442982,7.058425028311201,99.73176241511064,1.7138470624139703,4.161143890487482,383.0550661643799,20.201367585337543,394.4361469009922,16.504157943540786,0
-0.7788220549105812,-1.4237344353990602,8.912034471802924,0.19242111776818133,0.6180019140993829,5.506790601640993,91.67247058463678,3.578401527738422,4.314757192820976,382.3772326697335,19.01060241212608,395.6982553715101,16.052634470931515,0
-0.20786307590056247,0.44632214754306365,7.571372850565394,1.1320522884141782,2.857845119172165,5.9130468561391885,85.45519335175602,2.174051714447315,4.440299728850187,383.6413926464614,19.800538113219496,387.38606532347984,13.005038696543423,0
0.9683281374573955,-0.8065989043073726,9.010317278043814,-2.3442978937886774,0.1419607082685233,7.1382923020556355,96.70222208605979,3.86243197456844,5.361197884053996,384.5669706595837,21.9163232025407,394.9118571678533,12.306443725826309,0
-1.4636904231923487,-1.2826346502605217,8.563108550185637,1.5904522979160232,0.8440892223200471,5.6438115510729885,91.5723255600603,2.8017944990430856,6.338196132938653,383.3053406466211,23.13178614549239,390.72187900758433,16.395675368453322,0
0.5423536435458574,0.7138201364823995,7.810186661715483,0.3750621518923401,-0.27880574489298193,6.783640151737403,55.235614927886246,3.631032662869076,6.052423012799171,386.520708692158,21.62639651319896,391.844198827911,11.05868587940266,1
0.3385756023322779,0.2416445216767513,9.774170637825147,1.0778433557451819,0.1954752648567069,6.627093512630785,81.4860836069469,3.396593046088337,6.456012182109128,432.88568565365273,17.70795746137897,395.9728950951617,9.778844692297572,1
-0.4708599556967944,-0.6139768013928971,9.825824253484779,-1.2198757448415216,0.795933910396658,4.94360142226138,94.67671984711762,2.9766910662519708,4.6683552399425166,433.3043301326605,17.368040624346083,395.1815468252783,17.219685738518823,0
-1.2239378543884545,1.4511788490210642,9.739844870662903,-0.8307698816053357,1.3933040623077297,5.135163287120353,95.63914928463346,2.8959344771827107,4.672067486006559,432.79524301207374,16.843504186423637,397.7496702524485,15.638546675626728,0
0.2144395077138695,-0.44065242156974244,11.781341242267683,0.14593829414477413,0.8660948340235742,7.701058696031102,84.4704853861102,2.023649283884415,6.533252021213763,433.8528649749386,19.85976589933974,388.2085430976932,10.679182834784172,0
,0.03210767397093466,9.91155399769212,-0.017037889337463016,1.8061148493347359,5.771578520856702,87.29100230548629,4.37853469157286,4.6545289020671055,431.2129980165275,17.611251298135628,346.8053836254767,15.825974503106004,0
0.364256211354704,0.2689134476786009,9.766103889822663,0.2830685880099896,0.45203468940732827,7.816354093898311,72.91849907455038,1.8231630149040994,5.7744329789313955,429.4392626143414,19.915629830062507,392.9202640521504,,0
0.1728321455234429,-0.6196659341286136,7.912549042389858,1.0845151609299661,0.2148314701609947,5.50736373928509,82.46597277919062,2.7517076423431597,6.304150446186177,431.5538743916471,19.193519509610063,393.6348903578053,10.069863806888364,0
1.7323588913209154,,9.115792648020523,-1.7652203153028492,3.2509851072793867,6.163205201131493,72.49176027066271,2.4923858752075954,4.862406004637311,432.5582185755475,16.05920356865373,337.6363150801573,15.198399401624929,0
-0.09459562747302427,-0.5334523471647244,9.746926575543647,,0.9412376494420308,8.123676723018242,64.42352559185164,3.161640753343521,4.9757376656411365,432.151516971748,17.13404760424071,389.76607759677034,14.464959753164688,0
-0.954507492621865,-0.4116383222162092,24.964147323823354,0.008281909957927018,-0.13848154597854767,4.812613255336721,72.37176337975669,1.8282273541054987,1.9058789354321815,188.2754726109678,18.430954875826178,390.6826278923931,13.043651331950654,1
0.25092563495631615,1.362642639803341,27.031707593377796,-0.20378186112454774,-0.11326376224806889,4.1061855001002225,83.83652274982096,2.512146305589588,2.503650287524054,189.32091000266988,19.02015363589426,379.04106739076866,14.04911679344914,0
0.31298668397176516,-1.040586052512433,25.48506222460378,-1.4711152343848903,-0.3616799145313405,7.247590131287233,91.44301457921874,1.9180574147970337,3.0615187704137568,188.3820575744625,19.03968574688625,378.69074516288475,17.47427498915949,0
1.5095675752404365,-2.41278033092949,,0.503048668376865,1.517569355856788,5.029190894606926,96.30177854026742,0.3624474825621007,2.6070534347705516,188.79891292759103,22.096239095398143,369.41391119222425,25.2710881872949,0
0.9336012459145785,1.6109369950118944,25.711704634050367,-2.414107851031037,0.21662270710675813,5.858293635893766,95.74843216052378,2.0158522862568464,2.0736565949921943,187.06043725814723,18.022772125525243,381.1912676815591,18.428406448962836,0
0.5258910591495094,2.549327952607003,25.687227836421574,0.6483940112387127,0.7083624756564856,5.400081789548415,88.94666703261649,0.8923346669698482,1.2538052464429508,186.90460631078398,19.328969935664393,384.6682808384783,15.364161485082173,1
1.850652891219562,-0.40526926544933184,25.5612035522875,-1.492105835472992,0.5174913255617313,5.881162780955316,,0.022814237551099126,0.9290930041554808,189.6141139230245,19.716507742467805,359.02097416877336,26.511317691471326,0
-0.9296130543228509,-1.9368380406201853,21.89379625162146,0.053457912617474034,1.3554924079409347,4.742463792814258,96.67661455177652,1.9251733206893848,3.4891229116708526,437.10090153514705,21.198427995530803,393.5472590804361,17.326699203327212,0
-0.3143215327497477,-0.31048397619594376,23.60879500304986,-0.11916883732792043,-0.22274409288402008,6.251059912116694,98.15513969336267,2.3003833420195665,4.409935584980567,436.37677081655386,21.310180577781356,397.5589105844808,16.880441614100526,0
-0.04532594140552493,-0.2862229498406692,19.570389273248782,1.1695381472938837,-0.4515722861430155,6.0868153265565335,95.04044044350155,2.506598042104576,4.336623706627343,436.37860550645286,20.15519110569341,399.1011031387546,17.508634301202694,0
-0.04974980315576799,-0.18992384102225704,19.88845425556132,-0.17865516901389017,0.8482973071815942,5.449691113725738,98.02394053588942,2.6856707070196943,1.9000980142748776,436.35087687836176,21.30648619460268,395.28872226031905,12.745166780397012,0
-0.18374614755630891,-1.1133880419218483,21.346829168943888,-0.6941385611456656,1.2249592846998971,5.625915970354111,97.08035701698599,0.33841097905938944,3.2143229717324973,436.2910409789542,21.71139899617437,396.50296920042126,12.066839323061371,0
1.2252009468144043,0.5795611424764774,21.904527881937568,-0.506602695971203,0.9565323130976408,6.024617166401468,96.98229102549975,0.9663830720925304,5.204507551606156,435.71685219739635,21.527600584271127,385.1481951165402,11.056994984163222,1
0.10759730290122663,,,1.2728827687546636,-0.1854537290973276,4.393184565773722,94.21161114540173,4.44342143681367,4.07921504780414,435.4995795977795,21.77020090391209,386.84300382280935,13.3993423777506,0
-0.4946362945026579,-1.4944056198193065,22.363087198027475,0.5362969691808936,1.3014848420913938,5.3344390172012535,99.46420948885802,1.298791239922964,2.582991086897014,436.8049956223456,22.61260790063623,262.48140422719376,18.720762854312202,0
-0.45779908120754154,0.6991967316948878,21.50575408711943,-0.3856299815231613,-0.11986092709563423,6.453796539902902,98.88861170097888,2.721541031136689,6.355821181598151,436.4070741296796,22.13696654191434,395.8145933388274,16.185648099111816,0
0.6361538474501953,2.052684981945891,22.909043693241763,-0.23644641996451343,0.10246135521361666,5.542451058411571,94.47666536997814,1.279962378334154,3.9710582676852355,438.1071592854433,21.271294613497435,378.8488341726561,17.926071970153533,0
1.190456567894381,0.17196033243705985,22.920195403152732,-1.567177090585447,-0.3199535247220022,6.182623507068275,98.4393130660243,1.9294727392675646,4.384333959313408,437.2930766532669,20.028241648116722,394.1003080065604,13.96862339195249,0
2.2465308916917865,-0.33732516206850605,22.074057831271567,0.388474200851541,1.925158348652031,5.837098329093415,,1.035345797726406,4.3995247560451345,437.265317680078,20.59999472528888,391.0450655561837,20.69449534810424,0
3.4583824660073295,-0.1420032144075213,22.85265757248684,-1.7598157076954657,1.257421541027349,5.495256537567686,96.13871059535747,2.230241154619645,3.632404533839814,436.25687959244556,20.980368848082584,397.1268730180127,19.67312325046547,0
0.7053094332759964,0.6152567669685612,22.16264526343213,0.7517964658354561,1.2289933756788733,6.865062565866878,94.46308751804536,1.748674117316699,3.2724263181786055,436.87897158422004,21.452345831341447,389.09281370519534,25.153884603477923,0
0.6391018799681359,-1.7306716055072182,21.328516973217116,0.12862159249126584,1.8712114211424504,6.454978124801776,100.17711983000503,0.9911102263557664,6.12167498506594,437.36100110363145,20.721667238500604,397.33071925646993,34.61866589896398,0
1.1890037192686909,0.16439070297730224,20.277816839000003,3.3869517995739225,3.6836492482387233,4.938619607804551,100.62710960014917,0.27142788031928977,6.003205869617751,403.7161957397127,13.764266800815648,397.0667351696333,27.58115054980632,0
4.365111462343836,-0.3904639494628101,19.690613122578675,-1.1001355537243058,-0.8382261039101555,5.953198231477707,100.38002329904862,1.679574197492511,5.8219372011086765,402.90610817348164,13.511801310879662,396.1030423467188,26.131447219743603,0
1.9667989046896739,1.8478250129560454,19.581339846754485,-0.10266209104063294,0.13262341912289188,4.663382844565352,96.81294484546311,0.13318120095741004,5.57628919171821,404.0791237793242,13.048822240944467,397.767181814112,29.28163237228111,0
1.9639827398203147,-0.17417273380495787,21.052953572189573,1.7982877009230627,0.2548249158254762,6.495487345038504,98.50196022460895,1.8465810421208384,3.9966826096383157,403.00798930890795,14.46504929622543,169.77809518125582,27.138375607536183,0
1.542953200940192,,17.12912787145991,1.1913896402914144,0.020180377617307177,7.193779531203255,99.28794583381703,4.1430849090369,6.277530191740274,403.79284711851767,13.230334557929694,169.65284570886516,17.55406494930026,0
2.227829113583615,-1.1037406977820072,,-0.6962120515798997,-0.2065832476037126,5.434659543018099,96.26491728127291,2.810970051262012,4.156867341988251,402.5101477914109,13.699474315842608,394.28032198094456,28.83658666883265,0
3.3969702307876437,0.5872591668027922,,0.22396742837344774,0.5713469359446344,3.4125854611903192,94.4900914151754,2.247947886894163,5.2832867981506455,401.18741163343134,14.306098127155696,355.48162661266815,29.805156344937853,0
2.8910185674453444,0.3194002637912288,19.216739352431194,0.001999356415087233,-0.3456037152894049,6.050995631446959,93.53205772261815,1.4400927022588523,3.3606100945354314,403.2683589880185,13.364082690608566,351.60863054529864,21.134165831680175,0
1.4979651629613118,-0.8690472478647824,19.32539183023397,0.2819558673941572,1.2060423675374132,7.354863743309009,,-0.32075262700352525,2.9591411493524804,403.7253240631466,15.079752188498697,372.79208900987527,14.120508564016333,1
0.46066624717418847,0.17739611463694044,18.07267435222695,-0.6986804359848298,0.9226983214286146,5.182403830001897,99.27676431405916,0.26931360409981564,5.318291202653115,403.57534733180756,15.440223063605686,341.13741718594343,14.038728020654334,0
-0.548102944704357,1.2125188368316004,18.59484196768917,,1.3520286647636552,6.0076348061178315,87.64269493973319,2.8929928561027136,4.190900732805092,403.4221866614374,14.1505729802246,344.31637424255894,12.143864421189582,0
1.662872090926669,-0.3237917042866007,18.719158321476428,-1.5980523752767137,1.3787284516382525,5.018884458848054,97.13794916914735,0.8334439198752202,3.010832428702727,402.651413034045,14.262972692389997,262.4224510143553,15.492091685714689,0
1.3600674491816795,-1.6919626491697632,22.03742409207589,1.1351234518680822,1.4740068534266766,4.643460840477726,94.57794823385987,1.0501479018359534,5.540609502947076,402.1932537485544,15.237429770139077,321.1723003725473,15.089976552191528,0
5.302939913579883,-0.01756282647744591,21.381741947747145,1.450020673421832,0.4975910631761177,6.29316901883264,,1.5798495243159787,7.120080771050789,403.5517282690438,13.98600490276532,88.80727256116928,15.913818353557584,0
2.576954521472886,-0.9024230947925126,19.16825058231535,-0.227419412643884,2.9921434026336673,3.515523279253686,94.08625383622501,0.6743537411534453,6.389560258580062,403.4264474161983,13.917266088402704,88.64675070907174,15.477147777863294,0
2.2063195110230573,,19.2164167096932,-1.6150508905847878,0.8394311164820978,6.7032289871064075,96.21940566024651,0.6505312654483637,4.742682114734327,402.4391009091562,15.89649847818629,366.6098644888235,4.4637629927267355,1
0.843544401460848,-0.08158776968512098,18.430796002811704,0.9885318628514624,-1.257484752624795,7.352842262645503,99.88419649002823,1.7068259272185782,5.008845306696946,404.10942418919205,15.584187738712787,354.0413469336567,6.440286727337475,1
0.24007623358297536,-1.7056522160155172,17.671869586774733,0.3645250379928023,-0.13137574576621747,4.600237094253719,101.05855281614181,0.8743705453279638,5.887706256783913,402.1171344854524,15.30155000234392,364.5052820984897,8.254585195527657,1
0.3083432377676282,-1.615658339320678,19.463119813591476,0.27398490229902317,-1.1355029890278157,4.970503204086102,91.29822026258648,1.0573814202211052,6.122128019834907,402.416476621209,15.625644621394093,337.20953195042676,5.400154626128564,1
0.7381339354642468,0.48206683552552526,18.582148016755973,-0.28060044683806395,0.6223346291513073,6.456967754838423,90.59355424158946,1.1897089738529942,4.656464281174301,404.6364252123417,12.722721274632637,373.88654967269656,3.538299094493722,1
3.9622397324351644,-0.5227186961696804,19.49514946833799,-0.5006694027818388,0.4831947759466664,7.7386801402890395,99.22475673375078,2.563060213834469,5.034177715724574,403.8685819377339,16.053835546793106,390.7573776817998,1.7634614222849048,1
0.6976333207756139,-2.564744341820567,17.979794150956522,-0.025410127777904412,0.13657430210054217,8.009283214353792,,1.9298743095046427,5.3006148067645364,402.641990694109,15.092062116583742,387.1145431496401,3.08231636159472,1
3.080849203736345,0.7848440366081351,18.81802554168974,-0.5378113463571395,2.615926112400514,7.253136381696088,91.22633030914157,2.2434280321061464,5.553876320278832,403.28738070964357,15.710781384005735,392.9524428256981,11.46896787838227,1
2.0210728219129734,0.27236975527423984,19.72862709530283,1.2284208122801512,1.153982874076911,7.055348329091697,94.16349581430647,2.8803458973088834,4.866923557988733,403.15479224452383,15.087161779116363,240.19231547118758,8.49335857134199,1
2.9417630128742442,-0.713874824036484,19.946209597783934,-0.6395033908874757,1.3310983614463345,8.424272946068598,95.89379792102845,1.90386039176706,4.879914754931256,400.2543861350226,14.748924824680156,370.670744507475,2.663273153241315,1
2.185230966105863,,19.99747195874201,0.6402136593287587,-0.3260734879421032,6.022630314343885,80.30449502520557,2.147646231542827,6.379832329754388,402.09352605052663,14.424690787637944,227.65238122869613,11.609333110260907,1
2.1437621023419093,0.8358078963143372,18.25951101584296,-0.5383162028615798,-0.39414489133101227,6.712229776984827,96.52896539112719,2.5704503555701708,6.2095207024428865,402.9491533828907,15.067144376886205,296.75387539737363,12.235829848850129,1
2.4087674738645664,0.3493506225604296,20.43468573013556,0.24794756085187486,0.6418054990969547,5.540017644686625,94.85715534709017,2.930697843557631,5.477410573436089,402.6433885234407,14.388252091095447,328.18151206225906,11.28687394063799,1
0.5526323045706095,2.3826022826840734,18.77978830339815,-0.14139550214380217,0.7780071396522258,6.732210353556612,95.07969053059753,2.278826500491396,6.719109070022928,403.2471025648304,15.567876100065112,292.7422541227022,13.945355810384292,0
2.7599722014820802,0.42018859872493736,20.212857914607305,0.8730566000927434,-1.251311567114457,4.767955745640799,97.62044951384604,2.4693077756205217,4.613554237773583,404.1294823129479,13.1135433554478,348.79127510888304,13.256534745606595,0
-0.31584348034078,0.3877031412620148,4.039361323381807,-0.5348113382185579,0.32969297715046597,6.407376993902231,89.52088282100247,1.814309770266672,6.622973448629381,295.6784642153461,16.058424138205723,395.11826750089887,16.24117713289226,1
-1.1338257637672482,-0.16692793010856513,,-1.572528250002441,0.5240720828735048,7.602142502118832,,1.7856169568354745,5.54251544353555,294.94234520387715,18.644823248476648,396.6345324486972,10.29538246090776,1
-1.1934675743196193,0.816775867200791,3.733802295418812,-1.3819490313636327,0.29485083422887104,6.069864602088087,68.74120606678163,3.471047501966808,8.27102612221459,296.324851658511,15.973919536427609,393.99569552589213,8.786910002764843,1
0.2392279177221195,0.6250852012481537,4.415363742063767,-0.5318774939427574,-0.3033904123466764,6.369786941038025,33.03848432039536,3.5772420625446215,3.8075180732175222,295.6733766664322,16.361316276936524,392.0923159425473,4.834751379806344,1
1.6493112564104349,1.251725008565195,4.662965380474599,-1.2490599706780527,-0.02953518192114002,6.420309908309672,47.90414814163979,4.010198438416576,4.3106547477826584,295.8439364991781,15.717419066649924,393.81352509183336,11.923736070314717,1
0.21424161357343824,-0.5213229186372847,,0.4102120156795513,0.333140806427204,3.4534816298993274,72.37482080555583,3.5983543487255223,5.418797828200548,295.70822628084693,16.935845672885826,396.25368270881137,6.531139692000022,1
-0.05221832610988256,-0.4354074729439623,5.581778890601052,-0.4657681648580778,0.6008000236100478,7.162258218485461,75.41697704823787,2.9615032758149535,5.397234052978992,298.241837800011,15.863735109857807,391.7907208987017,6.652372935103921,1
0.3436261396025429,-0.4791031709119801,3.467510770986559,2.3746065500264315,1.0927915825505679,6.866646002160193,58.86632877217041,3.5254118908227694,4.950138984175019,190.75929573900206,17.61438906519295,397.7684723215012,5.758347961330838,1
1.3718817417068248,0.7908017211789892,2.2033458836002473,-1.737714595137132,1.5688562049508712,7.714371886943009,81.98307492636705,3.676108761022784,2.331625316700466,192.61166609686737,18.648866536035072,393.7412422308761,8.567299067358112,1
0.28826250136385634,1.498374440296732,3.2101218121369444,0.20363317870980122,0.19365227647275018,6.850532512897828,63.408262825480506,3.5091280051906475,3.904918518693884,192.99631097435162,17.101236581185184,395.3989405663785,8.878550429071735,1
-0.31989723083373717,-0.45884049314930064,4.393793485188187,-1.127953023505669,0.03184380388464214,7.080231078435272,94.43409308079774,2.599822084054013,4.162463004681996,192.21885750771722,18.58861111926522,393.38399209981026,5.039439958619932,1
,-0.42477372779309125,4.420484600783027,-0.4934013403826786,0.9256556735343062,5.422793143348842,96.6018339695494,4.233992729908838,3.7046478322206475,193.89982583212827,18.622229315560357,396.7701798283274,6.606560069217058,1
0.5118364384616135,0.3140772238697992,1.2320001191775025,0.14141947334054417,1.0988449164108542,5.462597329174622,91.22698476722647,3.216360681732321,2.03900365807568,193.81325767871965,18.854956094719295,391.3881369233082,12.819712854040148,1
1.596225991995992,-0.24576150001290142,1.5334668888428493,-2.325371374874287,0.05379956674111441,6.220555484080824,68.88537138160258,3.9120761925657987,4.407758805254198,192.95224538151146,17.94054099491804,387.43468165322884,13.16234545742614,1
0.23925443722190615,,3.944918786733851,0.23682611678802748,1.2783934769661722,7.9459339115810135,51.93849508026149,3.4812878908348797,4.229324931315414,192.7293262446563,21.041259076976786,393.74710581145604,3.335610346949285,1
-1.1457190317205002,42.748222709380954,2.3817189491623627,1.9029074622741677,1.416585341155973,6.943919367285068,39.255879548832475,4.035606707484174,5.599584519790377,397.88804316576835,16.254533696542083,395.0184952985804,5.696419503073189,1
-1.242369199245665,44.17329495308311,2.117458866708321,-0.45343829836859284,1.7286864656586731,7.595369044918553,29.35508204386776,3.8309480097496804,5.204347687208954,397.8952133463522,15.524877624406827,381.9676148917062,3.9968999225196953,1
1.7346279322312497,44.21758366603856,2.953805869300953,0.2598078568055095,2.2153209067198225,6.0989654469658525,38.30802119227002,5.268050838344826,5.2261080100443715,397.9216269718742,14.324075585918264,397.13857611005045,5.86711953787947,1
1.8143457207832971,42.67964398761386,3.8602267094745857,1.0249216931253993,-0.4294161386594389,7.1267004561648495,20.585423721672647,9.325094394907639,4.921264207760622,397.8120008984832,15.102940874125858,376.83216845227815,4.777977371361865,1
,44.036361555631196,3.3376032933889035,-0.16395350002699655,0.4508982093325112,8.02892969861824,30.737253316031325,6.105004925209917,5.640785134252642,398.2524493145924,16.62632697690003,389.5217529616464,4.041581875031595,1
,44.084843884154076,2.7894363795944077,-0.5809601885314832,0.4482776966186601,5.443388503062804,26.91558528786129,6.550794715424948,5.0311348529449775,398.7532120648279,16.909534615626267,390.8117913690485,2.9215545633249596,1
1.4833142922422022,59.79889534548117,2.255787538275491,-2.2757364037217522,0.30292643146749243,6.9796466807800535,,5.7733947356527375,0.15147502464735874,263.7697398524014,17.07832910044023,389.9612879235283,3.8830372717335706,1
-1.092655682043488,61.11296589166027,2.2176629355872914,0.6409907193949733,-0.24826291961013613,6.018621498026957,18.351122379719616,5.731580098438065,-0.04859164482759204,263.94933610076686,16.385192306729618,379.1112440396397,4.80880321783391,1
-0.8809170189558264,79.7549393488093,-0.41950962865894253,-0.11316840972889723,-1.0635620032310715,7.504289615526895,33.50987068312031,7.1928494781186725,3.247963746347708,253.25148197051647,13.144339793704429,394.7964086773975,4.10138676195831,1
,78.96918627972885,3.8016328772760617,-1.0126838513881617,0.4966794460290038,6.382192496785578,33.02471161977863,6.636028982272536,2.222132242549452,329.8663974003576,13.08716181782567,396.30429672458655,4.000795959011988,1
-0.3479451228595896,79.94304545878647,1.8175110711855549,0.12659671027769356,-0.3643556595479125,6.937449284299556,37.469761187164956,6.834919526633639,1.9730441635647926,329.2503232931905,11.358597621947002,356.23736975523025,8.407351006699791,1
0.0325581332799287,81.04917362144135,2.4067590544047386,-0.5836803568061814,0.48999348074762505,9.115255614426903,37.815269238451,5.721507176268699,2.215343793288749,329.50526751593276,11.112528806619242,391.8525688295138,6.993440353215569,1
-0.13194289852451258,94.02404118388509,0.9809225318810763,-0.5284261311155256,-0.39104354169885336,5.710569638822786,15.845793759849954,6.895788275457753,3.500813133546111,400.57050176163654,17.239158684577237,397.03251938582804,2.5315305811684548,1
0.3553545487989336,94.08942511607854,1.2840433228139512,0.6062911561087082,-0.6966583458443414,5.965389997521172,14.997327507202868,5.945000107046653,2.372679074083121,403.78494812288017,17.52319944726975,383.81288418960236,4.986817456597867,1
1.4419318613137169,83.05854895927422,1.316446018629645,-1.3383824113238445,0.6492983603768977,4.860065429836496,39.14128176698502,6.901804699211929,3.465660168345348,347.39114909185463,15.603377098480804,395.42199183744333,10.531885803744863,1
0.11235490690174554,82.2784638842692,-0.6217083349192021,1.0473152860737585,0.5659215268064959,9.3374182866281,16.609159602213875,9.069697221837309,1.7322891729525256,348.16820580711124,15.197136240386094,395.27501529369414,2.9873237788852793,1
0.6790387932768579,95.64748469070948,1.301990723152134,-1.3976861631184037,0.995381971320933,7.390660294478713,32.04840646659205,4.751321206349478,3.566573015218491,224.85438466067836,15.231585985742747,392.9294841007395,3.6908749662836695,1
-2.0300821010310224,94.9863532082047,0.8693813200196054,-0.6627014083552638,2.6019637664176254,8.008360939652327,33.0136597067413,3.4512420670097628,4.482386237332452,223.01302024420391,13.715347415007622,391.75378215302544,3.623607000099683,1
0.08770159806988206,,8.340216222048392,1.9229461940665773,0.7662895312108469,5.488217058893761,21.44730688536518,4.845399664429733,2.163489797624927,276.45367564148734,18.495023315315336,397.48513945746106,12.515332668197962,1
-0.6135402702928712,-1.0350781140406409,9.394641025701898,,0.9740817670641295,5.381577121596909,52.75954176557154,3.627975041069843,3.2094655502770806,277.1791717746009,17.092883214365514,394.8156519348659,11.944967844434135,1
-0.9668230604236281,-0.01208465078826744,11.914955679381631,0.09760399249544019,-0.5885613288673254,5.547849353385565,72.95824618699723,5.6542469305535406,4.981072798691833,279.8574730754647,16.596630870599807,390.54039097235744,,1
-0.7422823669287508,-0.21069001436315682,10.545563832295645,0.059469784498783484,-0.7979074405363745,8.52224360573656,59.585122558869585,3.9571709522100558,2.2625780709378893,277.30112474285204,19.340642709843074,383.8584832294279,15.223398837662748,1
0.10158655929918792,-1.2158909241041307,11.880563762321174,0.4707276933001068,2.0718294467733336,6.736070920974255,100.3369566760602,3.2431843109172194,5.117574196933155,278.60636115063073,17.846875606209043,397.2174104487994,25.661930145241676,0
1.090362542356013,,11.000982576900876,1.0732753145856964,-0.43447977993330367,5.107062182207728,91.25619002147528,3.6991424442543135,5.511136566359134,278.20567314519195,19.472498502143054,393.3667600878726,17.892441046759465,1
-0.950612717739564,0.6857490352746618,11.37255882571516,1.0375232323395984,-0.5549440714686421,6.051574103061686,87.25013258770427,4.422776760936188,3.6305446621762516,277.3680100364945,19.70834757788004,395.4106270836191,22.82539808672825,0
0.24782149259441744,-0.3509523822179781,9.689103004695426,0.9091290703740371,0.449901078783447,4.975477227333624,54.672348679961765,3.4251793692443435,4.29181276742631,276.0108042283693,17.980682675376805,392.2504295008315,16.311829624418614,1
-0.34364943333357845,-1.0222802816473295,11.11395095419267,-0.03083251408418433,0.3988075866226116,4.598632361153779,32.485834577518915,3.4486752972062944,5.119087084851026,278.05975361081823,19.1903110945553,385.21080226496707,8.099312748658933,1
-0.038123094361960874,-0.09617893692333225,11.318714234074346,-0.2143751097051141,-0.4135065064432917,6.43151091766463,10.949376840957818,3.388668397021128,3.5332108119564802,275.50188965835196,17.93884327138636,348.65168244028837,30.78280368926886,1
1.2007778253046042,1.1280188573493026,10.013352707766307,-1.4419787356400129,0.18402678128689998,7.342092846643551,,2.673544815499115,4.867775520526181,278.6008751236771,16.754121125373178,392.0925570508734,8.514117411972075,1
0.583715437003926,-2.280737845371923,14.449540370616166,0.4834892578391672,1.7793757176501044,6.934052251047899,54.59483563932304,3.50913160229398,4.328851204869329,276.20000530821824,16.523309404442458,391.61613213736,13.584243634692022,1
1.4075281074427437,-1.4966386899033264,14.456187758574833,0.9146240539868465,-0.25599360883179756,6.172134750780428,86.0661296810041,1.6343734061550899,4.522397706666821,273.3497764527018,15.929126120284238,392.262199997302,8.832219998008151,1
-0.04381567924990047,-0.9228864418952676,13.340447378869918,-0.36833429755111746,-0.8436724843661716,5.784224265998013,93.42962939033889,2.4451785456344846,4.200663535675027,275.65949390496814,15.959910989412867,396.8440630059396,17.37355194245201,1
-0.5816926116707031,1.461178866720329,,0.8104444884607215,1.4925936208997923,7.122765553658123,92.74200345742102,4.1226852088307435,5.342647199194803,276.65394782092295,18.375343117845524,395.5090833257701,11.986150645860494,1
0.1342311831195005,0.2825869829192965,5.0158716681017275,0.18024607122915604,0.9992969119380367,7.3424960373481065,87.85254057152048,3.1647482829327167,9.15796905256555,306.7629761269602,15.874143017267327,392.2359928049252,9.813457164893698,1
0.6502067912712216,0.7673172404612268,6.286505541921462,1.1113504293981114,-0.11351862064866158,5.770362528702956,92.94430171023369,3.63832057298639,7.815887067882835,307.71500581099355,17.78287113537147,394.3279214898102,20.900797526274282,1
0.800133358453711,-1.1401609191262305,6.527009868789315,0.6113668189331818,-1.075167016126918,5.259928179881835,76.82343517581681,3.207054327281191,6.728750840087597,306.1499758322877,16.405192762855247,389.66201951463586,8.784772029113277,1
-0.4696880722333665,-1.1195358752705262,5.407474169542086,1.477393664974669,-0.23762335643856314,6.731875194142012,80.46257024589383,4.441846180985516,6.9172931777131845,305.6940176272124,18.308261409267324,398.27474868323065,5.7282985136005635,1
0.40581978162787424,0.4478137167227104,6.226585341326099,0.5065831541902538,0.4492955631507287,9.345009639236114,78.40744870269731,3.819099196769792,8.39459942137054,306.9285545969524,17.698431236175065,386.1766103486292,2.888719366477313,1
0.7551583301389051,0.05827433093544655,6.770537036138485,-1.3118031657772113,1.669672089883819,7.5274117109658425,81.90781767291304,3.3405410042476746,9.84411641339427,307.0315656672899,17.77934434918061,382.0281499102242,4.741959241444378,1
2.8996140375339206,0.5487388188641266,6.818190714665301,0.6712280116136986,-0.532581974869657,8.678759381675976,86.8305195285876,4.143245777313543,8.393724999314397,306.6516156489377,16.455110382397738,386.93747353446116,,1
2.28922461128167,-0.18767099092845213,7.751880120122489,-0.774651856262063,0.41948011848852657,7.494541695133693,81.5119104774675,3.966123554403577,7.613103449348747,308.2272911466422,16.634412086711674,373.20493283570465,5.7996485075778,1
-0.55505335055882,0.278143726454627,7.476980832198043,-0.5769963713775336,1.179144659894898,8.436148263232333,16.50953783930629,2.93563648665311,8.766183966850285,306.14979262486094,18.327250507345884,376.5166728732753,,1
,0.15811908490510918,5.198708567243456,0.3138190201071218,-1.8772673401219206,7.423975499719007,21.795142819031724,2.0312010883086664,7.760501364413254,307.31316560733234,19.17079772172756,380.7320303980575,3.042499577771773,1
-0.9264420018370031,0.7777673890849254,7.883586209538023,-0.49174741973013475,1.5377861679388998,5.286534758074647,65.35056461396144,4.091862125842624,7.621714782635793,307.0679699711636,17.880307817224185,380.62265899089334,11.411988277120122,1
-0.12774701396348648,0.8070082819444706,5.669023495444286,0.8928558163229553,-0.6784505722064373,5.795040599835054,76.86107079951516,4.217589230831429,7.041540894304736,305.4432840478639,16.502579279228566,376.34535568225147,4.170423279662748,1
0.8908950035903405,-1.6198719943917699,7.244872812454428,-0.7745100615133954,0.8389954934569346,7.80348047431712,72.9869577140738,4.928871991138566,9.408448844246356,305.68096981633147,17.738938522462067,385.1343905207384,3.460761734567856,1
1.5373236208882335,-2.2472685553408556,6.267986626051089,-0.6189465525913632,0.7536831496107441,9.136127317527007,,2.7155787249547063,5.460792082504336,307.01191101624863,19.827472044337608,379.3603687026715,6.047510614044568,1
-0.28117383774360855,1.0017453976515072,5.787850621543033,0.34362910645189115,1.5915863914638448,6.183996096474029,67.58145046962854,2.7454689407228368,8.79785920027927,308.981199998687,17.50242281071891,359.7299912809846,6.288183039063803,1
-0.3236964400677965,1.1877250932619365,4.392303140225067,-0.5656387483550389,1.0579243808935404,5.3919566761423585,61.17375631837617,4.11180026630777,7.536255062202463,307.5792698118988,18.8618408593936,375.3558841562466,10.533837931365303,1
,-1.0206230195133374,6.028435489783652,2.099191555547813,-1.870290491729981,4.809649658075362,76.32252251290642,4.076833011146913,7.589659268548387,305.27436517485535,16.659670634161287,389.1510360268721,10.804779847050034,1
0.3491640794550923,-1.8598354065456286,4.640616764694391,0.6287962936103031,-0.27777924715599134,9.110647554550939,71.22280712521092,2.2622383894288713,9.692315156117813,303.88951193488066,17.357913948363613,391.1878344005497,3.283054478574399,1
-0.9799744118595631,,5.897299235842772,1.709943954012071,0.56620512935328,7.3067136414253095,16.583184128234922,6.56500816375419,5.285868907799949,300.7330535930044,17.219565206125544,379.09909332792745,6.926683906971086,1
-0.43691942736607375,30.93083822635053,6.446792657139248,2.2676442038992546,0.23302011388021304,7.375895981274764,41.068013559923045,4.337477085011045,5.31993084597159,299.9037865170718,16.997328308262865,383.4027643259037,8.591472200207571,1
-0.7635707781675882,31.797594522434316,4.133089010703309,,0.9056107297567704,7.864725386779474,55.26109348612022,5.390843448126624,5.86960576108047,301.14126596951036,15.83361131988884,390.28843460887816,11.458228814356838,1
,30.51629757210145,5.2319707425192705,0.07041912732728889,1.2173665556697053,6.671708361543401,62.99004935312002,7.687781372860107,6.413847385812238,299.11928207928855,15.790482542869402,394.4700643995324,12.950263070940133,0
-1.6548283913566313,29.628283303414307,4.204608477992024,-1.176200316643433,1.036451736429679,6.11367114482047,52.133684650384296,8.860379017807116,5.558144217707131,300.35021249785854,17.58828440310266,372.1876316170768,12.980902386127608,1
-1.3394752453909906,29.106869378415137,4.30151526986321,-0.7776059277482671,0.21372505744553477,6.229235895877798,7.4002799437102365,5.819843631528038,4.426141069464115,300.84617346302787,17.791550812650147,373.69896731329675,7.138426554101147,1
2.335327112028298,22.011451291670653,6.634494703865371,-0.6300825102556694,-1.4153370111204804,5.165435635407875,78.24362186729157,7.625508462587306,6.134301819118234,329.5525363617935,20.61214355812192,374.3821688303996,12.438032786965517,0
-1.096092581274031,21.700735296114743,,,-0.024481248854817284,8.239740754415001,70.96860376549637,7.997522523078707,8.281333856464519,329.57391442976893,20.903930483252868,389.5964928167495,17.927622150700767,0
-0.7569555784546396,20.984932094271183,7.599648041931012,-1.0518872728984137,0.8473681481389552,6.663912031299442,34.342829472946896,9.836726927581568,7.074776789135512,330.0252628310984,19.234619436322596,390.75239510802936,8.240019888926303,1
2.033483528321314,24.048755650863285,5.37776752129708,-0.14428437852025486,-0.6594472525504775,5.7621995586485655,80.50451369711556,7.562631052175599,7.4510872837038225,330.5426763465603,18.788800755768406,377.0233995689324,11.126964150428712,0
3.069457169240407,23.78516840207213,6.85933633247449,-1.216718418386407,1.0622747301215762,6.898496774166279,48.359484179498885,7.349615976966722,6.738578792826963,329.9856659954881,20.45099093877847,375.4810362167598,8.148224442209031,1
-0.9808366288253416,23.13604868355543,5.9574134129577825,0.8421269591376328,1.3393932972673044,5.7071310821436825,18.509099803734006,9.375225558462862,6.340502303826731,330.9739963377595,19.81306928185159,393.3268900472033,6.307425962008797,1
-0.22794895678803054,21.079149602190874,6.655778009744234,-0.9177535374175142,0.5578669762958426,7.991506718589227,11.641122754076985,7.021910847281742,8.677569449875412,329.538064810733,18.11754474133241,396.55255262297146,6.002689770954467,1
0.5556455509405096,22.855019324297277,5.412842342670054,2.809568970096392,-2.632779866312396,5.776930904192859,9.973257831789157,8.118901708966458,6.8118081429489195,328.6716047945369,18.06636433448109,376.8009695157393,3.0869974872812453,1
1.8109076444055923,22.6396264094979,5.810441162448417,-0.45138445096439517,-0.8470883627118033,7.4580854326224655,6.393866354529014,7.429557034887573,6.556630120472873,331.9769753681132,19.59193020135631,386.52846362477663,3.8098202650191237,1
-0.6179170784282375,22.442545624204055,5.744501120701066,0.07201764191705222,2.3171891585560815,9.324977629743135,7.371495759058731,8.735467255907675,8.09614236635534,329.39536626345756,18.922725338516003,397.2416908859581,6.104513318292758,1
-0.19708784594210976,81.24966526704378,2.803942885154213,,-0.154537793028378,6.492768544204992,31.782856386923687,7.560703161673596,0.27763964113261475,314.43155791628226,16.3735700452593,392.5073397391358,6.448401409653457,1
0.812817576061744,80.63537114286127,4.3020815345817525,1.7060917581276394,-1.5921432231289958,5.9704699918196384,19.377344179720215,8.164866219044296,0.4052726562260033,314.93419667892783,17.472533364710195,393.8507012770782,8.81459437257261,0
0.45014607446661864,90.74001423630433,4.400249005578364,1.1195006808029162,1.6292473883102723,7.464802084856015,33.70525156947429,7.175301355152263,3.010246684016898,244.06718110965397,16.659037144985035,386.4862370569655,4.125331824381853,1
0.23538392876990072,20.63690628337221,4.563554694905567,0.29691587073611253,0.6603555915436728,8.647558903112893,87.45395350599533,1.7510946089132873,5.000270104088179,263.61331635751174,14.329873248418432,389.49573051219267,5.3595836441455225,1
0.5296870354839589,20.340791408002104,5.506965653917645,-1.3468025487795656,1.7519404889577255,6.756301511072498,99.41700611633593,1.5754942594470254,5.259611347903214,263.982566103051,11.068463893626634,381.3996277522913,9.229335771211376,1
-0.7182458083699819,18.216388870285815,5.419344801236304,0.21066687772462028,0.9239586752193654,6.3925165702302955,100.62037239393136,1.2619503760190822,7.091669089395488,263.9602377685718,13.2533979172212,392.43766176888874,7.064687619819718,1
0.30193625602533475,20.08362107741056,3.595055310150865,-1.121431046017255,1.1055591362121688,8.682590373650935,82.2422220620366,1.891443926758717,5.336248246352371,264.1748193270208,13.694688522397207,393.76534211224276,9.341576792028967,1
0.2677325099910449,19.443808041150874,4.343052318434179,1.4623552634733608,1.0100092477145166,7.411463367314843,89.33907694529206,2.440913167100694,2.6219460372491996,261.6425125410127,11.473414143312317,390.89835647520897,5.476275111905444,1
,18.72015904235998,3.3463993107417878,0.8091947318531727,1.344488311921,7.612203730617226,91.05861768763405,3.271416206461762,5.326298943431561,265.88087630700784,12.345104358690028,386.46880249667936,4.29026530618826,1
0.26993278118098396,21.681816619300825,3.9933553161145556,0.09543903848773612,2.924430448556098,6.8107024031384915,94.65154079576527,-0.5463466840968021,5.0378799944895984,263.85271168646545,12.15951483767108,392.88128810345097,9.414301309572897,1
1.021608522545139,21.728995340885703,3.3702505508811353,-2.4363756632473224,1.618006335959188,8.306370680697224,92.15025374303369,1.0983388257371902,5.043450024351458,264.580622619447,13.021698171059915,386.78057896956074,8.47933916628424,1
1.7743358178198285,21.35922060029561,5.590070309136051,-0.9834159786590306,-0.9333393178455349,6.235606633164478,64.8617991527316,2.1455962421890056,5.245947309396171,262.62189865846597,14.627853968694064,392.608641906487,9.08775052013254,1
0.941129327668466,,4.333698150342963,0.6877611315998724,1.0936615152789035,7.574329178232257,85.53942042179817,2.034036884037714,4.9713217123252,263.52899973875077,15.0225894046649,384.27231818055833,16.04557736591938,1
0.9300964083992034,21.350625120952657,3.751970871895578,1.2128836917231558,1.7164807681032177,8.039478801090208,67.97598994981584,2.8249762425267253,4.947387906944611,263.3276841336796,12.185712446926718,383.7287036652133,7.470246564855954,1
0.5936553475778673,20.012053180601825,5.163618571856377,1.1091698114921316,1.777700806536146,8.043362470172944,55.68851219486029,3.139540286126554,5.613044209770786,265.46972376450856,13.526557250493575,390.1250701179962,2.915813080898331,1
0.09073439309141418,20.20279727689778,4.789384590204588,-0.5920130022414554,0.03739501694090047,5.276438875049352,62.01595847676784,3.612632137006593,2.457919202805499,222.41418639316413,19.158797852142317,389.3613343331106,12.806144924795662,0
-0.42239803354284744,18.906528629538016,4.94589740513471,0.30155230681290407,1.6289444451881276,5.596385968654225,42.584643511311704,3.902146804012823,2.0523136643608244,223.7580799869401,18.98762577151475,389.57637674783325,13.622258748270205,0
0.47860426167330805,20.39699130449884,7.755838655219774,1.0155152164829295,1.3917423995512053,7.209804487391746,17.004015074321654,4.183498510264499,6.023781452622391,222.3495795473268,18.998979634739236,396.1293207403278,,1
0.017313401586510527,20.060385928424417,7.020468448117368,-1.6583355655822452,3.03651743696973,7.4122776789190645,57.69103402241175,5.066242349822742,2.2841425562187667,222.54738106034605,18.90374250245133,394.925343648587,6.744621995930119,1
2.315048308930595,18.697347883165534,7.21044630026076,0.9920954846267637,-0.2860017362485115,6.709090154049196,51.35609836358124,3.634492067094286,3.1001429124600763,222.75444983479932,20.28757012080642,389.3433065787022,7.768349920605349,1
1.6297949024752425,39.9488028881834,5.083603896681451,1.2738423983084561,-0.06040057640042523,5.902473547091424,32.39383073330767,4.014793276856045,2.5043397491246324,255.2838451268293,18.70246651436806,396.3176464005384,3.8846211607750223,1
0.4818865525565008,39.92027043614319,6.386766289149634,-0.3007645848467349,0.1408809515400461,6.96270215281341,43.44761397721956,4.450642213998421,4.116468415051422,252.1101473409699,16.539846102401736,396.62040884648246,2.745070571751728,1
-0.6583672096947675,41.79756116664464,8.413509410401343,-0.8521618554012016,-0.043222150038775276,8.99313237466951,48.8258254377788,6.347550929874458,3.066774449310665,252.68433644472557,18.395721080880552,389.23870915303917,6.691432984733717,1
-1.051141471983418,40.89421332851341,7.234199619795863,0.6743018899262714,-0.443020749763603,4.910434835531006,27.738223425474303,4.5624917417636865,3.557527057149989,252.0526948343102,18.492373374511452,393.9297325155225,,1
1.270922953088865,40.01144543909147,6.5797065451428125,-0.327305430255024,-2.315675505673743,6.760332939570504,33.187454620148465,5.099106656010961,5.045064665771124,252.91249788023856,17.91496728715179,398.3390750834862,7.573013150451684,1
0.4731292251471385,20.248787309801084,2.8909460898950625,-0.1480724045477542,0.008200526276865905,5.4359566684268525,33.06315073870414,5.332679403265022,5.472009568378073,215.1883999488079,16.03142437050273,397.63271094276934,4.033152097624544,1
0.5159234033916108,20.0442123781042,2.9354271481306062,-0.5634714254250696,0.8122580596999045,7.185669006474455,64.33827899695875,4.630945735009352,5.568409524574819,214.38551874590962,15.088074034299037,388.27216454314623,5.830398608910622,1
-1.7075359869741926,19.797086015204453,1.2008021107999824,-0.4430121532414673,-0.05032184550591068,6.603571581935759,,5.033981020923237,3.2287951616081374,215.26585225338533,15.100467721076251,393.67610410994314,4.010380032323775,1
0.9887284815581807,18.917572802611712,3.5876404209211605,0.9602937176530221,2.3782811835291096,7.224491656563108,50.83527473165319,4.882846327951784,6.836895169829013,213.9852855190666,15.021240544677044,377.63970788152267,4.566016326949977,1
0.469430338214363,89.84894812239307,2.055483108481854,1.4424546049697111,0.4143758127158626,7.389204060340791,25.573891180909868,5.629176865757417,-0.1918813109418751,196.98201127623233,11.58175591420033,395.483292804381,2.971131150695524,1
-1.101370684414478,89.25390174334748,1.394380672829385,-0.3044267628566672,1.6910290551841354,7.09520706037637,19.19374318170462,8.161539860576832,2.528560814293865,286.20042039991023,15.219601606094127,395.72911190625507,8.657097115654961,1
-0.46056480744994893,53.74968446107685,1.588583107693184,-0.4096489283680019,0.6504204127299684,5.917744433369422,31.586846061091716,7.538309977255514,2.021543865981486,300.4035880702811,14.63174942554543,395.79300928596166,8.964223499026136,1
0.2833672043565196,80.51122181454754,0.6025353677665779,0.09235403825445808,1.211407309893258,4.767542615145848,,9.32448970916987,1.57733274178468,241.18746767217252,17.013552021807442,342.24856583796605,14.076851755150045,0
0.09117679835624362,52.891264659933235,4.354648805191236,-1.9209159258951816,0.6842415539335622,6.988869612522776,32.07882971712103,6.191976489620165,5.1450152190916185,291.9972214437209,18.034018284739524,395.44537240296387,6.299376292835855,1
,50.71329248863192,5.3734816268219,0.4770351272264581,1.7737846319035628,7.067872167148881,46.510101494939775,6.349709922624765,6.151589844819523,291.46391504095527,17.10420751853446,396.0585398469053,8.675635401278862,1
-0.060518268065960855,52.37731536250487,3.235597845011526,-0.0005630971229588082,0.4609393501324007,7.40817431002267,23.183906001175473,9.46064682477698,5.52907858935514,291.8608439244657,16.570168919055455,371.4451458959695,11.35643985091144,1
-0.21695737820688538,80.99570138589992,5.564270438357064,0.039693526597561826,0.9071207080887858,5.320265503735918,28.485247531358855,4.93887427471131,4.029039571505292,244.956790173104,18.635196648897573,397.67962102073585,3.0713070207581428,1
0.23142251210246856,81.05922373889632,5.703855069933683,0.960734307594464,0.7773329336500436,7.446918152584151,27.764136802378154,4.341928004421639,3.75012774091444,245.86817677972667,19.49616958462874,396.87865358092944,3.5947060671421225,1
1.507641972993157,81.02583684288524,,-1.9528155300482481,0.12271454187268116,7.305978855806924,22.726148311819436,6.547799165589297,1.9613894934275917,245.9023674171353,20.191436093317513,398.0368686334505,4.176553357519846,1
-2.4840084409312975,0.0389132069014598,11.439291490015458,-1.9738338698589637,0.8419823189246768,5.095797931560415,18.138735608958743,5.784508548683552,5.121784150984588,289.6306123624833,15.17303415645306,398.21523662874426,8.2335637478149,1
-0.15486026450968426,-0.8450453279691511,12.92358137399761,,2.671386246197682,6.018173248182129,42.318991186640105,6.080854916864522,3.9188928434506387,288.2624431359321,15.99517162772339,398.0991704686772,12.111422798932491,1
0.3058324213724469,-1.0836988273580606,15.152901934102697,-0.007116855128515773,0.16660305790455798,6.561733354689634,31.06532074998141,5.822352924718467,3.515199600497763,289.024549832404,16.86806649885117,398.10554056448024,5.265765473869795,1
0.3497139896870995,0.3446049047503575,11.142005719271427,0.17017694319193222,0.8564648928532483,8.391150658568264,49.11442709555653,5.641726909423196,3.439672767170232,288.67865746996273,14.06399887091587,391.8130060953413,6.447881178149228,1
-0.23088458132128986,0.379280034365163,,-0.46212707517244556,1.6947789508694429,7.714496037012573,57.60251666507057,6.15041362750271,4.358459576366768,288.79881023650523,15.942430237594596,397.3826354994558,17.450900936414378,0
-1.6920617824785826,71.28733111160507,1.0599992215327412,0.6643536742399312,1.5402532809442802,4.680643606669799,20.156205653089152,6.445061829701373,4.106243661705528,360.0371278969598,14.370708629452462,367.6324709590446,5.594548425888362,1
0.38360548371410963,71.09997965034208,3.044570301584837,0.93263884299112,0.4117164177193653,9.53492700572799,9.7186300080943,7.739872590580102,2.7448244415259566,356.23799976299637,14.666170142244967,369.93093366864076,6.860370249042525,1
1.771520214164185,69.86777134346883,1.5648860478565387,0.48398229395152703,-1.9833887029573618,5.955774278846676,47.15317620448841,8.123833077042617,5.407129803208276,357.7653231840777,14.298371443628097,390.5725288679442,5.619561362174147,1
-1.4984914049161377,,6.493954020735611,-0.26082845840458313,0.9497028186484662,7.570673294327426,40.887991370804585,7.3421632338437535,7.519102997956821,330.2117489071962,16.237624605207298,397.07473696562727,9.62628113723757,1
,33.6808934029891,6.655460419169093,-2.107689387614403,-1.7864742586230526,7.465497980863731,17.321042812951365,5.577699065005215,6.800368175322367,327.53410850496647,18.023627220422718,384.07074201011847,8.009323056228196,1
-0.2285252231228939,,7.926225839730019,0.7692362080371281,1.9029372309412311,5.986309773158194,16.071957786048788,3.157522957789695,5.852097124809991,328.35625257473373,15.77607752607145,392.4478093716059,5.003301168647696,1
-0.006174345828847301,32.7979167546106,1.9770580563246298,1.2217286662175928,0.6414738711932606,7.729267793839099,40.75183020916332,3.928014567215379,7.088935540889286,221.47096150243237,18.691711009094107,393.8572301452681,5.155903302715696,1
-0.998108510703949,32.42210589192234,,0.64455841198398,1.471674019871989,6.508466255733936,58.864114405501795,6.109504133108306,5.535467631686411,221.77671027794602,20.394746418409113,395.8078027535929,9.614954556655007,1
-0.25942617235587667,33.252884814969896,0.6949445208725642,-0.8796424273675065,-0.4301111381810512,7.974330004632391,73.58755303948665,3.96556623498504,5.97276940331234,220.40404284039377,17.849984421627443,397.07752122551705,6.793474083492338,1
1.3493645946989585,32.49604225858939,3.370413563293744,0.6737943936677578,-1.0805074733000544,7.079672302380626,71.08212823909474,2.3718110561914116,6.249302063495839,222.59528606033803,20.214675348928967,396.9224802961537,7.472445337534081,1
1.0756352419877069,-0.628066083725374,9.139491151928636,0.8605297079614455,0.8047543841411673,7.831339485370247,81.03173624013115,3.9086065144305566,4.843939070891556,304.66628728251317,18.405323006627107,395.62060991207846,4.149635675400336,1
2.0817116054099443,0.31145283430343956,9.339245835912255,1.5588162477990857,0.510396560043858,6.047399543146063,76.46763276062323,2.3604865751102597,3.6373890495630827,304.50837532501794,20.181896225864925,397.3505627402928,9.0752460126319,0
3.8128918889776937,-0.4019925801292048,9.87775220515079,-0.8761099242279576,0.05245917384283433,4.805125930573689,38.05663438108153,1.1655924804531426,3.5521335882235396,303.1296263257089,19.150201124946317,349.9478748710595,13.367712912032761,0
1.2294966789295763,0.24410438897835213,8.33711565466015,-0.22645458454413847,0.6286612807327638,7.218064233057181,52.97759111692359,2.291930636765928,5.954692515411246,304.0865107907873,18.70710836258242,396.2529523605912,4.808910014296594,1
2.005624526167792,0.2732040228521227,10.128770028928939,0.7472720511434552,3.31143589203226,6.603395964858603,90.93930455294289,2.9255264392388614,4.352462497188714,303.10055976043094,18.334369318113414,397.5812305637626,12.231895912049243,0
0.7083731587382988,-1.1394290010915746,10.86746627292501,0.05741007143815779,1.3785255473690579,6.997813394320888,81.88295105353923,1.3906444975666041,4.338994510474826,303.6674033392285,17.775958560120788,394.5482226687959,9.974451394809458,1
1.197188176797059,-0.4812411238654122,10.192933823497292,-1.1173276020512748,1.593498605863319,5.902413327741403,87.36494308755074,2.453140709461364,3.630299254791225,306.1534679271709,18.475791549964352,396.8220513672107,10.765521488644298,1
-0.04301095353470835,1.4377769399164624,8.311102435821276,0.414616285026703,1.3879368915533556,4.659737218601526,78.12032282977613,3.9553355631823544,3.403628332363222,304.09569537759626,19.297361459020024,396.05780886594505,9.994872057329347,0
0.3848158158592048,-1.1620795127342871,9.776190705670341,0.5786616338151667,2.0234621438521927,5.346277856747298,,3.590426824011046,1.8135935599828494,302.8124734240128,18.38688856900333,390.64902413469474,17.793261939656695,0
-0.45220382330027686,-2.116654448970531,10.64202890297949,0.08796289633100199,0.35392832709925515,5.161178614319411,70.89428183338721,4.426511271146091,4.968740531923558,304.18033534066393,18.08337719493814,396.8401456023041,16.361450740555338,0
1.391603934594853,-1.8618451532425115,8.022011234034093,0.21958492717994416,-1.5107613076752937,7.168199268652914,66.85484313275711,2.3178316726914385,4.448309705756379,302.6482040739367,18.149217465822225,395.9925181806724,10.289718077985649,1
-0.7028336231148655,0.029109946576669203,8.825233986182287,-0.25870590168573016,0.35541386699399025,7.088984050294052,56.096182319926655,4.7160137485533005,3.8208340067865865,302.800989607485,19.392476613583053,397.78356466849425,11.330594281717579,0
0.9499503424176613,0.03091727803269891,8.25654360408152,1.4782789357160593,1.3047357099965018,6.2708697104676,51.678538032422225,3.356640902939805,4.862773298163744,285.9588768640512,20.825161455099856,397.26814655519837,7.585315951473492,1
-0.009061057505159453,-0.11761085542512094,7.650095434197286,-0.9006921837126766,-0.47680039511507366,7.8069190188243525,53.77558510702895,6.1831343019376295,5.736144262261055,286.5556905478043,18.932849486231632,398.8748910853573,6.8599831048837006,1
1.5223870934673194,1.2141898289285016,7.791971582126754,-0.5873207627637789,0.31663404951066965,7.40946939376513,48.88041549183256,3.0053417156216833,3.4452899269201467,287.9369689955892,18.93141214255251,397.79719441803303,9.614325408603783,0
1.0347889887312598,-2.672834433102938,9.239494807623311,0.010985513527525621,-0.1987697430023131,5.95139891640054,74.46561215023264,3.6285457296165875,4.410118668446194,287.5783981980168,19.979358919667114,390.8952006058856,11.486771297382553,0
2.1617361576468017,0.3959338744308236,7.848552778506202,0.8789540277008926,1.9950292518431305,5.59310822845696,40.04405456795473,5.138470803031829,3.8636971371074695,287.5229953282473,21.127532064757258,397.728711406129,7.288003385326591,1
0.9226346911386448,1.5614382018035733,8.037888010433178,-1.4973731700945367,1.2424570154065637,8.00637664943554,12.440786122422388,7.080133251497638,6.771509282486746,285.90107543440945,20.74599030831256,395.3859402787088,3.8129115968700242,1
-1.2685702556532408,-1.127780764891714,10.090745527218326,-1.3102967497654392,1.144540620643959,6.250982648971592,29.115507969301756,5.73094303611617,5.875655531853301,286.45868564456435,18.34814778782009,398.89828898334133,5.121990702103492,1
0.17407682710179917,-0.3798065117898951,7.166195441909509,-2.037728507734718,1.1146013131209713,6.209165196430975,42.77167586921097,5.978757920182391,2.7973073588646358,287.2720011068832,19.33592403000814,398.08689134459905,13.511661959809489,1
-1.1058371925948158,-0.7528919172286209,2.442117236381505,0.03269522525327079,0.42275074744787305,5.528394974393431,26.285688959190516,5.232136901673059,2.4862383733600244,429.37168001461157,15.969396445310487,382.465674453658,11.053730780607376,0
-0.4510398423662747,-0.8943460460775288,3.667796398247133,-1.1183058172065439,0.6575562825275035,5.443209673702802,15.918148752271334,4.188201545884807,3.867654326642514,429.7216335596989,16.63248747808474,374.99330674594404,6.382607273925608,1
1.5566684332767216,,3.678991029388895,-0.3845501100179167,-0.7251845805323176,4.675360569684708,32.230006538530944,5.38346165176062,3.5275597879275753,430.44135869252995,18.504409996035353,369.14606950356136,9.114077406483911,0
0.687763810897696,36.427485283684504,5.533284608053791,0.661378189891708,-1.7485419787505676,6.338868323557288,28.116836671113493,5.428790280018723,-0.32438220807688833,303.6512273187987,15.477399351216981,395.69397449527105,11.048420826470922,0
-0.6642704285787463,,5.0276029804451525,-0.6415427207828466,0.5879811303450241,5.24759894610338,23.60310188495033,5.361990032223128,2.9447622376504894,304.226059589102,15.281134706719808,362.68376912221447,7.6487801736945205,0
-0.9628873664403989,-0.3359392250401477,7.499844422090078,0.23128202274336457,0.8389902562721444,9.375531228996824,38.22469727765135,6.860148919319746,5.3125399139825795,225.59272845601956,19.371445846566395,390.1645318718688,6.516922785624126,1
0.0701620928762608,1.9050602140644701,5.516843470388023,-0.29933790775172203,1.7242645684253777,5.223926417387521,38.244835824978544,5.335222017912038,5.4748163228630915,223.828141201013,20.48731060257599,389.45139785431707,6.315041500863855,0
-1.1769501493811279,0.035576476984624864,4.457714618597925,0.6721143150964368,2.0863358160823675,4.7796175250186295,32.96372768595575,6.304854006723361,4.307985050767786,225.17933780971921,20.820754820640754,396.57210893736874,7.760965294056197,0
-0.6368702773965811,1.753691026701081,6.105930302279599,0.4751280673480088,2.084998484998947,6.379138715613441,44.822792036538964,3.929277247778902,5.722274147178003,224.55937006730736,20.637448434861533,396.7378654933561,8.670204601703949,0
0.34241947155124386,-0.09329864965349177,5.0808548484386655,-0.69193369617461,-0.4830235932938778,7.424313478967295,59.016113060907784,5.911383020116755,4.6195672390179885,222.53275800651323,21.375685403231017,394.94542598524555,9.911641586375074,0
1.1883720361066963,0.1310578260461443,4.937118553682169,-0.16865175340045263,0.16273496505023072,6.1235896569432215,37.29172011607041,4.323517431037037,4.716656826292501,222.89786297073647,18.43691440576607,397.8580999962398,10.268110916214338,0
0.6637314722244397,0.36547447264283456,5.752272871914494,1.0437433977204944,0.9953342958813796,6.557242420187275,44.79175205280088,6.218815533650645,5.61100195982526,223.1664041169301,21.388336538358935,396.66028622146916,9.812924891717133,0
-2.2297795085981,3.1788536793675353,3.8981177317683104,0.393376870254097,3.0469046777421775,4.1244525825412905,59.12521193057947,5.1359188955790644,3.3710024349397,223.1451650830672,19.887904679953706,396.95261207591136,8.2876922333494,0
0.3173767290302598,35.85128557484479,1.8726272039171725,-1.3969620577511315,1.922099203713916,6.563488454308233,49.020779080788316,8.273682892994142,2.5970278598509826,283.9097102538932,16.231494309804866,393.8746223395935,5.1752280500820085,1
0.09701357323257792,-0.7072645299514636,3.8029548077317523,0.6556180611713827,1.6373971619983803,5.466384270862433,58.73498727522049,5.511253283574807,1.1823892147238757,422.6146440480818,14.576574573236796,390.67663106647313,7.052572378833438,0
0.4393202853726931,55.96899787027586,4.246177662197311,-1.0846106224362382,0.09621204445070941,4.800954150052119,56.12190370701209,5.7882433402441675,6.280944208780424,371.2551584167047,17.604956697009072,398.2666791787183,6.165840307859788,1
1.6466996816512072,54.63816746291566,,1.412513069961006,-0.3991996311551246,6.990980234023887,28.325859836316553,5.484312841883721,3.9245802433811816,370.3081750887251,17.836270770589014,389.59449784595677,5.970339739046453,1
-2.0321082768047427,-0.48975018290120914,3.8828947195717576,1.024098839841025,1.2309078833832394,3.7711723783895668,48.824884718824585,7.599994757255582,2.076834875971807,351.5543204439468,19.95575103749842,385.8433645246957,10.387517575613394,0
-0.5294834251911056,0.9086013598921112,3.9796600266548903,0.2898854759184008,-0.6586612642343601,4.575804033912551,54.178379131993125,7.751495777255371,1.8380997784001878,349.9177587563701,17.214745377392234,365.1843542832793,14.560730176101206,0
0.6096063227933547,85.03108558777116,3.8960373219522193,0.1572328434361934,0.19056364901969736,5.978806205986582,27.03109065999658,7.80944177931286,4.250297672664839,351.07058957541733,17.9307525485349,392.27644967783,6.264652161503944,1
-1.5665843994539423,80.2785759145118,1.6321934672417278,-0.20903225602742,0.3202220509980774,5.803714164048923,29.6265213384096,7.1284971411543046,4.065983301918246,280.025770193695,15.914764708857858,391.4680186796945,5.954021303808505,1
1.504939048053509,40.01398522186529,2.1663114410745665,0.6785239514000281,2.0219120891228077,7.335408502207068,34.92612394681942,7.378582676347347,0.5355881807688194,335.18292875353893,20.205496044208274,390.16396515249926,,1
0.4304666127006584,,-0.48320910320898314,-0.37077816946206166,0.07430269704032244,6.79558019190248,44.376577040799184,6.452351884292602,-0.014069192885279413,337.1062402977033,20.477216536456126,396.95826438725146,,1
0.926083985843404,60.42496589743615,2.552000050412134,0.23556987063989387,-2.0282496385726154,7.472798745935457,35.399381854011345,9.653953536496543,2.7334037302691576,412.24059654619305,19.587170242508087,370.9177536922771,5.694939323653575,1
-0.49850366152179454,58.06303306729458,1.3103134748574388,0.8719343665194511,0.9154446476624682,6.6363837327126785,16.950742823655755,11.337793896671844,3.951516099529344,411.78506091825,17.764970545691625,392.7819222833936,7.741013511939048,0
0.8308536899662106,90.66657266860953,2.3969477856953723,-0.5618065435255897,-0.2890218531039264,7.868812789361381,35.589165440946985,10.528001467986718,4.5344132204114,186.0379228699284,17.92722648568879,384.1658475651544,5.986038893515147,1
1.1114815559890383,79.0179805801697,0.7830120897991362,-0.6161927399906946,0.4556310244377468,5.661081599990946,20.8262975872822,9.217577153746694,3.314393007641738,333.48700525080324,23.360901587477052,382.55750320792197,9.014679394163618,0
0.33946802013716837,,3.238631066849436,-1.194365480724459,0.32629529915787636,6.239466900816669,,12.376598571232915,5.547089486131609,333.9051553930715,20.35675303014453,377.7473620136716,4.4363083144532,0
9.217360892698697,-0.05841124385868244,19.345634960171875,-0.06447274612617226,0.49629600418223174,6.723513701919191,96.60432115832941,1.4857039501517457,23.917674321807265,665.2245928759896,20.81234492009845,380.4405467688464,18.842138618627583,0
4.120043239281726,0.08398100331445427,19.059590525750075,-0.8283953114415024,1.560340581784704,6.536656697391026,89.95290827923354,2.826246009164836,25.270042933926923,666.5004645249851,21.158511253780105,390.13563305146596,13.007685474419004,1
4.3384247352606184,-0.6935061645722808,16.585245224206464,1.7298287890155297,-0.7628648783527072,5.729805690082926,83.98378654529296,3.3650171465004948,23.466747817317305,666.3569088492158,19.941273613612562,394.17052879562397,10.575546773703955,1
4.113781319759647,0.8310318576679744,,1.8089145420827708,0.2529857750456398,5.77955746566023,81.90109183741428,3.1716261297812802,24.244776283798657,664.9116922069453,18.98922642247489,389.78284717219185,12.867103250871203,1
4.389397467547641,-1.342175166370907,18.50485508763571,1.4253289434703056,1.4540379131173813,5.580441601670034,87.09612071041913,0.9958857693919405,23.944523983743665,667.1968167090961,21.14295575610966,374.45671158496145,7.587230644336182,1
4.220233864353495,-0.40694374877255896,16.494728752867434,-1.6260844886265164,0.1559152246556318,6.67261682990983,90.83977136943687,2.06444032010051,22.302377690481876,666.1023103338089,19.000491172442242,351.5457805110372,15.728465314028524,0
4.678044246910295,-0.5848741349330007,18.075702616229187,0.7248546715562,-0.8388067092699718,5.267984825914844,94.34175733788747,0.485372730481608,25.428338306263914,664.2709288532577,20.021648565489098,381.3812529420483,10.530622028491209,0
3.1638539180215908,-0.04658727033933937,18.464534489033262,2.4221063499235562,1.438555343256736,5.139826249363235,88.50566004981731,4.351017858910323,23.864846392967586,665.9486571416551,20.15987594219667,353.21203113678047,14.845658920886006,0
3.3492709696804224,0.2788642846472388,18.656075273823152,0.5431900192613359,1.841094630441539,8.117755180675406,83.29898190070236,0.30982473598439997,24.74641821963296,666.2812064559229,20.915538051703997,355.0789355469579,6.19064708285544,1
6.037325547658973,-1.0078929496235447,18.277261366948856,0.10144743065004946,0.6730047923569936,2.3506012722172116,88.72493788961411,0.5653597811301798,23.24797127753844,666.9727923614357,19.573368440487467,354.0079138433716,8.212871618092713,1
2.953361771187436,0.7242826774562282,18.391231416847383,-2.0078930508046704,-1.2428455984695326,5.9418413412371995,90.68695291830869,0.7116991451584953,23.835155618420234,665.6625235968734,19.515416311172146,315.78587722824733,14.783605094297299,1
12.69994998270968,0.06300236833469973,19.573611392253095,,1.3369697466988162,3.9416176695317877,101.05185486052751,0.013939523277119559,23.133147640076647,666.8279382674472,20.29891547876311,131.3999054516242,14.749463472814954,1
5.100526191831194,-1.8919462533119105,19.32603390991068,-1.0635597294347174,-1.028887881419688,4.10719998042673,,2.6850939097565454,25.235998482763392,666.1871419867703,21.20639047761975,373.93578366112814,3.8686824129137882,1
,-1.958591440397031,15.232945046217258,1.1996350179115145,0.9397992768481658,7.491547749602018,95.55237220085621,3.779147901083496,24.311409347450677,664.6849453909624,22.487450000653148,374.1686897952774,3.8976514647267018,1
6.550186055560659,-0.012319292929311235,17.78256144516232,-0.5612029221888803,-0.2564638247421598,6.455551190205627,98.20966186563787,0.7266508806873826,24.367053526680888,664.5848332265175,18.692518800221226,390.9284339387224,4.19917206208803,1
10.561260590436989,-0.2209673177863541,17.93534897245605,0.5428582244775959,-0.5288392857669653,4.8094993729877675,101.67112122856325,-0.15132314684441006,25.35818414710498,667.1225598701493,20.515342017786576,366.91410822368374,9.43910385991786,1
9.124043982566528,-0.1034201135746335,16.34790142727303,2.02451267542669,0.22608998292030985,6.896222289219133,90.0934319881837,-1.1073254987260213,25.156341296899022,667.1959841783818,19.11346497376571,348.1253549485724,8.913246516344662,1
11.949920066890062,-0.02798245653021798,18.194183058232312,-0.7831798617151676,0.48470244357274017,4.368903010433886,99.95965761346599,0.9300912814778984,24.765342536136284,666.3229092304048,21.21881124320674,397.5110612000739,36.49157691729692,0
19.052316501324093,0.22555983951018072,19.348757772410508,-1.1369225814104345,0.023791749613551794,3.7291009097912102,97.8048162534778,0.8206345768385561,22.578272652962536,667.49570672118,19.261455452690765,395.0603450101975,39.59192412795523,0
21.93675310034609,,17.01343214040941,-2.156023042549981,1.2597032782151507,7.354180020349177,95.87755294395653,0.6650038736398555,23.304320880483317,667.0566098490416,19.525351781817676,395.41643331394835,13.431824193076677,0
15.082838311133957,-1.1111049009175582,18.436400938689875,,0.22493062154116628,7.791589222790115,93.42940953689586,1.5662752539762284,22.99611186398865,666.6836287294797,19.610729140936,363.6832154402565,,0
7.819967707933486,-1.1719715929007948,17.184176522703563,-0.5815939342816051,1.651190871671822,6.814037290866311,98.44193733042883,1.7531731428154864,24.727533693625798,665.0886885112664,20.123801061280194,394.1213303583339,22.703173500208496,0
25.25245436151714,-1.0933238578873825,17.428087976320324,-1.5510194123480547,0.9521731656434795,5.180882873854769,95.09416481784788,1.7091832579379007,24.17065194175005,667.7314287510324,20.523197596858708,398.12462935759976,24.490418357915214,0
17.409000569043176,0.2889166671687069,19.577393634170036,0.45301875631217164,-0.026557206596308003,6.76687700411218,100.06553258083005,1.0699751280315128,22.609487566369406,666.5363014322082,20.683701393608512,391.9166828564772,22.095581254197363,0
89.08408044434304,1.2449473786464456,17.557442179888177,-0.44997038186464916,-0.1949398838322859,6.483010275738276,92.01513136750782,0.3148781704257382,23.811255786988774,665.6141612253883,20.194232453817214,397.74334489192495,16.888127289810058,0
17.183950684860527,-0.4313394382395105,18.562212489010626,-1.0757359586452324,-0.9764962990474386,8.432923971529465,100.04441586854027,2.185033097806716,22.50588766428122,665.3317299946947,18.87010897755942,396.011415375243,21.411696578714594,0
7.584760458941075,-2.5016998441596545,16.228781883939014,-0.5545724056404471,0.9907331778668224,5.53488027800211,100.1366022830127,1.5929137594215306,23.94684351193024,666.2567837815138,20.92778615031019,397.9489037151716,23.5782915401123,0
6.74083278589386,-1.7039928626103755,19.962317561394883,1.0713045389296156,0.34541245274864185,3.2849645021013334,101.22839436833438,2.42145752483465,22.344627496012816,664.3289409151615,20.147041336336972,400.1081609139165,,0
18.483622062881146,-0.8330367227960116,18.7026524463065,0.6029369437552222,-1.6721955280635143,4.725364972155674,91.20799402954881,2.2295755494722314,24.52882749338461,666.6996732753529,21.361734790014697,283.5568223698789,30.759042328587235,0
16.017663709974578,-0.5577288874952148,17.91750015734974,-0.13002606149848983,0.16428512723059985,7.221597792260228,97.98466500519265,0.004337930952884372,24.377962626034073,665.046429185306,19.492261220520064,397.59537714786063,31.075424045639608,0
24.833436606016992,-0.4083886272547264,18.675546509999897,0.6191050184648526,-0.20103402925495206,6.2279202885453895,101.06431218624718,0.032977792542396855,25.907948493346883,666.3706081088243,18.597725272649004,395.09183728640625,27.90460493307977,0
23.121287842812773,0.038581122980917065,16.690180571052192,-1.160911956386739,2.27567759217066,6.8309542887565655,88.52155911995857,0.7628592812594716,24.847873289497343,665.4783796626418,20.165973997316925,397.32676892221747,32.89382568860952,0
14.609974179328555,-0.3117463308224471,19.28253074175266,,-1.0027786118933097,3.860239814618536,102.81444745326615,0.533234591709332,23.5770857441775,665.7355812872753,21.495952688284262,372.71322783644814,31.90883239231099,0
6.7389741161076335,1.0493396105434072,17.77601522450357,0.14732233048647056,-0.7413507997340538,6.302152395976778,99.27525747816674,2.4833517759761006,24.818070093274486,665.243090127235,20.36094213661605,397.0297823224618,21.819897693655413,0
4.652046563367357,-0.6760173056813688,17.895930484951567,-0.4698365084987269,1.8099696431056997,4.991005460263288,97.38082925283767,2.2778096759879176,22.602336119054822,665.8387705688192,20.000330200827143,393.5183137236718,16.833751614786003,0
5.347403585390382,-0.862317959475543,17.608344385034517,0.43545833595741784,2.056763157463963,6.275289399416924,83.0250959739726,3.2669839937853107,23.037527396318914,667.8893795460174,19.329652982342566,379.1605411094965,19.515821504188374,1
11.106123966361665,0.4788755385204616,17.519348597254417,-0.7804334546444512,-0.04498293872564152,3.763047571260267,98.87713647533164,2.1664868174109184,24.33314253207511,667.3850596270487,21.957766466680823,395.4516421620296,25.75796139746004,0
,-1.5356420699261193,18.79467061162841,0.5098207077761179,0.06091417719108905,5.548544235117284,93.3925074116726,1.9998495818733688,21.841750337252073,666.3544789549954,19.17039740511522,398.1416372628987,13.934254021434048,0
,0.3896917053200022,18.355906850104223,0.5518587715312919,1.3092353965533128,5.210753302636384,93.09494402099608,2.9818297803441705,23.96283921506612,665.974705734435,19.47460574237176,396.4907496933898,17.022729378497747,0
8.85499143205868,0.10255318372626686,18.75174814140304,-2.917159880697066,-1.6340997969453102,7.369555280142617,100.2034703847675,2.1954273397350486,22.979736707881578,666.8442011906928,20.770034196084023,390.57730932259693,17.26613164095695,0
6.632183085375853,-0.1474424899181674,18.09120531051443,1.1903057035101177,-1.1681936845055563,7.205719121669656,95.65910342055498,1.7449009634377188,24.101307055153264,667.1299703941075,18.34397931011321,398.49493682334065,21.96354800206931,0
7.901231374115068,1.5882761071492624,18.613199811077184,-3.047632565352754,0.4122665991492881,6.023819729330821,99.00715507283932,3.1138530339306856,22.922263641952735,665.1701816177924,21.47459066538134,393.0326573471909,21.37727086327856,0
38.881864705601465,-0.6222074452947179,17.681151256074962,-0.6160490255561253,2.242890566129126,4.1025785819446146,98.72074602782473,1.60478088315279,24.424248137455187,665.9225611323678,20.824193114217355,398.807635970442,31.301150156934526,0
9.211876737130119,2.0602981705240784,20.32973184140955,1.025348034257755,0.25726991183326037,5.54036056605028,78.3262020181239,1.1960593950820784,24.019327423667388,664.178041770432,21.099231071811108,339.38135612931336,30.21917050128818,0
24.86648858616854,-0.2254314492280993,16.532069583569502,-0.31728672525244067,0.7939367917351545,5.240883517057274,99.34862570993245,0.7509767412223504,25.40036591688133,667.1231021102609,20.758117011949654,396.10185429521357,26.93372225505802,0
14.432976096656958,-1.2770164449702281,19.360937323562986,,1.826789272564012,7.212675756694491,100.10016963799347,2.2771254590454113,24.00673453410162,668.0650242577009,20.03887648254363,396.81501019906324,19.316310596366893,0
10.416238475417419,0.0699195809948253,19.467907450720972,-1.0937370617166706,2.7998847332781462,7.582184852817185,99.71590099463921,2.876050541842469,23.231357195038534,666.0800826246231,19.136851289844575,376.23103793966357,18.57101277280009,0
24.407958827775428,-1.0762452003187681,17.247841194034407,1.0269057463206197,0.11615152685168739,6.405385586030883,97.92501280173585,1.65221259856657,23.753114144172716,663.874989875097,20.059924558775037,398.4263031999864,18.897440890918435,0
42.05036725573211,-0.7517558478135002,20.329273610555976,-1.9215045305486382,0.6761632762665739,4.775780580582979,87.38226030014559,2.9153156237798385,22.655763602983267,666.608890516577,19.224763688247364,329.8975177133671,27.332282981829568,0
67.65496120808461,0.39703330001549114,19.09549028294532,1.1289911009620173,2.5150552213428425,2.9434668777105206,100.04651317021474,-0.5446150319715759,24.40613725470544,665.0959108338509,20.686155310076384,385.1462926210965,20.874460721791017,0
20.59865783267187,0.5555820886501248,,-0.05510209904228934,-0.8631992751914284,2.371038101869946,100.06397771136885,1.122646625192085,24.589850246315272,665.3366505583356,21.0067798305481,370.02012041290175,22.79567820772725,0
12.780619042024073,-0.6221677002542582,18.128022187025877,-1.1923953304424335,1.6865810705538218,7.029626978082208,99.62655703365049,1.2451050878955636,26.469196036692818,666.626576389791,21.676808631198206,332.03944296414534,,1
5.4108296289458435,0.9874051450464006,17.882773841781326,-0.5831150723026911,-0.4213155323612583,5.215745060680176,99.00600629150279,0.7277056275926531,23.378164009395594,666.2545541255128,20.571767640552864,315.9445920856783,26.18457344651454,0
,1.157507758021134,17.890591172960395,-1.0172243411016413,0.6994723671031567,6.1012753817348875,99.67108012966662,3.8493610379818732,23.732205426324818,665.5118912246614,21.124575356595187,179.3637053507975,19.118276401811855,1
49.653614602557184,1.436301756563291,18.49053059631952,0.8662252008585286,0.3543809525997257,7.399660293436233,99.5786627253543,1.3468073673112388,23.424241475561786,665.3503943673983,19.902855262769858,2.2050027287018255,9.768486185618599,0
11.717083880151696,0.5294134071257222,19.5011862750339,0.7324278097628383,-0.3610116007012293,7.9221599454883265,100.97859286366497,1.1197692283955667,24.212113701131223,666.1258360552208,19.721722861991804,34.485492834386314,22.943893828123862,0
18.132735559844825,1.3634287120856987,18.28131421786142,-1.7191611338760466,-0.3861019276582751,4.652448721919787,99.46170090468335,1.5798621134335051,24.381690534479613,665.5905344474876,20.673671890816802,28.236234846163835,35.0321452814906,0
29.40523389972774,-1.8807984279740577,17.18855637686271,-0.4035921185193341,0.8734143642537544,4.8615969089360265,99.96224496555146,-0.41341373852582963,23.94662515557149,664.890762866397,19.81352712728309,209.56790400395724,19.51969922310185,0
45.461215933617424,-0.31790654862846257,18.924427062384982,-0.8631856623442771,1.688539328162682,4.386898787186875,98.418689218489,0.8983320746550848,25.086325916873033,665.6674368185217,20.46918578882766,87.51962469167351,36.911652211638035,0
18.282390081941852,-0.8670052563234263,19.021150746394795,1.2935099684593703,0.5492637968114968,6.661162798387466,100.70419034512317,2.817939969445404,23.383020496245223,666.3395926232552,19.138807810664577,28.74842027565032,29.021686664347733,0
11.923417496710792,0.11922586112739209,18.75465952844779,-1.350099118126421,0.7491131587332164,8.382047281319608,92.74086693918187,1.190554645067225,24.986174047890714,665.8218965331804,19.3183723175237,21.363400739432503,25.022044566259847,0
27.26828613226769,-0.5714492191967373,18.845498906524984,1.604229104685014,1.2501740662910472,5.726467424237227,89.82122537279979,0.8186248371997285,24.538497853641083,664.5864914017518,20.835409301018288,128.0644116685561,25.870869782256147,0
73.46496206527385,-0.16615784194973238,17.829071869842192,-0.033294739516937566,-0.2926187730129598,6.6830290330391415,101.4617991675473,3.1121256365144,23.987970080101054,666.9890646213755,21.086690075406096,13.971243482099165,21.630524020326714,0
13.165885889569397,1.8821748802040494,17.17101083286942,-1.1619344063800876,1.457692508412923,7.993270109070171,75.65389786382266,3.134254400951829,23.685063359242854,663.2611885630566,19.214343831033318,49.018311308965885,22.320215622483182,0
11.17952665843411,-0.1697197964203783,17.23180656935922,-0.6772741840092779,1.5373430970597468,5.241323998975581,100.2363242820282,2.375890472161142,26.42666775873137,665.5536348449716,20.87061431050642,318.5886472956309,13.925303612969127,0
6.185191776172538,0.4137923171902139,16.464536751542145,-0.8016188407684506,3.32162629875041,6.760861892474043,94.3568400756306,1.4194826659613327,23.18299134925792,665.3798015454461,19.667264326964723,319.4985599771095,15.656859655930557,0
11.453799647801265,-0.2322693299242352,18.33694861154595,-1.274618402015506,0.23789580944041772,5.353431245338388,87.37223445441865,1.7117289348836766,24.297933176968414,666.1481788778714,20.21650517620031,291.73095995742113,14.218009753129124,0
5.569883487434984,0.07571328795683367,18.016551216773408,0.09482685973037566,0.15591819833187237,3.586904804227234,,1.2176500384250408,23.24978092975787,666.5616618078027,21.616944415790645,2.024174746187972,21.317295775806166,0
7.903986146266348,0.006016680436071459,17.660012295470292,-1.2279155506918433,1.3529658715737454,3.4368304580141884,70.7018206131033,1.068726880971355,25.785620748621305,667.126764808261,21.007487234022946,1.526125080111644,17.11925364218281,0
15.502283311925572,0.4483240659731595,15.144381175654932,-2.1803662087381888,1.4981041689121384,4.877882388481314,93.98735897739878,0.8651835116915676,24.886826328799202,665.2875951266478,20.99587198802219,8.602247941171937,25.25797993434826,0
,1.165307535547177,16.85268253030583,-0.3796764708481731,0.04891284662328799,6.368223228592581,58.38497089446225,1.3795455932147926,23.321650121158857,666.5865823373334,22.108790358456964,24.89301756134819,16.141229385521832,0
39.382669831165984,,19.22084065140317,-1.8028561964178826,0.2758373230699512,6.3157995653402965,77.31883606850923,0.828179009315255,24.51259499343123,666.1958183878814,19.4961206589502,18.506057545252148,16.74979511519497,0
5.9849284846229605,0.30962008190916684,17.43537399993687,-0.7521608680675204,1.2201308382180405,6.377366707175663,78.59145258993958,0.371894881456851,24.257695721276555,664.2884606248168,19.214125025007455,95.76381462792757,22.771109482312177,0
9.731717468259918,0.5895468860356021,18.460591677656844,-0.9091028886033559,-0.14858424073466137,8.330943482686692,,2.1876026697539057,23.48337523802526,667.9005402554341,19.477877729771407,59.250142483892866,25.528934024750853,0
,-1.150864509185567,16.709314570024745,-0.8712160720258142,0.17346601198498507,5.078910385140188,87.4624582440002,2.287295580893437,24.758164217228174,664.5612248727598,19.945498946593386,83.67389270706806,20.440085935914325,0
10.536997088463202,-0.08787674241562057,19.538705482359234,2.0009631015901537,0.6735927673684347,6.805566645816277,92.40401480085393,3.788992758428317,24.38930539110441,666.4194972723097,17.845449385708108,82.94344096022536,20.4481562617746,0
6.312963349312273,0.940289464883589,17.955972339945326,0.05641156716957076,1.579938684822258,6.729435522813816,76.22107593806979,1.5320616316452975,24.215698713885953,666.3899599441977,19.99257176330319,98.15316647674103,12.193070207932701,0
3.75016417415247,0.8659686384171532,18.390040396483535,0.24537100899533215,0.10840138382045916,5.699726883461665,88.83640041701466,2.6119005896232705,23.95808028875767,666.2756367823291,19.655429268105088,98.80723839390717,17.193740293431333,0
14.841696991568483,0.21160973279505021,20.425779791881688,-1.7763982963422946,-1.1293844620306719,6.236326745082941,93.45470005447125,2.5349125792748017,24.43105449259965,665.5054231178384,20.9837597673978,100.85511672703839,14.610763566605007,0
10.555399287191268,0.8863939595679524,19.616440100589404,-0.6539631336369219,-1.176597467518211,5.029050665915655,94.2967983832895,1.8708624388744668,24.22938766149246,666.8272526511405,20.55241937901004,109.79665703775326,23.37768631949497,0
13.886899761626445,0.49076670899381886,17.793434378712945,0.21530262994151197,-0.5194130667061334,7.870906217275028,94.3955224114958,2.7469335887496764,24.059093333025018,664.4396325260569,19.59930337223066,28.35404362607423,17.40227235692169,0
14.10744758871031,1.2003062582593216,17.506779815129644,-1.0245289129130064,-0.5731677181999373,5.470385447469567,100.55043351093478,2.689429186850714,23.358984084012437,665.9341712113261,20.789960845362902,9.926733177411727,26.84798455756288,0
13.023816723312445,0.2893591569571111,17.77445498848047,0.9080628435179854,0.585389241380091,7.966400164778502,86.59090494761202,2.14801109519754,25.693766240762493,665.4361253234475,20.923263059823768,65.96417746589007,33.36809091198018,0
9.818520440694916,-0.35569831557103465,18.609898248476537,-1.2026965859010301,-0.448880153597605,5.594525676082545,94.5107421557962,1.5615602949522045,22.949580056651453,665.3227020579329,19.43145421020859,397.44524220442844,22.19307150013828,0
21.861855659063597,0.33584125693302364,17.99477586574913,-0.2863661358651756,0.03724504017879593,6.846053565399183,90.26249940391942,1.508669891445465,24.427636218879744,666.4287477874535,19.70697574461758,390.4465205904959,,0
10.052842002282482,-2.9305943758527757,17.70475585499653,-0.5860516399755586,-0.034085884982049786,6.352697131008846,96.97717782424279,0.6973461012029409,23.679759257698567,667.0774785427196,17.974636812902016,384.5382712585513,,0
6.0282918539288435,0.38288573638504947,19.567181250709044,,0.29949213915200656,6.18825616773947,101.13795676940005,1.1988822213823083,25.7595472694493,665.6567442381631,19.109340025630715,395.50152658962645,14.662478864283253,0
11.287201655528166,-3.6484128252147836,17.985790108222165,-0.640490071855426,2.0625043315231224,5.900970666777993,100.01839421557132,1.356392476098312,23.09651746277616,666.7806810899258,19.45753043957642,387.14097110903003,17.39444307868791,0
12.459513849135622,-1.723463407405418,20.39958909303732,-0.27089362707093734,1.4019475894305167,5.9731239293662775,96.10106245003804,0.7716282375705659,23.26473673823967,666.0497406654446,20.27416617660602,238.8792653897132,22.642733508538537,0
9.194942183154268,0.45176860094098414,18.190742563752174,-0.23613009177798555,0.7561294152760039,6.776998694414047,95.68934625377234,2.427823966687664,23.030181936738174,665.107267790762,19.254617320640182,43.764576417057555,23.097028093886028,0
7.3552924165719835,0.47752933726679525,19.88531839422473,-0.734387757391301,0.2789737194191619,5.5567414910848205,97.37475181508658,3.26862786898701,24.32346505095061,665.7420479067589,19.68654801295089,318.7733388475316,18.204423329478637,0
9.593361827902745,-1.1624287801399305,18.45731942271063,0.48509386849711267,0.3067673433769788,6.125955584140116,97.91003969286695,1.28993756767085,22.62694934043136,665.7005141092084,18.9746693184174,388.5669761962995,16.65893884707164,0
10.443682444577378,-0.7121020418789388,19.06296057324945,0.23838837483742528,1.0407464699519495,5.574901133942886,99.57434242844639,2.545041435744637,23.521471505242232,665.3033400874946,20.37111389853127,396.0323763697729,19.195279371699197,0
7.909387113182471,1.370540988614132,17.37538894848228,-0.0886139452531673,1.2971690733522903,8.716664069614838,99.38137479393714,1.1508888604702898,21.847634177145714,666.4284829286559,20.625714594584906,303.2306219958107,20.06280182294177,0
6.586582469796655,-0.48403013157267616,17.246240777412588,,-0.19461750610060047,6.659269230088381,93.33290855743753,2.0186778290608376,24.24042135412809,666.2346461877048,20.60236534841982,1.3459321315802275,18.51190295618266,0
5.789915894046295,2.242920312402985,18.559705955014987,0.796544030519997,0.7494807556142314,8.200232151696559,,1.6648704208222243,23.499785141243738,664.4093503017306,20.212361131905258,353.7787773135041,18.338396191459122,0
7.041182560126299,-0.001919853176346149,19.088553242465316,-0.23583424381418136,-1.3186195686630269,6.101377669192312,91.8895089997638,2.970095648606441,22.511943256068147,664.3484740047606,18.658927003498604,386.15447046081914,17.479679309091487,0
10.325070529053752,0.4080361768812668,,-0.3066972878259372,0.924713784170597,7.652287641534908,99.06274028090259,1.7739118261578217,25.085609402974058,666.4246844532057,19.58004633610715,375.70480084086955,17.839351742287654,0
9.583011135132779,1.6168743984986076,16.813606664916303,0.10469002988812601,1.475149241958686,5.4066359283547305,92.88763170694027,3.507760413706647,22.69233310161506,665.1847135712055,19.792693327681516,6.584165500357143,19.6294127917401,0
4.9125605933170755,0.13102711619341956,16.739741633710675,1.6965866829708507,0.43293137311912455,6.077927408132136,85.5446884911802,2.190079226337801,24.796943690028215,666.3020411551004,19.796704687079373,49.211912294586675,18.50609536755399,0
5.745070157466385,-1.0023439806908012,16.67286359781376,-1.340356208021204,2.5295269961401052,6.186534670789246,87.6179855180648,1.9309962904051692,23.298959176012197,666.7809315781092,20.274981217989836,10.333283369871413,20.281071870860146,0
7.354918967232654,-0.10972745169429012,16.33237788706062,0.7698568930553547,-0.16823844743605043,7.522003830959867,80.54145215960243,1.5258947376548369,25.601571377895425,664.7290471625945,21.625541372371018,4.113585516011376,14.594211757496605,0
8.085300372618255,,,-1.893171161238105,0.9304404153032613,6.522982777676272,85.14081259800426,3.03630451029535,24.749550538926147,664.5884627454238,21.0120962126846,270.873589912148,15.93953682585955,0
6.775307152046143,-1.3647416522015654,19.22504392170803,0.21727315822862395,0.6771752533340445,7.464720361193,84.3582027721245,3.61271840222618,22.991952129125973,667.6744316823953,19.212482220151305,397.3986358672518,14.394209534348269,0
,-0.25583207134082336,18.08658421307519,1.5750828276087308,0.6127023325565917,7.34172911020292,91.00347629087766,2.8708212565368743,23.082917447789693,666.3515707829624,20.878402875296633,255.319012253679,17.572682877481572,0
2.859741194050594,-0.7421920939974367,15.83958524266215,0.48866852446730713,0.5986778319952524,8.003401339464686,89.47931565643212,4.805931666414423,24.60552520522431,665.5807593433267,20.840302367665736,390.7862443861677,16.22139499695077,0
5.065352506691031,0.9243577571874341,17.909239539665453,0.1706250785397928,0.8201050300094717,6.257957782694945,82.76855320231121,4.1641874524704185,23.737621869289832,665.0660595473537,19.393932527048435,397.75467308649127,12.539820629789737,0
3.7481665640087085,0.03461187418525562,17.937201003367395,-0.5604494688030756,1.5609587434636998,8.903222710651804,90.49469021137018,2.4940722352829843,23.830657492978634,665.4895591510927,21.04886592263544,391.61774323102145,11.701167174149274,0
6.7219358870103925,-0.28279574914757005,20.195998750225442,0.03104720048855424,2.0327362362747445,5.723603797085877,65.15647195827515,2.645372566192931,25.2722388617721,664.8094276638867,20.039623364054737,397.2466807487437,12.048554813973732,1
,-0.10618193062257626,16.642862087080445,,0.6527497554958427,4.992538165802332,49.52213589407848,3.5361967194853534,23.251311126630043,666.8834121740906,18.790046509985554,336.0194351580733,12.988784754439179,0
3.481788413351238,0.22312201840616613,,-0.7859766079313554,1.470316072171633,4.741947150310966,85.33584333826593,2.033480819574315,24.091293772175455,665.2232488463936,20.655202724637142,23.449943139100665,16.915714297672633,0
6.359511162429516,0.6168141996897798,19.805852680544564,-0.28987561547486984,-0.11776694626678252,8.33402467155807,93.30951624531164,3.7065883065324865,24.954627793652307,667.0935345882162,20.416961823614525,331.6798067205385,21.001793527867417,0
16.681693369907297,-0.9997122286693814,18.54997834134655,0.19838116062643954,1.345955452726233,6.7454475726178975,71.16152465215384,3.2700005218435835,24.8091174883856,665.59937108023,19.972322370814172,368.43831922386914,16.57158272028312,0
12.113008883658374,-1.0415876326212719,18.663313073516427,-0.7672170685306403,-0.18199152382699035,5.378879266619691,58.348112161823884,3.080158910858533,23.840387332479327,664.9566498163827,20.1625469150167,396.26419744345236,15.409877973492566,0
4.696498452450957,1.10467921540253,18.21458443702388,-0.8062818206846841,1.670659936088132,7.416022696873495,83.8187689654533,3.720353667770816,23.71109411914734,665.5736984119862,19.480914521111536,396.59707420609436,16.969402424726603,0
3.631331763649675,-0.4123368722047306,18.429943538657266,-1.3602434375921744,2.7426408773932396,6.916692185117782,91.14771503009507,4.822129883369059,22.261184537479068,663.3758332224986,20.810130503797108,395.8738072479179,13.92404159616367,0
3.284316161959905,-1.416842092596874,18.877609530278537,0.3907250260888961,0.45791611202860816,8.40312747137559,75.54587883773914,3.067455352187505,22.943755007334804,665.879231423326,20.156549365491074,392.5627561945406,13.926544670222134,1
4.832215649415382,0.44381270938310463,17.290513681107235,0.5453232619670604,-1.5785434908074087,5.432167167260089,66.5633771008354,2.4198596291286156,24.318359226574735,665.8298808088698,20.366448843948227,375.4374238180504,,1
8.674961116975393,0.4633698060326869,18.9780585789082,0.23166044423651747,0.035927066755176984,5.161639891685745,95.91070794921352,3.9385196233225788,23.862117811057765,666.8247427465479,20.557141924428873,354.7131605180033,18.109572835097357,0
6.053861516115984,-1.5307152572567064,16.72699698311446,0.9651704927286658,1.8158751342893034,5.699478616057174,96.00616484796538,3.1735504159911354,24.074927078566226,664.1136950720166,19.045414385573675,302.6981167648726,25.787995441468468,0
5.9352615327343585,0.2294817154636063,18.42836797283154,0.08786763708072752,1.1670767870252448,4.510317323591399,92.9743758935986,1.9843201596162776,25.03925360963406,667.1618663608635,19.305716978117946,394.8656051967167,15.845755217366781,0
13.881461773857596,0.7355830924283736,18.278740963286328,0.3920109373657567,0.8629135986750296,6.364327204779695,98.37572296749418,2.10588644865902,22.812676890937727,666.8205992949977,17.99005554038379,348.1352552536836,23.953055651010896,0
10.23933906236227,0.37438645170626306,17.483706911807893,0.30383742563756283,1.622668355954839,5.914603444196641,97.05675629030836,2.365880915938799,23.76381969776735,667.2520435636986,20.764742258490408,380.4765655517116,18.0355408427918,0
16.931373726595833,0.6319814837613953,18.077314724674356,,1.098453439248422,6.968631204986562,87.69552219225348,2.3130129446049827,24.188710963411218,665.9472786239959,18.987789976253232,383.26025382103956,12.024429765084497,1
6.047089742625276,-1.404269098090749,17.477459847334448,-0.5308218281296473,1.7497251874511364,8.601771934329612,65.14646102124519,2.067600149060886,23.295840062425484,667.0138968341028,20.33256970989565,397.77683089606404,10.481679642728883,1
7.141394506606172,0.3310401549961956,17.028298673138256,2.214152615791911,1.4514236766469857,6.3967563081723915,74.83990775224487,1.78921539219844,25.431477113927418,664.5287559650931,20.57098822493955,392.5363657508406,7.613924463630091,1
5.822680178173208,-0.30261975947044656,17.746385258386358,,2.053700452736959,6.639847017342845,77.01257850235183,2.5232099779975465,24.908586801613147,666.7130475652045,20.80235283889252,396.11062354753983,6.352313891207531,1
3.3991570953297967,-0.4827901587246448,16.99601136462834,-0.6658777111204364,0.8907960839062543,5.880664169723995,40.956818526720134,3.1335615569886577,24.290133327088757,665.2288372379,18.99598308616394,392.7617008265503,10.484468926102672,1
2.3217868056073083,0.8705556094197265,18.42279746409325,0.43400982345010697,1.4882594014939547,6.85824735298341,41.172632259340865,3.0801759860274975,25.794231779328587,664.348598167577,20.134838381859307,369.9974959446761,13.968149277757814,0
3.5032624188357957,1.47927451067423,16.949914505847637,0.25185441529500513,0.27587292691421456,5.745286974689851,51.94033640555469,4.626410642090004,22.501104720389858,664.8758594818356,21.870280420787747,388.21900152119764,10.343733554968997,0
4.9122676032745805,1.794370054600359,18.81197702299105,-1.4047915476103274,-0.01846081155900592,5.483038402867869,79.48773180539334,3.3769708436752617,23.992273718894317,666.0055311386293,21.914314679984315,391.4829456445768,14.526805266031264,0
5.265971358957554,1.314807871505905,16.918520932071182,1.1226782545637386,2.2897676404189733,6.962189270241366,51.61439662539975,3.3486946050101882,24.36633696893406,665.1757007917824,21.18732309402695,390.20935955858164,11.284235083346127,0
-0.7006771891857679,-0.10973418163018368,27.17370508441899,-0.09419457535083331,0.825204676322688,5.832639323838035,91.7795442437507,0.5965965899577383,3.085444953206078,711.3760735316959,20.43749313881884,394.9936181864415,18.052563653354408,0
0.8489552363134292,0.35272016302634307,27.11539659178482,-1.1109310952157205,1.413880565862379,3.369271736995179,99.86820644706383,1.293757797079055,4.300714541817729,709.191762444996,19.094893611154625,344.6945140886822,22.22968043466558,0
1.29274700444591,0.7668228717842437,29.065146728874836,1.188784114353874,0.7327400144113901,3.867608200530892,98.38472331458523,2.4098576617448404,2.893417506212122,708.8729024563842,20.818621625391053,317.89313086712923,30.14155391796128,0
0.47227140723722993,0.12117794929946196,28.07028994561659,0.625675571596154,0.022484349080035715,7.48423586382721,97.47641169859861,2.4630524581768016,4.690557318274253,712.3723874341435,19.94197877125316,389.0580721780202,17.618998770553205,0
-0.17492873355569186,0.13076418791154437,27.528266197455604,-1.2645419919479142,0.6199828925824014,6.384928283078812,81.95964562415159,1.3853261718120922,5.057834768128907,711.9038001294015,20.660528275272846,396.66611948908206,14.611535074811052,0
0.627275579308696,0.823753131876182,10.188719441069722,1.7771828402577243,2.0209940177677144,4.944804068962751,53.88783609988942,2.5433623863795534,6.2723334011283285,389.9507031640862,18.56715654514788,398.0011925333792,12.601053475642475,1
-0.029103055546412626,-0.059282646025932216,7.582807652670311,0.6587973683661927,1.1402400742794239,5.755590342765018,44.16118653317648,4.580547853482332,4.147202184935054,390.99700035652944,19.02706688716007,396.3792682086017,14.760066404219655,1
1.1145371254651493,-0.7292869363736615,9.646866410359092,-0.010196115625046132,-1.1264731597304591,5.68323667280167,28.613241865195647,2.781002070744362,5.033206478833965,392.0195070602013,19.364147360076423,392.4194680272706,16.588996206285092,1
-1.5418060842151236,-0.4144730658358585,11.687514177804761,1.5902188056217794,0.36975554342384526,6.125733360280163,74.20699955340402,2.1054130538575544,6.564710003213161,391.4192006082906,19.44627809149386,397.05546424436915,20.768613358812573,0
-0.06722736811864621,0.6339103777337424,9.822346506402672,0.15929778382964058,2.3672937927047117,4.43573660514121,70.95193077081865,2.71893761063784,6.021198643512366,391.1482230961835,19.693722714460247,397.39902260071773,12.857541512542591,0
-1.7516919951239978,0.002993291199955732,9.757913169169335,-0.02808307510403198,0.3712031381500439,5.178050861329542,65.7712504578459,2.501277107526833,3.305997382307512,392.0951540813126,18.6208050154751,398.54284816885314,12.214808791070674,0
-1.317230830227205,0.34020997686833787,10.238128379642195,-0.660300116021989,-1.2154786917341807,5.841955754863389,72.16427949069544,2.2487316193094506,7.24283038386824,390.26928752479876,17.856715547889795,396.1237504783725,16.35210542450859,0
1.5882422298139094,0.6700792422021898,10.585605243314346,0.5818504393070786,2.4780488854225435,5.92716541950455,80.63752292174976,2.4668452993234986,6.136656506253832,391.0311784486646,20.824785039899794,397.5439926785312,15.817490577922495,0
0.9578149819716859,-0.3748414628976096,9.93253330711014,0.4766029673239799,1.2553925098127925,7.16485918263671,68.76506796272639,1.0351532030631605,0.18092533599995497,272.9821513617076,23.489254169023358,392.70927523692035,,1
-0.6742102332847904,0.7562481636298061,10.247673518208973,0.014680139889711287,0.5029871411871996,4.8904926026404025,77.5630924536109,1.3248695249140487,1.9949555975666642,272.72723795232895,21.44742071120238,395.74698461806736,8.621722331682717,0
-1.441743456040897,0.37884260345839443,12.140291291086147,-0.789986353867603,0.20158226391793133,7.333128676271321,90.18583001801389,2.018164762928502,0.3224599870931011,272.6101944885792,19.67600790526989,395.9366679295304,5.56380432797605,1
-2.8549388378416514,-1.2348130869114786,11.21512343810249,0.12992985416607386,1.6553519297917354,7.8855836193774715,89.4770493475099,2.2236320299775634,0.31154788239578535,273.0728682378285,20.226804883157122,392.3661037103943,7.065605641809782,1
-0.49608550793263456,1.4423047911862443,13.242025262219913,-0.06979878576213788,0.03101659977380744,6.516818547149284,,1.9388107251399993,1.3583526510140362,273.03440749598553,21.509117569050968,395.5678542443083,6.120189736463507,0
