PassengerId,Survived,Pclass,Name,Sex,Age,SibSp,Parch,Ticket,Fare,Cabin,Embarked
1.3047170797544314,-0.5577288874952148,0.5636243367526776,"Elias, Mr. Joseph Jr",female,22.485198231477707,2.381279015558926,2.469196036692818,239853,6.063552021807443,,C
0.9600158937595045,0.5916113727452736,0.016584021340969368,"Goodwin, Master. William Frederick",male,37.760382844565356,2.676594798245697,-0.6218359906044048,C.A. 2673,72.71731828473952,,S
3.7504511958064572,1.038581122980917,3.6877611315998724,"Becker, Master. Richard F",male,26.365487345038506,0.7173484576086773,-0.2677945736751827,110413,8.429207518534458,E49,C
4.940564716391214,0.6882536691775529,2.212883691723156,"Celotti, Mr. Francesco",male,36.565779531203255,-0.1903434881683701,-0.5757585244382156,2690,53.070168919055455,,S
3.0489648113461634,1.0493396105434072,4.109169811492132,"Hakkarainen, Mr. Pekka Pietari",male,35.5086595430181,0.4906069024558882,0.21211370113122407,2626,7.485196648897574,,S
4.697820493137682,-0.6760173056813688,1.4079869977585446,"Kilgannon, Mr. Thomas J",male,,0.8508609038591928,0.38169053447961365,3101296,8.75446958462874,,C
7.127840403167285,-0.862317959475543,1.301552306812904,"Skoog, Master. Karl Thorsten",female,54.45399563144696,0.7257079833187221,-0.05337484442851077,347089,52.85393609331751,B30,S
7.683757407656418,0.4788755385204616,4.01551521648293,"Allison, Master. Hudson Trevor",female,3.232863743309009,3.784954288687918,2.086325916873032,14313,20.24803415645306,,S
8.98319884249571,-0.5356420699261193,1.3416644344177548,"Morley, Mr. Henry Samuel (""Mr Henry Marshall"")",female,26.778403830001896,0.3632630792475308,1.3830204962452224,350060,11.12847162772339,C125,S
9.14695607242642,1.3896917053200022,1.9920954846267636,"Gee, Mr. Arthur H",male,14.995634806117833,0.9275876611694563,0.9861740478907121,16966,30.93886649885117,,S
11.879397974862828,1.1025531837262668,3.273842398308456,"Quick, Mrs. Frederick Charles (Jane Richards)",male,3.309884458848054,0.3916325040959816,1.5384978536410825,19947,14.76399887091587,C52,S
12.777791935428949,0.8525575100818326,0.6992354151532651,"Soholt, Mr. Peter Andreas Lauritz Andersen",female,56.514460840477724,-1.8979355185014963,-0.012029919898946523,315084,26.492430237594597,,S
13.066030697561215,1.5882761071492624,1.1478381445987984,"Garfirth, Mr. John",female,20.14116901883264,0.33964176671335083,-0.31493664075714545,374746,7.620708629452462,,S
15.127241206968034,-0.6222074452947179,2.674301889926271,"Davis, Miss. Mary",female,37.24352327925369,1.1860528436521887,7.426667758731369,239865,31.141170142244963,,S
15.467509342252045,2.0602981705240784,2.672694569744976,"Chapman, Mr. John Henry",male,13.760228987106409,0.5575758428248162,-0.8170086507420794,STON/O2. 3101282,7.352571443628097,D33,S
15.140707537116763,0.7745685507719007,1.8519275954522458,"Hodges, Mr. Henry Price",female,56.2868422626455,-1.3375436932928941,0.29793317696841465,237789,16.137624605207296,,S
17.3687507840825,-1.2770164449702281,2.4365285745749303,"Ekstrom, Mr. Johan",male,0.09023709425371917,4.64501668931506,0.24978092975786748,P/PP 3381,31.048627220422716,C126,Q
17.041117399171,1.0699195809948252,1.5569878467585327,"Stanley, Mr. Edward Roland",male,,2.054545094620777,1.7856207486213058,C.A. 31921,12.676077526071449,,S
19.87845030130727,-1.0762452003187681,2.960293717653022,"Boulos, Miss. Nourelain",female,29.967967754838423,1.0784501307779113,0.8868263287992036,13507,18.291711009094108,,C
19.950074089013746,0.24824415218649976,3.4424546049697113,"Rosblom, Mrs. Viktor (Helena Wilhelmina)",male,,-0.06166531920654083,-0.6783498788411441,370377,9.219746418409112,,S
20.81513763645474,0.39703330001549114,1.6955732371433327,"Collyer, Mr. Harvey",male,34.63428321435379,0.309002356085701,0.5125949934312284,367230,25.449984421627445,,S
21.31907045559606,1.5555820886501248,1.5903510716319982,"Wick, Mrs. George Dennick (Mary Hitchcock)",male,35.39913638169609,2.032337024710338,0.2576957212765554,113773,14.814675348928969,,S
24.22254133867403,0.37783229974574184,3.092354038254458,"Cor, Mr. Liudevit",male,15.954348329091697,-1.023647761699891,-0.5166247619747387,347077,8.034523006627106,C148,S
23.845470517931197,1.9874051450464005,-0.9209159258951816,"Arnold-Franchi, Mrs. Josef (Josefine Franchi)",female,28.4952729460686,0.20320693339390494,0.7581642172281733,W./C. 6608,37.28189622586493,,Q
24.57167217783689,1.157507758021134,3.477035127226458,"Quick, Miss. Phyllis May",male,8.145630314343885,2.2003425777023558,1.3893053911044102,347743,21.825201124946318,,S
25.64786644951177,2.436301756563291,2.9994369028770413,"Reynaldo, Ms. Encarnacion",male,38.393229776984825,0.45299527915500504,5.215698713885952,113767,31.69460836258242,,S
27.53230918555335,0.5294134071257222,3.0396935265975618,"Razi, Mr. Raihed",female,,-0.04959030788193934,-0.04191971124232876,345773,7.159369318113413,,S
28.365444064364077,1.3634287120856987,1.960734307594464,"Caldwell, Mrs. Albert Francis (Sylvia Mae Harbaugh)",female,19.857210353556614,4.347323241613559,2.4310544925996513,350406,262.3759585601208,,C
29.412732611595988,-0.8807984279740577,1.0471844699517519,"Nenkoff, Mr. Christo",male,,1.8009906006887368,0.22938766149245945,3101295,7.954991549964353,,S
30.430821003007882,-0.31790654862846257,1.0261661301410363,"Butler, Mr. Reginald Fenton",male,,0.4481421446267063,0.05909333302501734,PC 17569,8.793161459020025,,S
33.14164760087046,-0.8670052563234263,1.2738038453235196,"Perreault, Miss. Anne",male,41.186142502118834,-0.3765947230234853,-0.6410159159875635,F.C. 12750,27.70768856900333,,S
31.593584983615383,1.1192258611273922,0.9928831448714842,"Bourke, Mrs. John (Catherine)",male,,3.4927388666385184,1.6937662407624925,315097,146.20417719493815,,S
32.48775727092846,0.4285507808032627,3.170176943191932,"Hakkarainen, Mrs. Pekka Pietari (Elin Matilda Dolck)",female,,-0.4275544813295202,-1.050419943348547,36947,7.499217465822227,F G63,S
33.186227271752124,-0.16615784194973238,1.5378729248275544,"Andersson, Miss. Ebba Iris Alfrida",male,66.40030990830968,-0.5711359143597373,0.427636218879745,370365,11.492476613583053,,S
35.61597942257549,1.8821748802040494,1.6643536742399312,"Nosworthy, Mr. Richard Cater",male,25.138481629899328,-0.7749430445787269,-0.3202407423014329,CA. 2314,83.39596145509985,,S
37.12897229272089,-0.1697197964203783,1.9326388429911199,"Swift, Mrs. Frederick Joel (Margaret Welles Barron)",male,42.30225821848546,2.3960915692447435,1.7595472694492997,PC 17754,51.33284948623163,,S
36.886052542345126,1.413792317190214,3.4839822939515273,"Holverson, Mr. Alexander Oskar",female,,0.968245592371294,-0.9034825372238406,347088,6.56061214255251,,C
37.15984352303747,-0.2322693299242352,2.7391715415954168,"Danbom, Mr. Ernst Gilbert",female,20.94937188694301,2.417805536116446,-0.7352632617603321,19943,8.429358919667113,A20,S
38.175518784308764,0.07571328795683367,0.8923106123855971,"Ali, Mr. Ahmed",female,18.706532512897827,0.6104766477818742,-0.9698180632618253,24160,19.527532064757256,,S
40.6505927878247,1.0060166804360715,3.769236208037128,"Hickman, Mr. Leonard Mark",female,13.925231078435273,2.4581708074791093,0.3234650509506103,370370,12.38769030831256,,C
41.74325417120344,0.4483240659731595,4.221728666217593,"Sadlier, Mr. Matthew",male,38.85979314334884,1.0701355183661274,-1.3730506595686418,2628,8.223147787820087,D19,S
42.543154268305194,1.165307535547177,2.6445584119839802,"Skoog, Miss. Mabel",male,26.85859732917462,1.8061002168001363,-0.47852849475776627,PC 17582,20.73592403000814,B49,Q
42.33449029271131,1.6473939976033294,2.1203575726324937,"Harris, Mr. George",male,,-1.647777141104471,-2.152365822854285,36568,6.965196445310488,,C
44.23216132306672,1.3096200819091668,2.673794393667758,"Turcin, Mr. Stjepan",male,3.1149339115810126,2.4680818226652974,2.2404213541280904,2666,41.31168747808474,,S
45.116685809140726,1.5895468860356021,3.8605297079614456,"Newell, Mr. Arthur Webster",male,19.16191936728507,0.7865167513318304,-0.5002148587562626,111361,9.483609996035355,,C
46.21868859672901,-1.150864509185567,4.5588162477990855,"O'Connell, Mr. Patrick D",male,,-0.038910034786217525,-1.488056743931853,364506,6.627399351216983,E24,S
47.87142877794819,-0.08787674241562057,2.1238900757720423,"Madsen, Mr. Fridtjof Arne",female,,1.6451126876611215,1.0856094029740586,STON/O2. 3101279,13.88113470671981,A10,S
48.22359554877468,1.9402894648835889,2.7735454154558616,"Corn, Mr. Harry",female,,-0.7654953010422492,-1.3076668983849393,7534,6.921445846566398,,S
49.678913563071895,0.8659686384171532,3.7472720511434554,"Partner, Mr. Austen",male,,1.4205599144183005,0.7969436900282153,347082,21.966510602575994,,S
50.06757906948889,0.21160973279505021,3.0574100714381576,"Petranec, Miss. Matilda",male,16.265388503062805,0.5365553863746038,-0.7010408239878044,336439,18.420754820640756,,C
51.289119398689984,0.8863939595679524,1.8826723979487252,"Greenfield, Mr. William Bertram",male,7.179646680780054,2.147272138309722,2.601571377895426,330959,40.12494843486153,D48,S
52.63128822583854,0.49076670899381886,3.4146162850267032,"Moran, Miss. Bertha",female,20.414621498026957,0.8617584942033671,0.7495505389261462,PC 17558,8.975685403231017,,S
51.542844180144336,2.200306258259322,1.5786616338151667,"Andersson, Mrs. Anders Johan (Alfrida Konstantia Brogren)",male,48.62928961552689,2.1915936141825663,-1.0080478708740281,36866,74.96611440576608,,S
53.6803287836427,1.289359156957111,2.087962896331002,"Asplund, Master. Clarence Gustaf Hugo",female,28.09519249678558,0.29865585023615837,-0.9170825522103063,14311,27.188336538358936,,Q
54.529627345707205,-0.35569831557103465,1.2195849271799442,"Madill, Miss. Georgette Alexandra",male,64.83044928429956,0.3482030159448188,1.60552520522431,345767,61.66710467995371,,S
55.36112215175666,1.3358412569330236,0.7412940983142698,"Johanson, Mr. Jakob Alfred",female,,-0.2655404746292363,-0.2623781307101668,347080,36.231494309804866,,S
56.72485774877332,-1.9305943758527757,3.4782789357160593,"Tikkanen, Mr. Juho",male,19.735569638822785,0.3282739620810305,-0.16934250702136555,345773,9.176574573236795,,S
59.4949413112344,0.38288573638504947,2.0993078162873235,"Fortune, Mr. Mark",male,27.330389997521173,-0.6275772412110292,1.2722388617720979,SOTON/OQ 3101317,7.23415669700907,,Q
58.13416888430676,-2.6484128252147836,1.4126792372362211,"Endres, Miss. Caroline Louise",male,3.6980654298364954,0.11657484391236417,1.2513111266300436,36963,27.986270770589012,,S
60.96827835459148,-1.723463407405418,3.0109855135275256,"McGowan, Miss. Anna ""Annie""",male,12.727418286628101,6.0520748860237426,2.0912937721754545,PC 17760,48.05575103749842,,Q
59.317130228384194,0.45176860094098414,3.8789540277008925,"Hamalainen, Mrs. William (Anna)",male,21.537660294478712,-0.06387058512449259,0.954627793652306,2659,5.643945377392234,,S
61.66511497001422,1.4775293372667953,-0.49737317009453674,"Hold, Mr. Stephen",male,37.97436093965233,2.0221089508534758,0.8091174883856003,349213,80.0307525485349,,C
63.16275306510501,-1.1624287801399305,-0.3102967497654392,"Appleton, Mrs. Edward Dale (Charlotte Lamson)",female,44.59721705889376,1.04630996479414,-0.1596126675206725,347080,82.38976470885785,,S
64.58622233135928,-0.7121020418789388,0.9622714922652822,"Ahlin, Mrs. Johan (Johanna Persdotter Larsson)",female,3.0555771215969085,2.0739219596495078,1.7110941191473419,C.A. 29178,28.405496044208274,,S
65.71122657979285,1.370540988614132,1.0326952252532708,"Niskanen, Mr. Juha",female,,1.2269408764359389,-1.7388154625209316,STON/O2. 3101283,28.498016536456127,,S
66.79334723519993,0.5159698684273238,1.8816941827934561,"Ostby, Mr. Engelhart Cornelius",female,,1.6308001641460197,-0.05624499266519578,35281,16.532970242508085,,S
66.65127492775156,3.242920312402985,1.6154498899820833,"Mamee, Mr. Hanna",male,30.392070920974255,0.7268728636964236,0.3183592265747336,373450,9.964970545691626,,Q
67.53764820733544,-0.001919853176346149,3.661378189891708,"Gilnagh, Miss. Katherine ""Katie""",male,18.147062182207726,1.1906006788679186,-0.1378821889422362,350043,9.08552648568879,,Q
69.85797588125715,1.4080361768812668,2.3584572792171534,"Seward, Mr. Frederic Kimber",male,17.647574103061686,3.3472037061542057,2.074927078566226,2661,9.285901587477053,C93,Q
69.80869567511839,1.6168743984986076,3.2312820227433647,"Shellard, Mr. Frederick William",female,25.168477227333625,1.8727466910147124,1.0392536096340605,358585,7.019253030144533,,S
69.72431367666208,0.13102711619341956,1.700662092248278,"Scanlan, Mr. James",male,30.22363236115378,-0.17144983148779322,-1.1873231090622745,11774,11.112344920098451,,S
70.86671278599653,-1.0023439806908012,3.6721143150964366,"Ibrahim Shawah, Mr. Yousseff",female,17.01951091766463,3.709253463084382,1.76381969776735,26707,47.85851125378011,,C
72.08054771399839,-0.10972745169429012,2.4751280673480087,"Coutts, Master. William Loch ""William""",male,22.16009284664355,-0.2635901501582435,0.1887109634112177,SC/PARIS 2149,73.24127361361256,C45,S
74.49716074405376,-0.03561073619009093,2.30806630382539,"Farthing, Mr. John",male,27.0460522510479,2.3363794578768244,-0.704159937574516,2653,13.243426422474892,,Q
75.14242573607056,-0.3647416522015654,2.831348246599547,"Beesley, Mr. Lawrence",male,31.530134750780427,0.237338103793847,1.431477113927417,STON/O 2. 3101286,57.438755756109664,F33,S
76.69048535406777,-0.25583207134082336,4.043743397720494,"Yrois, Miss. Henriette (""Mrs Harbeck"")",male,24.833224265998012,-1.3460613278449878,0.9085868016131475,248723,6.450491172442243,,S
76.57274735366346,-0.7421920939974367,3.393376870254097,"Brown, Mrs. James Joseph (Margaret Tobin)",male,,-1.555839411664935,0.2901333270887555,4137,7.717448565489098,C32,S
78.15853969107671,0.9243577571874341,1.6030379422488685,"Nakid, Mr. Sahid",male,,1.6647760587482714,1.7942317793285865,3101264,8.009875942196672,,C
79.62559039396734,1.0346118741852557,2.6556180611713827,"Kelly, Miss. Anna Katherine ""Annie Kate""",female,0.43636252870295567,-0.09031901025512999,0.5011047203898578,7534,29.715538051703998,C22 C26,S
79.69065346027976,0.7172042508524299,1.9153893775637618,"Jensen, Mr. Niels Peder",male,28.380928179881835,-0.6474102057016173,-0.007726281105681772,110152,11.848368440487468,,S
81.45677523755741,-0.10618193062257626,4.4125130699610065,"Paulner, Mr. Uscher",male,22.11387519414201,-0.2739917648970031,0.36633696893406104,349237,8.315416311172145,C92,C
81.33807405893334,1.2231220184061662,4.024098839841025,"Burns, Miss. Elizabeth Margaret",female,30.079009639236112,-1.477307754317332,-0.9145550467939221,PC 17601,9.59891547876311,,C
82.63694615343493,1.6168141996897798,3.2898854759184006,"Silvey, Mr. William Baird",female,,1.4230951495116198,0.30071454181772833,347077,8.79389047761975,,S
83.61826210600167,-0.9997122286693814,1.1572328434361934,"Matthews, Mr. William John",male,28.63875938167598,-0.3930529375860296,-1.106582493787878,PC 17757,49.387450000653146,,S
83.80416035441095,-0.04158763262127185,1.79096774397258,"Nye, Mrs. (Elizabeth Ramell)",male,17.331541695133694,1.367401527738422,0.6905573182742532,3101278,8.992518800221225,C2,S
86.48697248078558,2.10467921540253,3.6785239514000283,"Molson, Mr. Harry Markland",male,33.75014826323233,3.051651714447315,1.0578347681289066,111428,16.16534201778658,,S
86.53059765979728,-0.4123368722047306,2.6292218305379382,"Carlsson, Mr. Frans Olof",male,16.871975499719007,2.42953197456844,3.2723334011283285,36973,33.288464973765706,C65,Q
88.01249411872769,-1.416842092596874,3.235569870639894,"Coleff, Mr. Satio",male,,0.2566944990430854,-1.8527978150649458,SC/AH Basle 541,9.068811243206744,D,S
89.48074665890591,1.4438127093831046,1.8719343665194512,"Burke, Mr. Jeremiah",male,21.383040599835056,3.853232662869076,1.0332064788339654,382652,262.0614554526908,D35,Q
90.44653117602995,0.4633698060326869,2.4381934564744103,"Potter, Mrs. Thomas Jr (Lily Alexenia Wilson)",male,23.46648047431712,0.7190930460883368,0.5647100032131608,29106,7.375351781817677,,C
91.66538510897279,-1.5307152572567064,2.3838072600093057,"McGough, Mr. James Robert",male,29.889127317527006,0.6232910662519707,0.021198643512365802,PC 17485,7.460729140936005,,S
91.90151451549058,0.2294817154636063,1.805634519275541,"Coleff, Mr. Peju",male,19.45799609647403,0.3479344771827106,-2.694002617692488,315093,7.778001061280196,,S
92.57670168795585,0.7355830924283736,-0.06447274612617226,"Laroche, Mr. Joseph Philippe Lemercier",male,45.30595667614236,0.7671492838844152,1.2428303838682404,3101295,61.4981975968587,,C
93.92028178909361,0.37438645170626306,1.1716046885584976,"Karlsson, Mr. Nils August",female,24.17864965807536,2.91543469157286,2.1366565062538325,12233,21.058701393608512,,S
93.31266556604197,0.6319814837613953,3.7298287890155297,"Ridsdale, Miss. Lucy",male,60.75264755455094,-0.9069369850959007,-0.819074664000045,A/S 2816,7.244232453817217,,S
94.55288752757691,-1.404269098090749,4.808914542082771,"Harrison, Mr. William",female,,0.004307642343159692,0.9949555975666642,113760,6.72010897755942,,Q
95.6773003876456,0.3310401549961956,2.425328943470306,"Icard, Miss. Amelie",male,71.76989598127476,0.01488587520759545,-0.6775400129068989,347076,35.38198615031019,A34,S
97.00275317239851,0.6973802405295535,-0.6260844886265164,"Spedden, Mrs. Frederic Oakley (Margaretta Corning Stone)",female,23.967725386779474,0.4024407533435215,0.31154788239578535,12460,63.30534133633697,C118,C
99.39977422672344,0.5172098412753552,2.7248546715562,"Bateman, Rev. Robert James",male,34.5767083615434,-0.4294726458945011,1.3583526510140362,383121,24.161734790014698,,S
99.09452094463994,0.8705556094197265,3.4221063499235562,"Harper, Miss. Annie Jessie ""Nina""",male,33.75567114482047,1.3147463055895878,1.7810384592422948,349222,25.292261220520064,B42,S
100.62183744596061,1.47927451067423,2.543190019261336,"Laroche, Miss. Simonne Marie Anne Andree",female,27.8362358958778,-0.16884258520296613,1.6235871779728863,2678,6.293525272649006,C54,Q
103.29922829778607,1.794370054600359,3.1014474306500492,"Goldsmith, Mrs. Frank John (Emily Alice Brown)",male,,-1.5819525174378992,0.35971149890410664,SOTON/O.Q. 3101305,7.861773997316925,,S
102.64373602893858,1.314807871505905,-1.0078930508046704,"Shorney, Mr. Charles Joseph",male,23.634740754415,0.009552286256846456,1.4623856588503197,3460,78.58345268828425,,S
104.73751556846709,-0.10973418163018368,3.2667361679766413,"Marechal, Mr. Pierre",male,33.55591203129944,-1.1005653330301517,0.791498932084825,113789,8.81514213661605,,C
104.06638231999013,0.35272016302634307,1.9364402705652826,"Johnson, Mr. William Cahoone Jr",female,36.53619955864856,0.26561423755109903,-1.256983675369349,112052,7.725330200827143,,C
105.79456244213237,0.7668228717842437,3.1996350179115147,"Fleming, Miss. Margaret",female,28.46549677416628,0.13687332068938496,0.6441483371519825,2664,7.025452982342567,,S
106.04997794508942,1.121177949299462,1.4387970778111197,"Panula, Master. Urho Abraham",male,19.989131082143683,0.48788334201956646,-0.7340734681435281,1601,9.407766466680823,,C
107.66096692409944,1.1307641879115444,3.542858224477596,"Taussig, Miss. Ruth",male,,0.5266980421045764,0.3184780667965807,PP 9549,6.745397405115221,E8,S
109.8403081374574,0.823753131876182,4.02451267542669,"Newell, Miss. Marjorie",female,37.33893090419286,0.5671707070196942,-0.22746762760733732,3101295,7.17040574237176,B78,S
108.27267957680765,0.9407173539740677,2.2168201382848323,"Taylor, Mrs. Elmer Zebley (Juliet Cummins Wright)",male,,-0.9325890209406105,0.5012083271142144,S.O.P. 1166,24.720034196084022,,S
111.43442364354586,-0.7292869363736615,-0.13692258141043445,"Sunderland, Mr. Victor Francis",male,48.06597762974314,-1.3610169279074695,0.1181034650064601,28220,50.14397931011321,C23 C25 C27,S
112.23773560233228,-0.4144730658358585,0.8439769574500189,"Otter, Mr. Richard",female,14.884768544204993,2.973521436813671,-3.0730302708212998,113794,15.72879066538134,,S
112.40585004430321,0.6339103777337424,2.733586465924823,"Allen, Mr. William Henry",male,22.09446999181964,-1.0472087600770361,0.17889171170518062,SOTON/O2 3101287,8.674193114217356,B18,C
112.55394214561154,0.002993291199955732,2.418406065718395,"Badt, Mr. Mohamed",male,20.010802084856014,1.610841031136689,0.6421529522992627,29750,10.72423107181111,,S
115.07212950771387,0.34020997686833787,1.4489805876519453,"Warren, Mrs. Frank Manley (Anna Sophia Atkinson)",female,16.943558903112894,-0.686937621665846,0.4459283483384537,347071,15.016417011949654,,S
115.4705072909362,0.6700792422021898,3.4530187563121717,"Johansson, Mr. Erik",male,20.4233015110725,0.07967273926756446,-0.10258594620857964,C.A. 2315,7.76387648254363,,Q
117.2326762113547,-0.3748414628976096,2.550029618135351,"Saad, Mr. Amin",male,70.0505165702303,-0.6332542022735941,1.642161691930406,4138,6.6868512898445776,,S
118.02185214552344,0.7562481636298061,0.9242640413547676,"Rice, Master. Arthur",male,30.479590373650936,1.5615411546196447,0.3113731291216611,PC 17755,20.859924558775038,,S
120.60177889132092,0.37884260345839443,0.4454275943595529,"Moussa, Mrs. (Mantoura Boulos)",male,23.89146336731484,0.13677411731669906,1.4376733001931064,LINE,246.54556368824737,,S
119.76064437252698,-1.2348130869114786,4.071304538929615,"Culumovic, Mr. Jeso",female,1.2142037306172269,3.5517102263557665,3.0444918940505685,350404,31.761155310076383,D30,S
119.97650250737813,1.4423047911862443,2.602936943755222,"Rice, Master. George Hugh",male,20.48370240313849,0.9498278803192897,0.3625929996965988,A/5 21174,74.3067798305481,,S
122.17927563495631,-0.5007447437569161,2.86997393850151,"Saundercock, Mr. William Henry",male,,0.2677741974925111,-0.8980177534142035,11668,9.526808631198207,,Q
123.21999668397177,-1.6550953431851838,2.6191050184648526,"Davidson, Mr. Thornton",female,33.17560663316448,-0.21271879904259006,-2.4383374137796223,5727,30.442567640552863,D28,C
125.35918757524044,-0.04504370958630233,0.8390880436132611,"Gale, Mr. Shadrach",male,33.06032917823226,0.4274810421208385,-0.47712090201808144,4133,13.924575356595186,,S
125.83511124591458,-1.021045160678322,1.0323701007270305,"Moen, Mr. Sigurd Hansen",male,53.74247880109021,2.6264849090369,1.7609455258811164,65304,76.99035526276985,,C
126.35687105914951,1.0521733186575335,3.1473223304864706,"Ivanoff, Mr. Kanio",male,12.573362470172945,2.350170051262012,-0.35309633141780583,2666,10.763422861991804,C47,S
128.46330289121957,-0.2738505055462372,2.530163491501273,"Lobb, Mr. William Arthur",male,,0.7183478868941628,0.8011783722817295,392092,8.223671890816801,,S
126.81123694567715,0.6631680323594071,3.435458335957418,"Rood, Mr. Hugh Roscoe",male,23.740385968654227,-0.08560729774114767,0.148728175920273,110152,6.755227127283091,,S
128.36024846725024,1.619701965482479,2.2195665453555486,"Pinsky, Mrs. (Rosa)",female,,-0.9387526270035254,2.2880660702621847,STON/O 2. 3101293,22.62748578882766,,S
129.07342405859447,0.3398753611927038,3.509820707776118,"Nakid, Miss. Maria (""Mary"")",male,45.874277678919064,-1.3222863959001843,-0.2952167071206611,29750,5.913807810664578,,C
130.61019019684423,0.31604787064428624,3.551858771531292,"Danbom, Mrs. Ernst Gilbert (Anna Sigrid Maria Brogren)",male,32.0180901540492,1.2827928561027135,0.46761482656768805,315090,7.014172317523699,A32,S
130.6233138524437,0.40982845732869266,0.08284011930293378,"Kiernan, Mr. Philip",male,19.144473547091422,-0.7897560801247798,0.5058850645353592,35852,7.68540930101829,,C
133.6351509468144,0.6161346680022383,4.190305703510118,"Johnson, Mrs. Oscar W (Elisabeth Vilhelmina Berg)",female,47.10870215281341,0.30074790183595335,1.501601872631193,PC 17597,15.386690075406095,B4,S
133.77777730290123,-1.107953341777443,-1.047632565352754,"Leader, Dr. Alice (Farnham)",male,30.72613237466951,0.8343495243159785,-1.706637306334278,11668,25.01434383103332,,S
133.52919370549733,-0.3644382522644612,1.3839509744438747,"Holverson, Mrs. Alexander Oskar (Mary Aline Towner)",male,23.084434835531006,-1.0620462588465547,-0.4584082745531576,347054,13.670614310506421,,S
134.98442091879247,-2.180210064489474,3.025348034257755,"Doling, Mrs. John T (Ada Julia Bone)",female,23.278332939570504,-1.2267687345516363,0.8485161053885039,19952,14.513064326964725,,S
137.3135138474502,1.0360599267977955,0.6827132747475593,"Lindblom, Miss. Augusta Charlotta",female,17.623956668426853,-0.050474072781421825,3.545896479778648,1601,26.299805176200312,,S
138.8381265678944,-0.00463297222434532,-0.466185982469542,"Sage, Mr. Douglas Bullen",male,36.365669006474455,0.10847054532796374,0.24007151264208035,113798,54.51694441579065,C46,C
140.99673089169178,1.0455322747896802,1.9062629382833294,"Hegarty, Miss. Hanora ""Nora""",female,15.635571581935759,-0.7410185797788948,-0.29270416442148695,244278,10.024187234022948,,S
142.91386246600732,1.1876343927211208,2.0269057463206197,"Johannesen-Bratthammer, Mr. Bernt",male,23.57949165656311,-0.781191026147006,0.7571183686744447,349247,79.9958719880222,F4,S
141.414409433276,0.20277504825236733,1.0784954694513618,"Hirvonen, Miss. Hildur E",male,,0.5223602138344686,2.868702675231683,243880,17.154590358456964,,S
141.01046187996815,0.49963892260310017,4.1289911009620175,"Gill, Mr. John William",female,22.00720706037637,-0.23212569049535728,-0.3596616786673072,347468,7.046120658950202,,S
140.86795371926868,1.4851611125457378,2.9448979009577108,"Kalvik, Mr. Johannes Halvorsen",male,23.46474443336942,0.8214280321061463,0.3303073121775462,12749,14.864125025007453,,S
144.26771146234384,-0.5279176373243135,1.8076046695575665,"Masselmani, Mrs. Fatima",female,17.537542615145846,0.5969458973088833,1.1805272624119694,349909,6.02787772977141,,S
144.18705890468968,-0.001392651443348899,1.4168849276973088,"Simmons, Mr. John",male,18.779869612522777,-0.14203960823294015,1.8904589932744518,28424,11.245498946593385,,S
145.5846427398203,0.9861363169607678,0.9827756588983587,"Nasser, Mr. Nicholas",male,19.75287216714888,0.7217462315428271,1.742604959235292,C.A. 34651,34.395449385708105,,C
146.3879032009402,0.4422286540105764,3.8662252008585285,"Gallagher, Mr. Martin",male,27.84317431002267,0.47045035557017084,0.044138896665593126,54636,7.588371763303189,B77,S
147.8592091135836,0.8056786392425009,3.7324278097628385,"O'Driscoll, Miss. Bridget",male,7.459265503735918,2.668197843557631,1.9459248239620919,330909,33.830429268105085,,S
150.06598023078763,0.6774013686923024,0.28083886612395337,"Nysten, Miss. Anna Sofia",male,36.79891815258415,-0.14707349950860418,2.557396557193623,A/5. 3336,26.7837597673978,,C
150.15704856744534,-0.9547918171308215,1.596407881480666,"Kent, Mr. Edward Austin",male,42.675978855806925,0.0806077756205216,-0.11567284247945017,3101295,13.35241937901004,,S
150.84136516296132,0.973894128217401,1.136814337655723,"Carter, Mrs. Ernest Courtenay (Lilian Hughes)",male,49.96879793156042,-0.781790229733328,0.18964049902238825,349909,11.924303372230664,,S
150.96434624717418,1.6985663453715052,2.2935099684593703,"Staneff, Mr. Ivan",male,22.00917324818213,0.13931695683547451,-1.0578762645308748,S.O.C. 14879,67.1899608453629,,C
151.32531705529564,0.10192588737265744,1.649900881873579,"Vande Velde, Mr. Johannes Joseph",male,55.38373335468963,0.7691475019668077,1.297057196491159,PC 17611,8.77326305982377,,S
153.51369209092667,-0.7623234580276522,4.604229104685014,"Rice, Master. Eugene",female,42.342150658568265,0.4449420625446217,0.8598152728513215,SOTON/OQ 392090,13.73145421020859,,S
154.9462174491817,-0.85920601857557,2.9667052604830624,"Moutal, Mr. Rahamin Haim",female,,0.4552984384165761,-0.4321117604530126,LINE,6.8194757446175815,B69,C
157.76792991357988,-0.5376625769030224,-0.1619344063800876,"Williams, Mr. Charles Eugene",female,49.3356436066698,0.28085434872552223,1.0975932608518137,17421,59.153836812902014,A36,C
157.1302745214729,1.5425944632919601,2.3227258159907223,"Newsom, Miss. Helen Monypeny",male,18.49392700572799,0.04620327581495357,1.9909868798886388,2661,6.642640025630715,,S
158.98273951102306,-0.9556251674013979,2.198381159231549,"Fynney, Mr. Joseph J",female,29.084774278846677,0.6964118908227692,-0.42268298485232736,367226,7.307530439576422,C95,S
158.50070440146084,0.4375122486198699,1.725381597984494,"Asplund, Miss. Lillian Gertrud",male,,0.9351087610227838,-0.6660158139603963,250653,8.736666176606022,,S
158.81505623358296,-1.2417555288783926,3.0948268597303756,"Panula, Mr. Jaako Arnold",male,,8.911228005190647,1.4491830826662062,239865,68.60461732064019,,S
160.03488323776762,-0.20406858443884895,1.7720844493081567,"Dodge, Master. Washington",female,43.00430977315819,-0.10077791594598683,2.6588971676113125,113803,15.586548012950892,D56,S
161.27477393546425,1.1096477545740087,-0.18036620873818876,"Pears, Mrs. Thomas (Edith Wearne)",female,40.4932677938391,1.386992729908838,-2.8123469935060212,SCO/W 1585,14.5246693184174,,Q
165.12846973243518,2.4451301450589167,2.6203235291518268,"Bailey, Mr. Percy Andrew",male,25.892466255733936,0.22846068173232117,-1.002738012148587,219533,7.946113898531271,,Q
163.1786133207756,-1.3773156555203674,1.1971438035821174,"Todoroff, Mr. Lalio",male,17.55433000463239,0.6323761925657985,2.7312887091595517,4579,9.088214594584906,,S
165.83848920373634,1.4720145664901334,2.2478391319324795,"Fortune, Miss. Mabel Helen",male,1.2306723023806256,4.282087890834879,1.590882073491637,111369,40.08986534841982,,S
165.09707282191297,1.14984241398728,2.090897111396644,"McCormack, Mr. Thomas Joseph",male,10.196339485370247,0.2470067074841741,0.89401505066078,STON/O 2. 3101269,20.537361131905257,,S
167.93157301287425,1.4111719180159632,0.1287839279741858,"Panula, Master. Juha Niilo",male,,-0.7357519902503197,0.9580820178252285,8471,53.45892700349861,B102,S
168.38495096610586,0.11834791338820451,5.000963101590154,"Sage, Miss. Constance Gladys",female,44.83212593057369,1.7013508383448261,4.067454566067862,7598,27.280046336107148,,Q
168.8433621023419,0.444726818195233,1.0564115671695709,"Hoyt, Mrs. Frederick Maxfield (Jane Anne Forby)",male,,2.845294394907639,0.8461252459056059,349233,25.517693327681517,B94,C
169.95923747386456,-0.15368510436201774,3.245371008995332,"Crosby, Miss. Harriet R",male,28.580395964858603,-0.3747950747900833,1.8395020028225635,386525,56.092504687079376,C125,S
170.34521230457062,1.4540501814574582,-0.7763982963422946,"Backstrom, Mr. Karl Alfred",male,61.73181339432089,0.07099471542494816,0.38855168127921547,13502,33.57498121798984,,S
172.44607220148208,-0.4564711442247224,2.346036866363078,"Waelens, Mr. Achille",female,3.3354133277414033,3.5537947356527377,0.46021169698703923,17764,30.55054137237102,,S
172.5450165196592,2.1322345721792475,3.215302629941512,"Giglio, Mr. Victor",male,-0.04526278139847406,0.5119800984380655,1.7870844420982044,17453,11.9453962126846,,S
172.77439423623275,-0.6443671202130229,1.9754710870869936,"Downton, Mr. William James",male,20.432277856747298,1.5444494781186728,-0.6982526968628611,17466,6.937482220151305,,C
173.72206242568038,-0.06025184640128695,1.9080628435179854,"Yasbeck, Mrs. Antoni (Selini Alexander)",male,55.379178614319414,-0.6729710177274647,-1.0333374959890294,SOTON/OQ 3101316,31.374202875296632,,S
176.17258791772213,-1.0719625522902192,1.7973034140989699,"Minahan, Miss. Daisy E",female,18.786199268652915,0.5259195266336387,-0.7599088719564451,2691,8.494502367665735,B51 B53 B55,
178.57909125641044,0.4550237203475199,2.7136338641348243,"Moor, Mrs. (Beila)",female,,1.4125071762686987,-0.5651283945004009,27267,24.660632527048435,C90,S
178.15999161357342,1.4451259569265338,0.41394836002444135,"McEvoy, Mr. Michael",male,49.8448697104676,-0.7576117245422473,-0.8964451561242719,3101295,29.56136592263544,,S
178.88136167389013,-0.07735617982085408,2.164320659381916,"Allison, Mrs. Hudson J C (Bessie Waldo Daniels)",male,31.43091901882435,-1.7083998929533477,-1.177789767700871,113788,12.839623364054736,,S
180.28582613960253,-0.19688569870390954,2.359509928144574,"Longley, Miss. Gretchen Fiske",male,37.36846939376513,0.6318046992119288,0.31323652737471736,349215,-1.4099534900144448,B57 B59 B63 B66,S
182.30600174170684,-1.1146169630679268,2.7291063729290626,"Vander Planke, Mrs. Julius (Emelia Maria Vandemoortele)",female,,10.79969722183731,0.8005981741759647,370365,70.00520272463714,D11,S
182.21938250136387,-0.2292926535523081,1.7638699082220144,"Stankovic, Mr. Ivan",male,,-0.36667879365052214,-3.143666302024744,PP 4348,15.266961823614524,,C
182.58907276916625,-1.5927942597215277,2.265612242608699,"Silverthorne, Mr. Spencer Victor",female,10.57537664943554,2.3332420670097624,0.9560882254105343,113807,31.159822370814172,,S
185.10628871005989,0.08712201328117275,2.4850938684971124,"de Mulder, Mr. Theodore",female,0.9389826489715918,2.8999996644297332,0.5281403522785806,239854,38.9625469150167,,S
185.42875643846162,1.2267860461091353,3.238388374837425,"Dean, Master. Bertram Vere",female,4.126165196430975,-0.7269249589301569,1.3945505121280346,244358,21.305914521111536,F2,S
187.53575599199598,1.3190131977413961,0.9113860547468327,"Andersson, Mr. August Edvard (""Wennerstrom"")",female,,1.2993469305535403,1.5195246793091843,19972,50.61013050379711,,S
187.1832344372219,3.809210861229503,2.5695416665380417,"Pengelly, Mr. Frederick William",male,,0.7179709522100552,-0.6135425592891501,6563,15.456549365491075,,S
186.7755309682795,0.4134149149290993,1.7965440305199971,"Johnston, Mr. Andrew G",male,43.53136056968471,-0.6318156890827807,0.8809234631991979,363294,26.71644884394823,C52,Q
187.63184080075433,1.43530015664544,2.7641657561858186,"Vander Planke, Mr. Leo Edmondus",male,40.63286832355729,0.8220424442543135,0.9810174003191383,347082,15.857141924428873,,S
191.65092793223124,0.2437524804016479,2.693302712174063,"McMahon, Mr. Martin",male,35.21659894610338,0.7577767609361872,-0.042304725672598735,233639,6.7412143855736755,C68,S
192.7236657207833,0.8487523532536241,2.104690029888126,"Landergren, Miss. Aurora Adelia",male,35.059531228996825,-0.22742063075565644,-0.835380288848037,S.O.C. 14879,12.105716978117949,,S
191.8204807867174,0.4325944517261522,3.6965866829708505,"Sloper, Mr. William Thompson",male,17.913926417387522,-0.49672470279370545,-0.058782651580767155,19950,10.79005554038379,,S
192.61681267886402,1.0619164836799593,1.659643791978796,"Baclini, Mrs. Solomon (Latifa Qurban)",female,17.74261752501863,0.8011683970211282,-0.7650961268974169,PC 17318,8.418942258490407,,S
195.4614442922422,1.1103957256122186,2.769856893055355,"Sobey, Mr. Samuel James Hayden",male,3.510138715613441,-0.27185518450088497,1.1700243142545705,11967,24.787789976253233,,S
193.8929543179565,0.5916668371733308,-0.893171161238105,"Oreskovic, Mr. Luka",male,45.529313478967296,0.39703160229398016,-0.2362496326236882,A/5 3540,27.853369709895652,,S
195.10527298104418,-0.3981096597988507,1.217273158228624,"Sutton, Mr. Frederick",female,58.06458965694322,-1.7867265938449102,-0.9446279331916002,8475,146.89178822493957,C91,S
197.64332679468905,-1.5436252025220816,4.575082827608731,"Johnson, Mr. Malkolm Joackim",male,,-0.44412145436551537,0.9918943397005953,371110,8.35235283889252,,S
197.6053948771404,0.653244883281227,3.488668524467307,"Weir, Col. John",female,40.15645258254129,0.7593852088307432,1.4268404800214254,347061,7.20018308616394,,S
198.99487813327994,0.7232999099142866,3.1706250785397927,"Cohen, Mr. Gurshon ""Gus""",male,,0.3030482829327168,-0.44806273414224823,234604,7.684838381859309,,S
199.83655710147548,-0.5960888996561666,1.4395505311969243,"Mudd, Mr. Thomas Charles",male,22.92638427086243,0.5903205729863903,0.14549304703531002,347067,14.67028042078775,,S
201.33757454879893,0.008505626723153567,3.0310472004885542,"Reed, Mr. James George",male,26.10495415005212,-0.06504567271880911,-0.08382252150196365,19877,11.214314679984316,,S
203.40748186131373,0.7949322529156275,2.7479371845966436,"Ayoub, Miss. Banoura",male,,9.169746180985516,1.132409062736726,229236,70.53732309402695,A7,Q
203.09058490690174,0.1803639430263982,2.2140233920686447,"Olsson, Miss. Elina",male,31.757172378389566,0.924699196769792,0.07049622902116384,350046,6.833293138818839,,S
204.64393879327685,-0.6560549366409674,2.7101243845251304,"Collander, Mr. Erik Gustaf",female,44.17780403391255,0.44614100424767456,-0.6210117548073745,349253,6.219893611154622,,C
202.94982789896898,2.2262929556489497,3.1983811606264396,"Kink-Heilmann, Miss. Luise Gretchen",male,17.46280620598658,0.927545777313543,-0.9449338356200992,19928,8.768621625391054,F4,Q
205.95128159806987,1.579185502981632,2.2327829314693597,"Moss, Mr. Albert Johan",male,1.1687141640489238,0.7504235544035768,-0.6227673302665249,231919,10.304478771253159,,S
206.15676972970712,0.4945566553228533,2.193718179315316,"Norman, Mr. Robert Douglas",male,32.396408502207066,0.5605364866531097,-0.3586073535386307,PC 17569,16.410528275272846,,S
206.78118693957637,1.9736635113440901,1.6397565624078256,"Duran y More, Miss. Asuncion",male,26.30558019190248,-1.3438989116913336,0.5669706595837234,347085,18.154656545147883,,Q
208.12184763307124,2.241959996813811,3.390725026088896,"Salonen, Mr. Johan Werner",male,16.893798745935456,0.42036212584262383,-0.6946593533788596,27849,7.577066887160071,,S
209.6658765592992,2.1300993164045137,1.5453232619670603,"Tornquist, Mr. William Henry",female,40.75238373271268,0.5460892308314287,2.5207086921579696,STON/O 2. 3101275,31.164147360076424,E101,S
211.915902542356,0.6140991771126236,3.2316604442365175,"Milling, Mr. Jacob Christian",female,25.14081278936138,1.0904719911385654,0.8856856536527323,13502,7.296278091493858,,C
210.67360728226043,1.5983470470748828,2.965170492728666,"Hart, Miss. Eva Miriam",male,34.99808159999095,-0.9363212750452935,1.3043301326604781,S.O.C. 14879,21.493722714460247,C7,S
213.0306314925944,0.5196605733465026,3.0878676370807274,"Elsbury, Mr. William James",female,22.30346690081667,-0.9064310592771633,0.7952430120737586,392096,6.670805015475101,,S
213.5158305666664,-1.0973376745470436,2.3920109373657565,"Harris, Mr. Henry Birkhardt",male,30.511513701919192,0.45990026630777037,1.8528649749385728,345765,11.656715547889798,T,S
214.67232690563804,0.7007231568595857,3.3038374256375627,"Bourke, Miss. Mary",male,,0.9288330111469134,-0.7870019834725421,315098,9.374785039899795,,S
217.0027578253046,-0.355813971126554,0.9084599805817921,"Zabour, Miss. Thamine",male,30.602805690082928,-0.8857616105711281,-2.5607373856586215,SC/AH 3085,115.76425416902336,,Q
217.53811543700394,0.20540054487494508,2.469178171870353,"Andersson, Master. Sigvard Harald Elias",female,26.66755746566023,0.37510816375419076,-0.44612560835288306,250649,8.372420711202379,,S
219.33739810744274,1.3035650678080875,4.214152615791911,"Bourke, Mr. John",male,41.182441601670035,-0.8524229149889546,0.5582185755475376,112059,25.67600790526989,,S
218.8454943207501,1.8402201626941976,0.5480490201464915,"Givard, Mr. Hans Kristensen",female,32.42161682990983,-0.9452565518733762,0.15151697174797846,19928,75.51850488315714,,S
219.30405738832928,1.4873982896858626,1.3341222888795636,"Bowen, Mr. David John ""Dai""",female,29.905984825914846,1.3516813728601071,0.2754726109677837,PC 17592,11.00911756905097,,S
220.7761411831195,0.7283256163127078,3.434009823450107,"Salkjelsvik, Miss. Anna Kristine",male,15.336826249363234,1.8248790178071153,1.3209100026698724,113059,9.391115611681286,B96 B98,S
222.2424967912712,-1.1522488412767675,2.2518544152950053,"Charters, Mr. David",female,26.33775518067541,-1.2156563684719617,0.3820575744624996,349206,11.787109365458143,,C
223.1765733584537,-0.24043719707034283,1.5952084523896726,"Young, Miss. Marie Grice",female,49.78960127221721,-0.3293915374126943,0.7989129275910215,350417,7.925667179151099,,S
222.91561192776663,0.1020312972405742,4.122678254563739,"Oreskovic, Miss. Marija",male,,0.04262252307870598,-0.9395627418527589,230136,8.091732064443969,,Q
225.09048978162787,1.0789887163400096,0.9058054246491667,"Foo, Mr. Choong",male,38.07861766953179,2.781226927581568,-1.0953936892160367,370372,90.86457845128588,C23 C25 C27,S
226.2282283301389,1.1336804787567016,1.8890689047842795,"Colley, Mr. Edward Pomeroy",female,21.13719998042673,-0.49286894782440155,1.6141139230244876,113501,9.006398905599621,,S
229.51747403753393,0.6387295749965545,3.188784114353874,"Johnson, Master. Harold Theodor",male,19.808547749602017,-0.4768840230332781,0.10090153514706786,2625,8.936185308678075,,C
229.87684461128168,0.35203447180292424,3.6256755715961537,"Lovell, Mr. John Hall (""Henry"")",male,19.939551190205627,1.5487255584628619,-0.6232291834461349,17421,7.871197559452902,,S
228.1467566494412,-0.9886271494346061,0.7354580080520858,"Isham, Miss. Ann Elizabeth",male,16.59349937298777,-0.374789152718258,-0.6213944935471182,9234,14.124795965171238,D21,S
229.7126166384508,0.450317278043813,4.7771828402577245,"Kink, Mr. Vincenz",male,,3.7222017089664576,0.3508768783617424,348123,25.38410853825484,,C
229.536557998163,1.0031085501856367,1.6587973683661927,"Toufik, Mr. Nakli",female,34.462903010433884,-0.4771429651124275,-0.7089590210458417,PC 17473,83.88024009130642,,S
231.40929298603652,-0.7498133382845175,2.989803884374954,"Mitchell, Mr. Henry Michael",male,28.591100909791212,-0.17123274409232622,-1.2831478026036598,C.A. 31026,7.30050877057293,B58 B60,S
233.31560500359035,-0.2358293621748528,3.590218805621779,"Duff Gordon, Lady. (Lucille Christiana Sutherland) (""Mrs Morgan"")",female,59.04118002034918,-1.6595968383264046,-1.5004204022205085,2686,12.654227205274106,,S
235.20585362088823,0.8158242534847784,3.1592977838296408,"Willey, Mr. Edward",male,6.142589222790114,2.9445662190442956,1.8049956223455808,347088,32.413925680547216,,C
234.27091616225638,-0.2701551293370962,1.971916924895968,"Olsson, Mr. Nils Johan Goransson",female,24.020037290866313,0.8392013551522634,-0.5929258703203995,239853,10.887495847814462,,S
235.3458535599322,1.7713412422676835,2.339699883978011,"Gillespie, Mr. William Henry",male,,-0.04990539108671263,1.1071592854432952,24160,8.040368599401882,B5,Q
234.85271097026134,-0.09844600230787963,2.5818504393070785,"Allison, Miss. Helen Loraine",male,44.54387700411218,0.6808942594470253,0.29307665326691656,111361,27.502115147994612,,S
237.8373340794551,0.7561038898226623,2.4766029673239798,"Chronopoulos, Mr. Apostolos",male,7.515010275738276,-0.7487496239809176,2.2653176800779833,34218,25.19515766568143,D20,S
237.93758558814045,-2.0974509576101417,2.014680139889711,"Harmer, Mr. Abraham (David Lishin)",male,20.887923971529467,-0.22065607324128275,-0.7431204075544506,250646,9.947973731840579,B77,S
239.47056057263393,-0.8942073519794773,1.210013646132397,"Frolicher, Miss. Hedwig Margaritha",female,32.99888027800211,0.30111316710069364,-0.1210284157799757,31027,12.432933348834696,,S
240.12313922183242,-0.26307342445635284,3.129929854166074,"West, Mr. Edwy Arthur",female,,1.9829162064617618,0.36100110363144033,244373,13.889886762238758,D10 D12,C
241.90573744574743,0.3141473238233572,2.930201214237862,"Abbott, Mrs. Stanton (Rosa Hunt)",female,,-1.6251466840968023,0.7161957397126754,347742,16.28313653527245,,S
241.24227160864336,1.381707593377797,0.6665256812657989,"Skoog, Miss. Margit Elizabeth",female,30.94459779226023,-0.8317611742628097,-0.09389182651836551,PC 17572,10.312600779096016,,S
242.53295475460902,-0.16493777539621862,1.5281876486758144,"Duff Gordon, Sir. Cosmo Edmund (""Mr Morgan"")",male,23.57592028854539,0.15909624218900573,1.079123779324209,330919,6.13246719250281,E40,S
247.1292471120283,1.2884442493182524,3.5651533788097693,"Homer, Mr. Harry (""Mr E Haven"")",male,31.830954288756566,-0.09886311596228586,0.007989308907942713,113796,7.290771675187662,,C
244.71257741872597,0.061704634050368024,-1.601888315051689,"Ringhini, Mr. Sante",male,42.980239814618535,2.403376242526725,0.7928471185176799,370369,90.1703387708068,,C
245.90321442154536,0.037227836421576635,3.20541052696126,"Garside, Miss. Ethel",male,25.91215239597678,0.26754028612655384,-0.4898522085891503,PC 17582,8.70968206289633,B5,S
249.8369135283213,0.911203552287499,1.5219169422461756,"Mellinger, Mrs. (Elizabeth Anne Maidment)",male,23.278005460263287,-0.30486786299340723,0.18741163343135825,PC 17605,14.893140903147424,,S
251.9050671692404,1.0037962516214591,2.3082466068799103,"Carter, Miss. Lucile Polk",female,37.224289399416925,0.47314680401282294,1.2683589880185226,A.5. 11206,53.015346391359834,,S
248.82843337117467,1.7187950030498593,1.5065317908461242,"de Messemaeker, Mrs. Guillaume Joseph (Emma)",male,52.727047571260265,0.7544985102644991,0.7253240631466256,2003,26.320291684007223,,S
250.63175104321198,-2.3196107267512183,3.659484214251896,"Lines, Miss. Mary Conover",male,,1.1487423498227427,0.5753473318075695,W./C. 6608,7.06177747870807,,S
252.3415555509405,-2.001545744438679,2.6030861587622085,"Gustafsson, Mr. Anders Vilhelm",male,28.323753302636383,0.2679920670942856,1.4221866614374399,394140,9.746280884888735,,S
254.7286976444056,-0.5431708310561139,1.1137481534861435,"Karaic, Mr. Milan",male,62.89855528014262,-0.06280672314395548,-0.3485869659549873,382649,26.838838351659376,,Q
253.01314292157176,0.014527881937568883,3.7368365309200513,"Gustafsson, Mr. Karl Gideon",female,30.800719121669655,1.183342213998421,-0.8067462514455923,29106,15.76687523411636,B73,S
254.7547221540579,0.6901044247640123,2.53744428367542,"Carr, Miss. Helen ""Ellen""",male,41.27681972933082,1.560350929874458,2.5517282690437804,350026,21.902322620441012,,S
256.77733757606177,1.4730871980274751,3.996554884498404,"Lefebre, Miss. Jeannie",male,27.649578581944613,-0.30030825823631324,2.426447416198275,347082,16.58798229477322,C128,S
257.4347660744666,0.6157540871194298,0.006302122893516837,"Anderson, Mr. Harry",male,,0.9588066560109609,-0.5608990908438263,349224,79.83283913235161,,S
257.6238439287699,2.0190436932417626,1.294592842558379,"Baxter, Mr. Quigg Edmond",male,29.253883517057275,1.2319794032650222,1.1094241891920569,2641,86.87846693929299,E31,S
258.866177035484,2.0301954031527307,1.922639722787853,"Calic, Mr. Jovo",male,35.86967575669449,-0.06375426499064825,-0.8828655145476005,A/5. 2151,512.2412409490188,A14,S
258.62510419163004,1.1840578312715655,2.6600374917903347,"Meyer, Mrs. Edgar Joseph (Leila Saks)",male,51.17818485281718,-0.2107189790767625,0.41647662120895956,364499,24.738876268652866,,S
260.76182625602536,0.9626575724868413,4.91644487673541,"Walker, Mr. William Anderson",female,,-0.3290536720482161,1.636425212341665,26360,7.533827776678034,,S
261.733612509991,1.2726452634321288,2.2365606826893396,"Stephenson, Mrs. Walter Bertram (Martha Eustis)",male,2.2447805805829795,3.7441768657574177,2.8685819377339126,C.A. 18723,31.488900033405255,,S
263.2321698896263,-0.5614830267828836,-0.3791492513485879,"Jussila, Mr. Eiriik",female,49.26046687771052,1.8542398605768327,0.6419906941089775,345783,79.87945647444467,,S
263.444672781181,0.6978168390000047,0.005664891504880587,"Allen, Miss. Elisabeth Walton",male,38.233038101869944,0.2310099772555139,0.2873807096435505,347082,0.4695363670158261,,S
265.47153852254513,0.11061312257867771,3.6604425665484372,"Persson, Mr. Ernst Ulrik",male,,0.2352897091698694,0.15479224452383833,349241,8.671330197877685,,S
267.0127158178198,0.001339846754486929,2.4979229342693787,"Buss, Miss. Kate",female,35.59874506068017,-1.125223510379835,-2.7456138649773782,347081,9.807845928307133,D46,S
267.15542932766846,1.4729535721895743,3.102256659647416,"Lemore, Mrs. (Amelia Milley)",female,15.249275381734888,3.0325099226247656,0.09352605052661833,211536,39.00442439279099,F2,C
268.3517564083992,-1.4508721285400865,1.87704295089287,"O'Connor, Mr. Maurice",male,26.642660293436233,3.14344682477698,-0.050846617109281525,330931,9.22585667974316,,S
269.05315534757784,-0.4176841701595697,1.7668672933290608,"O'Brien, Mr. Timothy",female,59.26515994548833,-0.1778257252886896,0.6433885234406937,371110,154.23348158919316,,S
270.0000843930914,-0.1870704263743701,-0.22470477765054042,"Leeni, Mr. Fahim (""Philip Zenni"")",male,35.02444872191979,-0.7747719955783602,0.24710256483042056,2687,135.24252905786668,,S
270.27844196645714,-0.3632606475688056,2.1589495823769,"Turpin, Mr. William John Robert",male,,1.4310991655892973,1.12948231294792,234818,30.892788831047763,,Q
272.3164942616733,0.7453918302339699,5.857438423139865,"Nicola-Yarred, Miss. Jamila",male,24.867898787186874,0.2818085486835521,-0.32153578465392746,113798,-0.10271394667489854,,S
272.90271340158654,-0.5073256477730475,2.3664511465715505,"Lam, Mr. Len",female,41.22716279838747,0.5781549168645216,-0.05765479612286484,A.5. 18509,19.531574122281384,B80,S
276.0931683089306,-0.9851580323108263,1.583108135657743,"Goodwin, Master. Harold Victor",male,38.60004728131961,-0.1380470752815336,1.3248516585110452,348124,30.172683092238614,,S
276.5733549024752,0.1391583214764298,2.5071402311044406,"Fischer, Mr. Eberhard Thelander",female,,-0.31867309057680415,-0.3266233335678035,PC 17474,10.284992746099832,,S
276.3858465525565,3.457424092075892,-0.8102133210868163,"Samaan, Mr. Youssef",female,63.72602903303914,0.8304136275027096,-0.15606350082190265,A/4 48871,78.14805656116265,,S
276.23694279030525,1.8017419477471466,2.3972806369697777,"Stanley, Miss. Amy Zillah Elsie",male,46.16927010907017,-1.3827381702986268,-0.29177371915307865,C.A. 33111,8.41259815042525,,S
276.8875885280166,-0.4117494176846493,0.9071047589012506,"Webber, Miss. Susan",female,,-0.08792740941989748,2.2418378000109858,113760,-1.6864767061901427,,S
280.19114295308884,-0.3635832903067989,1.5529954235849843,"Maenpaa, Mr. Matti Alexanteri",female,7.754861892474043,4.296033077042617,-1.240704260997945,250647,28.640100007221164,,S
280.26274922514716,-0.14920399718829414,4.7223599419956495,"Wheadon, Mr. Edward H",female,34.70543124533839,2.8504632338437537,0.6116660968673538,382651,21.478815002716605,,S
281.4801434033916,-1.9081304132252668,3.272862518025773,"Beavan, Mr. William Thomas",male,62.48390480422724,0.0859990650052155,-0.0036890256483920517,W./C. 14263,8.152315391356616,,S
280.2554140130258,-0.11688018640852403,3.3796875806139837,"Goncalves, Mr. Manuel Estanslas",female,25.871830458014188,-2.334177042210305,-0.7811424922827788,SOTON/O.Q. 3101312,3.465085415135163,,S
283.92743848155817,-0.9978519832440257,2.6909776348037506,"Francatelli, Miss. Laura Mabel",male,14.981882388481313,-0.09398543278462142,0.899825832128283,2631,10.174023202316196,,S
284.4544203382144,0.9151494683379903,2.8271289175565637,"Abbott, Mr. Rossmore Edward",male,19.53122322859258,2.739504133108306,0.8132576787196394,248731,9.96816439462877,,Q
283.8895693155855,-1.6002058490434774,1.9645506822393335,"Hays, Miss. Margaret Bechstein",female,,0.8663662349850397,-0.04775461848854061,36947,24.00409241388021,,S
285.52847519255005,-0.7619744583102578,2.9676628813047845,"Keane, Miss. Nora A",female,33.18436670717566,-0.8108889438085887,-0.27067375534369414,19996,10.181887675645513,,S
287.2637172043565,1.1486270953028308,3.530693938024733,"Jermyn, Miss. Annie",male,31.950943482686693,0.5911065144305567,-0.111956834231647,PC 17760,6.7280443693740715,,S
288.05246679835625,0.3662095977839374,2.803995702154984,"Andrews, Mr. Thomas Jr",female,20.730910385140188,-0.7420134248897403,-0.10478665364781072,2651,8.833798945053413,B50,Q
288.70782881419643,1.4174719587420146,1.6578471092679528,"Hickman, Mr. Lewis",male,41.97256664581628,-1.3538075195468575,-0.07837302812576266,367231,12.99135137398776,,S
289.896511731934,-0.3204889841570373,1.593085834398138,"Troupiansky, Mr. Moses Aaron",female,22.304435522813815,-0.3483693632340722,-0.1879991015167995,113051,5.400028784755383,,Q
290.7480226217931,1.8546857301355617,-0.9777490623671281,"Lurette, Miss. Elise",male,25.263726883461665,0.09152643923886121,0.2524493145923928,2685,79.29613782723978,,C
292.15256251210246,0.19978830339814968,0.7384380989335981,"Goldenberg, Mr. Samuel L",female,19.02832674508294,-0.8721555024333958,0.7532120648278651,347466,92.23003974915206,C99,S
294.47149197299314,0.6328579146073064,2.0564966919932326,"Goodwin, Master. Sidney Leonard",female,34.40005066591566,-1.1491592905386359,-1.2302601475985768,SOTON/OQ 392076,13.238887003821572,D15,Q
291.4333415590687,-0.010638676618193147,1.713869963291209,"Meyer, Mr. August",female,25.40990621727503,0.010335563182354726,-1.050663899233149,F.C.C. 13529,9.434827637059612,,S
294.7631497354903,-1.3763874990779479,2.9655251349653673,"Lang, Mr. Fang",female,23.318385447469566,-0.40817317598895414,-1.7485180294835236,1601,7.484123887660939,,S
296.1765124213724,-0.31619770458118795,1.053752562990502,"Hassab, Mr. Hammad",male,,0.39481127114609077,0.8663974003575995,PC 17757,25.859410244778978,,S
297.2959939896871,0.3653637420637676,0.8439919939406209,"Bazzani, Miss. Albina",male,23.467525676082545,-1.2146683273085614,0.25032329319046315,315037,7.921064022337064,,S
297.6280854186787,0.612965380474599,0.08487534052049883,"Ford, Mr. William Neal",male,3.0280535653991834,1.7141137485533007,2.5052675159327706,2662,153.29975391944632,,S
297.24327821752144,0.8590121025555814,1.4072638937354685,"del Carlo, Mr. Sebastiano",male,,-1.183759097060195,-1.4294982383634685,CA 2144,31.62958085422746,,S
300.3279954837141,2.5317788906010525,1.387058729395744,"Hassan, Mr. Houssein G N",female,49.96925616773947,1.64273430193763,2.784948122880138,113789,245.53292417039867,,S
302.7273502141642,2.007510770986559,1.8463250836002394,"Hays, Mrs. Charles Melville (Clara Jennings Gregg)",male,,-1.7157582843783166,-0.6088509081453577,SOTON/O.Q. 3101311,6.235105592789067,,S
300.46613859508386,0.7433458836002471,3.158448050499735,"Wiklund, Mr. Jakob Alfred",male,,0.9074457296165874,0.16820580711125588,CA 2144,22.40403225820266,C82,S
303.8638280136982,0.7501218121369445,4.022407225360472,"Coxon, Mr. Daniel",male,19.317998694414047,0.4173708030318292,0.8543846606783719,SOTON/O.Q. 392078,-1.5929754512801433,D9,S
303.6714747768771,2.933793485188187,2.7770729589908982,"Bostandyeff, Mr. Guentcho",male,,1.6642332514976381,-0.9869797557960719,19950,12.39418991955604,,S
304.93867565417116,1.960484600783027,2.9047142129860655,"Allum, Mr. Owen George",male,,0.31504303611617074,-0.5463243585126668,PC 17612,8.443415805180523,,S
304.9471014892961,-0.22799988082249745,0.5320236866757075,"Lahoud, Mr. Sarkis",female,0.3099011339428863,1.5628579201823911,2.1791717746008743,36928,150.11974671675765,,Q
306.6655438276441,0.07346688884284935,0.3706555156654956,"Eustis, Miss. Elizabeth Mussey",male,,0.01753690167305848,2.857473075464706,220367,111.66042845927554,D36,S
309.30004459469893,2.484918786733851,1.467819782909657,"Karun, Miss. Manca",female,16.91026923008838,-0.02639845411519337,0.3011247428520243,347083,109.50110394402002,,S
309.5826552419877,-1.0582810508376372,2.195103973142888,"Millet, Mr. Francis Davis",male,31.54523215169656,0.5098616517606207,1.6063611506307183,SOTON/O.Q. 3101307,23.451840875156297,,S
311.73231160540996,-0.322541133291679,1.6294040061022004,"Vovk, Mr. Janko",male,29.804377669192313,-1.2119097199812767,1.2056731451919556,315094,56.75667801401602,,C
312.1774118889777,0.5138058693009531,1.1318738131211519,"Moor, Master. Meier",male,24.259287641534907,-1.2787099677768716,0.36801003649451874,11767,81.20849882434696,,C
312.4390866789296,1.4202267094745857,1.8187639503474418,"Silvey, Mrs. William Baird (Alice Munger)",female,16.67863592835473,2.4017489193197465,1.0108042283693213,SC/AH 29037,262.0427378437129,E38,S
314.7439345261678,-0.10239670661109637,2.0945925329577,"Cherry, Miss. Gladys",female,25.552927408132135,-0.12317798208796171,2.059753610818235,2648,26.007384974130325,E67,S
314.4389931587383,-0.6505636204055921,3.7846887161316864,"Betros, Mr. Tannous",male,28.210534670789247,0.3195540067233614,-1.498110341648047,349910,8.06454759522819,,C
315.8279881767971,-0.674212461724509,2.870822770366639,"Elias, Mr. Dibo",female,44.58600383095987,-0.30182275222109767,2.600875123677092,31418,26.628876912020175,,S
315.7034290464653,0.2876629355872913,2.1954733697751863,"Risien, Mr. Samuel Beard",female,26.22198277767627,0.29638302011675466,0.2000053082182553,350035,8.098441743230572,,Q
317.06654581585923,0.12049037134105745,0.19185595312925408,"Jansson, Mr. Carl Olof",male,25.383720361193,0.5113174310370374,-2.650223547298176,29105,25.73565630273433,,S
317.30257617669974,2.2816328772760617,3.543492856014553,"Chip, Mr. Chang",male,54.64072911020292,1.4066155336506445,-0.34050609503183893,F.C.C. 13531,14.286194942554317,,S
319.98958393459486,1.2975110711855549,1.2566587307122616,"Sage, Mr. Frederick",male,32.62740133946468,0.32371889557906497,2.6539478209229403,2693,165.86873199331026,,S
318.82169637688514,1.8867590544047386,-0.7144858954961215,"Compton, Miss. Sara Rebecca",female,39.940957782694944,2.2357828929941412,0.7629761269602333,STON/O 2. 3101292,134.40450192669036,,S
321.78235034241766,-0.4890774681189237,2.286180502781289,"Christmann, Mr. Emil",female,24.390222710651805,-0.7556467164251925,0.7150058109935733,PC 17610,7.567594890831677,,C
321.80934894249486,-0.18595667718604886,3.7718742923698283,"Canavan, Miss. Mary",male,26.514603797085876,0.056143340244167284,-0.8500241677122955,364512,7.709628937335882,,S
324.17124709346734,0.286446018629645,1.720323168867107,"Silven, Miss. Lyyli Karoliina",male,29.23353816580233,-0.9810871581162783,-1.3059823727876074,237442,11.703241083520428,,C
324.75086898873127,-1.6517083349192019,1.487938580680873,"Ryerson, Miss. Emily Borie",male,20.789947150310965,0.5863947572555819,0.9285545969523946,S.O./P.P. 3,29.522879666917603,,S
326.8206461576468,-1.3780092768478662,4.400881860312967,"O'Brien, Mr. Thomas",male,,7.737895777255371,2.031565667289915,330958,68.9947740558298,,S
326.73077469113866,-0.8106186799803947,-0.047287146383810486,"Parrish, Mrs. (Lutie Davis)",male,36.8194475726179,-0.7258582206871392,-0.3483843510623214,237671,136.0194469009922,,S
325.42795974434677,-2.2497837779516074,2.201846642245166,"Wick, Miss. Mary Natalie",male,60.66587926661969,-1.215502858845695,1.2272911466421925,2908,6.265755371510045,,S
327.9330468271018,-0.19535897429810278,2.2113864750482675,"Holm, Mr. John Fredrik Alexander",male,37.249022696873496,-1.4135173236526528,-0.8502073751390576,PC 17603,12.696065323479857,,S
327.82799280740517,2.324955679381631,3.390454932053882,"Hippach, Miss. Jean Gertrude",female,31.687692185117783,-1.3397481157073972,1.3131656073323494,350048,20.196857167853338,C23 C25 C27,S
329.48172015763373,0.9555638322956456,1.4963430343407316,"Dimic, Mr. Jovan",male,17.96612747137559,-1.0563464635034578,1.0679699711636252,PC 17758,57.471079007584315,,S
332.5112284332767,2.290563762321174,3.9112380445689467,"Leyson, Mr. Robert William Norman",male,,2.6274938966718446,-1.5567159521360834,4135,21.604198827910984,,S
332.6375338108977,0.4109825769008753,1.1985786206815168,"Kirkland, Rev. Charles Leonard",female,45.234639891685745,-1.598498532013283,-1.3190301836685123,347062,28.882895095161693,B28,S
332.30106957142124,0.7825588257151592,1.4893839389384091,"Ali, Mr. William",female,37.53747861605717,-1.368122846253305,1.0119110162486313,330877,153.69404682527832,,C
332.9862826335596,-0.9008969953045751,2.7407907406849166,"Reeves, Mr. David",male,14.026317323591398,3.790898571232915,1.981199998686964,349243,18.849670252448494,,C
335.0327820928763,1.5239509541926708,1.0626983032367143,"Hamalainen, Master. Viljo",male,,0.36350395015174597,0.579269811898811,PC 17604,133.11854309769322,,S
334.7834398506189,0.7287142340743459,3.1075341800536345,"Smith, Mr. Richard William",female,,0.3210460091648358,-1.7256348251446327,334912,9.791183625476668,,S
336.3288597226034,-0.5766472922336929,1.215098135819036,"Fry, Mr. Richard",male,29.739631204986562,1.6423171465004947,-3.1104880651193376,13509,66.22026405215036,,S
338.3120094715512,1.5595403706161663,1.7725398075827608,"Watt, Mrs. James (Elizabeth ""Bessie"" Inglis Milne)",male,43.359771934329615,0.6625261297812802,0.7330535930043798,349228,133.6248903578053,,S
340.1553120361067,1.566187758574833,3.555145681944831,"Sawyer, Mr. Frederick Charles",male,44.64675630817239,-1.5223142306080597,-0.09621348292819902,349237,7.0563150801573356,,Q
340.60876147222444,-0.5495526211300829,1.0442170029001832,"Sjoblom, Miss. Anna Sofia",male,44.578847017342845,-0.23105967989949022,1.1412659695103695,19996,33.76607759677034,C49,S
338.7087104914019,-0.12276843227099499,1.1908740150589603,"Reuchlin, Jonkheer. John George",male,2.118664169723996,-0.6182272695183921,0.1192820792885585,C.A. 5547,27.532627892393126,,C
342.3043667290303,-0.18412833189827227,1.0676712580627095,"Van Impe, Miss. Catharina",male,24.98724735298341,5.446317858910323,2.3502124978585264,113784,264.37106739076864,,S
343.0720335732326,0.08650554192146179,1.971982215104256,"Mayne, Mlle. Berthe Antonine (""Mrs de Villiers"")",female,27.43328697468985,-1.5948752640156,0.8461734630278627,PC 17761,13.600745162884758,,S
344.4138902853727,0.3270098687893148,2.1931815798131984,"Thayer, Mrs. John Borland (Marian Longstreth Morris)",male,24.36903840286787,-1.0478402188698202,-0.44746363820648183,113781,12.10391119222422,,S
346.6162096816512,-0.7925258304579145,4.206525307140402,"Pettersson, Miss. Ellen Natalia",male,37.057189270241366,-1.0406008548415047,-0.4260855702310654,376566,14.81126768155912,,S
343.9367617231953,1.0265853413260986,1.4762272214587646,"Turpin, Mrs. William John Robert (Dorothy Ann Wonnacott)",male,24.378639323838037,-1.4966604767228804,0.025262831098390486,1601,12.648280838478344,,Q
346.4088965748089,1.5705370361384854,2.4222890191253597,"Faunthorpe, Mrs. Lizzie (Elizabeth Anne Wilkinson)",male,37.95527173699518,1.3525939097565454,0.5426763465603288,PC 17483,12.730974168773347,,S
348.59090632279333,1.618190714665301,4.068462067244298,"Sjostedt, Mr. Ernst Adolf",female,,3.422447901083496,-0.014334004511910938,28665,17.537259080436076,,S
347.41840560054607,2.5518801201224885,3.098001914099383,"Myhrman, Mr. Pehr Fabian Oliver Malkolm",male,4.50123586382721,0.5242508806873827,1.9739963377594865,STON/O2. 3101279,16.558910584480873,,S
351.4759490480535,1.2769808321980434,5.337845119172165,"Olsen, Mr. Henry Margido",male,42.40192828307881,-1.32042314684441,-0.46193518926703,364851,10.863603138754593,,S
351.36835661270067,-1.001291432756544,2.6219607082685235,"Carrau, Mr. Francisco M",male,22.237804068962753,-2.236925498726021,-1.3283952054631096,S.C./PARIS 2079,9.473722260319018,,S
352.8465839858434,1.6835862095380225,1.324089222320047,"Rice, Master. Eric",male,,-0.24410871852210148,1.9769753681131799,PC 17595,34.60296920042128,,S
352.42905633847823,-0.5309765045557148,2.2011942551070183,"Christy, Miss. Julie Rachel",male,15.01323667280167,0.6836345768385561,0.39536626345755366,4134,6.617395116540203,,Q
354.8137636899662,1.0448728124544275,2.6484752648567067,"Slayter, Miss. Hilda Mary",female,25.735733360280165,0.34870387363985544,-0.5684420837177473,370376,15.953003822809373,,C
356.06847155598905,0.06798662605108885,3.2489339103966577,"Renouf, Mrs. Peter Henry (Lillian Jefferys)",male,,0.2213752539762284,-0.06580332107218435,231945,6.946404227193796,D7,S
356.23287802013715,-0.4121493784569676,3.8463040623077296,"Harper, Mrs. Henry Sleeper (Myna Haxtun)",male,27.159050861329543,0.3951731428154863,0.06718110965398118,W.E.P. 5734,10.64459333882738,E25,S
357.2344008926987,-0.8076968597749328,1.3190948340235742,"Emir, Mr. Farred Chehab",male,22.27295575486339,0.32308325793790066,0.6133163575117171,SC/Paris 2163,55.59883417265607,,S
358.2703432392817,-0.1715645102163482,3.259114849334736,"Chapman, Mr. Charles Henry",male,37.90016541950455,-0.3161248719684872,-0.01743389694900904,226875,13.020308006560406,,S
358.1366547352606,-0.559383235305609,2.9050346894073282,"Laroche, Mrs. Joseph (Juliette Marie Louise Lafargue)",male,,-1.101621829574262,-0.03976223142817396,PC 17758,6.884265556183671,,S
359.8524713197597,1.9672992358427723,2.6678314701609946,"Spencer, Mrs. William Augustus (Marie Eugenie)",male,,0.6658330978067158,0.17481932702080696,Fa 265302,8.106073018012736,,S
360.84747746754766,1.516792657139248,5.703985107279387,"Graham, Mr. George Edward",female,40.35712867627132,1.0125137594215305,1.642512541012684,349208,28.912813705195372,A23,S
362.3833938643535,-0.7969109892966902,2.3942376494420308,"Herman, Mrs. Samuel (Jane Laver)",male,30.091583619377474,1.8883575248346502,1.8808763070078494,248727,28.151519256469985,,C
363.9998242469103,0.30197074251927114,2.2805184540214523,"Andersson, Miss. Sigrid Elisabeth",male,45.486818547149284,0.7900755494722314,0.8527116864654425,PC 17756,14.62093516963336,,C
362.9414639180216,-0.7253915220079754,2.305736237751931,"McGovern, Miss. Mary",male,35.13911173976159,-1.4217620690471156,0.5806226194469853,SC/PARIS 2131,6.253042346718794,,Q
364.8749909696804,-0.6284847301367896,2.0573200854686595,"Goodwin, Miss. Lillian Amy",male,,-0.4342222074576032,-1.3781013415340242,112050,16.367181814112012,,C
367.481455547659,0.7744947038653713,3.936569355856788,"Farrell, Mr. James",male,29.165148847228497,-0.7555407187405284,-0.4710002612492502,349223,4.1180951812558195,,S
366.25641177118746,0.9614617381565875,0.6356227071067582,"Flynn, Mr. John",female,59.92800140756021,-0.05626540829066795,-0.6723158663204145,W./C. 14258,75.63284570886515,,S
367.17774998270966,2.7396480419310114,3.1273624756564855,"Cleaver, Miss. Alice",male,,0.7552517759761007,1.4697237645085452,28551,9.799521980944599,,S
369.2023061918312,0.5177675212970789,2.936491325561731,"Birkeland, Mr. Hans Martin Monsen",female,,0.35130967598791774,-0.5858136068358828,382652,6.241626612668153,,S
370.8443851904853,1.9993363324744893,1.7314924079409346,"Carter, Rev. Ernest Courtenay",female,23.11019601065159,1.0991839937853107,0.7580799869400913,349249,69.05863054529863,,S
371.01142605556066,1.097413412957782,0.15325590711597992,"Rogers, Mr. William John",female,24.507752911234615,1.3964868174109184,-0.6504204526731951,CA. 2343,55.43378900987527,,S
373.32896059043696,0.7957780097442332,1.9244277138569845,"Bidois, Miss. Rosalie",male,18.20085029727593,1.208649581873369,-0.45261893965394406,29104,6.033217185943423,,S
373.8567939825665,-0.4471576573299467,3.2242973071815944,"Horgan, Mr. John",male,18.626486002819153,1.1997297803441704,-0.24555016520068595,230080,9.08637424255898,,S
374.8418200668901,-0.04955883755158271,1.600959284699897,"Perkin, Mr. John Henry",male,22.48530328306314,0.4697273397350485,1.2838451268293003,343120,136.1057510143553,D36,S
375.5541165013241,-0.11549887929893475,3.3325323130976408,"Maioni, Miss. Roberta",female,3.5228437607490304,3.0681009634377188,-0.8898526590301186,112058,21.22730037254732,,S
378.3276531003461,0.16394288515421285,0.1905462709026724,"Mellinger, Miss. Madeleine Violet",female,,2.4804530339306856,-1.3156635552744327,349244,82.96807256116928,E34,S
376.79483831113396,1.6620815345817528,3.6774848420913937,"Palsson, Master. Gosta Leonard",male,23.423559472265033,0.11518088315279006,-1.9473051656898168,236171,7.266750709071742,,S
375.9964777079335,0.6502490055783642,0.25613907290436577,"Cavendish, Mr. Tyrell William",female,27.99585872437236,-0.30434060491792164,0.9124978802385497,218629,214.6798644888235,,S
380.6042543615171,0.5935546949055667,2.4784613552136165,"Backstrom, Mrs. Karl Alfred (Maria Mathilda Gustafsson)",male,19.06576093585204,-0.8378232587776496,-0.8116000511921072,347088,4.163846933656742,E8,S
379.54230056904316,1.5369656539176446,2.0560464752779977,"Jarvis, Mr. John Denzil",male,18.096465553423727,0.7030254590454112,-1.614481254090389,345774,7.9702820984897045,,S
381.10788044434304,2.4493448012363035,2.301158348652031,"Ford, Miss. Robina Maggie ""Ruby""",female,41.92422852354017,1.2370505418424689,-0.734147746614669,370371,225.81453195042673,,C
383.30955068486054,0.6250553101508647,3.6334215410273494,"Simonius-Blumer, Col. Oberst Alfons",male,0.5488246427605855,-0.05058740143343007,-0.014714480933414986,312993,15.198249672696576,,S
381.3977404589411,0.37305231843417824,3.6049933756788732,"Odahl, Mr. Nils Martin",male,30.861673273039056,1.3079156237798386,-1.0179887237676812,C.A. 33112,9.072377681799809,,S
382.74835278589387,0.37639931074178734,2.2472114211424503,"Natsch, Mr. Charles H",male,34.558308205827004,-0.9700150319715759,1.2004203999102006,STON/O2. 3101290,50.664543149640124,C62 C64,S
383.3987220628811,0.023355316114555456,5.812649248238723,"White, Mr. Richard Frasar",male,,-0.0554533748079148,0.40358807028110283,347078,5.738242825698046,,S
385.20586370997455,-0.5997494491188647,0.2907738960898445,"Heininen, Miss. Wendla Maria",female,17.328152260238795,-0.04009491210443619,0.18746767217252772,244252,73.53231547118757,,S
387.439636606017,1.620070309136051,2.261623419122892,"Dowdell, Miss. Elizabeth",female,0.6842105138449943,4.273005627592653,0.9972214437208855,C.A. 37671,48.27074450747498,,S
388.52418784281275,1.3636981503429628,1.383824915825476,"Lobb, Mrs. William Arthur (Cordelia K Stanlick)",male,37.17845085031833,2.383861037981873,-1.536084959044724,PP 9549,13.042381228696126,,C
389.27627417932854,-0.21802912810442213,2.149180377617307,"Connolly, Miss. Kate",male,,-0.06619263268876116,-1.1391560755342807,350029,7.393075397373656,,S
388.58723411610765,2.193618571856377,0.9224167523962874,"van Melkebeke, Mr. Philemon",male,19.471809076055468,-0.4077307716044333,-0.043209826896014984,C.A. 33112,10.14151206225902,,S
388.68989656336737,-1.1706154097954116,0.7003469359446344,"Nicholls, Mr. Joseph Charles",male,36.170508186019646,1.025962113433505,2.868176779726668,113783,120.4522541227022,,S
392.0543535853904,-1.0141025948652898,1.783396284710595,"Richards, Master. William Rowe",male,20.70993422606275,-2.0028137385258296,0.9023674171353204,244310,8.457075108883044,,C
392.5282239663617,0.7958386552197739,3.335042367537413,"West, Mrs. Edwy Arthur (Ada Mary Worth)",male,28.004132882654865,1.2401320746550848,0.630612362483333,A/5. 851,6.143267500898899,C124,S
394.4593857717166,1.060468448117368,1.0516983214286146,"Mernagh, Mr. Robert",male,23.25649197844354,1.9832399694454041,-0.7375568640679442,335097,114.40953244869722,,S
395.70195362622127,1.2504463002607606,3.4810286647636555,"Yousseff, Mr. Gerious",male,24.435253957171064,-0.6289453549327747,2.024549832403988,349214,17.46569552589211,,S
396.1382414320587,-1.3263961033185487,3.5077284516382523,"Morrow, Mr. Thomas Rowan",male,24.076711325859023,-0.8288751628002715,-0.3213425300372459,PC 17755,8.928115942547345,,S
397.76013308537586,-0.023233710850366202,3.6030068534266766,"Rothschild, Mrs. Martin (Elizabeth L. Barrett)",male,30.15467953502243,1.3095256365144003,-0.20118976349475026,250649,8.437725091833341,,S
398.2292113741151,2.003509410401342,1.6265910631761176,"Richard, Mr. Emile",male,46.85904605817773,1.340254400951829,2.037127896959813,2653,26.653682708811317,C104,S
399.5300647056015,0.8241996197958629,4.121143402633667,"Beane, Mr. Edward",male,23.207750597614123,0.5169904721611418,-1.7620002370036125,1601,11.02072089870174,,S
399.2953267371301,1.1697065451428121,2.2344311164820976,"Smith, Miss. Marion Elsie",male,26.42890225742938,-0.4551173340386673,-0.23467681592226086,A/5. 13032,13.518472321501196,,S
400.8203885861685,0.5609460898950623,1.137515247375205,"Hale, Mr. Reginald",male,39.77069878209476,-0.23947106511632352,1.2117489071961567,110813,6.106242230876081,,C
402.19677609665695,-0.39457285186939384,1.9976242542337825,"Lefebre, Master. Henry Forbes",male,27.267623560803905,-0.804149961574959,-1.4658914950335382,CA 2144,6.548940566378486,B22,
403.8205284754174,-2.1291978892000176,1.2594970109721844,"Pavlovic, Mr. Stefo",female,20.14282359622257,0.005226880971355152,-0.6437474252662504,364849,9.088992099810227,,S
403.60625882777543,0.2576404209211606,3.0173346291513075,"Madigan, Miss. Margaret ""Maggie""",female,27.991066132108028,-0.04441648830843237,-0.5290384975676395,STON/O2. 3101271,15.720179828327446,,Q
405.5211672557321,0.8454831084818539,2.878194775946666,"LeRoy, Miss. Bertha",female,18.274645737992298,-0.6180544067852075,-0.2232897220539845,2697,9.05063692330818,,S
405.73416120808463,-1.5756193271706151,1.5315743021005421,"Sandstrom, Mrs. Hjalmar (Agnes Charlotta Bengtsson)",male,32.74119354031566,-0.03472099068474499,-1.5959571596062172,248738,21.32468165322885,,S
406.8824578326719,-0.661416892306816,5.010926112400514,"de Pelsmaeker, Mr. Alfons",male,52.04802957761725,-1.563705118543149,0.5952860603380394,4133,8.867105811456032,,S
408.82951904202406,-0.1574646322334221,2.548982874076911,"Sivic, Mr. Husein",female,2.5335834939925657,1.2194026697539058,1.666287282513144,17463,19.89849529858035,D50,S
407.0069396289459,-0.9653511948087635,3.7260983614463346,"Sage, Miss. Dorothy Edith ""Dolly""",female,19.89119702506196,0.23459558089343707,0.5083753250179477,364511,6.902614891706207,,S
408.70352767192526,0.05348162682190022,2.068926512057897,"Jonsson, Mr. Carl",male,,4.7007927584283165,0.12962632570891863,2672,25.70527611005047,,S
409.51781460255717,-2.0844021549884744,2.0008551086689876,"Moore, Mr. Leonard Charles",female,,-0.6683383683547026,0.08651079078729512,349248,7.0479684522781625,,S
409.66638388015167,0.614270438357064,3.0368054990969546,"Thorneycroft, Mrs. Percival (Florence Kate White)",male,,0.29610058962327057,-0.8994402395690875,248733,6.670052961646433,,Q
412.3217355598448,1.7538550699336821,1.173007139652226,"Nicola-Yarred, Master. Elias",female,33.739326025674906,1.3127125792748018,-0.3325966607715127,2668,90.3217913690485,E121,S
414.74943389972776,-0.2511025880369125,0.143688432885543,"Smart, Mr. John Montgomery",female,,-0.2538375611255331,2.153467927170878,111427,-3.4087120764716907,,S
414.7151159336174,-1.4807085099845416,2.8196929771504657,"Cardeza, Mr. Thomas Drake Martinez",male,43.09463478731817,0.7443335887496761,0.09569537759625597,113572,10.336244039639684,,S
416.19779008194183,-0.9964186260023896,3.0140720828735046,"Novel, Mr. Mansouer",male,,0.7752291868507144,-1.1875265759871734,1601,8.616408677397477,,C
418.0892174967108,2.2329019341026966,1.7848508342288711,"Wright, Mr. George",female,34.9694097907482,1.32741109519754,1.1803353406639139,S.C./PARIS 2079,31.904296724586594,,S
419.3276861322677,-1.7779942807285725,1.1866095876533236,"Henry, Miss. Delia",male,19.23816030148985,-0.25563970504779554,0.6482040739366903,36864,14.927369755230227,,S
418.93086206527386,-0.34752341219351923,1.46046481807886,"O'Dwyer, Miss. Ellen ""Nellie""",female,29.334938279638376,-0.35753010855453504,-1.1990103925150117,A/5. 3337,12.652568829513806,,S
421.3535858895694,-1.180000778467259,2.823140806427204,"Hosono, Mr. Masabumi",male,10.937376966919647,-1.3677538987970592,0.9588768640512091,349245,24.282519385828056,,S
421.0921266584341,0.8045703015848366,3.090800023610048,"Crease, Mr. Ernest James",male,,-0.8059177786176916,-0.4443094521956835,2691,7.408684189602373,,S
421.16260177617255,-0.6751139521434614,3.604791582550568,"Trout, Mrs. William H (Jessie L)",male,22.8262093469068,-0.6220075239016879,0.9369689955892015,F.C.C. 13529,9.38529183744334,,S
422.40559964780124,0.40395402073561154,4.080856204950871,"Gustafsson, Mr. Alfred Ossian",male,27.86622897458027,-1.123971762429434,0.5783981980168391,113028,7.77001529369412,,S
422.51946348743496,0.5654604191690931,2.70565227647275,"Saalfeld, Mr. Adolphe",male,29.32847881079173,1.4399239666876642,1.5229953282473283,P/PP 3381,14.549484100739509,,C
424.1118661462663,1.83622583973002,2.5438438038846423,"Osen, Mr. Olaf Elon",female,17.343513893181274,2.19662786898701,-0.09892456559054241,PC 17572,21.416282153025445,,S
425.64198331192557,-0.20294194367537022,3.437655673534306,"Danoff, Mr. Yoto",male,,-0.9080624323291501,-0.5413143554356487,CA. 2343,7.835139457461077,,S
427.8035850193786,1.3760443696226115,2.610844916410854,"Osman, Mrs. Mara",female,28.591320728852484,1.283441435744637,0.27200110688318835,C.A./SOTON 34068,25.94565193486593,,Q
429.72076983116597,-0.48505547912743596,1.5657995667411144,"Ford, Miss. Doolina Margaret ""Daisy""",male,17.983983470591777,-1.0341111395297102,-0.6283199853884129,362316,27.110390972357465,D17,S
427.61781848462294,1.190413563293744,3.7903934769661722,"Andersson, Miss. Erna Alexandra",male,,-0.30492217093916213,-0.2783664403010984,349236,10.288483229427952,,S
430.3928274682599,0.23949115192863535,3.979585341155973,"Sirota, Mr. Maurice",male,32.78118120522374,-0.6903295791777758,0.4413586925299495,SOTON/O2 3101272,8.367410448799422,,S
429.95945606084246,0.4392458359122544,2.291686465658673,"Balkic, Mr. Cerin",female,29.05264441761556,0.6018956486064415,-0.348772681201302,376564,26.666760087872568,F33,S
432.4746970884632,0.9777522051507893,4.778320906719823,"Alexander, Mr. William",female,,0.32121182615782173,0.22605958910202525,19988,16.270627083619082,,S
432.86891334931227,-0.5628843453398495,1.133583861340561,"Goodwin, Mrs. Frederick (Augusta Tyler)",male,42.04465828096347,2.0116604137066467,1.5927284560195685,PC 17757,27.310429500831518,,S
432.16909417415246,0.228770028928938,3.013898209332511,"Jussila, Miss. Mari Aina",male,17.758353032644067,-0.24572077366219902,-0.17185879898699755,250644,6.525802264967077,D6,S
435.92829699156846,0.9674662729250108,1.01127769661866,"Hansen, Mr. Henrik Juul",male,50.13179842701082,0.3503962904051692,1.1793378097192062,347063,55.62168244028834,A19,S
435.3949992871913,1.2929338234972916,0.9019264314674924,"Angle, Mrs. William A (Florence ""Mary"" Agnes Hughes)",female,12.706495140661625,-0.25330526234516304,2.5593700673073583,C 4001,118.46255705087336,D,S
436.4660997616264,-1.588897564178725,2.3507370803898637,"Elias, Mr. Tannous",male,20.18702597535982,2.2532045102953497,0.5327580065132334,PC 17755,33.19113213736003,,S
436.9302475887103,0.8761907056703404,0.5144379967689285,"Bonnell, Miss. Elizabeth",male,24.235119943151666,2.89521840222618,1.8978629707364758,370129,18.23219999730203,C68,S
438.3457167233124,0.7420289029794906,1.092679446029004,"Panula, Mr. Ernesti Arvid",female,65.2154824164977,1.2733212565368741,3.166404116930104,237736,262.9440630059396,,S
440.4278904406949,-1.8779887659659078,1.2316443404520876,"Green, Mr. George Henry",male,32.61598242416205,2.238831666414424,-0.8548349169327834,A4. 54510,12.269083325770119,,S
440.8107556590636,-0.07476601381771397,2.085993480747625,"Dooley, Mr. Patrick",male,45.77952942077145,2.429787452470418,0.9097102538931858,113800,26.785992804925225,,S
442.3286620022825,0.87654360408152,2.205956458301147,"Thomas, Master. Assad Alexander",male,20.287290761036363,-0.3075277647170156,0.6146440480818223,F.C.C. 13528,8.587921489810206,,S
443.36192185392883,0.27009543419728654,1.9003416541556586,"Baxter, Mrs. James (Helene DeLaudeniere Chaput)",male,25.74881388598248,0.6819725661929308,1.2551584167047227,312991,7.047019514635885,B79,S
445.32066165552817,1.4119715821267538,2.2342983603768976,"Hood, Mr. Ambrose Jr",female,27.333249149793144,0.4696967194853532,0.30817508872508226,3101277,14.374748683230655,C106,S
444.65721384913564,2.8594948076233115,3.150921526806496,"Mineff, Mr. Ivan",female,,-0.8380191804256851,-0.4456795560532098,2665,9.239110348629193,B28,S
444.5231421831543,1.4685527785062025,1.579281971320933,"Keane, Mr. Andrew ""Andy""",male,3.1758692786605236,1.1662883065324867,-0.08224124362987428,349246,81.8864499102242,,S
448.067222416572,1.6578880104331795,4.185863766417626,"Mallet, Mr. Albert",female,11.751257389292288,0.3616005218435837,1.070589575417338,SC/PARIS 2146,19.057473534461167,,C
447.66851182790276,3.710745527218326,1.2772895312108468,"Hocking, Mrs. Elizabeth (Eliza Needs)",male,34.33354901163621,0.2564589108585328,0.025770193694991287,250652,27.674932835704645,,S
450.1145924445774,0.7861954419095093,3.4850817670641296,"Minahan, Dr. William Edward",male,5.185513306584744,2.6869536677708163,1.1829287535389577,S.P. 3464,18.264972873275312,,S
450.38337711318246,0.20211723638150492,-0.07756132886732536,"Pears, Mr. Thomas Clinton",male,52.687652484509016,1.722829883369059,2.1062402977033328,35281,30.89203039805752,,S
450.8688624697967,0.4277963982471327,0.7130925594636255,"Larsson, Mr. Bengt Edvin",male,36.54611183089245,1.1709553521875051,3.240596546193072,364848,30.02265899089333,,S
452.3487758940463,0.4389910293888949,4.582829446773333,"Lester, Mr. James",male,,0.8869596291286157,0.7850609182499858,19950,20.172055682251457,,C
454.9510125601263,-0.5267153919462082,0.07652022006669634,"Ilmakangas, Miss. Pieta Sofia",male,30.556616665677556,1.5087196233225784,-0.9620771300715998,17464,26.974390520738396,,S
456.07698052905374,-0.03239701955484753,-0.0439440714686421,"Moran, Mr. James",male,48.95731690377252,1.9675504159911354,-0.5129947491967435,LINE,89.51456870267154,,C
455.0693811351328,2.309844422090078,2.960901078783447,"Sedgwick, Mr. Charles Frederick Waddington",male,,-0.3209798403837223,-0.09484460692850216,PC 17608,7.579991280984653,,S
456.16019059331705,1.326843470388023,2.9098075866226116,"Klaber, Mr. Herman",male,28.27385559731364,0.005186448659020086,-0.7754071240103536,3101265,6.501684156246586,C83,C
458.0762401574664,-0.7322853814020757,0.09749349355670833,"Strandberg, Miss. Ida Sofia",male,65.36970592563912,0.19538091593879858,0.5004645249851181,223596,27.251036026872107,,S
457.15433896723266,1.9159303022795986,0.6950267812869,"Nysveen, Mr. Johan Hansen",male,,1.361812944604983,0.35690884921570454,28403,52.98033440054972,,S
459.33307037261824,0.8908548484386655,3.2293757176501043,"Ohman, Miss. Velin",male,49.3303185719278,-1.356599850939114,-1.0883077930546925,347742,10.189093327927427,,S
459.9741371520461,-0.25288144631783127,2.1940063911682026,"Vestrom, Miss. Hulda Amanda Adolfina",male,,-1.5424846078015602,1.1968167090961244,343275,7.372764325903726,,S
461.31390821145754,1.5622728719144932,-0.39367248436617164,"Abbing, Mr. Anthony",male,47.37639749037064,-0.8873900220024538,0.1023103338088603,2667,25.58843460887817,,S
461.1666311940506,-1.29188226823169,3.9425936208997925,"Astor, Mrs. John Jacob (Madeleine Talmadge Force)",male,33.473493303483885,-0.9647384430113423,-1.7290711467422513,PC 17599,7.900064399532434,,S
461.41043250669105,0.3526272039171724,1.4922969119380367,"Attalah, Miss. Malake",female,45.875070644897846,-0.6438240139725026,-0.051342858344969454,349212,37.93763161707681,,S
461.9270165640087,1.9129548077317522,1.3794813793513385,"Shelley, Mrs. William (Imanita Parrish Hall)",male,49.26577492516655,0.6347106420900043,0.28120645592290483,343095,11.988967313296744,C50,Q
463.8826158870104,0.46617766219731077,1.417832983873082,"Cunningham, Mr. Alfred Fleming",male,,-0.16892915632473834,0.9727923614357405,11751,9.942168830399607,F2,S
465.5413247150607,-0.3762121037834645,2.255376643561437,"Bissette, Miss. Amelia",female,38.53743385422734,0.19639460501018827,-0.3374764031266163,17453,7.5164928167495075,,S
466.7068084133512,-0.507105280428242,1.9452955631507287,"Dakic, Mr. Branko",male,,-1.2243034100422616,0.8279382674472072,A/4 45380,0.5723951080293523,,S
469.9372311624295,-0.41033997334510935,2.1656720898838193,"Lindell, Mr. Edvard Bengtsson",male,55.81075430343161,-0.46164220292094515,0.1871419867702157,248747,27.433399568932426,,S
470.1059933699073,-0.25396267804778105,1.963418025130343,"Goldschmidt, Mr. George B",male,,0.5872576617448404,-1.3150546090375794,C.A. 34651,8.496036216759805,,S
469.03790888365836,0.622193467241728,2.9154801184885266,"Rekic, Mr. Tido",male,0.5224705846367796,2.5949524581768015,-0.41516677348251374,363291,18.845190047203282,C23 C25 C27,S
471.34770845245095,0.9163114410745667,3.6751446598948982,"Andrews, Miss. Kornelia Theodosia",female,,-0.7245738281879079,1.1225598701493487,C 7075,7.522552622971467,B101,Q
471.59292176364966,-1.7332091032089831,0.6187326598780793,"Petroff, Mr. Pastcho (""Pentcho"")",male,37.60222208605979,0.1616623863795536,1.195984178381769,112379,8.393469515739339,,S
472.7156361619599,1.8620000504121341,3.0337861679388998,"Smith, Mr. Thomas",male,33.372325560060304,3.198847853482332,2.322909230404723,367229,28.18846362477666,,S
474.1853256494154,0.6203134748574388,0.8175494277935627,"Baclini, Miss. Marie Catherine",female,23.835614927886244,-0.017597929255638137,1.4957067211800286,230434,14.133390885958164,,S
475.6191711169754,0.37694778569537224,3.3319954934569345,"McNamee, Mr. Neal",male,21.886083606946915,-0.6931869461424454,1.0566098490416067,PC 17609,9.454839739135798,,S
475.660741516116,-1.1269879102008638,1.246683149610744,"Long, Mr. Milton Clyde",male,,-0.17376238936216024,0.6836287294797211,A/5 21172,50.6707012770782,D45,S
478.06385153273436,1.328631066849436,3.084586391463845,"Palsson, Mrs. Nils (Alma Cornelia Berglund)",male,34.23914928463346,1.092177107526833,-0.9113114887336718,244252,21.146237056965507,,S
476.85806177385757,1.245634960171873,3.5509243808935405,"Banfield, Mr. Frederick James",male,29.2704853861102,0.8488316193094506,1.7314287510323434,349240,6.841530512192701,C110,S
479.00633906236226,0.9595905257500736,0.6227095082700189,"Lievens, Mr. Rene Aime",male,21.09100230548628,-0.03135470067650179,0.536301432208273,349254,5.630427752291242,,C
482.5976737265958,-0.5147547757935393,2.215220752844009,"Taussig, Mrs. Emil (Tillie Mandelbaum)",male,2.4184990745503843,-1.4434467969368396,0.6141612253883784,A/4. 39886,12.795161768888716,E63,S
481.22307974262526,0.8291210710660528,3.13820512935328,"Cacic, Miss. Marija",female,8.865972779190635,4.037369524914049,1.3317299946947019,3411,47.86534211224277,C126,C
483.4332145066062,0.4048550876357089,1.805020113880213,"Stahelin-Maeglin, Dr. Max",female,,-0.14933523707149754,0.2567837815138569,364516,2.5283564752089505,,C
483.0915201781732,-1.6052712471325676,3.4776107297567704,"Adahl, Mr. Mauritz Nils Martin",female,49.22352559185163,-0.1652679700224367,-1.6710590848384548,113781,7.65880249667934,,S
484.5807770953298,0.9757026162291845,3.789366555669705,"White, Mr. Percival Wayland",male,65.67176337975668,-0.5661892748600006,0.6996732753528626,345764,9.048788103450933,,C
484.94321680560734,1.3645344890332625,1.608451736429679,"Kassem, Mr. Fared",female,24.736522749820963,0.8229864139235631,-0.9535708146940268,342826,89.96977896956076,,C
485.8295924188358,0.5560752738231508,2.785725057445535,"Sinkkonen, Miss. Anna",female,,3.0610148554142054,1.3706081088242867,113043,25.675341906487006,,C
486.2205176032746,1.1772613669488556,-0.8463370111204804,"Brown, Mr. Thomas William Solomon",male,34.30177854026743,1.8894134565245253,-0.5216203373581595,SC 1748,90.20231818055835,,C
488.43030135895754,0.2912314168473797,0.5445187511451828,"Cribb, Mr. John Hatfield",male,57.94843216052379,-0.09921173522605088,-0.26441871272470363,PC 17611,28.88870366521325,,S
488.14846281081424,1.4736113922530956,3.416368148138955,"Stoytcheff, Mr. Ilia",female,30.546667032616487,0.3991032052982532,-0.7569098727650648,365226,7.87507011799616,,S
490.6655852363134,2.22603390991068,1.9095527474495224,"Nirva, Mr. Iisakki Antino Aijo",female,9.554796521725313,0.458399698566079,0.8387705688191984,693,13.921334333110643,,S
492.0852870044459,-2.8670549537827434,3.6312747301215764,"Richards, Mrs. Sidney (Emily Hocking)",male,,1.572095723598482,1.889379546017354,113760,20.893076747833245,B3,S
492.36653140723723,-0.317438554837682,3.9083932972673043,"Jacobsohn, Mr. Sidney Samuel",female,20.35513969336267,0.3757302976123567,1.3850596270486406,28664,6.479320740327833,,S
492.7137512664443,-0.16465102754395128,1.1268669762958425,"Cacic, Mr. Luka",male,55.34044044350154,0.8658170031798195,0.3544789549954567,350034,30.46534364858702,,S
494.4539655793087,-1.7520985727269711,-2.063779866312396,"Harris, Mrs. Henry Birkhardt (Irene Wallach)",male,70.12394053588942,0.7134604624444878,-0.025294265564952366,244367,48.07750657870222,E121,S
494.6913269444536,0.09418305823231217,1.7219116372881966,"Ling, Mr. Lee",female,20.38035701698599,0.5887356228811461,0.844201190692885,315082,7.4676464005384275,,S
496.9355471254652,1.2487577724105066,4.886189158556082,"Giles, Mr. Frederick Edward",male,,-0.09841740865778026,1.1299703941075565,35851,14.178708846482472,,Q
495.16859391578487,-0.08656785959059032,0.453462206971622,"Padro y Manent, Mr. Julian",female,52.81161114540173,1.2449392270444681,-0.8298183822075292,250651,78.25540915303917,,C
497.66439263188136,0.3364009386898723,1.015856776871004,"Moraweck, Dr. Ernest",male,,1.0635089284515264,-0.0774388676322022,13568,15.579732515522512,,S
497.009188004876,-0.9158234772964378,2.235247388310272,"Blackwell, Mr. Stephen Weart",male,25.68861170097889,0.3479254305972056,0.1780417704319197,A./5. 2152,152.98907508348623,,S
498.5049391697728,-0.6719120236796768,3.013355591543673,"Eitemiller, Mr. George Floyd",female,24.97666536997813,-0.6284077786968656,1.123102110260895,323592,8.528510942769357,,S
502.3638622298139,1.477393634170035,4.104940488957725,"Pernot, Mr. Rene",male,17.039313066024295,0.18143139795036198,2.0650242577008555,345773,9.624664543146245,,S
502.8951849819717,-0.542557820111825,3.2769586752193653,"Turkula, Mrs. (Hedwig)",female,21.776807698865145,0.41527969026545347,0.0800826246230855,13049,9.196104109943139,,S
502.2805197667152,0.46221248901062467,3.458559136212169,"Aks, Mrs. Sam (Leah Rosen)",male,,-0.8241064992640045,-2.1250101249030164,28206,8.198907881522697,G6,S
502.49749654395913,-1.871218116060987,3.3630092477145164,"Torber, Mr. Ernst William",male,37.863087518045354,-0.07476256341330836,0.6088905165770311,65306,9.550792804381006,,S
502.03547116215833,2.86231756139488,1.697488311921,"Skoog, Mrs. William (Anna Bernhardina Karlsson)",male,16.17711983000503,-0.09399877422878479,-0.9040891661490803,248738,87.50911190625506,,S
505.4565044920674,0.602652446306499,3.2774304485560983,"Funk, Miss. Annie Clemmer",female,18.627109600149165,-1.2152801156034707,-0.66334944166446,W./C. 6608,109.97300928596167,E24,S
509.4204150122474,0.8175001573497384,2.971006335959188,"Jensen, Mr. Svend Lauritz",male,33.38002329904862,-0.21959398925875973,2.626576389791004,237668,26.648565837966036,B86,S
508.43488427146366,1.5755465099998949,-0.5803393178455349,"Barbara, Miss. Saiide",female,,-0.1573178328484663,0.2545541255127244,363291,25.095372402963896,C123,S
508.4404277139505,-1.4098194289478103,3.4466615152789033,"Richards, Master. George Sibley",female,26.501960224608954,-0.16029294282301915,-0.4881087753386017,19877,21.68353984690535,,S
510.4650802095003,2.1825307417526574,4.141480768103218,"Hendekovic, Mr. Ignjac",male,25.287945833817037,1.4159142745772682,-0.6496056326016644,35273,56.22094589596952,,C
509.4390416470056,0.6760152245035698,4.202700806536146,"Braund, Mr. Lewis Richard",female,29.564917281272912,-1.2157982985088753,0.12583605522083274,349239,8.529621020735899,,S
511.7026766373024,-0.2040695150484347,2.5733950169409003,"Keefe, Mr. Arthur",male,,-0.8246225712046127,-0.4094655525123675,110465,8.028653580929442,,S
513.0994774730158,0.5083443850345155,2.1649444451881275,"Slemen, Mr. Richard James",female,34.632057722618136,-2.612195798319334,-1.1092371336030074,349205,27.424368633450566,,S
513.9138993481789,0.4193485972544153,1.9277423995512053,"Sage, Mr. George John Jr",male,53.01890063253178,0.5190833338258594,-0.33256318147836006,343276,60.71523662874428,,S
515.79080612169,0.6946706116284086,5.57251743696973,"Andersson, Miss. Ingeborg Constanzia",male,23.27676431405916,-0.39564355412600094,0.33959262325518413,31028,8.694970468677207,E58,C
516.344645226236,0.25590685010422287,0.24999826375148848,"Andersen-Jensen, Miss. Carla Christine Nielsine",male,46.64269493973318,-0.5099771763342562,-0.17810346681963335,371362,35.22634056448029,,C
517.668326018108,1.65174814140304,1.4925994235995748,"Barah, Mr. Hanna Assi",female,32.63794916914735,1.10767733948376,-1.4135085982481852,C.A. 6212,9.463006095341282,,S
517.3116277177693,-0.008794689485571452,2.693880951540046,"Rice, Mrs. William (Margaret Norton)",male,,0.8606175223369632,0.9890646213755394,345763,24.632635499455773,,S
519.8978154084106,1.5131998110771812,1.5097778499612247,"Svensson, Mr. Johan",male,35.178164703592444,1.077856724267304,-2.7388114369433336,2699,25.392470959044584,,S
521.628936947624,-0.41884874392503835,2.109979250236397,"Williams, Mr. Leslie",male,32.086253836225005,-0.37061305353986224,-0.4463651550284352,347464,6.246733668640802,,C
520.0298504803486,3.2297318414095484,-1.762675505673743,"Hedman, Mr. Oskar Arvid",male,28.81940566024651,1.0261896681068639,-0.6201984545539159,13213,93.21252886794416,,S
521.1123043442855,-1.5679304164304986,2.5653005262768658,"Lefebre, Miss. Ida",male,21.884196490028234,-0.01975785983585163,0.14817887787141484,C.A. 24580,9.220536965627252,,C
524.3357843363202,1.2609373235629844,3.3693580596999047,"Cameron, Miss. Clear Annie",male,,-0.8182700389184578,0.5616618078027354,W/C 14208,7.685742010118463,,S
523.8086560133049,2.3679074507209705,0.5067781544940893,"Barkworth, Mr. Algernon Henry Wilson",female,42.69822026258649,-1.7162486774845516,2.1267648082610355,113786,59.99700937160589,B41,Q
526.4038213920666,-0.8521588059655938,4.93538118352911,"Jacobsohn, Mrs. Sidney Samuel (Amy Frances Christy)",male,,-0.44131449389568267,-0.7124048733521602,347074,7.406430145268111,D47,S
525.5574642881078,2.2292736105559734,3.0133758127158625,"Abelson, Mr. Samuel",male,41.52475673375077,0.7546436171726086,0.5865823373334818,36209,10.197802753592907,,C
528.4550455762707,1.995490282945318,3.2910290551841355,"Yasbeck, Mr. Antoni",male,49.58173160963619,2.2765386895430897,0.1958183878814611,350407,10.67752122551705,,S
528.1314858168055,0.9711390068229115,1.2614204127299684,"Johansson, Mr. Gustaf Joel",male,,0.06161034618947592,-1.7115393751832233,695,221.80168029615373,,S
529.2582288233227,0.028022187025876687,3.826407309893258,"Gronnestad, Mr. Daniel Danielsen",female,40.16349581430647,-0.7653555151203043,1.9005402554341098,113776,6.645609912078504,,S
531.5647180216699,-0.21722615821867644,2.2792415539335624,"Mangan, Miss. Mary",male,22.69379792102845,0.8150347917157861,-0.4387751272401994,370129,12.610562740292767,,S
530.6382295225558,0.7905911729603918,3.368784631903563,"Beckwith, Mr. Richard Leonard",female,3.104495025205568,1.551954896305599,1.419497272309715,239856,25.497874871059523,A16,C
531.0588779040751,0.3905305963195172,3.055939350132401,"Ball, Mrs. (Ada E Hall)",female,,-1.7646160523842684,0.3899599441977477,W./C. 6609,6.582152360591273,,S
532.5514357919717,1.4011862750338961,3.4961207080887857,"Mannion, Miss. Margareth",male,16.657155347090164,1.5503451014048881,1.275636782329077,C.A. 29566,8.510430563762572,E25,C
534.4523339506432,1.1813142178614195,3.366332933650044,"Mionoff, Mr. Stoytcho",female,,0.8177116062629123,1.5054231178383926,349207,23.516522668795957,,C
533.4342409278195,-0.9114436231372903,2.711714541872681,"Asplund, Master. Edvin Rojj Felix",female,30.32044951384604,0.43627945323286405,0.8272526511405023,C.A. 17248,9.794551367210678,,S
536.6374709026511,1.8244270623849799,2.404982318924677,"Albimona, Mr. Nassef Cassem",female,8.020882821002473,-0.21966167193855743,0.4396325260569045,345364,25.88780886594502,B58 B60,C
536.4612286823823,0.9211507463947922,3.234386246197682,"Markun, Mr. Johann",female,44.45165446213498,0.5649406535468146,-0.06582878867392292,363592,26.49902413469475,,S
539.1478126607335,1.654659528447786,0.729603057904558,"Sivola, Mr. Antti Wilhelm",male,30.04120606678162,0.17093837112829996,-0.5638746765524585,347082,106.36514560230414,,S
536.6057396950995,0.7454989065249826,3.4194648928532483,"Harder, Mr. George Achilles",male,,-0.7781238418605918,-0.6772979420670315,13507,15.282518180672398,,S
539.2134342248959,0.7290718698421919,2.257778950869443,"Collyer, Miss. Marjorie ""Lottie""",male,22.704148141639784,1.8504123223750257,2.428747787453546,13502,51.05356466849423,,S
539.3135318487659,0.07101083286942045,2.1402532809442802,"Johansson, Mr. Karl Johan",female,34.97482080555582,-0.3516793796105163,3.077478542719683,SOTON/OQ 392082,71.36814655519841,,S
541.173770533636,-0.8681934306407798,3.011716417719365,"Roebling, Mr. Washington Augustus II",male,10.016977048237855,4.775752300449909,1.6567442381631339,370373,33.249891085357355,,S
543.2476659011089,-1.635463248457858,0.6166112970426383,"Weisz, Mrs. Leopold (Mathilde Francoise Pede)",female,11.466328772170417,1.5813857173042853,2.7806810899257774,248740,32.17219441803306,,S
543.8207733745503,1.2369486115459498,2.5167028186484663,"Eklund, Mr. Hans Linus",male,30.683074926367055,2.276470882780929,0.04974066544459848,2666,25.765200605885582,C101,S
544.746622431052,-0.08344878322659362,-1.2194742586230527,"Hagland, Mr. Konrad Mathias Reiersen",female,51.2082628254805,2.4687637446545816,-0.8927322092380086,29751,107.25371140612897,,S
545.84081512862,-0.43998770452970876,2.4699372309412313,"Artagaveytia, Mr. Ramon",male,66.23409308079773,0.029833787126638218,-0.25795209324106383,347087,27.705940278708773,D,C
547.2033882406199,-1.9556188243450698,2.1694738711932606,"Jonkoff, Mr. Lalio",male,20.00183396954941,1.5587710347377586,-0.2994858907916149,330935,27.998288983341336,,C
546.9914639580569,-0.2473174696941689,2.999674019871989,"Uruchurtu, Don. Manuel E",male,,0.5585151816075627,-0.6966599125054466,35273,15.049391344599082,,Q
549.706849640899,1.1208406514031668,2.097888861818949,"Harper, Rev. John",male,33.08537138160259,0.35721643035927575,1.4284829286558338,370375,20.550674453657997,,S
550.6626659703854,0.335373999936869,0.44749252669994566,"Watson, Mr. Ennis Hastings",male,6.33849508026149,1.5471223054393404,1.2346461877047592,110564,36.53330674594408,,S
551.3850379376561,1.3605916776568414,1.2607543841411673,"Coelho, Mr. Domingos Fernandeo",male,15.155879548832475,-0.8086304698725554,0.40935030173058196,PC 17485,111.45936950356139,,S
552.5565334427513,-1.3906854299752562,1.966396560043858,"Graham, Miss. Margaret Edith",female,27.25508204386776,-0.6087569236453261,-1.6515259952393577,17474,27.673974495271047,,S
553.2964180008087,1.4387054823592311,2.508459173842834,"Goldsmith, Mr. Frank John",female,,1.1269431432122987,0.4246844532057544,347077,8.262969122214452,,C
556.0350733027311,0.8559723399453236,3.084661280732764,"Attalah, Mr. Sleiman",male,21.085423721672647,0.9746576907002027,-0.8152864287945346,CA 2144,7.679531871868811,,C
554.9129058289475,1.2900403964835352,5.76743589203226,"Markoff, Mr. Marin",male,21.937253316031324,-0.7063755021157926,0.302041155100324,2683,7.826397854317093,E12,S
555.6929167816654,2.325779791881685,1.8345255473690578,"Woolner, Mr. Hugh",female,62.615585287861286,-0.7335763435010406,0.7809315781091883,349909,26.222108937368787,,C
556.2464724196426,2.5164401005894037,2.049498605863319,"Bracken, Mr. James H",female,46.54724245323785,0.35440339754232786,-1.2709528374055592,PC 17477,39.437865493356085,,S
556.9677373294221,-0.3065656212870578,1.8439368915533556,"Robbins, Mr. Victor",male,,0.7326395664654908,-1.411537254576185,113503,227.66042598524552,B18,S
557.7555282123989,0.4067798151296408,2.479462143852193,"Brewe, Dr. Arthur Jackson",male,40.50987068312031,1.5219189602899696e-05,2.674431682395295,349257,81.36809999623983,,S
559.111202686769,0.6744549884804683,2.809928327099255,"Daly, Mr. Peter Denis ",female,34.92471161977863,1.3567126390359525,0.351570782962459,323951,17.160286221469196,,S
560.9293196183479,0.5098982484765356,0.9452386923247063,"Dantcheff, Mr. Ristiu",male,,0.7468468106342946,-0.41924065667327093,PC 17572,7.802612075911381,D49,S
562.3342951284977,-0.10522413425087113,2.8114138669939903,"Kvillner, Mr. Johan Henrik Johannesson",male,39.515269238451005,-0.08824545029310012,-0.9339404526462636,35273,7.030422339593492,C111,C
563.0511420585522,-0.39524414500347166,2.8117357099965017,"Hansen, Mr. Claus Peter",male,28.545793759849953,1.0100636968649277,-0.5104408489072796,3101276,14.216631066473155,,S
563.2344647225702,1.4671812507090423,2.0301996048849262,"Stone, Mrs. George Nelson (Martha Evelyn)",male,,-0.30431016948979245,-1.1905723361133103,315153,9.416679178718283,F G73,S
565.9001845640199,-0.11420989177783689,2.8236340495106695,"Healy, Miss. Hanora ""Nora""",female,,-0.2138556009939144,0.8834121740905903,PC 17757,9.674497845956756,C78,S
566.739412672301,2.2995890930373193,2.308230256997687,"Slocovski, Mr. Selman Francis",male,24.909159602213876,1.0227537688681436,-0.7767511536063209,113781,24.35336452469571,F E69,S
566.840351692578,0.09074256375217302,4.502029251843131,"Boulos, Mrs. Joseph (Sultana)",male,17.848406466592046,1.0171773476202053,1.093534588216267,29106,8.470154283279236,F33,S
567.3470838553353,1.7853183942247275,3.7494570154065636,"Vande Walle, Mr. Nestor Cyriel",female,30.1136597067413,-0.7665204469788703,3.5993710802299885,C.A. 31921,20.921449677829962,,S
569.5484279208298,0.3573194227106268,3.651540620643959,"Jenkin, Mr. Stephen Curnow",male,,0.3497718177150592,-1.0433501836173147,350050,7.757218679694522,C86,Q
570.1879735874861,1.9629605732494477,3.6216013131209714,"Svensson, Mr. Olof",female,32.25954176557154,-0.07131606712593476,-0.4263015880138014,PC 17596,8.168165152499213,,C
569.5518727405849,0.2753889484822756,1.9627507474478731,"Wiseman, Mr. Phillippe",male,62.258246186997226,-1.0527830631116626,-2.624166777501417,65303,10.558264387251487,,S
571.9320197440156,0.14624077741258823,1.1975562825275035,"Hawksford, Mr. Walter James",female,53.485122558869584,1.3908968561766792,-0.12076857667400692,2620,51.61695369227713,,S
573.2620358120744,1.4597059550149876,-0.18518458053231757,"Windelov, Mr. Einar",female,36.33695667606019,1.382872239040734,-0.17011919113015858,27042,26.83942228339365,,C
573.1003052135122,1.9885532424653152,0.8135580212494324,"Andreasson, Mr. Paul Edvin",female,,0.20165754263448052,0.8247427465479676,PC 17590,7.455847565154436,B20,S
575.1898433928375,0.040256502000462865,3.1500811303450242,"Harknett, Miss. Alice Phoebe",female,14.650132587704285,-1.009150341366842,-1.8863049279833795,C.A. 2315,7.807503207921967,C70,S
574.5451775147422,-1.2863933350836971,3.323990256272144,"Lehmann, Miss. Bertha",male,19.872348679961767,0.30532828734869183,1.1618663608635478,17421,16.207362013671553,,S
578.3361861000121,-0.36025836628932706,3.2092645684253776,"Gaskell, Mr. Alfred",female,34.18583457751892,-0.1461140315945451,0.820599294997656,367228,15.710546768846383,,C
579.2479499850594,-0.42713640218624116,2.5713358160823674,"Dick, Mr. Albert Adrian",male,40.14937684095782,4.454046402244181,1.2520435636986627,112277,54.695633051465954,,C
578.747482665697,-1.767622112939381,4.569998484998947,"Greenberg, Mr. Samuel",male,,1.2851238413422723,-0.05272137600413741,19943,13.19882879562394,,Q
580.3634543378391,1.1094853594470875,2.001976406706122,"Hart, Mr. Benjamin",male,30.59483563932304,-0.3806248470663645,1.0138968341027554,3101295,6.96784717219185,,C
578.5900780342001,2.1250439217080253,1.6477349650502306,"Cook, Mr. Jacob",male,25.966129681004105,2.4200279177871042,-0.47124403490690514,347060,29.896711584961444,E17,C
580.8436523397347,0.9865842130751913,1.4803342958813794,"Mack, Mrs. (Mary)",male,38.62962939033889,-0.8410361672928455,1.713047565204533,SC/Paris 2123,111.77908051103726,,S
582.7062210798479,-2.2604147573378524,4.531904677742178,"Patchett, Mr. George",male,54.34200345742102,0.09432015638109745,-0.7711627620999453,LINE,26.59125294204827,,S
582.9278669785731,-0.19076046033454871,2.480099203713916,"Plotcharsky, Mr. Vasil",male,35.35254057152048,1.9944284946810726,-1.6514018324229363,113572,40.29703113678047,,S
585.7143964826306,-0.1627989966326071,4.11939716199838,"Van der hoef, Mr. Wyckoff",female,,-0.11619928435975406,-1.1241405181643607,36973,9.241435546957899,,S
587.997296530748,3.0959987502254394,0.6122120444507094,"Vander Planke, Miss. Augusta Maria",male,17.1234351758168,-1.7333010446480788,2.0055311386292707,111320,78.95791384337164,E36,C
585.8233852805707,-1.4571379129195563,1.1168003688448755,"McCarthy, Mr. Timothy J",male,46.662570245893825,-0.39591796441059773,-0.8242992082176034,382652,14.755877228247382,B57 B59 B63 B66,Q
587.1625365959148,0.6093223974008043,1.7889078833832395,"Bryhl, Mr. Kurt Arnold Gottfrid",male,60.10744870269732,2.454518040959037,1.3760735316958,33638,79.17990545162421,B82 B84,S
589.2354483683099,1.7058526805445642,1.89933873576564,"Newell, Miss. Madeleine",female,20.90781767291304,0.37606959632077114,-1.8082375550040173,11755,6.465783661128148,,S
591.6111161484996,0.44997834134654807,2.7615636490196973,"Montvila, Rev. Juozas",male,,-0.8388561095125178,-2.1270975436158617,STON/O 2. 3101294,6.888689795277404,,S
589.77762568746,0.5633130735164247,2.8852220509980775,"Davison, Mrs. Thomas Henry (Mary E Finck)",male,36.61191047746749,-0.685242807179024,1.372387434143576,36967,6.003433938722341,,Q
592.249036122307,1.1145844370238782,2.592912089122808,"Harper, Mr. Henry Sleeper",male,51.50953783930629,0.44029972885018664,0.9038001294014344,230433,79.03080822368378,D17,S
594.8212988508132,0.32994353865726456,2.6453026970403224,"Sirayanian, Mr. Orsen",male,47.395142819031726,0.36119788405399617,-1.0492968359138075,349218,7.495354948572416,,S
592.3482408518207,0.777609530278536,0.5607503614273845,"Goodwin, Mr. Charles Edward",female,,1.3381961329386531,1.9970003565294605,28213,8.361061200073943,,S
593.7189307931542,-0.8094863188927663,2.5044446476624684,"Carlsson, Mr. August Sigfrid",female,36.96107079951516,2.0524230127991707,1.0195070602013239,374887,24.160345010197535,,C
595.5763933935392,0.8780585789081998,2.3009781468960737,"Troutt, Miss. Edwina Celia ""Winnie""",female,35.68695771407379,1.4560121821091285,1.4192006082906055,2650,22.666433313948396,C78,C
596.4794115871446,-0.37300301688553916,2.042631024437747,"Crosby, Capt. Edward Gifford",female,,-1.3316447600574832,0.1482230961834784,2663,33.663215440256494,,C
598.8126012877536,0.3283679728315381,2.9132952991578764,"West, Miss. Constance Mirium",male,50.081450469628535,-1.3279325139934413,1.095154081312597,A/5 3536,-2.778669641666051,,C
599.2416597198209,0.17874096328632716,2.726296004182232,"McDermott, Miss. Brigdet Delia",male,,0.5332520212137634,-0.7307124752012204,2671,8.449629357599804,,S
598.2250379403579,0.38370691180789207,1.790340581784704,"Butt, Major. Archibald Willingham",female,48.82252251290641,-0.3454710979328943,0.0311784486646287,250648,55.10588285647721,,Q
601.5154104029008,0.9773147246743532,0.46713512164729276,"Flynn, Mr. John Irwin (""Irving"")",female,23.62280712521093,1.7744329789313957,0.9821513617076084,2668,27.84334489192498,,S
601.4224611126443,-0.6225401526655531,2.48298577504564,"Sharp, Mr. Percival James R",female,,0.304150446186177,-0.27276204767104256,371110,7.007215375243038,,Q
604.2744472169412,-1.0717013268617444,1.6840379131173813,"Chambers, Mrs. Norman Campbell (Bertha Griggs)",female,,-1.1375939953626888,-0.3898055114207521,S.O./P.P. 751,43.44890371517158,,S
603.3724124635631,-0.35361474161364437,2.3859152246556317,"Douglas, Mr. Walter Donald",male,44.96109348612022,-1.0242623343588635,0.07286823782849074,17465,11.258160913916495,,S
604.3633847168977,-0.10398863537166148,-0.6088067092699718,"Foreman, Mr. Benjamin Laventall",female,32.89004935312003,-0.09412106456781866,0.03440749598552754,F.C.C. 13529,24.276822369878875,,C
606.5411316108045,0.3227974640932481,3.668555343256736,"Louch, Mrs. Charles Alexander (Alice Adelaide Slow)",male,35.2336846503843,1.5036502875240538,-1.0484276425345258,PC 17582,16.245377147860648,E101,C
607.762926482337,-1.1500854941523635,4.123094630441539,"Brown, Mrs. Thomas William Solomon (Elizabeth Catherine Ford)",male,29.600279943710238,1.0615187704137568,0.8017959099004475,341826,6.0876372864062605,,S
608.4480993639362,1.7119770229910514,0.9550047923569936,"Stranden, Mr. Juho",male,28.743621867291566,0.6070534347705518,-0.9763852077662583,349256,30.926768922217505,,S
607.3144026826152,-0.18147906792882007,0.03915440153046745,"Graham, Mrs. William Thompson (Edith Junkins)",male,22.76860376549637,1.0736565949921946,1.7817665554528261,349912,41.372427836448104,,Q
610.5380344399282,0.4337050844189937,1.7059697466988162,"Goldsmith, Master. Frank John William ""Frankie""",male,39.4428294729469,-0.7461947535570493,-0.2952804727200515,C 7077,153.59228232246184,B51 B53 B55,C
609.9656919483256,-0.624603408215179,1.340112118580312,"Murphy, Miss. Katherine ""Kate""",male,40.30451369711555,-0.0709069958445192,5.358103612659216,4136,30.363313723671762,,S
612.2352761115883,1.3251467288748389,3.3087992768481658,"Murphy, Miss. Margaret Jane",male,,-0.5108770883291476,-2.119103940217333,230080,7.8305411094965,,S
611.5762655646009,1.3302899456165918,2.11253617525784,"Baclini, Miss. Eugenie",male,,1.409935584980567,0.8909098149294582,A/5. 3336,14.05164216202962,G6,S
614.446322147543,-0.21173380254439425,1.8401607142330347,"Nankoff, Mr. Minko",male,,0.33662370662734287,-0.6769903476121641,14973,8.99163726289874,,C
614.1934010956926,0.4987194410697233,2.55808998292031,"Laitinen, Miss. Kristina Sofia",male,36.07325783178916,-2.0999019857251224,1.2199632947770542,29108,7.640749693389818,,S
614.7173653497395,-1.107192347329688,1.8167024435727401,"Wilhelms, Mr. Charles",female,23.593866354529013,0.21432297173249704,1.5218350754838457,S.O./P.P. 3,63.597309322596914,C93,S
617.7138201364824,-0.043133589640907445,2.3557917496135516,"Davies, Master. John Morgan Jr",male,32.97149575905873,2.204507551606156,0.9511564142659895,347082,15.994936823340698,,C
618.2416445216768,1.9975141778047627,3.5887032782151507,"Parr, Mr. William Henry Marsh",female,25.782856386923687,1.0792150478041393,1.9137860400684237,PC 17759,16.03265734719085,,S
618.3860231986071,1.1323465064026725,1.5539306215411663,"Sundman, Mr. Johan Julian",female,4.277344179720215,0.5829910868970141,0.7226617912063316,250647,40.90763597044203,,S
621.4511788490211,0.0679131691693355,2.980190871671822,"Carter, Mrs. William Ernest (Lucile Polk)",male,25.50525156947429,2.3558211815981513,1.2388498846734588,349209,11.721356129313342,,S
620.5593475784302,0.5481283796421961,3.2811731656434793,"Humblen, Mr. Adolf Mathias Nicolai Olsen",male,27.553953505995324,0.9710582676852354,0.03904508556456009,350042,13.656054295213565,,S
622.0321076739709,1.8956052433143455,0.30244279340369196,"Smiljanic, Mr. Mile",male,41.41700611633593,1.384333959313408,0.4154188302934896,PC 17593,52.469210199063255,,S
623.2689134476786,-0.9974666928898597,2.134060116167714,"Herman, Miss. Alice",male,20.62037239393136,1.3995247560451345,1.0699585894113746,PC 17477,15.862737939663575,,Q
623.3803340658714,-1.6823264817910268,1.3525037009525613,"Fortune, Miss. Alice Elizabeth",male,21.4422220620366,-0.36759546616018607,0.8478516263001241,A/4. 20589,9.380503199986439,E67,Q
625.4711362933999,0.21029129108614655,3.2907331778668225,"Adams, Mr. John",female,20.939076945292065,-0.7275736818213943,-0.6855316128530513,PC 17604,16.537517713367116,,Q
625.4665476528353,-0.7148765618975097,0.6454124527486419,"Calic, Mr. Petar",female,60.55861768763405,2.1216749850659404,-0.9840485230191854,13567,32.497092621096456,,S
626.5883616777838,1.3120252622199142,-0.3721955280635143,"Zabour, Miss. Hileni",male,57.151540795765264,1.0032058696177506,-0.6385761903770217,SO/C 14885,12.150120412901693,,S
629.3626426398033,0.684825610114776,0.4642851272305999,"Lindqvist, Mr. Eino William",male,21.5502537430337,0.8219372011086765,0.09971037632409105,S.W./PP 752,77.90774296414536,,C
627.9594139474875,-1.9345307357131178,2.098965970745048,"Yousif, Mr. Wazli",female,28.06179915273161,0.5762891917182107,-0.22081878555032944,364498,9.200392085678324,,S
627.5872196690705,-1.268013916843997,4.57567759217066,"Hewlett, Mrs. (Mary D Kingcome) ",male,,-1.0033173903616845,0.7102748764711765,312992,7.7370053507974745,,S
632.6109369950119,-1.7496760196305754,-0.7027786118933097,"Moubarek, Master. Halim Gonios (""William George"")",male,80.97598994981584,1.2775301917402737,1.30473169982152,2627,29.605002728701827,,S
634.549327952607,-0.23412553728291255,1.5586492002659462,"Tomlin, Mr. Ernest Portage",female,54.088512194860286,-0.8431326580117493,-0.9758383372350086,2649,6.489692834386313,,Q
632.5947307345507,0.8116158727356166,2.1099696431057,"Carbines, Mr. William",male,32.51595847676784,0.2832867981506457,-0.7339487916139326,244367,29.946234846163836,,S
632.0631619593798,-0.42446270978189776,2.356763157463963,"Andersson, Mr. Anders Johan",male,,-1.6393899054645689,-1.436239418312854,349216,-1.402095996042765,,S
634.689516023804,1.0788790390297387,2.2550170612743585,"Asim, Mr. Adola",male,9.704015074321655,0.9591411493524804,4.030372990759104,367232,27.14962469167352,,C
635.7137770501594,2.1985198365166934,1.3679141771910892,"Arnold-Franchi, Mr. Josef",female,26.991034022411746,0.3182912026531147,0.30466949912182684,368703,14.498420275650323,,C
636.8100761589777,-0.1703884233561112,3.616235396553313,"Peters, Miss. Katie",male,31.556098363581246,-0.8090992671949081,0.47980232005157775,19950,7.718400739432504,D35,S
636.8866119580781,-2.134693667476856,-0.3270997969453102,"Davies, Mr. Charles Henry",male,30.493830733307664,-0.9891675712972732,-0.3402083850310482,PC 17761,26.954411668556098,,S
639.5795611424765,0.6172815804922585,1.1388063154944439,"Denkoff, Mr. Mitto",male,41.647613977219564,0.5406095029470755,4.998830010993125,CA. 2343,37.208743482099166,C30,Q
640.5245073752861,0.5553602285085755,2.719266599149288,"Kimball, Mr. Edwin Nelson Jr",male,,3.120080771050789,0.5092479844130853,7540,16.66831130896588,,S
639.5055943801807,0.309391570156945,4.549890566129126,"Chambers, Mr. Norman Campbell",male,20.1382234254743,1.3895602585800617,-0.252757690534425,349201,7.6928472956308855,,S
642.6991967316949,1.9814797493081158,0.5642699118332604,"Caldwell, Master. Alden Gates",female,25.087454620148463,-0.2573178852656725,1.0757056248263945,315151,68.81855997710949,,C
645.0526849819458,-1.16482809646104,3.1009367917351547,"Bystrom, Mrs. (Karolina)",male,2.863150738704139,3.0088453066969456,4.311831125642829,345779,28.08095995742113,,S
644.171960332437,3.008755386185139,4.133789272564012,"Hocking, Mr. Richard George",male,,0.8877062567839132,-0.9470628270939518,220845,55.99997474618797,,S
644.6626748379315,0.04057224685813199,5.106884733278147,"Smith, Mr. James Clinch",male,0.08000490312177755,3.122128019834907,-0.022087245976696757,347082,17.134425080111644,C103,S
645.8579967855925,1.7492229272008546,0.42315152685168744,"Vander Cruyssen, Mr. Victor",female,49.13527473165319,0.6564642811743013,-0.8777560655285767,2651,77.65144794117194,,C
647.6152567669685,-1.6873476944133516,2.983163276266574,"Barton, Mr. David John",male,19.773891180909867,0.034177715724574294,1.6061991600164907,7552,8.138817561348194,,S
646.2693283944927,0.06973531272994915,2.8220552213428425,"Hickman, Mr. Stanley George",male,54.393743181704615,0.30061480676453645,1.0423553170296844,PC 17476,35.18605754525215,,S
649.1643907029774,1.5163686467253361,1.4778007248085716,"Flynn, Mr. James",female,,0.5538763202788318,-0.13552781779364848,29011,6.583814627927563,,S
649.6095360505371,0.7391001769991501,4.027581070553822,"Lahtinen, Mrs. William (Anna Sylfven)",female,23.165515462016764,-0.13307644201126692,0.03655966440087428,345780,6.080142483892865,E101,S
652.847825012956,0.8399226051327979,1.9816844676387417,"Vanden Steen, Mr. Leo Peter",female,,-0.12008524506874427,-0.8165436261967214,347064,8.119692707068058,,S
651.825827266195,1.2369553887192462,2.102472367103157,"McCoy, Miss. Agnes",female,18.91010149493977,1.3798323297543882,1.8900271577431842,SOTON/O.Q. 392087,24.613440960225358,A26,C
654.6678876111196,-0.10495815600017268,2.7573809525997257,"Hansen, Mr. Henry Damsgaard",male,21.283906001175474,1.2095207024428862,-0.3799018241085537,C.A. 33595,8.636466476741038,,S
652.896259302218,2.36385032493269,2.041988399298771,"Rommetvedt, Mr. Knud Paust",male,,0.4774105734360883,-0.2600765394549993,36928,6.446438393907174,,C
655.5872591668028,-0.23665882465190033,2.016898072341725,"Jussila, Miss. Katriina",male,18.064136802378155,1.7191090700229286,0.6087897715292568,230136,6.975116727038403,C87,S
656.3194002637912,-1.7807381075634705,2.2764143642537547,"Fahlstrom, Mr. Arne Jonas",female,23.326148311819438,1.613554237773583,-0.18799493808322118,2926,73.44665703775327,F G73,C
656.1309527521353,-0.8032400919517051,3.995539328162682,"Maisner, Mr. Simon",female,,1.6229734486293805,-0.2349659934978464,237736,8.75984362607423,,S
658.177396114637,0.5511917287016942,2.870263796811497,"Lam, Mr. Ali",female,32.01899118664011,1.5425154435355504,1.010575205529075,WE/P 5735,16.106733177411726,,S
660.2125188368316,0.39550910636250813,2.0701131587332164,"Palsson, Miss. Stina Viola",male,22.96532074998141,3.2710261222145895,0.7953554137930766,28228,10.014177465890077,,S
659.6762082957134,-1.5670582502354382,1.5711740662910472,"Leinonen, Mr. Antti Gustaf",male,56.11442709555653,-1.1924819267824778,3.646493075483833,347068,113.82024220442847,,S
659.3080373508302,0.27565748059179895,0.028381226987040153,"Berriman, Mr. William John",female,49.60251666507057,1.3106547477826584,0.585486232246082,W./C. 6607,132.64652059049592,,S
661.9824371735225,-0.5817213492022466,3.739692508412923,"Bishop, Mrs. Dickinson H (Helen Walton)",female,40.05620565308915,0.4187978282005477,0.803314223624267,239855,5.803271258551301,,S
662.0975769052075,-0.365469594114225,1.8193430970597468,"Moubarek, Master. Gerios",male,46.7186300080943,0.3972340529789919,-0.19985406210112439,228414,25.399026589626434,,S
663.6576590613361,-1.3759135886015514,5.6036262987504095,"Johnston, Miss. Catherine Helen ""Carrie""",male,35.75317620448841,1.9501389841750185,-0.707797863168717,113505,7.906771109030012,,S
664.9184122303149,0.3716288918805214,2.623895809440418,"Ryan, Mr. Patrick",female,20.487991370804586,0.33162531670046613,0.6539862322351151,364846,6.284265389713175,,C
664.2943477839844,-0.7286104852595274,1.5419181983318724,"Augustsson, Mr. Albert",male,30.921042812951367,2.904918518693884,0.17124082460057136,STON/O 2. 3101288,74.20457641705755,,S
665.3843416606793,0.7715332597619193,2.7689658715737453,"Lemberopolous, Mr. Peter L",male,23.37195778604879,1.1624630046819957,-1.4226286487497493,349219,13.7633388475316,,S
668.4820668355255,0.8091213109902438,3.8191041689121383,"Honkanen, Miss. Eliina",male,,0.7046478322206475,-0.32806962342559803,110413,7.821976196299498,E44,S
668.4772813038303,-0.145810458088816,2.464912846623288,"Petroff, Mr. Nedelio",female,43.764114405501786,-0.96099634192432,-0.08289702348155359,236852,7.182376369772952,,Q
667.4352556581795,0.6079602041292684,0.5968373230699511,"Youseff, Mr. Gerious",male,,2.407758805254198,-0.5104578670284787,13214,51.02062199581071,,S
671.7848440366081,1.1399243120391134,2.5411308382180406,"Dean, Mr. Bertram Frank",male,40.78212823909474,2.2293249313154138,2.481735594542127,392096,40.02593213158023,,C
672.2723697552742,-0.8165751074555749,0.1724157592653386,"Bjornstrom-Steffansson, Mr. Mauritz Hakan",female,29.531736240131153,1.5995845197903775,0.47983903690221674,335677,50.488777313504094,,S
672.2861251759635,-1.146832082167441,1.589466011984985,"Thorneycroft, Mr. Percival",male,69.76763276062323,0.20434768720895413,1.3731749178886479,11753,11.564470460819178,,Q
672.6831697889418,0.05977879107428308,2.0895927673684347,"Dorking, Mr. Edward Arthur",male,31.25663438108153,0.22610801004437128,0.26342526165215957,349242,12.834800840869564,,S
675.8358078963143,-0.6348131639714567,2.9959386848222582,"Ponesell, Mr. Martin",female,,-0.07873579223937772,0.08138783642507771,113787,-0.09583449964285712,,Q
676.3493506225605,-1.163473799792271,2.395401383820459,"Navratil, Master. Edmond Roger",male,18.539304552942873,0.6407851342526418,-0.9365978176102492,3101278,6.066912294586675,,S
679.382602282684,0.16205955906287475,1.157615537969328,"Naidenoff, Mr. Penko",male,23.58295105353924,0.031134852944977556,0.01192953319656672,113514,7.903283369871414,,S
678.420188598725,1.7297156737837085,1.083402532481789,"Edvardsson, Mr. Gustaf Hjalmar",female,18.06494308755074,-0.8485249753526413,0.013053925675440194,231919,10.455285516011376,B35,S
679.387703141262,-1.5870983007982418,1.7405869332938666,"Rosblom, Mr. Viktor Richard",female,43.420322829776126,-0.04859164482759204,4.632886115965767,CA. 2343,45.56358991214802,,Q
679.8330720698914,1.0251287112160334,-0.3131677181999373,"Leitch, Miss. Jessie Wills",male,36.82567095330366,-0.7520362536522921,0.4604725302296051,110413,512.8278358672519,B96 B98,Q
681.8167758672008,-0.21993579526633558,2.845389241380091,"Rugg, Miss. Emily",male,,0.22213224254945177,-0.3232825985163624,113050,8.226512253679022,,S
682.6250852012481,1.341508685536803,-0.18888015359760502,"Alhomaki, Mr. Ilmari Rudolf",male,26.6548431327571,-0.026955836435207322,0.41347954405572146,STON/O 2. 3101285,76.0854443861677,,S
684.2517250085652,-0.012938768103588062,2.297245040178796,"Hoyt, Mr. William Fisher",male,17.29618231992666,0.21534379328874922,0.46135011198570613,364516,10.079673086491304,,S
683.4786770813627,-1.4535992799316308,2.2259141150179502,"Pasic, Mr. Jakob",female,13.378538032422226,5.500813133546111,1.4186815180347951,349210,44.69774323102144,,S
684.564592527056,-1.2623892988571654,1.5594921391520065,"Cairns, Mr. Alexander",male,59.475585107028955,0.37267907408312106,1.4688696025418848,11771,39.34668074874371,,S
685.520896829088,0.029423575584972723,3.322504331523122,"Strom, Miss. Telma Matilda",male,23.980415491832556,2.465660168345348,1.817921070651483,113056,43.198635158073294,,C
687.790801721179,1.0287809197455093,3.6619475894305165,"Navratil, Mr. Michel (""Louis M Hoffman"")",female,14.165612150232652,3.732289172952526,-1.8696200248549566,S.C./A.4. 23567,41.12744313910066,,C
689.4983744402967,-2.214187371043003,3.016129415276004,"Daly, Mr. Eugene Patrick",female,18.944054567954733,-0.433426984781509,-0.4847020319515423,113776,10.560606720538523,,S
688.5411595068507,0.34572657980157995,2.538973719419162,"Collyer, Mrs. Harvey (Charlotte Annie Tate)",female,15.740786122422389,0.4823862373324524,1.0789886401423785,345770,7.494119223869154,B96 B98,S
689.5752262722069,2.189622005287643,0.5667673433769789,"Clifford, Mr. George Quincy",female,15.215507969301756,-1.8365102023750728,-0.6818057566276796,W./C. 6608,210.7016974434524,,S
691.3140772238698,0.8469741237937869,1.3277464699519494,"Bengtsson, Mr. John Viktor",male,30.071675869210974,0.2094655502770807,0.11269120041554022,7545,56.697074206094356,,S
691.7542384999871,1.550202496026441,3.58416907335229,"Larsson, Mr. August Viktor",female,4.485688959190515,0.981072798691833,2.5852612141852873,2695,13.960507247917906,,S
693.9520536531398,0.2969309191021978,2.0923824938993993,"Baumann, Mr. John D",female,,-1.7374219290621107,-0.7606129530104807,244361,55.68855619454059,,S
691.7482227093809,-0.11936619927687682,3.0364807556142317,"Sutehall, Mr. Henry Jr",male,25.03000653853094,1.1175741969331559,0.002149080427685861,7267,7.98242381805038,A5,C
694.1732949530831,-1.6209135183081516,-1.031619568663027,"Asplund, Mrs. Carl Oscar (Selma Augusta Emilia Johansson)",male,59.71683667111349,1.5111365663591347,-1.3040162572279212,347054,28.683160518003326,,S
695.2175836660385,-2.344343308418874,2.211713784170597,"Futrelle, Mrs. Jacques Heath (Lily May Peel)",female,52.30310188495033,-0.36945533782374834,1.627231141663572,PC 17482,13.438116764872605,,S
694.6796439876139,0.9427658012252752,3.762149241958686,"Harris, Mr. Walter",male,44.12469727765135,0.29181276742631007,-0.08333262699661428,A/5 3902,6.705605196716696,,S
697.0363615556312,0.01500507227555814,2.719931373119125,"Dahl, Mr. Karl Edwart",male,,1.1190870848510266,0.04662684279401815,2647,6.388555253683587,,C
698.0848438841541,-0.4555278450034305,2.816526996140105,"Widener, Mr. Harry Elkins",female,47.46372768595575,0.5332108119564802,2.3543004655056223,WE/P 5735,111.65986555171158,B71,S
699.7988953454811,-1.3864422532701932,2.1187615525639494,"Glynn, Miss. Mary Agatha",male,40.522792036538966,0.8677755205261815,0.6614783946454811,330980,7.590253821039557,,Q
702.1129658916602,-0.4099697030838758,1.2174404153032612,"Drew, Mrs. James Vivian (Lulu Thorne Christian)",female,17.41611306090778,0.3288512048693284,-0.8756287324967398,STON/O 2. 3101273,228.40183089606407,,S
701.7549393488093,0.8261622999053837,0.9641752533340445,"Johnson, Miss. Eleanor Ileen",male,34.99172011607041,-0.47760229333317933,-0.6472779240873159,349231,25.753865750840653,,S
701.9691862797289,-0.7295771941356465,2.8997023325565916,"Connors, Mr. Patrick",male,17.391752052800882,-0.7993364643249737,1.4949313045232986,3101281,15.284823547539832,,S
703.9430454587865,0.37797099799469847,2.8856778319952525,"Klasen, Mr. Klas Albin",female,25.625211930579464,0.3426471991948034,-0.62412105506294,347069,7.583400826550275,,C
706.0491736214414,0.4525384189795919,3.1071050300094716,"Stead, Mr. William Thomas",male,25.720779080788315,2.1579690525655497,-2.117243312120527,347077,7.12169594467605,D26,S
705.0240411838851,0.32084964632460716,2.8479587434636997,"Johnson, Mr. Alfred",male,38.03498727522049,-0.18411293211716429,-0.05324079863907779,243847,25.599001521197614,,C
706.0894251160786,1.2386007909284438,3.3777362362747443,"Dennis, Mr. Samuel",male,44.72190370701209,-1.2712491599124032,-1.4802126611248094,368323,12.302945644576763,,Q
708.5585489592743,2.5777682049318864,0.9977497554958427,"Kelly, Miss. Mary",female,42.22585983631655,-1.0827068222868157,1.616281753563726,2689,28.276859558581613,,S
708.7784638842692,-0.06759376904488601,1.8153160721716333,"Taussig, Mr. Emil",male,22.324884718824585,0.3945994213705404,0.1767876377631527,110465,151.45361818644153,,S
710.6474846907095,0.9450651337970822,2.2982330537332176,"Serepeca, Miss. Augusta",male,,2.8441164133942696,0.09482494325642454,CA. 2343,15.890314088682196,,Q
710.9863532082047,2.1326898205195888,1.7659554527262329,"Carter, Master. William Thornton II",female,23.33109065999658,0.39372499931439753,-0.6986324146624537,367655,48.9673308671292,,S
712.7016636480896,1.2645398093380364,0.2380084761730097,"Mallet, Master. Andre",female,,-0.38689655065125267,-1.8893975878739204,348121,25.498072178020177,,S
711.9649218859594,-0.4217636493445729,2.090659936088132,"Gilinski, Mr. Eliezer",male,48.42612394681942,1.7661839668502841,-1.0994618867805037,PC 17475,51.766119489082065,,S
713.9879153492118,-0.3123554416558699,5.21064087739324,"Carter, Mr. William Ernest",male,28.976577040799185,-0.23949863558674636,1.0163232025406992,233866,10.584492533379198,,S
714.7893099856368,1.3581210958672605,1.8779161120286083,"Laleff, Mr. Kristo",male,51.49938185401135,-0.3782852173642064,2.2317861454923915,28134,12.479268208601717,,S
714.7841090758959,0.5080791051990653,0.8074565091925914,"Andersson, Miss. Ellis Anna Maria",female,17.450742823655755,-0.9584591056952636,0.7263965131989585,243847,6.779468027270585,C22 C26,Q
715.4365220521313,1.1952630314797728,0.451927066755177,"Sandstrom, Miss. Marguerite Rut",male,37.489165440946984,1.4084488442463559,-0.09204253862102917,54636,227.68046424436915,,C
718.6857490352746,0.7823153065653432,3.2318751342893033,"Tobin, Mr. Roger",male,25.9262975872822,-2.5392079174956637,-0.4319593756539166,PC 17558,10.999022600717744,E44,C
718.649047617782,-0.38380092570774543,3.553076787025245,"Haas, Miss. Aloisia",male,,0.7978592002792693,-0.9564958135763623,C.A. 31921,17.142848168853185,,C
718.9777197183527,0.2882190630903242,3.2489135986750295,"Kelly, Mrs. Florence ""Fannie""",female,32.204321158329414,-0.4637449377975369,2.0597658993397405,SOTON/O.Q. 3101310,8.128750478372496,,Q
720.9038210630766,0.7476258750155167,3.008668355954839,"Sheerlinck, Mr. Jan Baptist",male,4.9529082792335455,-0.4103407314516127,0.8112512981356251,28425,33.643992678531234,,S
723.1280188573493,-0.04257862104444418,3.484453439248422,"Thayer, Mr. John Borland",male,17.58378654529295,2.6923151561178127,2.1156298300625043,230080,7.773475236920321,A31,S
720.719262154628,0.07859870611503737,3.217725187451136,"Palsson, Miss. Torborg Danira",male,34.601091837414295,-0.7141310922000513,1.393519509610061,315096,11.84698461806737,,S
722.5033613100967,-0.6780715284934992,2.9194236766469857,"Barbara, Mrs. (Catherine David)",male,49.09612071041912,-0.6800691540284102,-1.7407964313462736,113803,12.036667929530456,,S
724.0771135581048,1.5321293738814383,2.521700452736959,"Rothes, the Countess. of (Lucy Noel Martha Dyer-Edwards)",female,26.73977136943688,0.8696057610804696,-0.6659523957592918,A./5. 3235,52.016103710394354,,C
727.4611788667203,2.9142446484154196,3.3587960839062543,"Bing, Mr. Lee",male,18.141757337887466,0.41384738581223823,-0.6690451241738223,345777,7.330354244308354,B37,S
727.2825869829193,-0.7769866393260751,2.9052594014939546,"Ross, Mr. John Hugo",male,29.505660049817305,2.5581442177071305,-0.07984636410573946,SC/Paris 2123,21.795459874870403,,S
728.7673172404612,1.3240125241899798,2.6928729269142146,"Taylor, Mr. Elmer Zebley",male,,-1.5738589305358854,-0.060314253113753484,SOTON/O.Q. 3101306,8.027550091663755,,S
727.8598390808738,-0.7601900886189056,1.3985391884409941,"Saad, Mr. Khalil",male,25.8249378896141,0.13430181911823458,2.996239095398143,349217,26.07949606309145,,Q
728.8804641247294,0.57740257751925,4.706767640418973,"Van Impe, Mr. Jean Baptiste",female,24.286952918308685,2.2813338564645194,-1.0772278744747588,A/5 2466,5.332283484597731,E33,S
731.4478137167227,1.0465574733278609,1.216204676322688,"Peter, Miss. Anna",male,30.05185486052752,0.07477678913551145,0.22896993566438997,C.A. 2673,213.39297685861862,,C
732.0582743309354,0.7618547740424635,3.804880565862379,"Skoog, Master. Harald",female,9.484308078486528,0.45108728370382206,0.6165077424678032,C.A. 34651,17.893227995846445,,S
733.5487388188641,1.1755065765087795,2.12374001441139,"Romaine, Mr. Charles Hallace (""Mr C Rolmane"")",female,,-0.2614212071730376,-0.0015720044691961827,A/5. 10482,2.0518127559389576,C92,S
733.8123290090715,0.19242111776818133,1.4134843490800357,"Campbell, Mr. William",male,23.709661865637877,-0.6594976961732696,0.11018057778135802,SC/PARIS 2133,11.550758519348683,,C
735.2781437264546,1.1320522884141782,2.010982892582401,"Murdlin, Mr. Joseph",male,24.671121228563248,1.677569449875411,-1.0448088943065872,349203,12.187598841443464,D37,C
736.1581190849051,-2.3442978937886774,4.435994017767714,"Leonard, Mr. Lionel",male,28.993431988183694,-0.18819185705108066,0.10648619460268177,358585,13.897150617490372,,S
737.7777673890849,1.5904522979160232,3.555240074279424,"Pain, Dr. Alfred",female,47.959657613465986,0.5566301204728732,3.511398996174372,2908,34.7371249759427,,C
738.8070082819445,1.37506215189234,-0.7114731597304591,"Emanuel, Miss. Virginia Ethel",male,32.80481625347779,1.0961423663553396,0.3276005842711286,347088,511.2279431791888,,C
737.3801280056082,1.0778433557451819,2.784755543423845,"Jerwan, Mrs. Amin S (Marie Marthe Thuillard)",male,,-0.7223603588673853,0.5702009039120914,347073,6.822799845901646,,S
737.7527314446592,-1.2198757448415216,4.782293792704712,"Coutts, Master. Eden Leslie ""Neville""",male,,-0.5947273437739967,1.412607900636232,11813,6.523285782825603,B22,S
742.0017453976515,0.1692301183946643,0.786203138150044,"Lennon, Mr. Denis",male,,0.010246684016898003,0.9369665419143417,330932,30.777355062737865,,S
743.187725093262,0.14593829414477413,-0.8004786917341806,"Byles, Rev. Thomas Roussel Davids",female,34.89416481784788,1.0002701040881796,0.07129461349743696,113055,79.56146365156754,,S
741.9793769804867,0.982962110662537,2.8930488854225436,"Ford, Mrs. Edward (Margaret Ann Watson)",male,21.06553258083005,2.2596113479032143,0.8282416481167221,2678,264.1870338910788,,S
742.1401645934544,0.2830685880099896,3.6823925098127925,"Olsvigen, Mr. Thor Anderson",male,24.11513136750781,3.091669089395488,-0.6000052747111194,4133,15.414293378927027,,S
745.0990348210072,2.084515160929966,2.9299871411871994,"Rintamaki, Mr. Matti",female,31.944415868540272,0.33624824635237044,-0.21963115191741533,112053,8.143819371046801,,C
746.9308382263505,-1.7652203153028492,0.6285822639179314,"Beane, Mrs. Edward (Ethel Clarke)",male,70.1366022830127,-1.3780539627508004,1.2523458313414473,364849,69.71066480259805,,S
748.7975945224343,0.9738190717173091,4.082351929791735,"Hart, Mrs. Benjamin (Esther Ada Bloomfield)",male,17.228394368334385,1.3262989434315609,0.5216672385006049,349251,19.91496097726468,,S
748.5162975721015,1.008281909957927,1.4580165997738075,"Harrington, Mr. Charles H",male,30.007994029548815,0.03787999448959883,-0.9357331991843516,345781,12.481154686718822,,S
748.6282833034143,-0.20378186112454774,2.1482564245159885,"Lesurer, Mr. Gustave J",female,18.884665005192662,1.0434500243514577,-1.188198689120337,STON/O 2. 3101289,53.56444995749542,B38,S
749.1068693784151,-1.4711152343848903,3.5421952857242562,"Mockler, Miss. Helen Mary ""Ellie""",male,32.06431218624718,0.2459473093961707,-1.651177759055531,2669,8.76702180641819,,S
751.0114512916707,1.5030486683768651,2.24468192548735,"Coleridge, Mr. Reginald Charles",female,3.0215591199585656,0.9713217123252006,0.7650492962254312,250655,23.9910666908315,,C
751.7007352961148,-1.4141078510310372,3.1455148053355955,"Connaghton, Mr. Michael",male,8.814447453266162,-0.052612093055389005,-0.46966544207030503,330923,11.632187727782389,,S
751.9849320942711,0.6483940112387127,2.825031963285822,"Meo, Mr. Alfonzo",female,33.37525747816674,0.6130442097707861,-1.0005256841573922,382652,10.498467904623,,C
756.0487556508633,-1.492105835472992,4.045640120209265,"Robert, Mrs. Edward Scott (Elisabeth Walton McMillan)",male,23.380829252837675,-0.542080797194501,-0.3939018728443025,367226,7.851714862892203,,C
756.7851684020721,1.0534579126174741,1.1346571678981658,"McKane, Mr. Peter David",female,48.5250959739726,0.05231366436082441,0.6640826906085662,4133,64.67540310410298,,S
757.1360486835554,0.8808311626720796,0.3780748731697907,"Renouf, Mr. Peter Henry",male,2.5471364753316426,4.023781452622391,1.379752188498697,220845,13.791488513181081,D20,S
756.0791496021909,1.1695381472938837,3.6144401228924745,"Toomey, Miss. Ellen",female,28.792507411672606,-0.7158574437812334,0.7402230636056872,W./C. 6607,7.235864205638448,,S
758.8550193242972,-0.17865516901389017,2.631238328067148,"Fox, Mr. Stanley Hubert",male,16.394944020996075,0.10014291246007646,-0.5494270197753985,PC 17608,13.242313846196232,,S
759.6396264094979,-0.6941385611456656,3.4802411525117667,"Caram, Mrs. Joseph (Maria Elias)",female,35.4034703847675,-1.4956602508753674,-0.43702730761000175,349204,8.357410766494024,,S
760.4425456242041,0.493397304028797,1.407728369618039,"Williams, Mr. Howard Hugh ""Harry""",male,32.659103420554985,0.11646841505142191,0.5374297701390774,11765,86.67461184750121,,C
762.2496652670437,1.2728827687546636,2.679459621662452,"Duane, Mr. Frank",male,,-0.9332255506893351,-0.713995097234679,7553,14.237753141463052,,S
762.6353711428612,0.5362969691808936,3.7874827043855253,"Devaney, Miss. Margaret Delia",female,39.72074602782473,-0.44247294285001093,-0.7827339115972951,24160,9.57097861143803,,S
763.7400142363043,0.6143700184768387,2.954441873245459,"Navratil, Master. Michel M",female,20.526202018123897,1.0450646657711238,1.1964984781862904,113792,8.534210488846425,,C
764.6369062833722,0.7635535800354866,0.5128864391848219,"Ryerson, Miss. Susan Parker ""Suzette""",female,35.34862570993245,1.4720095683780738,2.884187738712787,2700,119.2789378852012,,C
765.3407914080021,-1.567177090585447,2.6881086877446,"McCoy, Mr. Bernard",male,16.100169637993474,0.5684095245748191,0.6015500023439195,2665,7.501384945295376,,C
764.2163888702859,1.388474200851541,3.020639698775832,"Chibnall, Mrs. (Edith Martha Bowerman)",male,50.71590099463922,-0.7712048383918628,0.9256446213940929,113510,77.74405545662908,A6,C
767.0836210774106,-1.7598157076954657,-0.7349760820454327,"Porter, Mr. Walter Chamberlain",female,,1.8368951698290128,-1.977278725367363,382652,39.7458719782826,,S
767.4438080411509,0.7517964658354561,3.499788104295799,"Kantor, Mrs. Sinai (Miriam Sternin)",female,32.48226030014559,-1.191881310941875,1.3538355467931074,2699,7.048774007368564,A24,C
767.72015904236,0.12862159249126584,1.3208895723762828,"Kraeff, Mr. Theodor",female,,2.528560814293865,0.3920621165837422,364500,24.588816523361697,E77,S
771.6818166193008,2.3869517995739225,2.8917666616770266,"Widegren, Mr. Carl/Charles Peter",male,32.06397771136886,1.0215438659814862,1.010781384005735,C.A. 34260,9.814588132039315,,S
772.7289953408857,-1.1001355537243058,2.5663725148458125,"Cumings, Mrs. John Bradley (Florence Briggs Thayer)",male,23.626557033650485,0.5773327417846801,0.3871617791163626,345572,8.186371890995837,,S
773.3592206002957,-0.10266209104063294,0.9149717033201221,"Wells, Miss. Joan",male,49.10600629150279,-0.8549847809083815,0.048924824680156194,330979,6.726053262907932,,S
773.2552134168559,1.7982877009230627,2.389037590433763,"Shutes, Miss. Elizabeth W",male,56.67108012966662,0.15158984481952292,-0.2753092123620546,17421,10.016841444702694,,S
775.3506251209526,1.1913896402914144,2.6199619378078043,"Nilsson, Miss. Helmina Josefina",female,,-0.4709214106448598,0.36714437688620544,2223,6.78820443989217,B35,S
775.0120531806018,0.30378794842010026,-0.09920634256124394,"Doharr, Mr. Tannous",male,54.978592863664964,1.0290395715052918,2.688252091095448,C 17369,24.998465874745932,B49,S
776.2027972768977,0.22396742837344774,3.839568090774252,"Hagland, Mr. Ingvald Olai Olsen",male,17.46170090468335,-0.24987225908555988,0.8678761000651124,315088,8.751709220014838,,S
775.906528629538,0.001999356415087233,4.435006177988935,"Lundahl, Mr. Johan Svensson",female,,-2.0386105065724083,-1.5864566445522004,230433,8.694322352118265,E50,S
778.3969913044988,1.2819558673941571,4.490124342296572,"Lewy, Mr. Ervin G",female,3.418689218489007,1.121784150984588,-0.5415758617942777,349252,12.210634306486599,,S
779.0603859284245,-0.6986804359848298,3.358956440651471,"Najib, Miss. Adele Kiamie ""Jane""",male,,-0.08110715654936117,2.0448232484766464,250643,7.451186593213186,,S
778.6973478831655,0.9106795972992655,1.0460581385771155,"Phillips, Miss. Kate Florence (""Mrs Kate Louise Phillips Marshall"")",female,44.940866939181866,-0.484800399502237,0.37391953642760756,234686,209.8857945862346,,S
780.9488028881834,-0.5980523752767137,4.328156620895797,"Hogeboom, Mrs. John C (Anna Andrews)",male,13.721225372799791,-0.5603272328297677,-0.23868372306347801,248727,8.010940228047817,,S
781.9202704361431,1.1351234518680822,2.6823835853400984,"Frauenthal, Mrs. Henry William (Clara Heinsheimer)",male,18.461799167547305,1.3584595763667682,-0.8825809333500763,C.A. 37671,57.49105460480879,,S
784.7975611666446,0.45002067342183205,2.1335687028756247,"van Billiard, Mr. Austin Blyler",female,28.15389786382267,-0.8937563382944722,0.3358456728858239,A/4. 34244,31.285997364678284,E10,S
784.8942133285134,-0.227419412643884,2.058462397770199,"Frolicher-Stehli, Mr. Maxmillian",female,,-1.2551755584740434,1.2637351098578051,16966,23.239170286643834,,S
785.0114454390915,-1.6150508905847878,3.201344853214922,"Skoog, Mr. Wilhelm",female,24.05684007563061,0.40712980320827613,-0.1856109348070501,11767,6.908220853799603,E46,S
786.2487873098011,0.9885318628514624,3.439516144291429,"Van Impe, Mrs. Jean Baptiste (Rosalie Paula Govaert)",female,24.77223445441866,0.5191029979568217,0.8488665360350706,349227,7.420045528560636,,S
787.0442123781042,1.3645250379928022,1.1903830310827708,"Gustafsson, Mr. Johan Birger",female,18.772211477352506,-0.1996318246776329,-0.6987634188148159,11769,8.387697575507095,,S
787.7970860152044,-0.7260150977009768,3.469360659620774,"Gheorgheff, Mr. Stanio",male,8.101820613103298,2.8520971248099913,1.7886111192652208,A/4 48871,27.654784377902523,,S
787.9175728026117,0.719399553161936,5.272991825979389,"Davies, Mr. Alfred J",female,-0.4126410226012216,1.0889355408892853,2.8222293155603566,113806,21.311056133738376,B20,C
789.848948122393,-1.5006694027818388,1.6399361658007914,"Penasco y Castellana, Mrs. Victor de Satode (Maria Josefa Perez de Soto y Vallejo)",female,44.684970894462246,-1.4645323683135887,1.0549560947192937,PC 17760,79.17950443782718,,S
790.2539017433475,-1.0254101277779044,4.473413081441756,"Williams-Lambert, Mr. Fletcher Fellows",male,,-1.0272305966876594,0.14054099491804029,2666,6.691362732046303,,S
790.7496844610769,-0.5378113463571395,2.1829147301287053,"Williams, Mr. Charles Duane",male,16.49145258993959,-0.7506979365041612,3.2412590769767857,11967,23.915394247345933,,S
793.5112218145475,1.2284208122801512,2.9267816760161787,"Mellors, Mr. William John",male,,8.843939070891556,3.054533696542082,SOTON/OQ 392089,69.41352628812164,,S
794.3912646599332,-0.6395033908874757,1.3812713900809754,"Parkes, Mr. Francis ""Frank""",female,,-0.3626109504369171,0.32487762440682655,SC/Paris 2123,32.14351298327407,,S
793.213292488632,0.6402136593287587,2.1841733520155673,"Knight, Mr. Robert J",male,23.104014800853935,-0.4478664117764606,-0.8759244140817352,384461,9.570484666741395,,S
795.8773153625049,-0.5383162028615798,1.0362248127656115,"Gavey, Mr. Lawrence",male,40.421075938069784,1.9546925154112462,-0.09705912587414098,S.O.C. 14879,13.355376210670096,,S
797.9957013858999,1.2479475608518749,2.2663045571693656,"Abelson, Mrs. Samuel (Hannah Wizosky)",female,49.936400417014646,0.3524624971887139,1.426326976900034,240929,27.89120566384225,,S
799.0592237388963,0.8586044978561979,4.372342342866518,"Jardin, Mr. Jose Neto",male,29.454700054471243,0.33899451047482604,1.7095346156262687,324669,8.640358917043255,,Q
800.0258368428853,0.8730566000927434,2.0088936844126497,"Goldenberg, Mrs. Samuel L (Edwiga Grabowska)",female,29.6967983832895,-0.3697007452087749,1.4783291004402292,347470,8.18250355164278,C83,S
800.0389132069015,-0.5348113382185579,3.9679988045538646,"Frost, Mr. Anthony Wood ""Archie""",male,31.09552241149581,0.40362833236322226,1.7851923067296196,248706,23.698769111093572,,C
800.1549546720308,-1.572528250002441,1.9130400243939791,"Bradley, Mr. George (""George Arthur Brayton"")",male,34.55043351093479,-2.1864064400171506,-1.255660206295572,29103,12.48540116071585,,S
800.916301172642,-0.3819490313636327,2.3398085744904304,"Strom, Mrs. Wilhelm (Elna Matilda Persson)",female,29.690904947612015,1.9687405319235582,1.48716181782567,347088,25.572490883119364,,S
803.3446049047503,0.4681225060572426,1.4602186394350634,"Hippach, Mrs. Louis Albert (Ida Sophia Fischer)",male,11.610742155796194,1.4483097057563792,0.7585976219470023,STON/O 2. 3101280,117.93947105287569,,S
804.3792800343651,-0.24905997067805274,3.9943504681243183,"Mitkoff, Mr. Mito",male,-1.7175005960805878,-0.17916599321341334,-0.4874711933807585,A/5 21171,9.803792259946912,,S
806.2873311116051,1.4102120156795512,3.0827182018631887,"Morley, Mr. William",female,26.777177824242788,-0.13722670183625574,0.23915868457723857,2680,6.3333675608619835,,Q
807.0999796503421,-0.4657681648580778,4.4101619953019355,"Petterson, Mr. Johan Emil",male,32.13795676940005,0.7361442622610551,0.5231994472697504,250655,6.973561220244804,F38,S
806.8677713434688,2.3746065500264315,1.3094128397599247,"Jensen, Mr. Hans Peder",male,39.01839421557132,-1.554710073079853,0.9033770984808047,A/5 3594,-1.1799716816126755,,Q
806.7557941211392,-1.737714595137132,3.624184272469533,"Cann, Mr. Ernest Charles",female,17.501062450038056,-0.5898813315538055,0.49713624038609394,2623,7.5706405634637175,,S
808.6808934029891,0.20363317870980122,1.1667374084627535,"Peuchen, Major. Arthur Godfrey",male,39.88934625377235,-1.1363028628925305,0.5315859857427483,3101267,14.763492310559743,,S
810.2172311948106,-0.12795302350566895,3.158659010704834,"Chaffee, Mr. Herbert Fuller",male,33.974751815086584,2.771509282486746,-0.9846525849923764,350025,55.19377885082272,,C
810.7979167546106,-0.4934013403826786,3.4698249232049663,"Radeff, Mr. Alexander",male,27.31003969286695,0.8756555318533007,-0.10497668468466637,26360,6.226633124197917,,C
811.4221058919223,0.14141947334054417,3.7129974253450992,"Daniel, Mr. Robert Williams",male,39.87434242844639,-2.2026926411353642,-1.5071167856344878,7546,23.795552004023715,,C
813.2528848149699,-2.325371374874287,0.39181418878845853,"Dahlberg, Miss. Gerda Ulrika",male,36.081374793937144,-1.5137616266399756,-2.0033691294001956,C 7076,9.465642229906301,,C
813.4960422585893,0.23682611678802748,2.177297976920899,"Boulos, Mr. Hanna",female,6.7329085574375345,3.867654326642514,2.7406427098430743,CA 2144,32.263337741211515,C22 C26,C
814.3719339162747,1.9029074622741677,4.23788368791873,"Slabenoff, Mr. Petco",male,30.765528649116472,-0.4724402120724247,-0.7531243937909587,2627,8.336593547293928,,C
816.3114528343034,-0.45343829836859284,1.2868911182926048,"Aubart, Mme. Leontine Pauline",female,,-1.3243822080768883,0.8724985021430535,11752,-0.636569327379835,,S
816.5980074198708,0.2598078568055095,1.086220265171074,"Lefebre, Miss. Mathilde",male,22.762740280902598,1.9447622376504894,1.1083475778800387,371060,7.997573080591019,,S
818.2441043889784,1.0249216931253993,3.038289928983819,"Ilett, Miss. Bertha",male,29.787631706940275,1.312539913982579,0.38068267537680234,392091,36.52678137859229,,S
819.2732040228522,-0.16395350002699655,2.4562171956472767,"Brocklebank, Mr. William Alfred",female,42.04468849118019,0.4748163228630915,0.5903110945552991,372622,8.064246094374896,C85,S
818.8605709989084,-0.5809601885314832,4.411316985876712,"Touma, Mrs. Darwis (Hanne Youssef Razi)",male,9.71798551806479,2.307985050767786,1.3388432713863585,31027,28.446959515016037,,Q
820.5187588761346,-1.2757364037217522,0.9121643213963003,"Hanna, Mr. Mansour",male,52.24145215960243,1.7222741471780023,-0.845878874626824,315089,94.16982342091644,,Q
823.4377769399165,1.6409907193949733,3.20470668602053,"Mullens, Miss. Katherine ""Katie""",male,28.440812598004264,-0.3804327609820118,0.1233094044424584,111240,5.995582521967102,,S
821.8379204872657,-0.11316840972889723,2.1789545785916484,"Penasco y Castellana, Mr. Victor de Satode",male,37.95820277212449,-0.2833431737074994,-0.4708738797157607,350036,-0.06678867882881083,,C
821.8833455510295,-0.012683851388161749,2.102507029145338,"Baclini, Miss. Helene Barbara",male,28.003476290877664,0.6110019598252598,0.5599109894128682,2674,14.558210959059034,,C
823.1381548467575,0.12659671027769356,2.0071531921660606,"O'Leary, Miss. Hanora ""Norah""",female,3.0793156564321205,2.3710024349397,2.9753431178455254,226593,41.013629070036686,,S
826.0291099465767,-0.5836803568061814,2.8035015796018925,"Stewart, Mr. Albert A",male,,1.5970278598509826,-1.5258569827326718,STON/O 2. 3101274,5.102910414079697,,C
827.0309172780327,-0.5284261311155256,3.827172799621222,"O'Brien, Mrs. Thomas (Johanna ""Hannah"" Godfrey)",female,,0.1823892147238758,0.38287113537147105,236853,56.18237416731641,,S
827.8823891445749,1.6062911561087083,0.6691227473865093,"Sage, Miss. Stella Anna",female,0.7564719582751385,1.2809442087804244,1.0051927628552484,PC 17600,35.802680534081276,,S
830.2141898289285,-0.3383824113238445,1.3319654001109034,"Pekoniemi, Mr. Edvard",male,,-1.0754197566188184,0.9082614092673243,11751,9.46110156036287,C123,S
827.3271655668971,2.0473152860737587,1.8237209270437922,"Beckwith, Mrs. Richard Leonard (Sallie Monypeny)",male,62.635843338265936,-0.9231651240281931,0.2984312361750658,2694,80.24427828227591,,S
831.3959338744309,-0.39768616311840366,2.3970216874329964,"Panula, Master. Eino Viljami",male,13.809516245311645,-0.1619002215998122,0.3793443491806136,14312,13.686404440268564,C2,S
833.5614382018035,0.3372985916447362,1.607773987079717,"Braund, Mr. Owen Harris",female,0.9915246521538467,1.250297672664839,0.05511038239774013,2624,18.784157943540787,,S
831.8722192351083,1.9229461940665773,1.1431895980598341,"Thayer, Mr. John Borland Jr",male,,0.06598330191824608,-0.7655879132883234,347088,4.621834470931516,,S
833.6201934882101,1.1273547616424222,2.321020685648018,"Doling, Miss. Elsie",male,22.818768965453298,-0.4644118192311805,0.9272505073458861,349225,6.7692386965434235,,C
834.2471080827714,0.09760399249544019,2.9924327033688494,"Rouse, Mr. Richard Henry",male,18.44771503009507,-1.0140691928852794,1.7707977217275628,C.A. 24579,8.33644372582631,,C
835.1056539539225,0.059469784498783484,1.9303778576228923,"Hoyt, Mr. Frederick Maxfield",male,39.545878837739146,-0.2665962697308424,1.4803078172241873,SC/PARIS 2167,84.00397536845333,,Q
836.6737379949769,-0.5292723066998932,2.2287698337653614,"Peter, Mrs. Catherine (Catherine Rizk)",female,19.963377100835398,-0.04848390047065598,-0.8974207207714328,345764,6.721185879402659,,S
839.4274852836845,0.0732753145856964,4.657376120232497,"Thorne, Mrs. Gertrude Maybelle",male,,-0.4655867795886001,0.33893852246206824,376564,7.668844692297571,,S
840.8373866754876,1.0375232323395984,2.3154439758201995,"Behr, Mr. Karl Howell",female,30.606164847965374,-0.6856069923582623,2.4274720443376094,21440,57.50548573851882,G6,S
839.6640607749598,0.9091290703740371,0.3169081984148253,"Rush, Mr. Alfred George John",female,,1.5470894861316096,0.1024228107189117,113806,28.248546675626727,,S
842.9050602140645,-0.03083251408418433,4.537357551897802,"Levy, Mr. Rene Jacques",male,21.07572296749419,-0.08232567819273391,1.4618408593935994,349221,8.154182834784173,,C
842.0355764769846,-0.2143751097051141,2.2114601523639172,"Hart, Mr. Henry",male,16.356756290308358,1.2700429339269252,-0.740329365838712,2677,10.565974503106004,,C
844.7536910267011,-0.4419787356400129,0.4479752709884234,"Sagesser, Mlle. Emma",male,29.695522192253474,-0.5332521826826966,-0.04208605163638678,347742,32.714380320356604,,Q
843.9067013503465,-0.5165107421608328,2.8448668688194068,"Becker, Miss. Marion Louise",female,34.946461021245184,0.24477628379865687,0.6195652061255426,113760,6.207363806888362,,S
845.1310578260461,0.9146240539868465,4.353073577542059,"Hunt, Mr. George Henry",female,16.939907752244867,-0.055476016256334894,0.3973283082628641,110152,8.49089940162493,B19,C
846.3654744726429,-1.3683342975511175,4.466202819625682,"Meek, Mrs. Thomas (Annie Louise Rowley)",male,42.012578502351836,-1.6976223095181227,-0.7663886801111608,28403,8.404959753164688,,S
850.1788536793675,-0.18955551153927852,2.183206820729744,"Heikkinen, Miss. Laina",male,,9.428338306263912,1.1904825428694004,17474,68.22365133195065,,C
848.8512855748448,-0.819753928770844,2.957566189920892,"Dick, Mrs. Albert Adrian (Vera Gillespie)",female,34.27263225934087,-0.13515360703241588,0.9882844031026585,234360,7.674916793449142,,S
848.2927354700486,0.11135042939811132,2.090156827667573,"Lulic, Mr. Nikola",male,28.04033640555469,0.7464182196329605,2.191550812650145,SW/PP 751,32.54427498915949,G6,C
850.9689978702759,0.6113668189331818,0.013759889483402454,"Ward, Miss. Anna",female,,0.24797127753844062,1.51214355812192,36865,88.9652881872949,B39,S
850.6381674629157,1.477393664974669,2.944314947350006,"Hampe, Mr. Leon",male,2.4143966253997444,3.8351556184202353,3.8039304832528678,A/5 21173,32.12340644896284,B96 B98,S
851.5102498170988,0.5065831541902538,3.0053228604517006,"Kantor, Mr. Sinai",male,73.0795442437507,-0.8668523599233547,0.13461943632259646,345778,8.329161485082173,,S
853.9086013598921,-1.3118031657772113,4.140209478936736,"Somerton, Mr. Francis William",female,10.568206447063833,2.235998482763393,0.6888007557684066,S.O.C. 14879,14.497117691471322,,S
854.0310855877711,1.6712280116136986,2.207425028311201,"Barber, Miss. Ellen ""Nellie""",male,16.384723314585234,0.3114093474506757,2.3509909387784687,2659,39.53669920332721,,S
855.2785759145119,-0.774651856262063,1.670790601640992,"Bowerman, Miss. Elsie Edith",male,42.67641169859861,1.367053526680888,0.7130692818515867,2629,27.490441614100526,,S
856.0139852218653,0.42300362862246643,2.7860468561391882,"Kenyon, Mrs. Frederick R (Marion)",female,16.45964562415159,1.358184147104979,0.017544741332408575,237798,8.518634301202695,,S
857.3365831266054,1.3138190201071218,1.6642923020556357,"Calderhead, Mr. Edward Pennington",male,44.88783609988942,2.156341296899023,-0.033635665518911395,16988,165.011866780397,,S
858.4249658974361,0.5082525802698652,0.4148115510729885,"Nasser, Mrs. Nicholas (Adele Achem)",male,52.56118653317648,0.7653425361362853,0.4919302013563091,349234,26.356839323061372,,S
857.0630330672946,1.8928558163229554,3.588640151737403,"Pickard, Mr. Berk (Berk Trembisky)",male,23.813241865195646,-1.4217273470374627,2.8227253385160003,364850,19.195294984163223,,C
860.6665726686095,-0.7745100615133954,2.9120935126307854,"Theobald, Mr. Thomas Leonard",male,,-0.6956791195166836,-0.02642995474069754,350047,5.598542377750599,,S
860.0179805801697,-0.6189465525913632,2.0306014222613795,"Drazenoic, Mr. Jozef",male,41.351930770818655,0.9961118639886473,1.0725333647101947,350052,15.519062854312205,,S
860.5577008644406,-0.6563708935481088,1.0431632871203536,"Fortune, Mr. Charles Alexander",female,21.471250457845894,1.7275336936257992,0.7590371449850357,345769,10.725648099111817,C124,S
862.9415887561413,0.4343612516449611,2.4470586960311023,"Meyer, Mr. Edgar Joseph",female,46.66427949069543,0.1706519417500514,1.3298732484184317,239853,26.955271970153536,E33,C
864.0839810033144,1.099191555547813,2.8435785208567013,"Zimmerman, Mr. Leo",male,,6.609487566369405,0.06846389362663352,250644,68.92862339195248,,S
864.3064938354278,0.6287962936103031,3.6403540938983108,"Peduzzi, Mr. Joseph",male,23.665067962726393,-0.18874421301122754,0.2533979172212008,113505,12.37449534810424,,S
866.831031857668,2.709943954012071,1.48636373928509,"Sage, Master. Thomas Henry",male,42.86309245361091,-1.4941123357187784,0.6946885223972068,3474,14.213123250465467,,S
865.6578248336291,3.2676442038992546,2.2912052011314934,"Meanwell, Miss. (Marion Ogden)",male,26.18583001801389,0.9468435119302401,-1.526585856687684,PC 17593,14.852184603477925,,S
867.5930562512275,-1.0307170319323398,3.3926767230182415,"Panula, Mrs. Juha (Maria Emilia Ojala)",female,31.17704934750991,-1.6553725039871847,-0.6548956413099721,111426,50.70446589896399,D33,S
868.415125865067,0.07041912732728889,1.9426132553367208,"Moran, Mr. Daniel J",male,,0.5288274933846129,-0.840485162328919,244270,10.26115054980632,,S
869.9534127296606,-0.17620031664343294,1.1021855001002234,"Lindahl, Miss. Agda Thorilda Viktoria",female,3.8459666834241335,1.3779626260340736,1.0216981710599162,248727,10.844747219743601,,S
871.2788642846473,-0.7776059277482671,4.286590131287233,"Frauenthal, Dr. Henry William",female,26.404545193086157,1.9079484933468815,1.6278539686940638,CA. 2343,7.88743237228111,,S
870.9921070503765,0.3699174897443306,0.17319089460692638,"Robins, Mrs. Alexander A (Grace Charity Laury)",male,46.73360292480749,1.8478732894973424,3.0225894046649007,248698,51.89257560753618,E68,C
873.7242826774562,-1.0571548741382744,0.9792936358937663,"Marvin, Mr. Daniel Warner",male,32.35094024695872,-0.42291425582250275,-0.8142875530732823,113781,5.90406494930026,,S
874.0630023683347,-1.0518872728984137,2.414081789548415,"Olsen, Mr. Karl Siegwart Andreas",female,48.60548338279396,0.818070093274486,0.5265572504935742,12749,8.306586668832647,,S
873.1080537466881,0.8557156214797451,2.268162780955316,"Brown, Miss. Amelia ""Mildred""",male,29.048952866361443,-0.39766388094517846,0.5587978521423151,315086,25.485156344937852,,S
874.0414085596029,-0.21671841838640704,2.049463792814258,"Kallio, Mr. Nikolai Erland",female,14.239135254951822,-0.9624726036810854,0.38762577151474775,3101298,6.909165831680175,,C
876.9876807070707,0.8421269591376328,2.820059912116694,"Turja, Miss. Anna Sofia",male,20.568444305594614,0.33314253207511,0.39897963473923403,SOTON/OQ 392086,9.866308564016334,,S
877.7790326822136,-0.9177535374175142,3.4498153265565343,"Nicholson, Mr. Arthur Ernest",male,18.257321145298846,-2.1582496627479273,0.30374250245132806,A/5 2817,8.654528020654334,,S
878.8965798864253,2.809568970096392,1.991691113725738,"Kelly, Mr. James",male,,-0.037160784933883036,1.6875701208064198,365222,7.919664421189583,,S
879.9720175434697,0.5486155490356048,0.2999159703541111,"Berglund, Mr. Karl Ivar Sven",female,57.03380944139898,-1.0202632921184207,2.1024665143680576,113509,82.86039168571469,,S
881.2255598395102,1.0720176419170522,1.6526171664014682,"Blank, Mr. Henry",male,23.295900374352595,0.10130705515326355,-0.06015389759826717,CA. 2343,25.96997655219153,C65,S
882.9476496098483,-1.2953411844660352,1.5711845657737218,"Andrew, Mr. Edgardo Samuel",male,33.92685591357654,-1.0777363580472634,0.7957210808805493,1601,8.789618353557584,D26,Q
881.8888950990824,1.7060917581276394,2.577439017201254,"Bishop, Mr. Dickinson H",female,21.74727768742694,0.42424813745518875,0.8923733745114522,237565,9.853847777863294,,C
882.8280284070992,1.1195006808029162,2.1187965399029016,"Futrelle, Mr. Jacques Heath",male,27.788453396919472,0.01932742366738962,0.3149672871517889,PC 17585,10.373762992726736,,S
883.9066761421126,0.29691587073611253,2.6004510584115716,"Sdycoff, Mr. Todor",male,25.40975121962329,1.4003659168813305,1.1314243705027294,349909,7.060286727337475,,S
886.2889166671687,-1.3468025487795656,2.7286235070682756,"Webber, Mr. James",female,39.581198811994255,0.006734534101622121,5.188074034299037,C.A. 29395,29.989585195527656,,C
888.2449473786464,0.21066687772462028,1.9800983290934147,"Olsen, Mr. Ole Martin",male,26.173656823171093,-0.7686428049614663,0.20046772107625074,367230,12.900154626128563,,S
887.5686605617605,-0.12143104601725496,0.34425653756768604,"Clarke, Mrs. Charles V (Ada Maria Winfield)",female,19.717725608750065,-0.2468858558272829,0.1212405446770433,374910,31.808299094493723,,S
886.4983001558403,1.4623552634733608,3.6910625658668774,"Jalsevac, Mr. Ivan",male,,-0.3442363970167315,-0.018244085799668852,113804,23.293461422284903,,C
888.2960071373897,1.8091947318531727,2.4359781248017756,"Guggenheim, Mr. Benjamin",female,24.74394520713196,0.40613725470544,-0.080398393905874,363291,29.76231636159472,,S
890.166963277204,0.09543903848773612,2.5356196078045516,"O'Sullivan, Miss. Bridget Mary",male,31.83012551642026,0.5898502463152723,-0.6682505744545707,CA 2144,7.578967878382269,,S
