CRIM,ZN,INDUS,CHAS,NOX,RM,AGE,DIS,RAD,TAX,PTRATIO,B,LSTAT,HousingClas
1.529905398772157,30.102075061237013,-0.1937237187845806,-1.5758719494261195,-6.129371593671005,12.316282122579942,65.89555869880796,3.3198334171206674,0.11493206961781532,304.90519229621145,10.057861787327372,403.6055780584064,8.957299374352019,1
-5.172610531202478,2.174421357318237,-1.2054767159259185,-9.67265367856559,-6.890061756620928,9.13197642862128,78.42058198717015,6.989825965430784,2.305074277071027,250.11793588986444,21.80897954950224,390.83554682729067,10.590250458318778,1
3.779545979032286,-2.7978614302474476,1.8447814520684886,-6.340069584219985,3.294766894048847,8.408409627436749,56.92574423614249,3.6351146240374566,6.447067282622626,243.79855749452054,12.918073961168709,392.20833589575545,4.427480315457248,1
4.73519358195607,2.3254010475015314,-2.92522580339161,-13.748380098152877,-12.551441575258444,7.725574026677977,45.44000703780105,2.816901234793603,2.5039413238697454,224.3119282942516,17.60883277726413,395.60966032221984,-10.023582577011345,1
-9.68612594326918,-7.804791764972214,2.4408665932876676,-1.1706276864145628,1.4850526348062998,6.2721598164291095,60.49852926440203,14.089616913969824,4.995516026491266,225.95749466042412,17.22359763639974,401.22289225642936,,1
-6.481047534311591,-1.4866168134881772,0.8107474722688142,-0.9419206363219168,-1.9324152887691224,11.658200601046328,58.10485746699938,11.306964331807212,0.2919984928303947,215.71508162315325,20.49051806329608,392.4019945279981,0.7386399792322216,1
0.7274920158364269,12.997387365078692,6.185840161797036,,7.065233034399551,1.6852858394908283,62.150980053257946,1.7561762747591163,7.86047861799241,314.2207416857599,4.6044802989133355,387.7809265433904,22.689063779694788,1
-1.436662961717911,12.069496740894758,10.968509827412394,5.394395195148693,-1.9433410457693787,-1.937625634151046,93.63876455617306,8.792721527973065,6.8786514880617835,307.32963265928237,19.654549074647292,400.0059877972645,11.903792596743418,1
0.12723421247855604,16.454030608450402,9.569376805963518,5.992599182583468,3.82142107125948,8.703200614462373,101.00425148637964,2.3687057264942344,9.329085015899096,312.5923903339829,11.815048261939179,392.25397982585616,25.867994207217315,0
-4.0951796378679,14.223226131180262,9.45023935322143,,-1.460569206188958,9.16019164033574,84.03243001409577,0.6686767816883794,8.567302312222438,309.8626618619633,21.299816473885272,386.29704269127416,6.085753087451852,0
4.621879874314143,15.841630090539985,9.919142286643464,-10.67346833738428,1.0927407674307172,8.778205762558834,96.7265164153157,11.515747206994881,7.9436781144057305,313.5060416355711,12.809175377419226,394.5462004565321,22.260624879713486,0
4.006429677144742,9.058138588846203,10.95067334001119,3.0864079024612923,4.208182654600256,8.047641848090194,85.51421880374515,-2.293798128237028,4.507912956711099,311.5905173250323,14.955782071329947,394.5275438528646,7.763715895943838,0
0.4239334878060802,16.98907704205274,-2.669766708887214,2.7768011425428774,-1.7887785816229007,4.286298108312261,43.44491590202324,10.085179567882705,6.224696135222341,295.6348486458935,24.76893020034212,386.2711360263705,10.344999229508229,1
6.265966034840164,8.144684738119958,6.317808738677694,1.546957850784725,5.52077442249202,9.886413521927626,68.91779736132516,3.4438884371347074,9.317544642257632,307.8944585585259,19.61330895603166,402.0321284027361,1.397428914128013,0
2.9755067112602283,-4.850747598257063,-2.7610503224473693,,-4.4304893855324154,5.868209366227296,89.4792936218618,3.4041669845973566,0.7396271529860279,310.2107647614963,27.194249423367296,381.9574792390723,14.146775313689314,0
-3.6690723144161907,-4.4384782785727985,8.320299633988977,-5.8241404823052,2.0109642127918956,3.398432195924109,51.8288046792602,6.547356098116448,0.8579611065156723,309.22964174169226,21.195225427822802,398.0718429970094,12.027318257837736,0
2.8976839204124945,6.678921681601164,8.116835138878274,10.043776930925695,5.151198613939264,4.375543438723,24.782327767118637,7.404594059971261,4.90715698975181,306.4870702689571,23.07709415146745,394.3605757399731,15.640169455393927,1
-4.010213004144994,-0.9567199334753014,13.367661373948401,-4.79713876570934,3.8381874589516745,16.093198493879157,81.32114261770089,0.12618411585545886,6.076398451327267,315.210808459652,21.349792947056873,381.47578832840713,11.241466894635133,0
5.194961506536363,7.019106960332785,14.078171963605605,3.7461146360042727,10.120224383677051,-3.2188804102271638,34.34412321380293,7.385128043750317,-0.12053249632002228,308.5568656456083,25.23925813150062,286.2298686592029,12.784096855234,0
0.4761704450687355,-2.2126785594609193,9.153875241261836,-8.436738472066757,-3.2791965865533026,8.225940521478995,63.80836636519528,4.363352690126117,3.6261871829334584,309.1883665009655,17.572341935734745,391.73966674417346,4.833324012990241,0
0.3274781822736972,7.2752278813535565,5.638194613015502,-4.651323436350254,-6.3577462567429395,-2.825552138118585,95.89154102913503,-2.482373964340191,3.5300061288560762,312.22245947025283,16.079757384904074,373.74843381119376,19.34480488632341,0
-2.5526077220197068,0.657429084027261,10.56580556272869,7.581843233626681,-4.433675542475597,5.4238333083851336,86.82743533190481,3.162927582101304,-7.076400578017353,308.812964998483,17.80711904811489,396.4456826763622,11.235773433594112,0
7.345176693370152,1.291144116613476,5.500411813378433,-1.3044991150042495,3.8402128327421856,3.973862574229062,88.34076130119398,10.88329507779463,2.902030053706201,302.50991123292897,21.498551881620454,395.9630038954801,21.042249787477104,0
0.2157825896559893,7.823590108349522,8.133036742783256,4.199613025663989,3.0276146713468934,-4.61214148339939,98.42105256922497,12.478173991228482,3.2134108357576685,294.8083129311019,19.89590607224835,389.5773359625141,24.965109032090954,0
-1.391379110815536,-1.8088523872208562,13.07068158480384,1.1847769435962305,1.049283298237079,7.869187952168815,99.99225425159165,7.986342288043387,3.1985352858849043,304.6143954899096,24.55137438235588,394.6588583759383,21.2553334541575,0
-0.9201277524411479,-4.7056104796247915,5.351143270052883,-0.5247907800008634,-5.07678524553565,3.6988096890390207,86.6961902062462,-1.4971174408418504,11.079571372886342,310.8047276294056,27.5236584991076,304.27169385403397,12.295938638911949,0
3.3334559277667437,-2.242821040141772,12.168393196212506,6.8192516246634485,4.372336466645304,-4.68303171280622,102.65904538027735,7.135034512279441,-2.078991492544377,305.234518342911,16.12080831382496,381.55341031448165,19.802339523115,0
2.7829903218203915,2.2616697532156933,11.527006843461512,-1.1832941232595016,-5.585523888252702,10.24484045387126,89.65254093009824,8.707704519295964,-0.12311285602306299,311.00589186140866,17.330256041930337,308.3457045157371,17.059574314461017,0
2.836653057979942,-7.828795360902571,3.366040914345893,-8.903690537817353,6.3327479118845,13.670030889944675,92.94967113031375,8.08323991659361,-9.06097899159667,307.74364087960134,13.81880290843573,390.2457319567992,11.177015520514926,0
3.1565550150394137,3.1873545132556074,13.009470641087006,-4.016200459758526,14.825192115699325,14.12462171148286,87.32066441327433,8.16377144343959,1.5954166691292966,313.44033035131093,31.15186495379552,381.83145842003614,8.437442565905409,0
11.839048004352307,-2.693856588088716,11.632831726857527,2.755958643508471,2.3702557328577525,7.507782203257356,95.3824598922177,6.049315396237654,2.0217822293699954,305.5239164643967,22.523347495609134,359.2288873935404,19.80032102819224,0
-0.677355081923078,5.739063303667818,8.649629436863288,1.9775455318125408,3.4535406782887152,6.3022906928855775,102.17626978585531,3.812938305847281,1.450114118328719,309.3380741328384,23.39901160025789,373.1489044244437,21.751569230981165,0
-1.1732236453576868,-11.971301524502358,4.32838270986174,-7.835291251177191,-1.9262988444777969,12.590783104478984,92.38355662929511,0.948162520479908,9.538386697418801,309.5294253226768,14.298958074844759,234.04419175829688,29.24705383247012,0
-2.917143641239389,-3.9328288755208436,3.8439699071221503,-3.621712597041005,-8.513066605434082,14.11291792670049,90.77339767511215,-5.702477592507481,8.303087611684816,314.50800936315596,20.994150054965626,357.10437617058176,19.223059237506025,0
4.692717112877478,-8.43234075617051,5.451687115484889,-2.908606746011233,-2.4755968151511114,11.763843514378124,101.19523029088869,5.458008833566754,4.389283621336521,298.4668134683286,23.546239922065425,256.7591131022051,19.028765707315266,0
5.709031463604458,-4.131147331819763,8.6729723164598,-1.827347970571125,-4.965476205493747,1.2253119888509945,69.23875298807062,4.2905642182609425,3.146934732300689,276.70795862723423,17.936211547327876,403.61091147386605,,0
-0.47229728827437545,1.2383295055447157,,-6.879567943007757,-6.736022882075079,6.84772426607461,53.54451128714691,6.165779214124081,10.130948340534319,283.2425805269425,24.57852812413197,380.724195661758,17.935052444232124,0
-4.120642384812641,-0.8961331272487745,8.14756124309935,-3.141855540597393,9.110799709978247,8.047580721457143,45.353493910473816,-2.7535184664644707,4.901210700820742,286.72948239889325,30.759155628214145,398.7923346964649,5.164689426006037,0
-3.9473560784561976,-1.2668878447400747,-0.24877764439196337,-3.643052426297637,1.863312590128865,-3.082084844586146,36.53811780401952,7.0723834465753015,0.9086498054077108,280.2003575632104,14.46468586453024,392.9902047450941,8.76192472647688,1
3.2805939391235053,74.2040756430997,1.9296570778057553,3.8576662988095967,2.3264379030699183,8.94180329810387,17.514117981112854,15.673825473103886,-5.581243387422758,250.53647917789257,13.189563770116518,389.3243813432643,3.2487772831454484,1
3.7498608560172113,76.01694120309972,3.4982387728700433,4.045606554951219,-1.1171118259812478,18.388959129896946,15.755330660540148,5.793350653889556,0.7934275305215865,255.78559184337223,13.911219672357117,394.5391388833902,2.7093598914129973,1
2.8432113415259748,-5.042680209715539,19.13565072529458,-0.7290522904440799,-0.4163554122171817,9.969680829003956,-5.726771310038517,5.412573403967296,6.773218085863043,237.34351337615843,25.93099580008245,385.9170001670263,1.3338700368428236,1
-3.1860485364434714,3.534248204495254,0.023421722398163425,-1.9601989793536576,5.270753411196667,13.536065407208781,0.3059677015783171,7.265911780428505,14.382693447715448,231.20169160666347,23.11177658514842,384.5172823722233,8.004082616808482,1
1.3201666153335987,3.3133298519274197,14.270072832450667,,0.2863144065239228,7.125573650643526,11.740147888086263,15.882585123551689,3.30805173094738,234.65153656088773,17.222360911031757,396.8076818350791,14.700440660196573,1
0.706119045703641,1.925189688280505,7.6592120699364,-4.082875537277875,3.101469690123664,5.702908380080893,37.66791746996283,0.6026611915005455,-0.8267775756015214,238.90263631205985,18.08279832200437,393.9966509893884,2.981859454979184,0
1.2648629836450647,2.7826672137563158,8.965859590079816,-5.734160410837204,-0.5320214892250792,7.588356950404878,28.2559851253098,6.116434666969525,-2.9248260414210696,242.45229496637225,13.81728186901639,393.43922964153563,4.569266314539666,0
4.545503889740949,1.4820900040432974,7.501739566941023,-4.701106044628585,-1.262764453660236,1.7068667600778369,34.44730182229215,1.1021128885117788,5.7597744815279945,236.71302479617646,22.350135788715917,393.4846219639549,11.734207223513465,0
1.3472477438734114,10.175366513655337,,-3.1740658198572835,-6.586570828009309,1.2111240638280574,82.88793784284488,2.954376395775025,-5.823080261921342,233.22069448332797,16.00049087945723,399.9942833987158,16.61602219946085,0
3.6484378153594745,-0.43547085526254947,6.141574478189911,-5.8173689989613555,-9.44074531183564,11.730522785846828,92.94589171112231,5.622048460590303,5.751725507024441,232.72962411981047,16.599617302725,400.7549079459657,40.80232937372965,0
0.5576653474444573,-1.5354160916728836,14.180250907287292,0.8102977953143737,-0.8598095053320092,12.463711714332591,65.69663012837452,12.824316208067794,7.0885580313145615,235.78698278596812,20.943948857646284,394.94614528933334,21.208546100074194,0
1.5343269934499206,17.23236209821311,3.357644278876388,3.648578368918542,0.7214834599661635,1.0074684220632477,39.891333205328266,15.819653003443685,6.18139726616432,242.42163578760275,15.860025309583895,395.02394415523884,18.17161176059132,0
3.199811129192702,15.838686647110816,,-7.935491503991209,-5.991650183543954,10.954994022769323,58.47317393659084,9.055410723133532,2.901691640307213,243.94820249511193,15.625170032510768,393.45643026662555,8.108171532432998,0
-7.232179099278332,14.777641061994624,2.418164398934885,0.12564355608016675,0.26662567482683563,6.076200121969896,21.870399960744344,4.931726384882573,6.824703267734073,237.71061867734562,16.852876027645376,397.0578706114069,3.8484329660659298,1
,16.556013433845408,5.338740767993565,-1.0996789763316779,0.7077628149525101,7.697042872452153,26.247048953741025,19.278394333192594,4.8546918556415,249.4852859824558,20.776777068965384,399.26341546119306,1.1714729311730068,1
-2.3382632714639775,74.64659809173965,-1.3598127614510958,1.7075434276840147,-10.370040030296895,8.189093197175318,53.79080150744925,5.181927593352399,-0.890619209302959,463.2990763642566,29.33246537741917,409.5749637304991,18.708701140239086,0
-3.1812792412167097,91.67147564248857,3.4951186017376,-0.0646938405179403,-4.1726232973975055,12.22075234062159,18.574691398191884,5.840920428201313,14.252061611875128,223.83944119773494,20.827431161230407,396.8787828058133,7.2652730240439265,1
-1.3551612561334185,85.25571029276081,7.965629784632669,-7.267996399658154,2.4463194686773426,6.796591009315945,40.38688483459824,0.3128847771063654,0.24160310194741852,313.4879663042591,21.316571118121335,400.21299075212625,12.199986823391418,1
7.489026556171979,96.17232361285143,0.9332191008957297,-6.311946494285827,2.3462936469787192,13.866809976509678,36.57928853264796,15.305257846223718,8.878761502249546,265.9549343994432,14.100729689494377,384.4676164690493,2.8958514332191636,1
-4.174705578466217,29.500922820099817,4.145571506480453,0.1471178779248636,-5.315374581998802,7.692064198799623,38.331046734534,12.65602796185647,-4.093071413478572,281.88658507573837,16.161010684156416,388.25550003610584,6.151104268998016,1
4.944671772957404,28.69706336150474,-0.44308481533963384,5.143904598727547,1.2452402524986748,9.047921362347662,41.531144872901365,19.02102768058223,14.382354413904645,280.66992093019803,22.969931161175573,403.044075013583,10.070227642803179,0
-8.265028858079024,24.201758462889917,3.983536732238459,-11.070936855215015,5.565036126802361,1.5746870423137675,72.84239405395866,0.27778323890937084,15.343818723272909,281.24591541333103,20.556204123002857,397.1215769567831,17.60948787753548,0
-1.5027151499288742,21.73541927667644,-2.833971298607638,1.7286328990078998,4.338364794954491,16.75929505352417,90.11756946590639,14.109354037395548,8.149168935633192,292.2944858380566,12.586856756251253,356.13442707567583,7.088921889512605,0
0.9240353255250279,27.742139604148996,0.5656100664058634,5.948110026438216,-0.02342893506967275,8.805124616024832,77.866232273973,7.576177591830637,10.793855173688792,269.9382650324699,18.05965188287201,400.27011601158097,10.410280668691874,1
3.0576116567963907,25.939867937430524,6.263930230545677,-0.7651293810310655,-1.8868815666214618,10.326987126725495,46.35660364426242,12.011401084000681,10.792575908037813,278.98630993925707,19.28551488259223,405.1708219731438,9.397522189135847,1
3.575642898964275,10.259363702924762,7.975065988706981,2.751012480132204,-2.730622421672522,-0.9369290560577079,54.41991735295889,0.9840142944776442,-0.21391784820362147,229.65644354579777,16.047710664857608,383.26046206940106,2.7568136602315185,1
4.002576175999626,79.66009872007797,17.416054306147515,-3.515345404489011,2.7370989145482856,2.1764898846044947,15.188807602287467,13.951909113326487,6.735611527196701,339.9544103674582,23.508677972710636,404.4969383782275,-5.753028763270333,1
-1.699835361242188,81.31017906037191,0.4370745746454965,-0.5968309963843841,1.37351986571444,11.976418439593651,35.00590602611871,10.544083756659152,-0.04315234936277701,331.4700752533039,18.499195184511084,383.04022184687034,9.557631440608233,0
-2.253868963322836,8.001526067561231,13.2465007832272,-8.104567591540757,3.556020030511002,7.312455591463024,26.663222088077806,6.3034498260689125,0.9562153817733696,344.79041008912617,25.765874589443236,400.89999472526705,15.33856491637035,1
4.425419406285769,13.449216964187215,7.28876240200824,-11.72171654209437,1.0683690656057598,-3.9748986741446304,36.44642204137769,9.723563438305607,9.634715716061493,345.3372728303393,20.217126308260795,396.85675686993875,21.463423333706977,0
-0.8283616244080745,5.225887573711054,5.3137617662681205,4.713829006126376,4.502819751737209,11.076449644919094,33.22329140481733,2.670523494788754,8.873288453501013,349.230626229528,19.306939182125387,385.1501439237769,10.566881053350482,0
-6.29017161668961,6.680930500060854,12.972972258630762,-4.924974638622209,0.8859626647885008,3.698085978236383,10.391765163220327,2.3900995720915033,0.4681224894210372,314.1975100141128,14.517010911948754,385.96068913619894,16.530028319211237,1
-5.5076760700174034,6.239749925297159,11.119582418399796,-2.2776392250171527,4.3364435806584325,13.01758492938356,18.1589921350541,2.970076931873019,0.3321182824947968,306.9427584063961,19.259647665982833,382.6941987457603,9.665294585216277,1
-4.505621430008056,-1.2625866715148237,11.361978628061093,-6.932211266350966,4.767113851833194,5.625821606981502,1.3324757033081207,-3.97633930845139,0.7720169877116394,302.3010584849352,19.2652696283772,392.7294350191079,10.286517758213904,1
2.6811937202688205,1.8172716891953657,8.768334185866655,-7.049848515419379,-3.609633151124068,7.26853343010265,2.1351298767990974,9.596092471016835,7.663197832327453,308.935422210491,12.364430579828834,380.0941381852981,,1
0.7910886803528262,-12.049609828999374,5.839451701005746,-0.8691885004730817,-8.60372023435373,12.167772892958242,,10.20946807091283,7.609594801483155e-05,394.5087365156857,16.002362651148026,392.86161943830473,4.207005803579257,1
3.5475467703388412,-5.781738301326664,5.111873987389592,-3.6478859706782325,8.154464280072766,1.7985351457266878,51.077412082488465,0.9958792511807921,6.783563195179763,392.83331252005485,17.08358700741819,373.9230512238949,5.552454415596818,1
-2.0347332316826714,-1.468894600760649,16.096224416406134,1.8898549899734922,1.7202936535613085,1.314765960830302,82.57991212081023,5.793215079724094,8.734234053171473,389.2004556402178,20.767397720278606,377.11932011168534,1.667355264378438,0
0.8797684553835712,-5.360665107134296,11.446499549571433,2.2626920948979596,-8.135429477480608,5.157507898009463,49.69764710385725,2.762797626853818,4.5587727485344995,390.174358027498,21.00675055992853,395.7087695972315,16.70546129973456,0
3.1844119698366837,3.571982413153294,9.849555501719166,1.6042482316230358,-3.1320974860935555,10.36786399810611,55.13645380518182,6.655469810405153,10.050318484324638,393.5177742193786,15.793407590173974,392.04790427113727,9.131837804309919,0
-1.462862698601192,9.98648265373997,12.872528133615768,1.1930039546422184,4.296371461849142,-0.7803862630674532,40.34406942991239,1.364713793944854,3.478449152551038,392.11105116149565,21.044348012709424,386.1206208519933,,0
2.325006187787057,19.11692640285349,8.834661264578138,7.888841024659431,-0.972384155664465,-1.6131729994454833,30.16624574896572,0.9835742195618202,2.930721995030428,282.5661826368736,18.089605353257415,389.3255279639453,-0.6098584080633778,1
-3.2650097053332563,20.812682979574035,5.761819715131991,-5.33796884522443,-2.1343070965956352,10.737604635218961,69.63384519870894,10.661074430118713,-0.8862311556592823,275.00299087087984,4.651899875725217,391.4001612910133,6.198202817318585,1
-1.778679232825359,26.17724184154965,1.5797253167951633,-0.27467433101458877,7.430409301564834,3.287108437164981,28.07934639330262,5.081347074377536,9.085886738101026,265.28166848987627,16.57648984024229,388.93512274359927,15.537461552798714,1
-1.8731794699916455,33.05558074249811,10.991464778244747,5.663449102597944,-4.8104357319190525,4.205869935398584,40.45628694646145,15.511244754267377,0.1673977651056484,275.78044112705265,24.394943200711893,390.8609495977802,17.978894254113587,1
-5.928608227945198,-6.111871562699516,12.385927514908161,6.3226990466901825,-3.5417667887741695,-2.895052009700829,49.667745058181026,5.0109498239707,4.748859088575296,244.6407017613929,10.090971216861602,398.86707902590257,1.3156656209895825,1
2.492212403927909,1.24518061153471,6.9627832766142665,-7.108818246722865,1.5059323752413378,3.2351034282400892,57.02756653292372,-0.19269020175246077,2.643419664370326,243.97275256064017,19.0634560020777,385.14873358378816,4.757760020118589,1
-2.295131701013619,9.106494254065543,9.35831755672045,-1.5617772082793495,2.401274660269411,5.9771635168442465,48.53826242254507,10.561904382179694,-2.2639153155583127,254.5976233965459,26.426306070926437,399.87564229637763,7.688211149531506,1
0.13398059363843715,-8.258795740896336,10.699799984069056,6.790605479336302,2.9307151717036573,10.772889288114461,59.53055915446223,6.901600820730099,-0.04551571911660357,243.93228720355424,14.696935234947595,398.1555197201001,,1
2.4603332945295446,-6.40534603422916,9.06049658202257,2.5403955259953266,5.0451902228447345,3.150849168826806,87.51322135661931,7.056064318482118,8.91436119520367,274.404617315996,17.81074540213843,394.1592043757815,6.932967736469633,1
2.2856758801497206,-2.1180330323041914,6.480495885563118,0.9763151573988638,1.4818931034075842,15.365880601162484,65.88308332838777,9.367503394339593,3.0082877131724026,269.9050870015957,11.279918713860393,395.1973900700801,2.5171533631008254,1
3.373765544863931,-2.6029420642770553,6.401735235374415,-1.0884234671732838,2.9359196946920454,2.9942198791009966,65.8865845188626,-0.17168146922897254,-3.04575170683421,269.788476371637,25.936155708317862,382.43099412173484,9.172865402955095,1
-0.45310742254711805,4.063006438768223,6.008302866732514,-1.9190046285387272,-0.807046296575416,2.9895409920741267,75.964456976112,2.455833455073562,3.526641436743459,265.8230985557598,17.38333686501693,391.88868921856465,5.812906892961457,1
-2.0744615602207688,,9.553311627264781,1.441095315451621,0.7774915161835712,14.128787759489011,49.9692779865682,2.808650842561034,3.2694298420272743,269.70608674209615,18.43313421397009,395.0469248706516,16.231230471874483,1
-0.3698410545319953,19.12518970178936,18.543615784297927,-1.2618706249224168,1.001670900268172,7.268300761819586,30.748529628195648,-2.7878326845780914,21.27023201122091,266.17451936551294,24.97150232752811,397.17373797614096,8.944797575080191,1
-8.39373216979015,30.577052014504055,8.26093014436723,-0.2128931052222209,1.5394906790951803,3.4888763549421165,80.64208842643005,2.297049249208783,5.425619206711362,270.85012157127284,21.507391973227406,398.79438456010087,13.93911710458219,0
-7.113522362115436,-2.8876944367782524,-1.0829972756252744,0.3929935305751869,4.307699037913804,5.8493343440970325,54.45159285963898,10.177097289384122,0.09687576466817749,274.8187518368816,13.621856337516302,359.2012087161529,-6.684587390164486,1
-6.498458061772012,6.372236084706195,9.407825339040437,-3.390357642467496,3.220728409724155,12.928367887710296,69.85916049496423,4.681890518969235,9.100139588935521,271.276860334042,14.76361037956342,390.50828151367165,11.006056605855946,1
-4.865404138007409,-3.1379376821845986,7.091100813470987,2.6606468694071914,0.6660850145009155,15.400014098128409,72.8819874518532,-3.2351066392249384,-7.205180836464228,280.95947169850297,20.474656522616492,398.33097471277154,14.626054795295172,1
2.080741133617183,-3.1830764155111786,10.326991448429313,14.571223242077098,-3.6006299247051996,3.736034103648721,34.26746651741942,-4.283997058324674,2.4716007819054875,278.13420240010714,14.8793947246853,398.5401599665512,10.200645350183422,1
-4.458795276800304,2.705658054022657,1.531628081563539,-8.884933196630376,0.7833562903135478,7.203830949604459,56.875353224489224,11.819080293741358,11.972142473405363,273.75968632928874,7.413783439397365,396.42250963345174,-3.045447929601516,1
-1.7421527701969484,3.8146324116846833,2.798755793616163,1.6200626209498994,0.37991107552128034,7.1777841383378655,86.22887462583279,2.32620494872435,4.41900357820123,384.72746523517657,20.63379600680461,396.34797445415836,7.85287083658203,1
6.610461488930327,2.240496819681018,7.357814014648286,-3.800950443094528,1.485907899065992,1.8497994474170119,76.62842587360024,-0.3809510285080866,-3.666505223240394,383.5808873924902,13.498936694375951,394.6491446866794,1.6624026704063928,1
-1.5525598553071296,-8.42798658692404,9.07015648620287,2.8870128875962497,11.55262653570201,6.126574736750029,88.08716927113669,1.3447411755149845,3.0204101779470114,379.6620453136836,28.98140876781863,67.56620541760213,19.185507801814353,0
3.8991878423354325,2.690172199641255,8.954943581700048,0.2327873666393046,-2.0988638927061767,6.163614302258502,,-4.6718387715866605,12.272590204795184,384.3524811451058,21.78393818881576,397.08439833458806,14.661391411379542,0
-4.528488400049385,-5.171540258371995,14.228402393783508,3.8092738702123174,2.631445095626798,11.868047394683678,89.05377151715804,9.536475747558098,6.8803479816038555,380.8949412259631,16.37412471628212,389.91387027914897,8.49102220134282,0
-0.8945677893381501,1.1763805579413176,6.753647874982773,5.877532882543898,5.862310336221491,11.888125141556005,111.85881207555317,0.14163531206985192,0.8057194524374109,379.2753308218995,17.40683792668773,395.980734504961,16.640789717703942,0
-4.578910274552906,-7.118672176995301,10.320172359014622,0.9621055888409067,1.0100095704969143,4.18995300820496,90.7623529231839,9.048007638692109,1.5737859641048804,375.88616334866737,11.453012060630396,395.81127685755024,5.62317235465758,0
-1.5639953795028123,2.231610737715318,3.6168642528269705,5.66026144207089,12.209225595860826,5.057234280695941,86.47596675878009,2.380658572236576,2.2014986442509334,382.20696323230686,15.40269056609748,386.17032661739927,8.665193482717116,0
4.329560687286977,-4.032994521536863,10.811586390219066,-11.721489468943387,-1.3701964586573836,9.795461510278178,95.11111043029895,9.5805598728422,6.805989420269981,386.83485329791864,25.981616012703494,393.5992858392667,12.452218629131547,0
-8.372972115961744,-6.4131732513026085,8.575542750928184,7.952261489580116,2.1404461116002356,3.3030577553649425,93.06162780030152,3.828572495215427,11.690980664693265,380.5267032331057,32.058930727461956,388.6893950379216,19.778376842266614,0
2.280048217729287,3.5691006824119977,4.810933308577413,1.8753107594617004,-3.4740287244649095,9.138200758687013,58.57807463943122,7.04396331434538,10.262115063995854,396.60354346078987,24.53198256599479,385.26099413955495,3.2934293970132966,1
1.2895180116613896,1.2082226083837564,8.830853189125737,5.38921677872591,-1.2106236757164655,6.275467563153926,81.03041803473458,6.2729652304416845,8.280060910545643,436.42842826826364,17.339787306894856,397.5044754758084,8.254223461487854,1
-2.847459778483972,-3.0698840069644855,9.089121267423891,-6.099378724207608,1.7916695519832895,1.066007111306897,101.78359923558811,5.469855331259854,-0.6582238002874163,438.5216506633024,15.640203121730417,396.1077341263916,21.25842869259411,0
-7.008169271942273,7.2558942451053206,8.659224353314519,-4.153849408026678,4.7785203115386485,1.307816435601767,96.59574642316731,4.287672385913553,-0.6396625699672063,435.9762150603688,13.017520932118188,401.14835126224244,9.83273337813364,0
0.5029575385693476,-2.2032621078487122,18.866706211338418,0.7296914707238706,2.142474170117871,13.48929348015551,85.552426930551,1.0922464194220756,8.666260106068817,441.2643248746929,28.098829496698706,386.082715488466,11.595914173920864,0
,0.16053836985467332,9.517769988460602,-0.08518944668731508,6.84257424667368,5.145892604283507,83.65501152743141,12.040273457864302,-0.7273554896644718,428.0649900826373,16.856256490678128,354.38691812738335,16.08987251553002,0
1.29496105677352,1.3445672383930045,8.790519449113312,1.415342940049948,0.0721734470366413,14.377770469491555,74.59249537275193,-1.804584925479503,4.872164894656978,419.19631307170687,28.378149150312524,391.40132026075185,,0
0.2602407276172144,-3.098329670643068,-0.4772547880507094,5.4225758046498305,-1.1138426491950266,3.4528186964254495,81.92986389595316,2.768938211715798,7.520752230930885,429.7693719582356,24.767597548050304,390.1344517890265,9.149319034441813,0
8.139474456604578,,5.538963240102613,-8.826101576514246,14.066925536396933,7.328026005657467,70.05880135331356,2.551929376037977,0.3120300231865558,434.7910928777377,9.096017843268633,333.66157540078666,14.511997008124649,0
-1.0520181373651214,-2.6672617358236224,8.694632877718236,,2.518188247210154,17.694383615091205,61.31762795925818,4.771403766717607,0.8786883282056825,432.7575848587399,14.470238021203542,382.83038798385167,17.88479876582344,0
-5.0484974631093245,-2.058191611081046,22.220736619116785,0.04140954978963509,-3.0164077298927383,0.5830662766836037,83.05881689878343,0.11033677052749402,1.5293946771609068,189.37736305483892,15.75477437913089,396.8131394619656,7.738256659753276,1
0.9680281747815808,6.8132131990167055,32.558537966888984,-1.0189093056227387,-2.8903188112403444,-3.4850724994988838,82.78261374910481,3.771131527947939,4.518251437620269,194.60455001334935,18.700768179471304,384.52533695384335,13.165583967245706,0
1.1929734198588258,-5.202930262562165,24.825311123018906,-7.355576171924452,-4.132399572656702,12.393950656436166,85.61507289609366,1.2426870739851692,7.307593852068784,189.9102878723125,18.798428734431234,381.09372581442375,15.651374945797446,0
6.946317876202183,-12.06390165464745,,2.515243341884325,5.26384677928394,1.7219544730346321,93.50889270133713,-5.965362587189496,5.035267173852759,191.9945646379551,34.081195476990715,365.8295559611211,24.7154409364745,0
4.2740462295728925,8.054684975059471,25.958523170251837,-12.070539255155186,-1.2408864644662092,5.775468179468831,95.54216080261892,2.0540614312842322,2.3682829749609726,183.30218629073622,13.713860627626207,388.4363384077956,21.82203224481419,0
1.9533752957475465,12.746639763035015,25.836139182107882,3.2419700561935634,1.217812378282428,3.0564089477420753,91.13333516308244,-3.5099266651507586,-1.7309737677852466,182.52303155391982,20.244849678321952,383.2614041923917,17.580807425410867,1
7.703864456097809,-2.0263463272466593,25.206017761437494,-7.460529177364959,0.2634566278086564,6.953813904776581,,-6.914728812244506,-3.3545349792225956,196.07056961512245,22.182538712339017,357.94487084386674,23.51658845735662,0
-5.6846652716142545,-9.684190203100925,21.908981258107296,0.2672895630873702,4.281462039704673,0.940318964071289,99.38307275888263,2.4726666034469247,1.4456145583542623,437.50450767573534,21.19213997765402,399.2962954021804,17.873496016636064,0
-2.873327663748739,-1.5524198809797187,30.4839750152493,-0.5958441866396021,-3.6097204644201004,5.53129956058347,95.57569846681335,4.251916710097833,6.049677924902836,433.88385408276935,21.75090288890679,400.19455292240434,22.842208070502622,0
-3.7516297070276248,-1.431114749203346,10.29194636624391,5.847690736469419,-4.7538614307150775,7.886076632782671,96.40220221750774,4.613390210522882,5.683118533136714,433.8930275322644,15.975955528467063,407.90551569377294,14.183171506013473,0
-1.6089890157788398,-0.9496192051112852,11.882271277806606,-0.8932758450694509,1.7454865359079714,1.41645556862869,94.51970267944711,4.9543535350984715,-6.499509928625612,433.7543843918087,21.732430973013408,396.2836113015951,13.325833901985062,0
-5.690490737781544,-5.566940209609241,19.174145844719433,-3.470692805728328,3.628796423499485,2.8255798517705553,94.60178508492994,-7.391945104703052,0.0716148586624854,433.4552048947708,23.75699498087186,394.91484600210634,11.294196615306857,0
3.765804734072021,2.897805712382387,21.962639409687846,-2.533013479856015,2.286661565488204,4.635085832007341,93.3114551274987,-4.4776846395373475,10.02253775803078,430.5842609869817,22.838002921355642,382.700975582701,10.804974920816115,1
-0.7812934854938669,,,6.364413843773318,-3.423268645486638,-1.322077171131391,89.45805572700866,12.337507184068354,4.396075239020697,429.4978979888975,24.051004519560458,379.4550191140469,6.876711888752995,0
-6.37786147251329,-7.472028099096533,24.255435990137375,2.6814848459044685,4.011424210456969,3.6441950860062677,103.72104744429005,-2.8900438003851807,-3.08504456551493,436.02497811172793,28.263039503181158,261.36702113596897,24.36381427156102,0
-4.520115406037708,3.4959836584744393,19.96877043559715,-1.9281499076158064,-3.095304635478171,6.928982699514509,101.64305850489444,5.164905155683446,15.779105907990758,434.035370648398,25.884832709571707,400.39296669413693,13.088240495559084,0
1.8902092372509764,10.263424909729455,26.985218466208813,-1.182232099822567,-1.9836932239319167,3.944255292057858,98.38332684989065,-1.4677881083292303,3.8552913384261767,442.5357964272165,21.556473067487183,381.2441708632804,22.030359850767663,0
4.5429628394719055,0.8598016621852993,27.040977015763655,-7.835885452927235,-4.095767623610011,5.097117535341377,98.59656533012149,2.2481636963378224,5.9216697965670395,438.4653832663346,15.34120824058361,394.181540032802,11.483116959762445,0
10.233454458458933,-1.6866258103425302,22.81028915635783,1.942371004257705,7.129791743260154,5.7574916454670735,,-1.4976710113679705,5.997623780225672,438.32658840038994,18.199973626444404,387.0653277809184,18.1924767405212,0
15.113832330036649,-0.7100160720376065,26.70328786243421,-8.799078538477328,3.791107705136746,2.87228268783843,89.09355297678728,4.476405773098224,2.16202266919907,433.28439796222773,20.101844240412923,398.03436509006366,24.525616252327335,0
2.362947166379982,3.076283834842806,23.253226317160646,3.7589823291772806,3.6489668783943667,9.629312829334387,97.91543759022677,2.2957705865834956,0.3621315908930285,436.39485792110014,22.461729156707236,393.1440685259769,29.12942301738962,0
-3.319050600159321,-8.653358027536092,19.082584866085583,0.6431079624563292,6.860057105712252,12.198890624008879,100.88559915002516,-0.8020488682211679,14.608374925329702,438.8050055181572,18.808336192503024,399.0535962823499,35.45332949481991,0
-7.339181403656546,0.8219535148865111,23.069084195000023,12.934758997869611,14.934246241193618,3.0810980390227574,103.13554800074583,-3.929260598403552,10.016029348088754,406.5809786985634,10.021334004078241,397.7336758481668,30.625752749031598,0
5.4359573117191795,-1.9523197473140506,20.133065612893386,-5.500677768621529,-7.675130519550777,7.893991157388536,101.90011649524307,2.7506709874625552,9.109686005543383,402.53054086740815,8.759006554398313,392.91521173359394,24.977236098718002,0
-1.2849654765516303,9.239125064780227,19.586699233772432,-0.5133104552031647,-2.8208829043855403,3.7049142228267646,92.86472422731556,-4.71769399521295,7.881445958591053,408.39561889662104,6.4441112047223434,401.23590907056007,29.24816186140555,0
0.3025536991015736,-0.8708636690247894,26.94476786094787,8.991438504615314,-2.2098754208726192,7.957436725192523,92.50980112304477,3.5565052106041923,-0.016586951808422512,403.0399465445397,13.525246481127155,157.2504759062791,24.491878037680905,0
-0.90543399529904,,7.325639357299565,5.956948201457072,-3.383098111913464,13.456897656016272,96.43972916908518,14.649024545184501,11.387650958701368,406.9642355925884,7.351672789648474,171.18422854432575,21.170324746501297,0
1.6646655679180737,-5.518703488910036,,-3.4810602578994985,-4.516916238018563,7.4692977150904944,98.52458640636456,8.21165025631006,0.7843367099412539,400.55073895705425,9.697371579213039,404.56160990472296,26.06293334416324,0
7.660891153938218,2.9362958340139613,,1.1198371418672388,-0.6272653202768281,-3.681072694048403,97.25045707587698,5.121339434470815,6.416433990753228,393.9370581671568,12.730490635778487,349.4481330633408,35.745781724689266,0
3.519212837226723,1.597001318956144,17.76369676215597,0.009996782075436165,-5.212018576447024,7.866978157234795,88.06028861309069,1.0976635112942617,-3.196949527322845,404.3417949400926,8.020413453042831,350.6431527264932,19.870829158400877,0
0.8634258148065586,-4.345236239323912,18.30695915116985,1.4097793369707858,2.546211837687066,12.286318716545047,,-8.075763135017626,-5.204294253237599,406.62662031573313,16.598760942493485,372.76044504937636,14.202542820081671,1
-3.681948764129058,0.8869805731847022,12.043371761134761,-3.493402179924149,1.1294916071430732,4.296019150009487,96.38382157029581,-5.019831979500921,6.5914560132655735,405.8767366590379,18.401115318028435,339.28708592971714,17.07364010327167,0
-7.246834723521785,6.062594184158002,14.654209838445865,,3.2761433238182764,9.990174030589163,86.21347469866592,8.024164280513569,0.9545036640254594,405.1109333071872,11.952864901123007,348.46187121279485,12.23932210594791,0
-0.28235954536665453,-1.6189585214330036,15.275791607382146,-7.990261876383569,3.4096422581912624,2.25842229424027,91.68974584573674,-2.325580400623899,-4.945837856486365,401.2570651702251,12.51486346194999,264.3122550717765,14.300458428573448,0
1.1449372459083975,-8.459813245848816,31.867120460379457,1.6756172593404104,3.8860342671333825,-1.2986957976113693,88.88974116929934,-1.7468604908202332,7.703047514735378,398.96626874277206,17.387148850695386,321.7815018627366,14.969882760957642,0
12.374659567899414,-0.08781413238722954,28.58870973873573,3.25010336710916,-0.9960446841194117,6.857845094163201,,0.9172476215798928,15.600403855253946,405.7586413452189,11.130024513826605,91.9963628058464,19.48909176778792,0
3.0980526073644294,-4.512115473962563,17.521252911576752,-1.13709706321942,11.476717013168336,-3.5103836037315705,94.43126918112503,-3.5738312942327735,11.947801292900309,405.1322370809914,10.786330442013524,88.71375354535871,12.825738889316472,0
6.137277555115288,,17.762083548466002,-8.07525445292394,1.7771555824104888,5.744144935532041,91.49702830123255,-4.256543672758181,3.7134105736716374,400.19550454578086,20.68249239093145,379.32932244411757,3.958814963633676,1
-1.1536379926957603,-0.4079388484256049,13.833980014058527,4.9426593142573125,-8.707423763123975,12.500211313227513,99.42098245014117,1.504929636092891,5.0442265334847285,408.5471209459603,19.120938693563936,354.64673466828367,6.481433636687377,1
-4.499698832085123,-8.528261080077586,10.039347933873664,1.8226251899640113,-4.140878728831087,-3.038814528731404,105.29276408070908,-2.691747273360181,9.438531283919566,398.585672427262,17.707750011719597,365.2864104924485,11.712925977638282,1
-3.5521238111618594,-8.07829169660339,18.99559906795738,-2.6300754885048843,-8.097514945139078,-0.14748397956948978,86.09110131293244,-1.906692898894474,10.610640099174535,400.0823831060448,19.328223106970462,330.36765975213365,5.000773130642817,1
-2.1627703226787665,2.410334177627626,14.59074008377987,-1.4030022341903199,0.6916731457565366,2.3288387741921124,89.7677712079473,-1.9350551307350299,3.2823214058715067,411.18212606170835,4.813606373163184,371.7127483634829,10.771495472468612,1
12.476118662175821,-2.613593480848402,19.15574734168995,-6.503347013909194,-0.004026120266668154,7.4854007014452,103.32378366875386,4.652501069172343,5.170888578622871,407.3429096886696,21.469177733965537,395.34688840899906,1.1373071114245243,1
-2.5879133961219303,-12.823721709102836,11.578970754782612,-4.127050638889522,-1.7371284894972892,6.546416071768954,,1.0013715475232134,6.503074033822682,401.20995347054486,16.66031058291871,381.77271574820065,2.1315818079736,1
6.434806018681725,3.924220183040675,15.77012770844871,-2.6890567317856973,10.659630562002572,12.849681908480438,88.93165154570791,1.5291401605307318,7.769381601394159,404.43690354821774,19.753906920028676,384.32221412849026,10.784839391911342,1
-1.590635890435132,1.3618487763711993,20.323135476514153,6.142104061400756,3.349914370384554,10.872741645458486,98.81747907153238,5.2681294865444155,4.334617789943666,403.77396122261916,16.635808895581814,240.32157735593788,3.2267928567099498,1
6.66805506437122,-3.56937412018242,21.411047988919684,-3.1975169544373783,4.235491807231672,10.40536473034299,94.66898960514226,1.3357019588352994,4.399573774656279,389.2719306751131,14.94462412340078,376.1537225373749,-1.483634233793425,1
3.725034830529316,,21.66735979371007,3.2010682966437938,-4.0503674397105165,6.605151571719424,84.72247512602785,1.0346311577141356,11.89916164877194,398.4676302526331,13.323453938189726,227.82190614348065,9.486665551304535,1
1.5172105117095476,4.179039481571686,12.977555079214811,-2.691581014307899,-4.390724456655061,8.285148884924137,98.24482695563599,4.452251777850854,11.047603512214431,402.7457669144536,16.535721884431027,295.40937698686827,16.779149244250647,1
2.24571736932283,1.746753112802148,23.853428650677806,1.2397378042593743,0.7890274954847737,2.0920882234331257,93.48577673545081,5.603489217788155,7.387052867180442,401.2169426172035,13.141260455477239,320.7475603112951,11.15436970318995,1
-2.066518477146952,11.913011413420367,15.578941516990746,-0.7069775107190108,1.4700356982611291,10.16105176778306,96.99845265298765,1.690532502456979,13.595545350114643,404.2355128241521,19.03938050032556,294.551270613511,12.006779051921466,0
4.544261007410403,2.100942993624687,22.744289573036532,4.365283000463717,-8.676557835572284,0.31977872820399433,98.90224756923018,2.791738878102608,3.0677711888679147,408.6474115647396,6.767716777238998,351.4363755444152,18.162673728032978,0
-2.1357774017039004,1.9385157063100742,3.996806616909034,-2.6740566910927894,-0.3915351142476703,9.748884969511154,93.60441410501237,-1.31285114866664,13.114867243146902,294.39232107673035,13.892120691028612,387.9913375044945,22.445885664461304,1
-6.036248818836241,-0.8346396505428256,,-7.862641250012205,0.5803604143675241,12.346712510594156,,-1.6571152158226274,7.712577217677753,290.71172601938565,26.824116242383234,401.1726622434861,15.316912304538802,1
-6.305217871598097,4.083879336003955,2.4690114770940603,-6.909745156818163,-0.5657458288556447,6.913323010440436,68.9060303339081,6.547637509834039,21.355130611072948,297.6242582925552,13.469597682138039,397.0584776294606,5.374550013824212,1
0.9295795886105974,3.1254260062407684,5.876818710318838,-2.659387469713787,-3.556952061733382,5.664934705190121,32.79242160197681,5.357010312723109,-0.9624096339123884,294.36688333216097,15.406581384682612,396.6215797127367,2.8537568990317213,1
7.965676282052175,6.258625042825975,7.114826902372995,-6.2452998533902635,-2.1876759096057006,8.021549541548366,50.720740708198925,5.83139219208288,1.5532737389132922,295.2196824958905,12.18709533324962,396.1476254591667,19.178680351573593,1
0.8542080678671913,-2.606614593186424,,2.0510600783977564,-0.3742959678639801,-7.992591850503364,68.27410402777913,4.721771743627611,7.093989141002739,294.5411314042346,18.27922836442912,398.86841354405664,7.49569846000011,1
-0.5267716305494128,-2.1770373647198116,11.708894453005264,-2.3288408242903893,0.9640001180502389,8.371291092427306,79.48488524118929,3.1463163790747677,6.98617026489496,307.20918900005495,12.918675549289027,393.87360449350865,5.581864675519607,1
1.4869306980127146,-2.3955158545599007,7.497553854932795,11.873032750132158,3.5119579127528397,6.413230010800965,60.73164386085208,6.311059454113846,12.750694920875093,181.79647869501028,16.87194532596475,401.2423616075059,8.631739806654187,1
6.595888708534124,3.9540086058949457,1.1767294180012358,-8.68857297568566,5.892281024754356,7.511859434715045,76.71537463183526,7.416543805113919,-0.34187341649766934,191.05833048433678,22.04433268017535,386.4662111543804,12.59649533679056,1
1.1657925068192818,7.491872201483661,6.210609060684723,1.018165893549006,-0.983738617636249,9.676662564489138,68.2413141274025,7.154040025953238,7.524592593469421,192.98155487175805,14.306182905925922,389.3947028318924,6.592752145358677,1
-1.9636061541686858,-2.294202465746503,12.128967425940935,-5.639765117528345,-1.7927809805767891,6.781155392176361,103.37046540398866,2.1967104202700662,8.81231502340998,189.09428753858612,21.743055596326105,390.43996049905115,5.917199793099657,1
,-2.1238686389654564,12.262423003915135,-2.4670067019133928,2.676278367671531,0.8619657167442094,100.60916984774704,9.78196364954419,6.523239161103238,197.49912916064142,21.911146577801784,396.2508991416372,10.312800346085293,1
2.2268621923080674,1.570386119348996,-3.679999404112487,0.7070973667027208,3.542224582054271,4.89698664587311,96.93492383613234,4.130203408661606,-1.8049817096216003,197.0662883935982,23.07478047359647,392.9406846165409,8.178564270200734,1
7.73924995997996,-1.2288075000645071,-2.172665555785753,-11.626856874371434,-1.6830021662944277,6.490777420404122,69.22685690801293,6.441580962828993,10.03879402627099,192.7612269075573,18.502704974590202,388.73340826614424,13.2117272871307,1
0.9721921861095306,,9.884593933669255,1.1841305839401375,4.439967384830862,8.405669557905064,45.29247540130745,4.609639454174399,9.14662465657707,191.64663122328153,34.00629538488393,398.21552905728015,-1.1219482652535762,1
-6.043595158602501,33.74111354690477,-1.8514052541881862,9.51453731137084,5.334926705779866,7.5915968364253406,31.879397744162375,5.023633537420871,7.997922598951887,397.44021582884176,20.47266848271041,399.61247649290175,1.7620975153659453,1
-6.715005996228324,40.866474765415525,-3.1727056664583952,-2.267191491842964,6.895432328293365,11.752845224592766,30.375410219338793,0.8879400487484017,6.021738436044771,397.47606673176097,16.824388122034133,378.478074458531,1.7444996125984789,1
8.338339661156247,41.08791833019277,1.0090293465047657,1.2990392840275475,9.328604533599112,1.7548272348292615,35.9401059613501,8.07345419172413,6.130540050221857,397.6081348593712,10.820377929591324,398.09288055025235,7.775597689397351,1
8.709008603916486,33.398219938069275,5.541133547372929,5.124608465626997,-3.8950806932971944,7.829502280824249,16.927118608363244,20.706271974538197,4.606321038803111,397.060004492416,14.714704370629294,373.4408422613908,3.4898868568093264,1
,40.18180777815598,2.928016466944518,-0.8197675001349827,0.506491046662556,13.188648493091204,30.486266580156624,4.605824626049584,8.20392567126321,399.26224657296194,22.33163488450017,388.76876480823216,1.4479093751579697,1
,40.42421942077037,0.1871818979720392,-2.904800942657416,0.4933884830933007,-1.4950574846859768,29.377926439306442,6.834773577124741,5.155674264724888,401.76606032413935,23.747673078131342,392.09895684524247,3.1277728166247964,1
7.329091461211011,58.994476727405846,-0.4410623086225449,-11.37868201860876,-0.08936784266253794,7.698233403900268,,3.988573678263688,-3.242624876763206,258.84869926200713,22.991645502201145,376.32643961764154,-0.704813641332148,1
-5.52083841021744,65.56482945830132,-0.6316853220635434,3.2049535969748666,-2.845314598050681,3.677107490134783,16.555611898598077,3.7795004921903272,-4.24295822413796,259.7466805038342,19.525961533648097,388.75622019819843,6.5240160891695504,1
-4.459825094779132,78.7746967440465,-3.9375481432947126,-0.5658420486444862,-7.005810016155357,6.021448077634475,39.54935341560157,13.370647390593364,0.23981873173853963,246.25740985258238,8.121698968522141,397.0620433869874,8.62693380979155,1
,74.84593139864423,12.928164386380308,-5.063419256940809,0.867397230145019,2.7629624839278897,28.72355809889313,3.9441449113626765,3.110661212747259,333.331987001788,15.03580908912835,393.92148362293295,3.683979795059942,1
-1.926365614297948,79.71522729393236,3.0075553559277743,0.6329835513884678,-3.4377782977395626,6.25924642149778,40.94880593582478,4.938597633168194,1.8652208178239633,330.25161646595234,6.392988109735011,363.9468487761511,7.596755033498958,1
0.012070666399643517,85.24586810720675,5.953795272023692,-2.9184017840309067,0.8339674037381251,16.48027807213452,35.87634619225503,-0.6284641186565061,3.076718966443746,331.52633757966385,5.162644033096207,390.462844147569,8.487201766077847,1
-0.7857144926225629,90.12020591942547,-0.9753873405946185,-2.642130655577628,-3.5672177084942667,0.6528481941139317,18.028968799249764,3.8653413772887637,5.504065667730555,394.8525088081827,18.195793422886194,397.5625969291403,-5.582347094157725,1
1.7056527439946676,90.44712558039275,0.5402166140697557,3.031455780543541,-5.095291729221707,1.2869499876058628,19.386637536014337,-0.888599464766739,-0.13660462958439457,410.9247406144007,19.615997236348754,381.86442094801185,7.134087282989337,1
7.071859306568584,85.29274479637112,-1.537769906851775,-6.6919120566192225,1.5864918018844885,-0.3476728508175233,42.106408834925105,9.429023496059644,9.32830084172674,344.9557454592732,19.216885492404025,402.02995918721666,22.93942901872432,1
0.47469453450872773,81.392319421346,-11.228541674596011,5.2365764303687925,1.1696076340324797,16.247091433140504,20.245798011069382,20.268486109186547,0.661445864762628,348.8410290355563,17.185681201930468,394.8550764684706,2.496618894426398,1
3.2547939663842893,98.23742345354736,-4.21004638423933,-6.988430815592018,3.312509856604665,5.541301472393565,27.442032332960224,3.2846060317473897,1.832865076092455,228.27192330339187,17.35792992871374,393.5274205036975,3.2143748314183465,1
-10.230770505155114,94.93176604102352,-6.373093399901974,-3.313507041776319,11.345418832088127,7.90580469826163,37.468298533706495,-3.2157896649511866,6.411931186662262,219.06510122101963,9.776737075038117,396.56891076512727,6.598035000498417,1
-0.10717200965058973,,-0.6589188897580378,9.614730970332886,1.875447656054234,3.8770852944688015,18.036534426825902,8.445398322148666,-5.182551011875365,274.2683782074367,18.07511657657667,399.8256972873054,19.09666334098981,1
-3.986461351464355,-5.175390570203204,4.613205128509486,,2.9144088353206477,1.6038856079845418,53.79770882785769,0.7202752053492154,0.04732775138540335,277.8958588730044,11.064416071827562,394.59825967432965,15.844839222170675,1
-5.84207530211814,-0.0604232539413372,17.214778396908155,0.4880199624772009,-4.898806644336627,4.607246766927823,73.99123093498613,10.8516346527677,8.905363993459165,291.2873653773235,8.583154352999024,394.9819548617873,,1
-4.254891834643754,-1.0534500718157842,10.367819161478227,-3.702651077506083,-5.945537202681873,18.3552180286828,61.52561279434791,2.8290547610502768,-4.687109645310553,278.50562371426014,22.30321354921537,394.01241614713973,17.476994188313736,1
-1.2349072035040602,-6.079454620520654,17.04281881160587,-1.6463615334994661,8.403147233866669,12.304354604871275,101.68478338030096,0.7159215545860964,9.587870984665779,285.0318057531536,14.834378031045208,398.4870522439971,35.949650726208375,0
4.753972711780065,,12.644912884504377,1.366376572928482,-4.128398899666519,1.6953109110386384,87.88095010737638,2.9873122212715675,11.555682831795673,283.02836572595976,22.96249251071527,393.83380043936285,20.382205233797325,1
-6.25618358869782,3.428745176373309,14.502794128575797,1.1876161616979921,-4.730720357343211,8.64187051530843,81.85066293852141,7.453883804680936,2.1527233108812585,278.84005018247257,24.141737889400197,396.0931354180954,18.206990433641252,0
0.3703474629720872,-1.7547619110898904,6.085515023477124,0.5456453518701857,0.29350539391723507,1.6493861366681184,58.16174339980884,2.5154968462217178,5.45906383713155,272.0540211418466,15.503413376884012,397.4921475041576,17.439148122093073,1
-2.2803271666678926,-5.111401408236648,13.209754770963354,-0.15416257042092166,0.0380379331130582,-2.506838194231104,33.22917288759457,1.4617764860314724,9.595435424255133,282.29876805409117,21.551555472776496,382.8140113248354,2.9765637432946654,1
-1.3488154718098042,-0.48089468461666124,14.233571170371729,-1.0718755485255704,-4.023532532216459,10.509554588323148,15.54688420478909,2.5933419851056407,1.6660540597824016,269.5094482917598,15.294216356931793,347.5384122014417,35.7140184463443,1
5.21180912652302,5.640094286746513,7.706763538831535,-7.209893678200064,-1.0358660935655002,11.982464233217755,,-2.4138759225044253,8.338877602630907,285.00437561838544,9.370605626865881,385.9427852543668,4.690587059860373,1
2.73617718501963,-11.403689226859616,16.68770185308083,-1.5825537108041638,6.696878588250521,11.118261255239496,48.9741781966152,5.097258011469901,1.644256024346642,277.0000265410913,17.01654702221229,386.8806606868001,13.881218173460114,1
6.757120537213718,-7.483193449516632,16.720938792874165,4.573120269934233,-3.479968044158988,4.292673753902137,89.93064840502052,-5.512532969224551,2.6119885333341033,262.74888226350913,14.045630601421195,390.1909999865101,5.401099990040761,1
-0.6618383962495024,-4.6144322094763375,11.142236894349587,-5.841671487755587,-6.418362421830858,5.117121329990068,91.94814695169447,0.6686927281724233,1.0033176783751312,274.2974695248408,14.199554947064339,396.62031502969785,15.187759712260046,1
-3.365463058353515,7.305894333601644,,0.0522224423036074,5.262968104498961,10.121827768290617,94.11001728710511,7.160226044153717,6.713235995974017,279.2697391046147,26.276715589227628,402.5854166288506,17.930753229302475,1
-0.7612040844024976,1.4129349145964825,0.2793583405086393,-3.0987696438542196,2.9684845596901837,8.908480186740535,85.2627028576024,4.376941414663584,13.789845262827747,305.81488063480117,9.77071508633664,394.37996402462613,10.227285824468487,1
1.6201939563561079,3.836586202306134,6.632527709607309,1.5567521469905565,-2.5955931032433077,4.1958126435147785,99.52150855116845,5.999602864931951,7.079435339414179,310.57502905496784,19.314355676857353,390.67960744905105,18.663987631371402,1
1.506426792268555,-5.700804595631153,7.835049343946574,-0.9431659053340908,-7.40383508063459,-1.2163591005908234,73.31717587908402,2.9468716364059544,1.643754200437984,302.7498791614385,12.42596381427624,386.7500975731794,4.203860145566386,1
-4.807240361166833,-5.597679376352631,2.237370847710428,7.3869683248733455,-3.2161167821928154,7.187375970710062,79.11285122946913,9.120830904927583,2.5864658885659217,300.470088136062,21.941307046336618,403.77374341615325,-1.7585074319971827,1
0.7677789081393711,2.239068583613552,6.332926706630493,2.532915770951269,0.23047781575364346,13.661048196180566,78.83724351348658,7.51789598384896,9.972997106852702,306.64277298476196,18.89215618087533,390.683051743146,-2.1164031676134334,1
1.6680716506945257,0.29137165467723275,9.052685180692427,-6.559015828886057,6.332360449419095,2.737058554829214,77.5390883645652,5.125105021238372,17.220582066971346,307.1578283364496,19.296721745903067,382.140749551121,5.18979620722189,1
12.969510187669602,2.7436940943206327,9.290953573326505,3.356140058068493,-4.678909874348285,11.233796908379883,88.15259764293798,7.853428886567715,9.968624996571988,305.2580782446884,12.675551911988698,385.16736767230583,,1
9.796603056408351,-0.9383549546422607,13.959400600612444,-3.873259281310315,0.08140059244263281,8.820708475668464,87.95955238733745,6.967817772017884,6.065517246743736,313.13645573321094,13.57206043355838,377.7046641785232,3.558242537888995,1
-3.9680267527941,1.3907186322731349,12.584904160990217,-2.8849818568876677,3.8797232994744904,11.436741316161669,14.547689196531447,1.1777824332655489,11.830919834251421,302.74896312430474,22.036252536729428,372.5433643663766,,1
,0.7905954245255459,1.1935428362172802,1.569095100535609,-11.402336700609604,10.911877498595036,23.375714095158624,-3.3443945584566674,6.8025068220662686,308.56582803666174,26.253988608637812,382.3001519902876,0.17249788885886552,1
-6.780210009185016,3.888836945424627,14.617931047690114,-2.4587370986506736,5.672930839694498,2.5086737903732352,54.352823069807215,5.773310629213119,6.108573913178968,307.3398498558181,19.801539086120933,389.7132949544667,10.459941385600604,1
-2.4905750698174325,4.0350414097223535,3.5451174772214262,4.464279081614777,-5.408252861032187,-0.6727970008247306,76.7053539975758,6.401946154157144,3.207704471523682,299.2164202393196,12.912896396142834,377.16677841125727,-0.14788360168626014,1
2.1533150179517024,-8.09935997195885,11.424364062272137,-3.872550307566977,2.166977467284673,5.669402371585603,71.73478857036898,9.290759955692828,15.04224422123178,300.40484908165746,19.09469261231034,382.031952603692,7.4238086728392805,1
6.360738104441168,-11.236342776704278,6.539933130255444,-3.094732762956816,1.7404157480537203,12.692636587635036,,-1.0297063752264672,-4.696039587478317,307.05955508124316,29.537360221688047,381.0018435133577,14.43755307022284,1
-3.1975091887180427,5.008726988257536,4.139253107715162,-2.281854467740544,5.929931957319225,4.015980482370145,71.90725234814266,-0.8802552963858168,11.989296001396347,316.9059999934348,17.912114053594557,357.84995640492326,-0.7590848046809882,1
-2.9402822003389826,5.9386254663096825,-2.838484298874664,-2.828193741775195,3.261621904467702,2.615783380711791,59.86878159188086,5.951401331538852,5.681275311012316,309.89634905949407,24.709204296967997,369.77942078123294,9.14918965682651,1
,-5.103115097566687,5.342177448918259,6.495957777739065,-11.379452458649906,-2.475751709623191,75.61261256453206,3.7921650557345665,5.948296342741937,298.37182587427685,13.698353170806438,391.95518013436055,15.863899235250175,1
-0.30149960272453835,-9.299177032728142,-1.5969161765280449,3.1439814680515155,-3.4168962357799564,16.121237772754696,69.71403562605464,-5.28080805285564,16.46157578058906,291.4475596744033,17.189569741818065,395.6591720027486,-2.5047276071280056,1
-5.229632059297815,,9.766496179213862,8.549719770060356,1.1190256467664004,10.60956820712655,8.915920641174617,8.065440818770954,2.4293445389997435,303.6652679650219,19.697826030627713,377.85546663963714,9.193419534855433,1
-2.5546771368303687,34.65419113175265,12.51396328569624,11.338221019496274,-0.5468994305989348,10.455479906373823,36.5400677996152,-3.0722145749447733,2.5996542298579493,299.518932585359,18.58664154131432,381.8938216295186,13.477361001037853,1
-4.271013890837941,38.987972612171575,0.9454450535165484,,2.816053648783852,11.735626933897368,59.10546743060108,1.6098172406331193,5.348028805402349,305.70632984755184,12.768056599444197,386.44217304439087,11.771144071784187,1
,32.58148786050725,6.4398537125963555,0.35209563663644444,4.374832778348527,8.978541807717008,54.550246765600136,13.094506864300536,8.06923692906119,295.5964103964428,12.552412714347003,393.8703219976622,15.151315354700664,0
-8.685741956783156,28.141416517071526,1.3030423899601224,-5.881001583217165,3.4702586821483954,5.136355724102354,49.06842325192147,16.159895089035576,3.790721088535653,301.7510624892926,21.541422015513294,369.93815808538403,20.024511930638038,1
-7.207656226954953,25.534346892075686,1.7875763493160517,-3.8880296387413353,-0.6433747127723262,5.574179479388992,5.801399718551181,0.9572181576401917,-1.869294652679427,304.23086731513934,22.557754063250727,369.6548365664837,14.932132770505731,1
10.852315560141491,22.057256458353272,9.732473519326856,-3.150412551278347,-8.800685055602402,3.4551781770393757,85.21810933645783,6.307942312936529,2.6715090955911727,327.7626818089676,26.660717790609603,381.950844151998,12.190163934827584,0
-6.245782906370155,20.503676480573716,,,-1.8464062442740863,18.778703772075,74.04301882748184,8.16801261539353,13.406669282322596,327.86957214884467,28.11965241626434,391.46246408374753,15.798110753503835,0
-5.144097892273198,16.92466047135592,14.558240209655057,-5.2594363644920685,2.512840740694776,8.887560156497212,32.1141473647345,16.961634637907842,7.373883945677557,330.12631415549197,19.773097181612982,393.0419755401468,4.5600994446315175,1
9.38113764160657,32.24377825431643,3.4488376064853954,-0.7214218926012743,-5.021236262752388,3.906997793242827,85.72256848557775,5.591155260877993,9.25543641851911,332.7133817328016,17.544003778842033,380.55699784466213,15.034820752143563,0
14.689725846202034,30.925842010360654,10.856681662372445,-6.083592091932035,3.5873736506078817,8.760483870831399,45.397420897494406,5.44207988483361,5.692893964134813,329.92832997744046,25.854954693892346,378.565181083799,2.661122211045158,1
-5.667103144126708,27.68024341777714,6.34706706478891,4.210634795688164,4.972966486336523,1.6636554107184125,22.54549901867003,15.57012779231431,3.702511519133652,334.86998168879745,22.665346409257936,391.6744502360164,5.297129810043987,1
-1.7009447839401526,17.395748010954364,9.838890048721167,-4.588767687087571,1.0653348814792127,14.009533592946134,6.205613770384922,5.52275423640871,15.387847249377055,327.6903240536648,14.187723706662045,397.6427631148573,6.41344885477233,1
1.9218677547025478,26.275096621486394,3.6242117133502667,14.047844850481962,-14.88789933156198,3.132654520964299,14.266289158945787,11.007708544832287,6.059040714744596,323.35802397268446,13.931821672405444,375.7248475786967,1.0749874364062273,1
8.725698222027962,25.19813204748951,5.612205812242086,-2.256922254821976,-5.959441813559017,9.462427163112329,4.769331772645072,1.5209851744378629,4.7831506023643655,339.8848768405659,21.559651006781547,388.2823181238833,4.929101325095619,1
-4.565345392141187,24.212728121020266,5.282505603505326,0.3600882095852611,9.861945792780407,13.588888148715672,3.257478795293652,8.05053627953837,12.480711831776699,326.97683131728775,18.213626692580004,398.6084544297908,16.36256659146379,1
-1.1781992297105488,86.24832633521889,-0.5402855742289359,,-2.34068896514189,8.031842721024963,30.91428193461843,0.9223158083679763,-2.6118017943369263,312.15778958141124,16.26785022629651,390.976698695679,5.962007048267288,1
3.9221678803087205,83.17685571430638,6.950407672908764,8.530458790638196,-9.528716115644981,6.348349959098192,20.486720898601074,3.943131095221478,-1.9736367188699835,314.67098339463905,21.762666823550973,388.53350638539104,7.072971862863052,0
2.189210372333093,93.70007118152168,7.001245027891821,5.5975034040145815,6.570236941551362,7.508010424280076,31.726257847371443,10.532106775761317,3.05123342008449,244.3359055482699,19.695185724925178,387.0711852848275,8.186659121909264,1
-1.2692403561504964,23.18453141686105,6.937773474527834,1.4845793536805627,0.7137779577183643,8.421794515564464,89.66976752997662,1.5514730445664369,5.001350520440899,262.06658178755856,19.649366242092157,388.6786525609635,6.31791822072761,1
-0.005604822580205671,21.70395704001053,11.654828269588224,-6.734012743897829,6.171702444788627,4.449507555362489,97.08503058167966,0.2990712972351268,6.298056739516072,263.91283051525494,3.3423194681331676,373.8381387614562,14.986678856056882,1
-6.217829041849909,11.081944351429083,11.216724006181519,1.0533343886231015,2.0317933760968265,4.594582851151479,103.1018619696568,-1.7330481199045882,15.45834544697744,263.8011888428591,14.266989586106003,394.4683088444436,7.723438099098592,1
-0.6507587198733261,20.418105387052787,2.095276550754323,-5.607155230086275,2.9397956810608443,14.600951868254676,84.011110310183,1.0088196337935862,6.681241231761852,264.874096635104,16.473442611986034,397.6267105612139,8.347883960144834,1
-0.7978174500447756,17.219040205754375,5.835261592170891,7.311776317366804,2.462046238572583,6.977316836574216,89.09538472646032,3.645365835503468,-6.890269813754003,252.21256270506342,5.36707071656158,401.0117823760448,-1.6586244404727761,1
,13.600795211799898,0.8519965537089367,4.045973659265863,4.134441559605,4.469018653086134,89.29308843817024,7.203081032308809,6.631494717157804,273.40438153503925,9.72552179345014,384.9040124833967,-2.188673469058701,1
-1.95137609409508,28.40908309650412,4.086776580572778,0.4771951924386806,12.034152242780491,4.745512015692457,95.25770397882633,-11.04693342048401,5.189399972447994,263.2635584323272,8.797574188355405,390.7264405172547,2.0715065478644874,1
2.907762612725695,28.644976704428515,0.9712527544056764,-12.181878316236611,5.502031679795941,12.707853403486116,94.35126871516849,-2.2287058713140486,5.217250121757289,266.90311309723495,13.10849085529958,382.3428948478038,9.996695831421198,1
5.825199089099143,26.79610300147806,12.070351545680255,-4.917079893295153,-7.254696589227675,8.938033165822391,73.10899576365804,2.7819812109450286,6.229736546980853,257.1094932923299,21.13926984347032,393.443209532435,3.638752600662701,1
1.56284663834233,,5.788490751714814,3.438805657999362,2.880307576394517,9.815645891161285,89.2971021089909,1.6385844201885704,4.856608561626003,261.64499869375373,23.1129470233245,385.0815909027918,21.067886829596915,1
2.3371220419960173,26.753125604763284,2.8798543594778896,6.064418458615779,6.282403840516089,7.0093940054510435,71.8799497490792,4.438481212633626,4.736939534723055,260.63842066839794,8.928562234633588,380.48351832606625,7.591232824279769,1
0.8062767378893367,20.060265903009128,9.938092859281886,5.545849057460658,6.5885040326807305,10.336812350864726,68.04256097430142,4.209701430632769,8.06522104885393,271.34861882254273,15.63278625246787,389.42535058998084,1.939065404491656,1
0.0910719654570709,21.013986384488895,-3.893077048977058,-6.960065011207277,-1.669024915295498,2.70219437524676,64.07979238383922,2.3931606850329636,0.28959601402749513,220.0709319658206,21.393989260711578,381.4466716655532,9.43072462397831,0
-3.308630167714237,14.532643147690084,-3.110512974326448,1.5077615340645203,6.288722225940639,4.557929843271127,44.523217556558514,1.7947340200641149,-1.7384316781958784,226.79039993470045,20.53812885757374,393.28188373916623,16.11129374135103,0
1.74458130836654,21.9849565224942,10.93919327609887,5.077576082414648,5.1027119977560265,11.089022436958727,19.820075371608272,3.2014925513224957,18.118907263111957,219.74789773663403,20.594898173696173,393.0466037016391,,1
-0.37183299206744735,20.301929642122087,7.2623422405868405,-8.291677827911226,13.32658718484865,10.909388394595322,53.65517011205874,9.661211749113713,-0.5792872189061669,220.73690530173027,20.118712512256643,394.7867182429351,2.8031099796505963,1
10.687721544652975,13.486739415827678,8.212231501303803,0.9604774231338182,-3.2860086812425577,2.781450770245984,49.580491817906214,0.7064603354714283,3.5007145623003826,221.77224917399656,27.0378506040321,383.63653289351106,12.521749603026745,1
7.923214512376212,39.74401444091701,-0.22198051659274398,2.369211991542281,-2.090002882002126,2.480367735457121,30.369153666538327,3.7635663842802227,-3.478301254376837,260.4192256341465,23.11233257184029,393.9882320026921,5.303105803875113,1
2.025272762782504,39.601352180715956,6.293831445748169,-1.5038229242336745,-1.0835952422997694,7.397510764067048,46.03806988609781,5.1840110699921045,4.58234207525711,244.5507367048494,12.299230512008666,395.50204423241235,1.805352858758639,1
-3.7105960484738376,48.9878058332232,16.42754705200671,-8.260809277006008,-2.004110750193876,15.897661873347548,48.129127188894,12.58895464937229,-0.6661277534466752,247.42168222362784,21.578605404402747,389.19354576519584,9.257164923668583,1
-5.500787359917089,44.471066642567045,10.530998098979314,-0.6284905503686433,-4.003103748818015,-2.751825822344972,28.291117127371514,3.3612587088184336,1.7876352857499453,244.2634741715509,22.06186687255726,395.8486625776126,,1
6.035494765444326,40.05722719545733,7.258532725714061,-1.63652715127512,-13.366377528368716,7.873664697852521,37.537273100742325,8.934333280054805,9.22532332885562,248.56248940119275,19.174836435758944,404.09537541743106,9.105065752258419,1
1.5241261257356926,21.243936549005415,1.1347304494753119,-0.7403620227387709,-1.7305973686156706,-0.06821665786574105,36.51575369352069,10.26059701632511,7.360047841890369,211.94199974403946,20.557121852513646,400.56355471384677,0.7657604881227247,1
2.436497016958054,20.22106189052099,1.3571357406530309,-2.817357127125348,2.289690298499522,4.648345032372273,63.69139498479377,4.375928675046759,7.842047622874095,207.92759372954805,15.840370171495186,392.1208227157312,14.111993044553111,1
-8.685879934870963,18.98543007602226,-7.3159894460000885,-2.2150607662073365,-2.0232092275295535,5.145857909678793,,4.191105104616187,-3.856024191959314,212.32926126692666,15.902338605381255,399.4605205497157,1.6919001616188747,1
4.6984824077909035,14.587864013058566,4.618202104605803,0.8014685882651105,10.119805917645548,5.542458282815545,55.37637365826595,3.5666316397589193,14.184475849145064,205.92642759533294,15.506202723385217,379.9185394076135,10.790081634749885,1
2.287111691071815,89.24474061196536,5.43741554240927,3.212273024848556,0.4678790635793129,5.2540203017039575,28.66945590454933,4.605884328787088,-4.959406554709376,192.91005638116158,3.5087795710016554,395.336464021905,2.215655753477618,1
-5.54309342207239,86.26950871673743,-4.9080966358530755,-1.522133814283336,6.855145275920678,7.124035301881851,12.76871590852309,11.578499302884165,8.642804071469325,291.00210199955103,14.898008030470631,399.7655595312753,11.88548557827481,1
-2.346664037249745,48.74842230538427,-1.05708446153408,-2.0482446418400095,1.6961020636498418,3.7767221668471085,30.334230305458593,8.462349886277568,6.107719329907431,302.0179403514055,11.958747127727147,400.0850464298083,11.901117495130682,1
1.3382360217825977,82.55610907273767,-4.027323161167111,0.4617701912722904,4.517036549466289,-1.082286924270763,,10.265648545849347,3.8866637089234004,241.93733836086264,12.267760109037212,344.8428291898302,18.664258775750227,0
0.30104399178121816,54.456323299666174,0.4932440259561828,-9.604579629475907,1.8012077696678113,10.108348062613882,35.194148585605156,1.6910824481008255,1.7250760954580926,287.98610721860445,23.770091423697615,389.62686201481944,2.936881464179276,1
,43.56646244315961,5.587408134109501,2.3851756361322902,7.2489231595178145,10.079360835744403,50.150507474698856,2.4797496131238272,6.757949224097615,285.31957520477636,19.12103759267229,392.69269923452674,12.97817700639431,1
-0.47447134032980426,51.88657681252436,-5.1020107749423715,-0.002815485614794041,0.6846967506620036,10.780871550113346,24.319530005877365,18.0344341238849,3.6453929467757007,287.3042196223286,16.450844595277264,370.3457294798476,18.7421992545572,1
-1.224866891034427,84.97850692949962,8.02135219178532,0.19846763298780912,2.8916035404439286,-0.8426724813204096,30.826237656794277,4.227571373556552,4.145197857526459,244.78395086551993,16.37598324448787,400.79810510367946,2.0365351037907145,1
0.8416725605123428,85.2961186944816,8.719275349668411,4.80367153797232,2.2426646682502187,8.642590762920754,28.02068401189077,1.242840022108199,2.7506387045722005,249.34088389863334,20.680847923143702,396.79326790464717,3.733530335710612,1
7.393609864965785,85.12918421442619,,-9.76407765024124,-1.030427290636594,10.009894279034617,20.030741559097194,12.272195827946486,-6.1930525328620405,249.5118370856766,24.157180466587565,402.58434316725277,2.0827667875992293,1
-12.750642204656488,0.194566034507299,1.5164574500772918,-9.869169349294818,2.4619115946233836,0.9709896578020745,17.09367804479373,6.9117427434177605,9.608920754922941,292.15306181241664,11.865170782265295,403.47618314372136,6.8478187390745004,1
-1.1022613225484212,-4.225226639845755,8.937906869988051,,11.608931230988409,6.054866240910646,42.394955933200535,8.393474584322608,3.594464217253194,285.31221567966026,15.97585813861695,402.895852343386,18.95711399466245,1
1.0118821068622348,-5.418494136790303,20.084509670513484,-0.035584275642578864,-0.91498471047721,6.096666773448171,30.926603749907052,5.270164623592332,1.5759980024888147,289.12274916201994,20.34033249425586,402.9277028224014,1.2488273693489784,1
1.5336899484354976,1.7230245237517874,0.030028596357137616,0.8508847159596611,2.5343244642662413,15.759753292841317,41.572135477782645,4.3670345471159795,1.1983638358511612,287.39328734981376,6.31999435457935,387.6650304767064,2.67940589074614,1
-1.7185429066064493,1.896400171825815,,-2.310635375862228,6.725894754347214,15.412480185062865,56.01258332535284,5.472068137513548,5.792297881833841,287.9940511825262,15.71215118797298,399.31317749727884,23.894504682071883,0
-8.718948912392912,76.43665555802532,-3.660003892336295,3.321768371199656,6.101266404721402,-1.9767819666510045,20.38102826544576,0.9141091485068662,0.531218308527639,368.1856394847991,12.653543147262308,365.2023547952229,8.092742129441811,1
1.6955874185705482,75.49989825171042,6.262851507924183,4.6631942149556,0.45858208859682625,19.510635028639946,8.593150040471496,7.388162952900513,-6.275877792370217,349.18999881498195,14.13085071122483,363.334668343204,15.341851245212622,1
8.680921070820924,69.33885671734414,-1.1355697607173068,2.4199114697576354,-11.516943514786808,2.2948713942333807,46.16588102244207,9.307965385213087,7.035649016041381,356.8266159203887,12.291857218140485,389.4226443397208,3.817806810870734,1
-7.633937024580688,,8.109770103678057,-1.3041422920229158,3.016514093242331,11.493366471637128,42.83995685402294,14.744016169218769,9.595514989784109,335.0587445359808,16.78812302603648,402.3736848281363,10.131405686187847,1
,32.40446701494551,8.917302095845464,-10.538446938072015,-10.664371293115263,11.347489904318653,13.00521406475683,5.921695325026077,6.001840876611835,321.6705425248323,25.71813610211359,385.91371005059233,5.366615281140978,1
-1.5426261156144694,,15.2711291986501,3.8461810401856407,7.782686154706155,2.0035488657909664,9.559788930243943,-6.179185211051525,1.2604856240499558,325.78126287366877,14.480387630357246,400.51904685802947,5.57650584323848,1
-0.2514717291442365,31.989583773052978,1.165290281623149,6.108643331087964,1.319369355966303,9.702338969195495,39.359151045816624,3.552072836076893,7.444677704446427,219.3548075121618,19.85855504547053,394.56615072634054,-1.9404834864215186,1
-5.209702553519746,30.11052945961172,,3.2227920599199003,5.470370099359945,6.07833127866968,61.92057202750895,17.06752066554153,-0.3226618415679434,220.8835513897301,28.373732092045564,405.59901376796455,12.35477278327504,1
-1.5972508617793832,34.264424074849494,-5.24527739563718,-4.398212136837532,-4.038555690905255,10.191650023161953,80.3377651974332,7.431031174925199,1.863847016561703,214.0202142019689,15.649922108137222,397.7876061275852,8.08737041746169,1
6.549542973494792,30.480211292946947,8.13206781646872,3.3689719683387893,-7.290537366500272,8.002361511903128,74.2106411954737,-0.8717447190429435,3.2465103174791943,224.9764303016902,27.473376744644845,397.01240148076863,7.242226687670406,1
3.406256209938535,-3.1403304186268697,6.097455759643177,4.302648539807227,1.847771920705836,12.616697426851236,75.15868120065576,6.2730325721527835,8.21969535445778,307.3314364125657,18.426615033135533,390.50304956039247,2.588178377001676,1
9.01095802704972,1.5572641715171978,7.096229179561273,7.794081238995428,0.37598280021929015,6.348997715730311,75.53816380311615,-0.6075671244487015,2.1869452478154146,306.54187662508974,27.30948112932463,401.79281370146384,5.496230063159503,0
8.522539444888467,-2.0099629006460242,9.788761025753947,-4.380549621139788,-1.9137041307858285,4.133629652868444,39.083171905407646,-4.249637597734288,1.7606679411176973,299.6481316285446,22.151005624731596,347.9393743552976,16.278564560163808,0
2.985843394647881,1.2205219448917606,2.0855782733007526,-1.1322729227206922,0.9673064036638189,11.602321165285902,53.68795558461796,0.898453183829639,13.77346257705623,304.43255395393646,19.935541812912106,393.6647618029563,0.12455007148296815,1
8.98136263083896,1.3660201142606134,11.04385014464469,3.736360255717276,14.3811794601613,8.924979824293017,93.09652276471438,3.291632196194306,5.7623124859435695,299.5027988021546,18.071846590567066,402.7061528188129,14.279479560246216,0
2.4643457936914936,-5.697145005457873,14.737331364625053,0.2870503571907889,4.716627736845288,9.925066971604439,78.21475526769619,-6.097977512166979,5.69497255237413,302.3370166961424,15.279792800603946,399.18111334397975,18.272256974047288,1
4.509140883985295,-2.4062056193270607,11.364669117486459,-5.586638010256374,5.7914930293165945,3.2440666387070163,87.62471543775371,-2.1434964526931792,2.1514962739561256,314.7673396358544,18.778957749821764,401.3502568360534,16.70760744322149,1
-1.2292947676735417,7.188884699582312,1.9555121791063748,2.0730814251335152,4.763684457766779,0.47868609300762976,79.80161414888065,3.9966778159117733,1.0181416618161112,304.4784768879813,22.88680729510012,394.6090443297251,3.974360286646734,0
0.6509990792960241,-5.810397563671436,9.280953528351702,2.8933081690758335,7.941310719260965,3.075389283736492,,1.9577341200552296,-6.932032200085754,298.06236712006415,18.334442845016646,390.44512067347375,15.646309698283485,0
-3.2418991165013846,-10.583272244852655,13.610144514897453,0.4398144816550099,-0.4063583645037244,2.677893071597057,67.67140916693604,6.005756355730454,8.84370265961779,304.9016767033196,16.81688597469071,396.60072801152074,18.047253702776686,0
5.349939672974266,-9.309225766212558,0.5100561701704613,1.0979246358997208,-9.729806538376469,10.312996343264572,65.47421566378551,-2.540841636542807,6.2415485287818955,297.24102036968344,17.146087329111133,399.122590903362,10.008590389928248,1
-5.416048115574329,0.14554973288334602,4.526169930911431,-1.2935295084286507,-0.3989306650300489,10.99292025147026,45.2809115996333,7.572468742766503,3.1041700339329332,298.0049480374249,23.362383067915264,403.9978233424712,5.732971408587895,0
4.0793517120883065,0.15458639016349454,11.7627180204076,7.391394678580296,4.551678549982509,5.650348552337999,49.19269016211113,-1.3783954853009748,4.313866490818722,281.79438432025603,25.725807275499278,398.740732775992,9.126579757367455,1
-0.7716652875257972,-0.5880542771256047,8.730477170986433,-4.503460918563383,-4.356001975575368,13.530595094121761,51.67792553514478,12.75407150968815,8.680721311305275,284.7784527390216,16.26424743115815,406.77445542678674,6.819915524418503,1
6.207375467336597,6.070949144642508,9.43985791063377,-2.9366038138188943,-0.38882975244665174,12.883346968825649,44.80207745916278,-3.857691421891584,-2.7735503653992657,291.684844977946,16.257060712762552,401.3859720901653,17.27162704301891,0
4.0382649436563,-13.36417216551469,16.677474038116557,0.05492756763762811,-2.9658487150115653,6.924994582002697,75.12806075116326,-0.7416713519170628,2.0505933422309726,289.8919909900842,21.496794598335562,389.9560030294279,10.473856486912767,0
9.444320788234007,1.979669372154118,9.722763892531013,4.394770138504463,8.003146259215653,2.3055411422848,39.82027283977366,6.8079540151591456,-0.6815143144626523,289.61497664123664,27.237660323786276,401.0435570306449,11.960016926632955,1
3.845733455693224,7.807191009017867,10.669440052165896,-7.486865850472684,4.240285077032818,14.3078832471777,3.4039306121119424,13.737066257488191,13.85754641243373,281.5053771720473,25.3299515415628,402.20970139354387,-1.2554420156498782,1
-7.556731278266203,-5.63890382445857,20.93372763609163,-6.551483748827196,3.750703103219795,6.006913244857959,29.97753984650878,6.991115180580853,9.378277659266503,284.2934282228218,13.340738939100444,406.89144491670663,1.0099535105174589,1
-0.09373586449100421,-1.8990325589494756,6.310977209547547,-10.188642538673589,3.6010065656048567,6.713825982154873,39.05837934605486,8.230189600911956,-6.013463205676821,288.36000553441596,18.279620150040692,402.83445672299536,16.39830979904745,1
-5.793865962974079,-3.7644595861431047,-0.7494138180924752,0.16347612626635394,0.2737537372393653,4.169974871967157,28.228444795952576,5.302284508365292,-3.5688081331998784,426.8584000730579,12.246982226552436,382.56837226829,15.388653903036873,0
-2.5241592118313734,-4.471730230387644,5.378981991235664,-5.591529086032719,1.4477814126375175,1.8840483685140121,10.790743761356673,0.0826077294240326,3.3382716332125684,428.6081677984945,15.562437390423707,374.1265337297204,2.553036369628038,1
7.601582166383609,,5.434955146944475,-1.9227505500895836,-5.465922902661588,-1.1991971515764597,32.3500326926547,3.422908258803103,1.6377989396378765,432.2067934626497,24.922049980176773,371.45034751780696,9.210387032419558,0
3.23789905448848,42.13742641842252,3.4264230402689586,3.3068909494585403,-10.494309893752837,8.87034161778644,26.98418335556747,0.5811514000936162,-5.6219110403844414,302.2561365939935,9.786996756084912,402.3898724763552,5.5221041323546105,0
-3.4599921428937317,,0.8980149022257615,-3.207713603914233,1.1883056517251203,2.1139947305168976,24.815509424751653,0.24715016111564214,10.723811188252448,305.1302979455101,8.805673533599048,364.41884561107224,6.923900868472603,0
-5.017756832201994,-1.6796961252007385,16.73922211045039,1.1564101137168228,2.134951281360722,21.613656144984116,38.72348638825674,8.467144596598732,6.562699569912896,231.96364228009784,16.057229232831986,391.98265935934404,9.86461392812063,1
0.20129046438130396,9.525301070322351,6.824217351940115,-1.49668953875861,6.561322842126887,0.8796320869376046,37.22417912489273,0.842510089560192,7.3740816143154575,223.140706005065,21.636553012879965,389.6569892715854,4.575207504319276,0
-6.043190746905639,0.1778823849231243,1.528573092989622,3.360571575482184,8.371679080411838,-0.2499123749068497,26.818638429778776,7.583070033616806,1.5399252538389305,229.89668904859604,23.303774103203782,395.2605446868439,6.764826470280986,0
-3.3214313869829057,8.768455133505405,9.769651511397992,2.375640336740044,8.364992424994734,8.419693578067205,38.91396018269484,-1.2780137611054885,8.611370735890013,226.79685033653678,22.387242174307666,396.0893274667804,4.151023008519742,0
1.5904573577562193,-0.46649324826745886,4.644274242193328,-3.45966848087305,-4.475117966469389,13.541567394836477,56.68056530453891,7.096915100583773,3.097836195089941,216.66379003256617,26.078427016155082,395.4871299262277,7.318207931875372,0
5.809620180533481,0.6552891302307216,3.9255927684108443,-0.8432587670022631,-1.2463251747488466,6.381948284716108,37.25860058035206,2.368787155185187,3.583284131462503,218.48931485368237,11.384572028830354,404.7304999811991,17.300554581071694,0
3.098777361122199,1.8273723632141727,8.001364359572467,5.218716988602472,2.9166714794068977,8.846212100936372,42.35876026400442,11.845277668253221,8.0550097991263,219.8320205846505,26.141682691794685,395.70143110734597,10.104624458585665,0
-11.3949375429905,15.894268396837676,-1.2694113411584498,1.966884351270485,13.174523388710888,-3.249737087293548,61.626059652897325,6.430794477895325,-3.1449878253014987,219.7258254153361,18.639523399768542,397.1630603795569,4.278461166747008,0
1.534843645151299,39.256427874223945,3.283136019585862,-6.984810288755657,7.84249601856958,3.853442271541166,47.903895403941576,13.216814464970707,8.985139299254913,283.5485512694659,19.157471549024336,390.41311169796745,3.916140250410042,1
0.3851478661628896,-3.536322649757318,11.454774038658762,3.2780903058569133,6.114985809991901,1.1719213543121656,54.874936376102454,2.488666417874037,1.911946073619379,425.0732202404091,9.282872866183979,393.54315533236576,0.6628618941671895,0
2.0948814268634655,59.84498935137929,6.110888310986553,-5.423053112181191,-1.454939777746453,-2.779229249739405,55.00951853506045,6.012816701220836,11.404721043902121,376.27579208352364,17.624783485045352,403.73339589359136,2.1092015392989385,1
8.111538408256036,53.19083731457829,,7.0625653498050305,-3.9319981557756227,7.458901170119434,29.229299181582764,1.5599642094186086,-0.37709878309409195,371.5408754436254,18.78135385294507,396.0924892297838,11.411698695232268,1
-10.285061384023715,-2.4487509145060455,1.8544735978587896,5.120494199205124,4.3865394169161975,-5.200138108052168,50.12442359412292,5.94557378627791,-1.6158256201409653,349.77160221973395,24.578755187492092,386.65682262347855,9.817587878066973,0
-2.893897125955528,4.5430067994605565,2.338300133274453,1.449427379592004,-5.0613063211718,-0.7129798304372441,61.691895659965645,6.703078886276855,-2.8095011079990613,341.58879378185065,10.873726886961174,367.4817714163962,22.12365088050603,0
2.973231613966773,85.15542793885577,2.880186609761095,0.786164217180967,-0.7631817549015132,3.83003102993291,24.3554532999829,4.906008896564304,5.251488363324194,351.3529478770867,18.053762742674518,391.6622483891498,5.88326080751972,1
-7.892961997269712,81.39287957255902,0.12096733620863986,-1.0451612801371,-0.1388897450096132,2.4785708202446184,29.332606692047996,2.266485705771524,4.32991650959123,280.128850968475,11.573823544289285,393.5800933984726,5.81010651904252,1
7.408735240267545,40.06992610932646,5.8315572053728335,3.3926197570001406,8.393560445614039,8.921042511035338,36.63061973409713,1.7245133817367355,-1.3220590961559027,335.91464376769477,22.227480221041375,391.4198257624961,,1
1.903893063503292,,-7.416045516044916,-1.8538908473103084,-1.3444865147983878,8.0179009595124,44.282885203995924,-2.9066405785369867,-4.070345964426397,345.5312014885167,23.58608268228063,397.1913219362574,,1
4.31241992921702,62.12482948718075,6.000000252060669,1.1778493531994694,-11.785248192863078,11.047993729677284,33.39690927005673,5.428567682482711,-2.3329813486542115,417.20298273096535,24.73585121254044,371.4687684613856,6.514696618267875,1
-2.7822783076089728,50.31516533647292,-0.20843262571280574,4.359671832597256,2.9332232383123418,9.645918663563391,10.753714118278783,13.847769483359222,3.75758049764672,414.9253045912499,15.624852728458128,394.58961141696824,7.545067559695242,0
4.085908449831052,93.33286334304766,3.904738928476861,-2.8090327176279484,-3.0851092655196317,12.432063946806904,33.54582720473493,4.134007339933586,2.6720661020569993,182.189614349642,21.63613242844395,382.98923782577214,11.930194467575737,1
5.385367779945192,75.0899029008485,-3.7249395510043186,-3.0809636999534726,0.626155122188734,5.653407999954729,16.531487936410993,3.7450857687334738,0.5719650382086887,331.4350262540163,28.804507937385267,381.58751603960985,12.873396970818087,0
1.2709801006858417,,8.55315533424718,-5.971827403622295,-0.02052350421061827,7.453334504083348,,19.540192856164573,11.735447430658049,333.52577696535747,13.783765150722665,384.57681006835776,-0.09845842773400282,0
10.15496446349348,-0.2920562192934122,24.328174800859365,-4.322363730630862,-0.5985199790888414,8.769568509595956,93.42160579164707,-1.0602802492412704,23.58837160903633,662.1229643799483,23.26172460049225,391.2827338442319,23.810693093137903,0
5.20141619640863,0.4199050165722713,22.897952628750367,-8.141976557207512,4.72170290892352,7.103283486955128,85.76454139616773,4.110430045824179,30.350214669634624,668.5023226249256,24.99255626890053,385.3181652573298,11.958427372095024,1
0.8850436763030913,-3.467530822861404,10.526226121032305,4.649143945077649,-6.894324391763536,4.14102845041463,86.31893272646475,5.934285732502474,21.33373908658652,667.7845442460786,18.90636806806281,389.1326439781197,6.957733868519775,1
3.5236665987982354,4.155159288339872,,9.044572710413854,-1.815071124771801,4.449787328301149,84.30545918707146,5.821730648906401,25.223881418993283,660.5584610347265,14.146132112374456,385.9542358609593,13.655516254356012,1
3.779307337738206,-6.710875831854535,20.124275438178547,7.126644717351528,4.190189565586906,2.3102080083501724,83.48060355209563,-5.093371153040298,23.722619918718326,671.9840835454806,24.914778780548314,374.0435579248072,6.776153221680909,1
5.753809321767475,-2.0347187438627947,10.073643764337163,-8.130422443132582,-2.3004238767218412,8.359084149549147,89.79885684718438,1.140201600502549,15.511888452409387,666.5115516690443,14.202455862211215,355.12890255518624,21.882326570142617,0
8.677341234551474,-2.9243706746650036,17.978513081145923,3.624273357781,-7.274033546349859,4.891924129574223,86.90878668943732,-5.987536347591961,31.141691531319566,657.3546442662887,19.308242827445486,383.7462647102414,11.893110142456049,0
-1.0702904098920465,-0.23293635169669685,19.922672445166313,8.110531749617781,4.11277671628368,2.4871312468161757,86.52830024908653,14.136289294551617,23.32423196483792,665.7432857082752,19.999379710983355,353.90015568390237,15.668294604430029,0
2.8492348484021117,1.3943214232361938,20.880376369115755,-1.2840499036933202,6.333473152207695,5.468775903377036,84.89490950351174,-6.069676320078001,27.7320910981648,667.4060322796146,23.777690258519996,357.1946777347895,9.793235414277198,1
11.963147738294865,-5.039464748117723,18.98630683474428,0.5072371532502473,0.49302396178496827,-2.4909936389139427,92.02468944807052,-3.6260010943491006,20.239856387692203,670.8639618071787,17.066842202437336,351.2395692168581,12.58435809046356,1
-0.020991144062820766,3.621413387281141,19.5561570842369,-10.039465254023352,-9.086227992347663,9.857206706185998,87.83476459154343,-3.4507042742075233,23.175778092101176,664.312617984367,16.777081555860725,314.80938614123687,17.918025471486494,1
9.410949913548398,0.31501184167349866,25.46805696126548,,4.160848733494081,4.256088347658938,105.25927430263759,-5.9727023836144015,19.665738200383228,670.1396913372361,20.694577393815553,131.319527258121,20.427317364074767,1
5.909750959155968,-9.459731266559553,24.230169549553402,-5.317798647173587,-7.66843940709844,0.6559999021336491,,8.095469548782727,30.17999241381697,666.9357099338511,25.231952388098748,367.5989183056407,6.303412064568942,1
,-9.792957201985155,3.7647252310862847,1.9981750895575727,2.1749963842408286,10.725738748010091,90.56186100428104,13.46893950541748,25.55704673725338,659.4247269548121,31.637250003265734,369.523448976387,4.568257323633509,1
6.595890277803297,-0.06159646464655617,16.512807225811592,-6.806014610944402,-3.8063191237107983,4.213755951028135,101.04830932818938,-1.176345596563087,25.83526763340444,658.9241661325874,12.662594001106127,386.44216969361173,9.155860310440147,1
15.877102952184947,-1.1048365889317704,17.276744862280246,2.7142911223879795,-5.168196428834826,-0.8165031350611631,108.35560614281624,-5.43301573422205,30.790920735524892,671.6127993507467,21.77671008893289,369.97054111841885,9.075519299589306,1
12.551219912832636,-0.5171005678731675,9.339507136365146,6.122563377133449,-1.541550085398451,10.981111446095664,92.06715994091847,-10.055027493630107,29.781706484495114,671.9799208919088,14.76732486882854,349.10677474286206,9.04623258172331,1
15.317200334450309,-0.1399122826510899,18.570915291161562,-3.9158993085758382,-0.24848778213629918,2.2205150521694343,99.79828806732993,-0.04634359261050758,27.826712680681425,667.6145461520236,25.294056216033713,399.9553060003697,43.377884586484576,0
21.268782506620468,1.1277991975509036,24.343788862052534,-5.6846129070521725,-2.553041251932241,2.0935045489560524,89.02408126738896,-0.44482711580721923,16.891363264812686,673.4785336059001,15.507277263453833,387.70172505098765,46.07962063977615,0
31.247365501730428,,12.667160702047049,-10.780115212749905,3.614516391075753,7.518900101745887,87.78776471978261,-1.9401806318007226,20.521604402416582,671.2830492452081,16.82675890908838,389.48216656974193,13.399120965383386,0
14.26219155566978,-5.555524504587791,19.782004693449363,,-1.5593468922941687,12.361946113950573,93.94704768447934,2.451776269881142,18.980559319943236,669.4181436473986,17.253645704680018,366.3360772012825,,0
-0.19412146033256938,-5.8598579645039734,13.520882613517813,-2.9079696714080256,5.57195435835911,6.8941864543315585,97.00968665214413,3.3338657140774317,27.637668468128997,661.4434425563317,19.819005306400978,383.0066517916697,28.555867501042492,0
31.669471807585705,-5.466619289436912,14.740439881601617,-7.7550970617402735,2.0768658282173975,0.3844143692738484,90.67082408923942,3.001516289689503,24.853259708750258,674.6571437551618,21.815987984293535,403.023146787999,27.69209178957607,0
15.578202845215873,1.4445833358435345,25.486968170850176,2.265093781560858,-2.8167860329815397,8.9423850205609,100.32766290415026,-0.194524359842436,17.047437831847027,668.6815071610414,22.618506968042567,384.6234142823861,23.357906270986817,0
89.51560222171517,6.224736893232228,15.387210899440877,-2.2498519093232456,-3.6586994191614295,4.54305137869138,92.47565683753905,-4.091609147871309,23.05627893494386,664.0708061269419,20.171162269086082,401.1167244596249,15.600636449050278,0
22.422153424302635,-2.1566971911975523,20.411062445053126,-5.378679793226162,-7.566481495237194,15.984619857647331,103.82207934270136,4.848365489033579,16.529438321406108,662.6586499734735,13.550544887797093,392.4570768762152,22.738482893572968,0
1.1757222947053734,-12.508499220798273,8.743909419695067,-2.772862028202235,2.1536658893341123,5.530401390010549,100.6830114150635,1.6429687971076523,23.7342175596512,667.2839189075693,23.838930751550947,402.1445185758579,23.491457700561487,0
1.7342439294693026,-8.519964313051878,27.411587806974403,5.356522694648078,-1.0729377362567905,-5.655177489493331,106.14197184167192,5.974887624173252,15.723137480064077,657.6447045758077,19.93520668168486,412.94080456958244,,0
12.078510314405733,-4.165183613980058,21.113262231532495,3.014684718776111,-11.160977640317572,6.15482486077837,91.23997014774407,5.389877747361156,26.644137466923063,669.4983663767644,26.008673950073494,274.4641118493944,31.275211642936174,0
12.841118549872881,-2.7886444374760737,17.187500786748693,-0.6501303074924492,-1.9785743638470008,14.999988961301142,97.52332502596332,-5.682710345235578,25.889813130170367,661.2321459265298,16.661306102600317,400.37688573930325,32.137120228198036,0
26.591983030084968,-2.041943136273632,20.977732549999477,3.0955250923242628,-3.80517014627476,12.531601442726949,105.32156093123591,-5.703911037288016,33.53974246673441,667.8530405441214,12.188626363245026,387.85918643203127,26.403024665398846,0
25.218039214063857,0.19290561490458533,11.05090285526095,-5.804559781933695,8.5783879608533,14.154771443782826,84.60779559979282,-2.2593035937026418,28.239366447486713,663.3918983132093,20.02986998658462,399.0338446110875,36.50912844304759,0
15.71507089664277,-1.5587316541122356,24.01265370876329,,-7.813893059466548,-0.2188009269073179,114.0722372663308,-3.6918270414533394,21.885428720887486,664.6779064363765,26.679763441421322,371.8861391822405,37.064161961554944,0
1.0879105805381677,5.246698052717036,16.48007612251785,0.7366116524323528,-6.506753998670269,9.950761979883893,100.77628739083369,5.504358879880503,28.090350466372428,662.2154506361746,21.004710683080255,397.5489116123092,25.699488468277064,0
-4.5883671831632205,-3.380086528406844,17.07965242475783,-2.3491825424936343,6.249848215528499,2.1030273013164416,98.90414626418837,3.6830483799395886,17.011680595274107,665.193852844096,19.201651004135716,389.8715686183588,15.728758073930026,0
5.564817926951911,-4.3115897973777155,15.641721925172579,2.177291679787089,7.4838157873198154,7.172446997084623,85.12547986986299,7.663719968926554,19.187636981594572,675.4468977300868,15.848264911712834,382.2827055474825,22.53910752094186,1
9.219019831808321,2.394377692602308,15.196742986272078,-3.9021672732222563,-3.024914693628207,-1.328762143698663,106.38568237665821,3.7524340870545916,25.66571266037555,672.9252981352432,28.988832333404112,389.6582108101481,26.0698069873002,0
,-7.6782103496305965,21.573353058142043,2.5491035388805896,-2.4674291140445543,2.9707211755864185,96.56253705836303,2.834447909366845,13.208751686260364,667.7723947749773,15.051987025576103,403.10818631449365,8.99127010717024,0
,1.948458526600011,19.379534250521115,2.7592938576564596,3.7741769827665643,2.505766513181923,86.67472010498038,7.780748901720852,23.814196075330585,665.8735286721752,16.5730287118588,394.85374846694907,19.71364689248873,0
9.407957160293408,0.5127659186313342,21.3587407070152,-14.585799403485332,-10.942498984726551,10.963776400713082,105.81735192383752,4.074336698675243,18.898683539407898,670.2210059534644,23.050170980420113,384.9665466129846,17.850658204784743,0
9.672715426879268,-0.7372124495908371,18.056026552572146,5.951528517550589,-8.61296842252778,10.408595608348278,94.29551710277491,2.0173048171885943,24.506535275766318,671.6498519705378,10.919896550566051,404.87468411670346,32.337740010346536,0
8.818076870575343,7.941380535746312,20.665999055385907,-15.23816282676377,-0.7106670042535593,7.131098646654104,99.43577536419663,9.035665169653427,18.61131820976368,661.8509080889623,26.5729533269067,392.76328673595424,27.2063543163928,0
41.00212352800733,-3.1110372264735897,16.00575628037481,-3.0802451277806266,8.44245283064563,-1.2991070902769275,93.60373013912367,2.06550441576395,26.121240687275943,665.6128056618389,23.320965571086777,406.4381798522101,34.14575078467262,0
6.393183685650589,10.301490852620391,29.248659207047744,5.126740171288775,-1.4856504408336977,4.2938028302514,80.43101009061948,-0.0213030245896082,24.096637118336947,656.8902088521596,24.69615535905555,344.26678064656676,31.215852506440896,0
24.148042930842706,-1.1271572461404964,10.260347917847508,-1.5864336262622034,1.197683958675773,2.25641758528637,96.74312854966225,-2.6003162938882483,31.001829584406654,671.6155105513045,22.99058505974827,392.90927147606783,27.58861127529009,0
15.220080483284786,-6.385082224851141,24.404686617814924,,6.36194636282006,10.691378783472455,100.50084818996737,5.089227295227056,24.03367267050811,676.3251212885043,19.394382412718148,396.4750509953162,15.301552981834462,0
13.698352377087094,0.3495979049741265,24.939537253604854,-5.468685308583353,11.227423666390731,12.294924264085923,98.57950497319608,7.824252709212344,20.15678597519267,666.4004131231154,14.884256449222885,376.7151896983179,11.615063864000446,0
22.83299413887714,-5.3812260015938405,13.839205970172031,5.1345287316030985,-2.1912423657415627,10.630927930154416,105.62506400867926,1.4498629928328497,22.765570720863586,655.3749493754849,19.499622793875197,404.5315159999322,15.407204454592174,0
44.135036278660564,-3.7587792390675014,29.246368052779868,-9.60752265274319,0.6088163813328696,1.754902902914897,95.31130150072795,8.146978118899193,17.278818014916343,669.0444525828851,15.323818441236824,331.64758856683557,27.141414909147848,0
66.5916060404231,1.9851665000774557,23.077451414726593,5.644955504810087,9.803276106714213,-8.014665611447397,100.2325658510737,-8.42467515985788,26.0306862735272,661.4795541692546,22.630776550381917,385.8514631054823,12.45230360895508,0
20.128489163359347,2.777910443250624,,-0.2755104952114467,-6.951996375957142,-4.696809490650272,100.31988855684428,0.9008331259604259,26.949251231576362,662.6832527916777,24.233899152740506,369.2206020645085,20.618391038636254,0
16.098695210120365,-3.110838501271291,18.240110935129383,-5.961976652212168,5.796905352769109,12.716134890411041,98.13278516825243,1.084725439477819,36.34598018346409,669.1328819489551,27.584043155991036,331.8372148207268,,1
-2.561411855270779,4.937025725232004,17.01386920890662,-2.9155753615134556,-4.494577661806291,3.6107253034008804,103.43003145751393,-2.1802718620367347,20.890820046977975,667.2727706275637,22.058838202764314,321.1629604283916,25.322867232572708,0
,5.787538790105669,17.052955864801962,-5.086121705508207,1.1093618355157835,3.098376908674438,98.35540064833312,13.384805189909367,22.661027131624085,663.559456123307,24.822876782975932,179.3785267539874,16.471382009059276,1
43.7248730127859,7.181508782816454,20.05265298159759,4.331126004292643,-0.6160952370013713,13.97030146718117,97.8933136267715,1.082036836556194,21.121207377808922,662.7519718369916,18.71427631384929,0.6250136435091267,8.402430928092997,0
2.382619400758477,2.647067035628611,25.105931375169483,3.6621390488141916,-4.193058003506147,12.982799727441634,104.89296431832483,-0.5111538580221662,25.06056850565612,666.6291802761042,17.808614309959026,32.227464171931565,29.839469140619308,0
15.419677799224116,6.817143560428494,19.006571089307098,-8.595805669380233,-4.318509638291376,4.750243609598933,97.30850452341676,1.6837105671675252,25.90845267239807,663.9526722374382,22.568359454084007,26.021174230819188,37.680726407453015,0
32.402969498638704,-9.403992139870288,13.54278188431355,-2.0179605925966704,1.9790718212687723,3.687984544680131,99.81122482775734,-8.42466869262915,23.733125777857445,660.453814331985,18.267635636415456,203.95952001978617,17.27849611550925,0
44.32167966808713,-1.5895327431423127,22.2221353119249,-4.315928311721385,5.67069664081341,3.8584939359343737,92.09344609244503,-2.1411396267245757,29.43162958436516,664.3371840926083,21.54592894413829,84.5181234583676,36.63826105819018,0
19.07355040970926,-4.335026281617131,22.705753731973964,6.467549842296851,0.03031898405748401,7.56981399193733,103.52095172561583,6.7508998472270205,20.915102481226114,667.6979631162759,14.894039053322894,34.74210137825162,28.908433321738666,0
16.280287483553963,0.5961293056369604,21.37329764223893,-6.750495590632105,1.029565793666082,14.78223640659804,100.50433469590934,-1.3252267746638735,28.93087023945356,665.1094826659019,15.791861587618495,20.53700369716252,21.950222831299243,0
32.57903066133846,-2.8572460959836867,21.827494532624915,8.02114552342507,3.5348703314552363,7.4163371211861335,92.70612686399896,-2.496875814001357,26.692489268205414,658.9324570087591,23.37704650509145,130.88205834278048,22.79434891128073,0
73.1884103263693,-0.8307892097486619,16.74535934921096,-0.16647369758468783,-4.179093865064799,9.587145165195707,107.30899583773652,8.350228182572002,23.939850400505268,670.9453231068777,24.633450377030478,4.056217410495828,25.672620101633566,0
18.58022944784699,9.410874401020248,13.455054164347104,-5.809672031900438,4.416462542064615,12.670350545350857,72.26948931911335,8.495272004759144,22.425316796214272,652.3059428152833,15.271719155166597,51.2915565448294,20.64107811241592,0
11.548033292170548,-0.8485989821018914,13.759032846796103,-3.386370920046389,4.814715485298735,0.5626199948779051,101.181621410141,4.4438523608057094,36.13333879365685,663.7681742248578,23.553071552532103,317.9432364781544,9.546518064845642,0
2.8355988808626895,2.0689615859510697,9.922683757710711,-4.008094203842253,13.73613149375205,9.780309462370216,90.58420037815304,-0.40098667019333645,19.914956746289604,662.8990077272305,17.536321634823626,317.57279988554745,15.484298279652785,0
9.076198239006324,-1.161346649621176,19.28474305772975,-6.37309201007753,-1.2665209527979115,4.175156226691943,86.46117227209328,0.7538446744183824,25.489665884842072,666.7408943893571,20.28252588100155,292.4547997871057,14.690048765645617,0
-0.3522625628250813,0.3785664397841684,17.682756083867034,0.4741342986518783,-1.676409008340638,-6.477475978863831,,-1.9989498078747951,20.24890464878934,668.8083090390137,27.284722078953234,0.04087373093986102,13.426478879030823,0
4.351450731331739,0.030083402180357297,15.900061477351457,-6.139577753459217,4.428829357868727,-5.07584770992906,71.10910306551649,-2.9103655951432246,32.92810374310653,671.6338240413052,24.23743617011474,-6.96937459944178,16.956268210914036,0
14.070216559627855,2.2416203298657975,3.3219058782746522,-10.901831043690944,4.774520844560692,0.8054119424065718,88.3367948869939,-3.312482441542161,28.434131643996018,662.4379756332391,24.179359940110963,12.291239705859686,28.7298996717413,0
,5.826537677735884,11.863412651529156,-1.8983823542408653,-2.09143576688356,8.493116142962908,53.124854472311235,-1.0926720339260376,20.60825060579428,668.9329116866674,29.743951792284832,25.865087806740963,17.946146927609163,0
46.26574915582992,,23.704203257015834,-9.014280982089414,-1.3368133846502441,6.770997826701482,71.79418034254613,-3.310704953423725,26.56297496715614,666.9790919394073,16.68060329475101,17.25028772626074,25.668975575974855,0
0.4562024231148003,1.5481004095458342,14.776869999684347,-3.760804340337602,3.3846541910902026,7.1148335358783195,80.55726294969794,-5.882925592715745,25.28847860638278,657.4423031240839,15.27062512503727,91.89907313963782,27.775547411560893,0
11.303027341299593,2.9477344301780106,19.90295838828421,-4.5455144430167795,-3.458921203673307,16.13471741343346,,3.065213348769529,21.416876190126306,675.5027012771706,16.589388648857046,53.370712419464326,31.324670123754267,0
,-5.754322545927835,11.14657285012372,-4.356080360129071,-1.4686699400750745,0.00255192570093854,92.91229122000107,3.2256779044671857,27.790821086140866,658.806124363799,18.927494732966924,84.56946353534029,31.640429679571632,0
12.43578544231601,-0.4393837120781029,25.293527411796155,10.004815507950768,1.031963836842173,6.695833229081382,84.82007400426967,10.592163792141584,25.94652695552205,668.0974863615486,8.427246928540532,89.39720480112679,23.48078130887299,0
5.788616746561367,4.701447324417945,17.379861699726618,0.2820578358478538,5.56369342411129,7.947177614069078,81.90537969034892,-1.141291841773513,25.07849356942976,667.9497997209887,19.162858816515946,98.96583238370519,12.845351039663505,0
-3.5734591292376514,4.329843192085766,19.550201982417676,1.2268550449766606,-2.309993080897704,2.7546344173083224,92.58200208507324,3.796302948116353,23.790401443788355,667.3781839116454,17.47714634052544,93.27619196953587,21.08870146715666,0
18.55488495784242,1.058048663975251,29.728898959408426,-8.881991481711474,-8.498922310153361,6.349633725414705,87.27350027235622,3.7857628963740084,26.155272462998255,663.5271155891919,24.118798836988994,101.75558363519201,12.373817833025031,0
8.135396435956345,4.431969797839762,25.68220050294702,-3.26981566818461,-8.842987337591055,-1.3707466704217248,93.0839919164475,0.8555121943723345,25.146938307462296,670.1362632557025,21.9620968950502,109.58328518876635,23.808431597474847,0
11.751298808132226,2.4538335449690942,16.567171893564712,1.07651314970756,-5.557065333530667,13.510531086375138,98.77761205747905,5.724267943748381,24.295466665125087,658.1981626302845,17.196516861153313,31.81021813037115,14.811361784608433,0
9.828437943551549,6.001531291296608,15.133899075648205,-5.122644564565032,-5.825838590999686,2.7439272373478314,102.75216755467393,5.790345934253572,20.794920420062184,665.6708560566304,23.149804226814517,12.353665887058632,28.439922787814407,0
10.406683616562223,1.4467957847855555,16.472274942402343,4.540314217589927,-0.03305379309954515,16.092000823892516,81.35452473806008,3.4576554759877,32.468831203812464,663.1806266172377,23.81631529911885,54.02088732945039,30.760454559900904,0
11.530082203474585,-1.7784915778551733,20.64949124238268,-6.013482929505151,-5.204400767988025,5.464628380412725,96.95371077898098,0.5390014747610221,18.747900283257266,662.6135102896649,16.357271051042947,399.6262110221423,19.44535750069141,0
21.104878295317974,1.6792062846651181,17.573879328745647,-1.4318306793258782,-2.77377479910602,10.958267826995915,81.71249701959707,0.07854945722732487,26.138181094398725,668.1437389372677,17.734878723087906,386.43260295247956,,0
11.367490011412405,-14.652971879263879,16.123779274982642,-2.9302581998777932,-3.1304294249102487,6.139485655044227,96.08588912121395,-4.773669493985296,22.398796288492836,671.3873927135984,9.073184064510086,378.85135629275646,,0
7.475979269644219,1.9144286819252474,25.435906253545213,,-1.4625393042399673,6.065280838697351,105.68978384700024,-2.0247888930884588,32.7977363472465,664.2837211908156,14.746700128153575,394.7476329481322,6.952394321416264,0
16.569848277640837,-18.242064126073917,17.528950541110817,-3.2024503592771296,7.352521657615612,3.5648533338899613,100.0919710778566,-1.1316376195084394,19.482587313880796,669.9034054496288,16.487652197882106,388.7848555451501,11.572215393439553,0
11.088369245678104,-8.61731703702709,29.597945465186598,-1.3544681353546868,4.049737947152583,6.449619646831389,94.10531225019027,-3.7242588121471707,20.32368369119834,666.248703327223,20.57083088303011,232.3163269485659,18.053667542692683,0
3.2875109157713407,2.2588430047049206,18.553712818760868,-1.1806504588899278,0.8206470763800193,8.048993472070237,99.24673126886174,4.187519833438321,19.150909683690873,661.53633895381,15.473086603200922,46.58288208528776,19.56514046943013,0
11.624182082859916,2.3876466863339765,27.026591971123636,-3.671938786956505,-1.5651314029041907,2.419707455424101,101.2737590754329,8.05513934493505,25.61732525475305,664.7102395337947,17.632740064754454,321.826694237658,19.86211664739319,0
8.267409139513726,-5.8121439006996525,19.886597113553137,2.425469342485563,-1.426163283115106,5.625777920700579,103.15019846433475,-2.3423121616457503,17.13474670215679,664.502570546042,14.073346592087004,388.7548809814975,17.53469423535818,0
14.902052222886885,-3.560510209394694,22.914802866247243,1.1919418741871264,2.3517323497597475,3.134505669714431,103.07171214223195,3.6788071787231855,21.607357526211167,662.5167004374728,21.055569492656353,392.56188184886474,23.456396858495992,0
9.442895565912352,6.85270494307066,14.47694474241138,-0.4430697262658365,3.633845366761451,17.915320348074193,103.70687396968573,-2.9855556976485507,13.238170885728575,668.1424146432792,22.328572972924537,299.31310997905354,23.074009114708854,0
6.0620323489832755,-2.4201506578633807,13.831203887062943,,-3.8250875305030023,6.300346150441907,96.26454278718766,0.7989891453041893,25.20210677064045,667.1732309385238,22.21182674209911,5.449660657901138,22.79951478091329,0
7.185019470231476,11.214601562014925,20.398529775074937,3.982720152599985,0.8954037780711573,14.381160758482796,,-1.096447895888879,21.498925706218685,658.046751508653,20.261805659526296,347.73388656752047,20.771980957295614,0
14.845232800631496,-0.009599265881730745,23.042766212326576,-1.1791712190709067,-9.445097843315136,5.318888345961558,92.24754499881907,5.377678243032207,16.559716280340734,657.7423700238032,12.494635017493028,390.41235230409586,18.318396545457446,0
18.632992645268764,2.0401808844063343,,-1.5334864391296859,1.7715689208529852,8.68943820767454,98.11370140451298,-0.9412408692108913,29.428047014870295,668.1234222660288,17.100231680535746,375.0440042043478,22.236758711438277,0
9.860535675663893,8.084371992493038,11.668033324581515,0.5234501494406301,4.52374620979343,0.12117964177365348,88.03815853470137,7.554402068533234,17.461665508075303,661.9235678560274,18.163466638407577,6.200827501785714,23.3070639587005,0
5.553322966585377,0.6551355809670978,11.298708168553366,8.482933414854253,-0.6873431344043771,4.289637040660677,81.72344245590095,1.2071961316890047,27.984718450141077,667.5102057755016,18.18352343539687,42.379561472933375,20.010476837769954,0
10.050030787331927,-5.011719903454006,10.964317989068796,-6.701781040106019,9.795634980700527,7.028673353946234,86.48992759032396,-0.6674185479741541,20.494795880060977,669.904657890546,20.57490608994918,9.746416849357068,25.365359354300715,0
3.9722748361632645,-0.5486372584714506,9.261889435303097,3.8492844652767735,-3.693192237180252,13.866019154799334,81.50726079801214,-3.4873263117258158,32.007856889477125,659.6452358129723,27.32770686185509,6.56792758005688,5.211058787483019,0
9.417581863091275,,,-9.465855806190525,1.8002020765163063,7.410913888381356,90.90406299002132,4.049122551476749,27.74775269463073,658.9423137271191,24.260481063422997,265.52794956074007,14.77768412929775,0
6.671855760230718,-6.823708261007827,23.72521960854013,1.0863657911431197,0.5338762666702226,12.999601805964996,84.19101386062245,7.193592011130901,18.95976064562986,674.3721584119764,15.262411100756527,399.3931793362592,13.171047671741345,0
,-1.2791603567041168,18.03292106537596,7.875414138043654,0.2115116627829583,9.9046455510146,95.01738145438831,3.964106282684371,19.414587238948467,667.7578539148122,23.592014376483167,255.6750612683951,22.183414387407854,0
-0.47373402974702916,-3.7109604699871834,6.79792621331074,2.4433426223365355,0.14138915997626178,14.51300669732343,93.79657828216061,13.761258332072119,27.02762602612155,663.9037967166337,23.40151183832868,388.21122193083846,22.506974984753846,0
-1.2929174665448455,4.62178878593717,17.146197698327256,0.853125392698964,1.2485251500473584,6.021788913474723,81.84276601155605,9.88333726235209,22.688109346449167,661.3302977367687,16.169662635242176,401.1733654324565,6.739103148948687,0
-4.5437671799564585,0.1730593709262781,17.286005016836967,-2.802247344015378,4.9527937173184995,18.46411355325902,92.87345105685093,1.2639611764149221,23.15328746489317,663.4477957554636,24.444329613177196,382.8087161551072,17.345835870746377,0
2.2523994350519603,-1.4139787457378503,28.579993751127198,0.1552360024427712,7.543681181373722,3.7820189854293846,64.1823597913757,1.3732628309646537,30.36119430886049,660.0471383194334,19.398116820273682,398.63340374371853,7.362774069868657,1
,-0.5309096531128813,10.81431043540222,,0.6437487774792131,1.9266908290116556,54.81067947039239,5.414983597426765,20.256555633150217,670.4170608704529,13.150232549927775,342.49717579036644,8.423923772195888,0
2.3090220667561905,1.1156100920308307,,-3.9298830396567768,4.731580360858166,-0.09826424844517057,87.87921669132966,-1.3185959021284255,24.456468860877273,662.1162442319684,22.476013623185708,29.20971569550331,15.978571488363174,0
14.108435812147583,3.084070998448899,26.62926340272282,-1.4493780773743492,-2.9248347313339123,17.658123357790352,88.54758122655822,8.371741532662433,28.77313896826153,671.4676729410813,21.28480911807262,333.23903360269264,19.72896763933708,0
21.10566684953649,-4.998561143346906,20.34989170673274,0.9919058031321977,4.409777263631165,10.023237863089488,71.80762326076923,4.716402609217918,28.045587441928,663.9968554011499,19.06161185407086,367.2315961193458,10.337913601415616,0
8.264644418291866,-5.207938163106359,20.916565367582123,-3.8360853426532016,-3.2299576191349515,4.042396333098457,64.9405608091194,4.105994554292664,23.201936662396637,660.7832490819135,20.012734575083503,393.72098721726184,18.009389867462836,0
6.087332262254785,5.5233960770126505,18.672922185119393,-4.031409103423421,6.033299680440661,12.412113484367474,83.0938448272665,6.468168338854081,22.555470595736708,663.868492059931,16.60457260555769,395.3853710304718,19.68701212363301,0
2.0030188182483744,-2.061684361023653,19.749717693286325,-6.801217187960872,11.585204386966197,9.667460925588909,92.93857515047534,11.713449416845295,15.305922687395341,652.879166112493,23.250652518985547,398.0490362395895,18.140207980818353,0
2.1468608097995245,-7.0842104629843705,21.98804765139268,1.9536251304444805,-0.03041943985695894,16.26763735687795,77.72939418869572,3.751276760937526,18.71877503667402,665.39615711663,19.98274682745537,389.3337809727029,12.192723351110674,1
5.57351824707691,2.2190635469155233,14.05256840553617,2.726616309835302,-10.348717454037043,-0.7591641636995563,62.41688550417699,1.9676981456430784,25.591796132873668,665.1494040443492,21.032244219741138,378.4671190902519,,1
11.151645584876967,2.3168490301634344,22.490292894541,1.1583022211825873,-2.156364666224115,4.100199458428727,97.95353974606758,9.973398116612891,23.31058905528882,670.1237137327398,21.985709622144363,363.2458025900166,17.987864175486788,0
4.696827580579923,-7.653576286283532,11.234984915572305,4.825852463643329,6.7433756714465165,3.8493930802858727,90.43082423982688,7.043752079955677,24.37463539283113,656.5684753600831,14.427071927868376,302.45058382436304,32.539977207342325,0
10.190667663671793,1.1474085773180316,19.741839864157694,0.4393381854036376,3.3793839351262243,-3.3844133820430073,90.47187946799302,0.7004007980813884,29.196268048170303,671.8093318043177,15.72858489058974,389.48802598358344,4.508776086833908,0
9.31370886928798,3.677915462141868,18.993704816431638,1.9600546868287836,1.8585679933751478,10.605636023898471,102.67861483747096,2.1266322432951004,18.063384454688627,670.1029964749882,9.150277701918952,342.75627626841793,20.125278255054482,0
10.264695311811343,1.8719322585313152,15.018534559039463,1.5191871281878142,5.657341779774195,4.833017220983208,98.48378145154179,3.147404579693993,22.81909848883675,672.2602178184933,23.023711292452035,383.58282775855787,18.05770421395899,0
27.32206863297916,3.1599074188069762,17.98657362337177,,3.0362671962421097,9.927156024932811,86.47761096126736,3.7602647230249144,24.94355481705609,665.7363931199793,14.138949881266168,383.0212691051978,7.682148825422485,1
6.939408713126376,-7.021345490453745,14.987299236672236,-2.654109140648236,6.6206259372556815,18.040859671648057,66.93230510622594,-3.35879925469557,20.47920031212742,671.0694841705138,20.86284854947826,401.28415448032024,9.448398213644413,1
12.874252533030862,1.655200774980978,12.74149336569128,11.070763078959555,5.129118383234927,4.983781540861958,74.59953876122435,-4.380723039007801,31.157385569637086,658.6437798254655,22.054941124697763,390.4018287542032,7.109622318150453,1
6.188760890866041,-1.5130987973522327,16.33192629193178,,8.140502263684795,4.955235086714224,77.06289251175916,-1.026350110012269,28.542934008065735,669.5652378260227,23.2117641944626,399.43311773769915,3.7215694560376558,1
5.7222654766489836,-2.413950793623224,12.580056823141694,-3.329388555602182,2.3259804195312714,6.3553208486199795,43.58409263360068,-0.7253922150567114,25.450666635443778,662.1441861895003,14.179915430819703,392.1285041327514,10.742344630513362,1
2.094654028036542,4.352778047098632,19.71398732046624,2.1700491172505347,5.109297007469774,10.807236764917048,38.26316129670434,0.5048799301374873,32.97115889664293,657.7429908378854,19.874191909296545,367.06747972338025,16.480746388789065,0
2.8216320941789776,7.39637255337115,12.349572529238184,1.2592720764750256,-0.952635365428927,3.4784348734492507,52.10168202777345,7.165253210450022,16.50552360194929,660.3792974091782,28.551402103938745,386.61500760598807,9.39866777484499,0
1.794338016372902,8.971850273001795,21.65988511495526,-7.023957738051637,-2.4243040577950294,2.959192014339347,78.23865902696673,2.701254218376308,23.96136859447159,666.0276556931464,28.77157339992158,386.69472822288384,12.714026330156322,0
6.987176794787766,6.574039357529525,12.1926046603559,5.613391272818693,9.116838202094867,11.19094635120683,45.27198312699873,4.134273025050941,25.831684844670306,661.878503958912,25.136615470134753,398.1667977929081,10.621175416730638,0
-4.10682594592884,-0.5486709081509185,24.908525422094968,-0.47097287675416655,1.69002338161344,7.347196619190178,88.0977212187535,-4.300617050211308,-0.5727752339696099,712.880367658479,21.787465694094198,394.6080909322075,18.022818266772052,0
3.511296181567146,1.7636008151317153,24.616982958924105,-5.554655476078603,4.633402829311895,-4.809641315024104,106.14103223531916,-0.5528110146047258,5.503572709088642,701.95881222498,15.074468055773114,347.272570443411,15.268402173327889,0
5.63389502222955,3.8341143589212185,34.365733644374195,5.94392057176937,1.2277000720569509,-1.0339589973455405,99.92361657292616,4.758888308724202,-1.53291246893939,700.3645122819207,23.693108126955266,315.745654335646,31.987769589806394,0
1.9383970361861496,0.6058897464973099,29.391449728082957,3.1283778579807695,-2.3235782545998216,13.489179319136051,92.18205849299305,4.842862290884009,7.452786591371266,717.8619371707179,19.3098938562658,384.8503608901009,15.814993852766028,0
-1.3199236677784592,0.6538209395577219,26.681330987278027,-6.322709959739571,0.6639144629120066,7.992641415394062,75.79822812075794,-1.5129691409395396,9.289173840644533,715.5190006470071,22.902641376364222,395.7305974454103,19.657675374055255,0
2.4431378965434805,4.1187656593809105,12.183597205348615,8.885914201288621,7.764970088838571,1.8960203448137545,53.43918049944708,3.190011931897768,7.361667005641642,385.75351582043095,16.035782725739416,402.40596266689596,14.965267378212374,1
-1.2637952777320631,-0.2964132301296611,-0.8459617366484409,3.2939868418309635,3.36120037139712,5.07395171382509,50.40593266588241,13.375939267411662,-3.2639890753247283,390.9850017826473,18.335334435800355,394.29634104300857,19.440332021098275,1
4.856725627325746,-3.6464346818683073,9.474332051795463,-0.05098057812523066,-7.972365798652295,5.736183364008351,27.866209325978236,2.710610353721809,1.166032394169827,396.09753530100664,20.020736800382124,388.93734013635293,12.54498103142546,1
-8.867430421075618,-2.0723653291792927,19.677570889023812,7.951094028108897,-0.4912222828807735,9.068666801400818,79.43499776702009,-0.6673347307122266,8.823550016065804,393.096003041453,20.43139045746929,397.6773212218457,19.28306679406287,0
-1.409656840593231,3.1695518886687117,10.351732532013362,0.7964889191482029,9.496468963523562,-0.9973169742939474,72.35965385409328,2.0238880531891987,6.105993217561829,391.7411154809174,21.66861357230124,399.3951130035887,7.887707562712954,0
-9.71493997561999,0.01496645599977866,10.029565845846676,-0.1404153755201599,-0.4839843092497804,1.81425430664771,67.65625228922947,2.8699855376341654,-7.470013088462441,396.47577040656296,16.304025077375503,405.1142408442659,9.39404395535337,0
-7.297474151136025,1.7010498843416895,12.430641898210979,-3.301500580109945,-8.417393458670904,6.933778774316944,66.82139745347715,1.644058096547253,12.214151919341202,387.3464376239939,12.483577739448986,397.53875239186243,21.36052712254296,0
7.043691149069547,3.350396211010949,14.168026216571727,2.909252196535393,10.05024442711272,5.527827097522748,84.38761460874879,2.3414264966174914,6.683282531269162,391.15589224332314,27.323925199498973,400.11996339265613,21.767452889612475,0
4.53855490985843,-1.874207314488048,1.9426665355507016,2.3830148366198993,3.984962549063963,9.45229591318355,67.42533981363196,-4.738633984684198,-3.095373320000225,272.91075680853805,33.446270845116786,395.5863761846016,,1
-3.552131166423952,3.7812408181490302,3.518367591044866,0.07340069944855644,0.22293570593599799,-0.02753698679798866,81.01546226805455,-2.525652375429756,5.9747779878333205,271.6361897616448,23.237103556011892,391.1349230903368,6.788611658413583,0
-7.451757280204484,1.8942130172919722,12.981456455430733,-3.949931769338015,-1.2840886804103433,8.761643381356606,86.92915009006944,1.4208238146425123,-2.387700064534495,271.05097244289624,14.380039526349448,392.0833396476523,5.259021639880253,1
-14.713054189208256,-6.174065434557393,8.35561719051245,0.6496492708303693,5.984759648958677,12.25191809688736,90.18524673754956,1.5625601498878166,-2.4422605880210733,273.36434118914246,17.134024415785618,388.03051855197174,9.408028209048908,1
-2.670067539663173,7.211523955931222,18.490126311099573,-0.3489939288106894,-2.136917001130963,8.464092735746418,,-0.32594637430000306,2.791763255070181,273.1720374799276,23.545587845254843,390.23927122154174,-0.9190513176824622,0
