default,account_check_status,duration_in_month,credit_history,purpose,credit_amount,savings,present_emp_since,installment_as_income_perc,personal_status_sex,other_debtors,present_res_since,property,age,other_installment_plans,housing,credits_this_bank,job,people_under_maintenance,telephone,foreign_worker
1.5235853987721568,0 <= ... < 200 DM,5.703586769870339,delay in paying off in the past,car (new),1166.7402451007324,... < 100 DM,4 <= ... < 7 years,10.245113484367476,male : single,none,5.266022551476749,"if not A121/A122 : car or other, not in attribute 6",65.71023953379468,none,own,3.1255836351920125,skilled employee / official,-6.303626529859752,"yes, registered under the customers name ",yes
-4.199920531202478,no checking account,44.35356531813169,critical account/ other credits existing (not at this bank),car (new),5947.670611444398,... < 100 DM,.. >= 7 years,5.43846092558891,male : single,none,6.476092011130901,"if not A121/A122 : car or other, not in attribute 6",20.502570546041927,none,rent,0.7332851887663604,skilled employee / official,-3.453041485037925,none,yes
3.7522559790322862,no checking account,9.927634670820707,critical account/ other credits existing (not at this bank),car (new),2098.1700491172505,... < 100 DM,... < 1 year ,11.83063735687795,male : single,none,4.366606282684371,"if not A121/A122 : car or other, not in attribute 6",45.516700437472764,none,own,5.320218130371152,skilled employee / official,-1.5959344798147046,"yes, registered under the customers name ",yes
4.7028235819560695,< 0 DM,45.169551888668714,critical account/ other credits existing (not at this bank),domestic appliances,7883.259272076475,... < 100 DM,.. >= 7 years,-5.739164163699557,female : divorced/separated/married,none,15.194158332072119,"if not A121/A122 : car or other, not in attribute 6",47.14241464327917,none,own,4.033665887058632,skilled employee / official,0.9608890563981174,none,yes
-8.755175943269181,no checking account,24.01496645599978,critical account/ other credits existing (not at this bank),car (new),4862.976042261948,unknown/ no savings account,... < 1 year ,1.6731994584287273,male : single,none,11.14893726235209,real estate,54.173230938523794,none,rent,-12.929112670549618,unskilled - resident,-1.805169518133929,none,yes
-6.5108975343115905,no checking account,37.70104988434169,critical account/ other credits existing (not at this bank),radio/television,9060.613391272818,... < 100 DM,1 <= ... < 4 years,-0.31260691971412724,female : divorced/separated/married,none,2.4623611764149222,real estate,27.04675150865291,none,own,3.726211022142284,unskilled - resident,5.535203625484498,"yes, registered under the customers name ",yes
0.6392020158364269,0 <= ... < 200 DM,27.35039621101095,existing credits paid back duly till now,domestic appliances,2834.5290271232457,... < 100 DM,.. >= 7 years,-6.868413382043007,female : divorced/separated/married,none,2.409862830964654,if not A121 : building society savings agreement/ life insurance,44.74237002380321,none,own,-4.017397047520419,skilled employee / official,-7.025666007292088,"yes, registered under the customers name ",yes
-1.581212961717911,0 <= ... < 200 DM,34.12579268551195,no credits taken/ all credits paid back duly,business,6942.445344523921,500 <= ... < 1000 DM ,.. >= 7 years,7.301636023898471,female : divorced/separated/married,none,4.348483597426766,unknown / no property,37.12342226602877,none,own,-6.108643707243495,skilled employee / official,-6.898593485972123,none,yes
-0.08400578752144397,no checking account,15.78124081814903,existing credits paid back duly till now,domestic appliances,3064.9439205717695,... < 100 DM,... < 1 year ,0.648017220983208,male : single,none,-0.19009590212842564,if not A121 : building society savings agreement/ life insurance,56.923567856027326,none,own,0.05763294813218145,unemployed/ unskilled - non-resident,-0.669444057557312,none,yes
-3.2652196378679,0 <= ... < 200 DM,31.89421301729197,critical account/ other credits existing (not at this bank),radio/television,5237.128377857981,... < 100 DM,1 <= ... < 4 years,7.6981560249328105,male : married/widowed,none,7.831441532662433,"if not A121/A122 : car or other, not in attribute 6",29.51020577550162,none,own,4.054855545150058,skilled employee / official,0.12173597930071667,"yes, registered under the customers name ",yes
5.3969898743141425,0 <= ... < 200 DM,5.825934565442607,existing credits paid back duly till now,(vacation - does not exist?),1288.6772900402605,... < 100 DM,4 <= ... < 7 years,14.798859671648058,male : married/widowed,none,2.8080026092179184,"if not A121/A122 : car or other, not in attribute 6",28.90465789054594,none,rent,-7.203673051434121,management/ self-employed/ highly qualified employee/ officer,-6.273219364290519,none,yes
4.888959677144742,< 0 DM,55.21152395593122,existing credits paid back duly till now,business,4316.885914201289,unknown/ no savings account,.. >= 7 years,1.2337815408619586,male : married/widowed,none,5.282294554292664,"if not A121/A122 : car or other, not in attribute 6",17.645235812972203,bank,own,4.522882085287757,skilled employee / official,-2.033744213237824,"yes, registered under the customers name ",yes
0.3301534878060802,0 <= ... < 200 DM,9.496276281215419,existing credits paid back duly till now,domestic appliances,1570.293986841831,unknown/ no savings account,1 <= ... < 4 years,-1.1057649132857756,male : single,none,4.434768338854082,if not A121 : building society savings agreement/ life insurance,14.942313727119075,none,rent,4.816694237657999,skilled employee / official,-1.0052190870954463,"yes, registered under the customers name ",yes
6.636206034840164,0 <= ... < 200 DM,15.724523284074081,existing credits paid back duly till now,domestic appliances,1198.9490194218747,... < 100 DM,unemployed,4.59332084861998,male : single,none,12.614149416845295,"if not A121/A122 : car or other, not in attribute 6",68.37215841197647,none,own,2.2348809814974886,unskilled - resident,-0.966489735110728,"yes, registered under the customers name ",yes
2.337546711260228,< 0 DM,9.774781452068488,critical account/ other credits existing (not at this bank),car (new),1410.9510940281089,100 <= ... < 500 DM,.. >= 7 years,6.936236764917048,female : divorced/separated/married,none,4.854776760937526,if not A121 : building society savings agreement/ life insurance,29.757853914812294,stores,own,-3.3381181511352427,unskilled - resident,1.7594074164464573,none,yes
-3.296462314416191,0 <= ... < 200 DM,18.894774196608388,existing credits paid back duly till now,business,1282.7964889191483,... < 100 DM,.. >= 7 years,1.1664348734492505,male : single,none,1.4347981456430783,unknown / no property,29.903796716633646,none,own,-3.8968900209464596,skilled employee / official,-2.3078944221178097,"yes, registered under the customers name ",yes
1.8437539204124942,< 0 DM,24.260866593287666,existing credits paid back duly till now,(vacation - does not exist?),2423.85958462448,... < 100 DM,1 <= ... < 4 years,0.845192014339347,male : single,none,11.543598116612891,unknown / no property,48.330297736768685,none,rent,7.1296606579011375,skilled employee / official,8.389181500041367,"yes, registered under the customers name ",no
-4.794413004144994,no checking account,28.630747472268816,critical account/ other credits existing (not at this bank),car (new),8068.69849941989,500 <= ... < 1000 DM ,1 <= ... < 4 years,7.28594635120683,male : married/widowed,none,7.837752079955677,unknown / no property,22.447795755463602,none,own,-4.556113432479524,skilled employee / official,3.441023198667861,none,yes
5.392251506536363,>= 200 DM / salary assignments for at least 1 year,22.315840161797034,critical account/ other credits existing (not at this bank),domestic appliances,12581.909252196536,unknown/ no savings account,1 <= ... < 4 years,5.893196619190178,female : divorced/separated/married,none,0.39510079808138854,if not A121 : building society savings agreement/ life insurance,38.04713831943345,none,own,6.322352304095892,unskilled - resident,-3.0355676032066095,"yes, registered under the customers name ",yes
-0.24962955493126449,0 <= ... < 200 DM,27.098509827412393,critical account/ other credits existing (not at this bank),car (used),3432.38301483662,unknown/ no savings account,.. >= 7 years,-7.2236413150241034,male : single,none,2.0259322432951006,real estate,35.41706087045295,none,own,0.1740042043478165,management/ self-employed/ highly qualified employee/ officer,2.472557466837865,"yes, registered under the customers name ",yes
-0.9243118177263028,>= 200 DM / salary assignments for at least 1 year,10.699376805963519,all credits at this bank paid back duly,domestic appliances,2134.0734006994485,.. >= 1000 DM ,.. >= 7 years,-2.1269589973455405,male : single,none,4.976904579693993,"if not A121/A122 : car or other, not in attribute 6",44.116244231968395,none,own,2.5208275017857145,skilled employee / official,1.620076593028025,"yes, registered under the customers name ",yes
-3.404647722019707,no checking account,7.580239353221431,existing credits paid back duly till now,car (new),2643.050068230662,... < 100 DM,1 <= ... < 4 years,9.506179319136052,male : single,none,4.809064723024914,if not A121 : building society savings agreement/ life insurance,49.46767294108133,none,rent,-7.540438527066625,management/ self-employed/ highly qualified employee/ officer,8.073607372488905,none,yes
6.112706693370152,no checking account,12.049142286643463,existing credits paid back duly till now,domestic appliances,2241.64964927083,... < 100 DM,4 <= ... < 7 years,3.0096414153940625,female : divorced/separated/married,none,-3.7829992546955697,"if not A121/A122 : car or other, not in attribute 6",45.99685540114994,none,rent,1.2664168493570669,unskilled - resident,-1.0019121445817554,none,yes
-0.7726474103440107,< 0 DM,15.080673340011192,existing credits paid back duly till now,domestic appliances,1803.6510060711894,... < 100 DM,1 <= ... < 4 years,-0.8109796551862454,male : single,none,-3.712423039007801,real estate,38.783249081913425,none,own,4.06792758005688,skilled employee / official,4.836693488602867,none,yes
-2.141639110815536,no checking account,-0.539766708887214,existing credits paid back duly till now,domestic appliances,2062.332628406329,... < 100 DM,... < 1 year ,1.1479517138250892,female : divorced/separated/married,none,-3.436950110012269,unknown / no property,23.868492059930993,none,own,-4.682050439259905,skilled employee / official,1.209272378912388,"yes, registered under the customers name ",yes
-1.7606677524411478,no checking account,4.177808738677694,critical account/ other credits existing (not at this bank),domestic appliances,1366.640938243379,500 <= ... < 1000 DM ,.. >= 7 years,1.0661833640083511,male : divorced/separated,none,-2.8236922150567114,"if not A121/A122 : car or other, not in attribute 6",22.879166112492918,none,for free,3.4931793362592276,skilled employee / official,8.457832582243832,none,yes
2.6615459277667437,0 <= ... < 200 DM,-4.90105032244737,critical account/ other credits existing (not at this bank),car (new),428.82576689404885,... < 100 DM,4 <= ... < 7 years,7.678666801400819,female : divorced/separated/married,none,0.7808799301374871,real estate,38.396157116629965,none,own,1.4450612683951134,skilled employee / official,7.45445726319704,"yes, registered under the customers name ",yes
1.8272203218203917,< 0 DM,12.180299633988977,critical account/ other credits existing (not at this bank),domestic appliances,395.99055842474155,unknown/ no savings account,1 <= ... < 4 years,-3.791316974293947,male : single,guarantor,6.173553210450022,"if not A121/A122 : car or other, not in attribute 6",41.149404044349204,bank,own,-1.2187780691615342,unemployed/ unskilled - non-resident,1.9848965229630018,none,yes
2.0636630579799418,0 <= ... < 200 DM,6.976835138878274,existing credits paid back duly till now,car (new),2416.0270526348063,.. >= 1000 DM ,4 <= ... < 7 years,-1.2047456933522902,male : single,none,1.1553542183763081,real estate,38.12371373273984,bank,rent,5.273365432456522,skilled employee / official,-0.3114131050803026,none,yes
3.1541050150394137,no checking account,65.22766137394841,critical account/ other credits existing (not at this bank),radio/television,6833.609584711231,... < 100 DM,.. >= 7 years,4.364778774316944,male : single,co-applicant,4.981973025050941,if not A121 : building society savings agreement/ life insurance,53.5684753600831,none,for free,-9.01128384489278,management/ self-employed/ highly qualified employee/ officer,3.5330295483972787,none,no
10.708238004352307,< 0 DM,23.938171963605605,existing credits paid back duly till now,car (used),1919.5412330343995,... < 100 DM,... < 1 year ,2.5008270975227482,female : divorced/separated/married,none,-3.121517050211308,if not A121 : building society savings agreement/ life insurance,41.809331804317736,bank,own,2.733403743718545,skilled employee / official,0.09774986436416977,none,yes
-2.032075081923078,no checking account,25.013875241261836,no credits taken/ all credits paid back duly,car (new),4017.5326589542306,unknown/ no savings account,... < 1 year ,4.85929591318355,male : single,none,-0.3082110146047259,real estate,31.10299647498828,none,own,9.09717579036646,skilled employee / official,9.401535529891675,none,yes
-2.561213645357687,no checking account,15.498194613015501,delay in paying off in the past,(vacation - does not exist?),5869.297421071259,... < 100 DM,1 <= ... < 4 years,-4.147536986797989,male : single,none,4.936288308724202,"if not A121/A122 : car or other, not in attribute 6",36.26021781849332,bank,own,9.199715695503308,unemployed/ unskilled - non-resident,1.3923503908850599,none,yes
-4.068863641239389,0 <= ... < 200 DM,14.425805562728689,existing credits paid back duly till now,car (used),1262.015430793811,500 <= ... < 1000 DM ,... < 1 year ,5.785643381356605,male : single,none,6.974762290884009,"if not A121/A122 : car or other, not in attribute 6",56.73639311997931,none,own,2.9490336026926123,skilled employee / official,-1.0282131625641862,"yes, registered under the customers name ",yes
3.0798971128774784,0 <= ... < 200 DM,9.360411813378432,existing credits paid back duly till now,domestic appliances,1474.5687407674307,... < 100 DM,4 <= ... < 7 years,9.457918096887362,female : divorced/separated/married,none,-2.6228691409395397,real estate,38.069484170513775,none,own,-0.5084038806542295,skilled employee / official,-1.2980754303696282,none,yes
6.6448614636044585,0 <= ... < 200 DM,44.993036742783254,critical account/ other credits existing (not at this bank),car (new),4749.684182654601,unknown/ no savings account,.. >= 7 years,6.434092735746417,male : divorced/separated,none,2.808311931897768,unknown / no property,17.643779825465472,bank,own,-1.1790127827381545,skilled employee / official,-5.065177925993536,"yes, registered under the customers name ",yes
-0.5697372882743754,0 <= ... < 200 DM,52.930681584803835,delay in paying off in the past,car (used),6107.687221418377,unknown/ no savings account,4 <= ... < 7 years,1.6955586988079594,male : single,none,13.994239267411661,real estate,34.56523782602267,none,own,-0.5146289695282102,unskilled - resident,3.782795640466614,"yes, registered under the customers name ",yes
-3.2007823848126407,no checking account,15.211143270052883,critical account/ other credits existing (not at this bank),domestic appliances,2104.982774422492,... < 100 DM,4 <= ... < 7 years,3.5205819871701456,female : divorced/separated/married,none,1.9120103537218094,"if not A121/A122 : car or other, not in attribute 6",33.144186189500275,none,own,3.7190362395895304,skilled employee / official,-3.100056013197513,none,yes
-4.122406078456198,no checking account,14.028393196212505,existing credits paid back duly till now,furniture/equipment,1220.0315106144676,... < 100 DM,1 <= ... < 4 years,-2.1742557638575093,female : divorced/separated/married,none,-1.4659347307122266,real estate,28.74299083788532,stores,own,-3.036219027297081,unskilled - resident,6.490741260938735,none,yes
3.2529639391235055,0 <= ... < 200 DM,12.387006843461512,existing credits paid back duly till now,radio/television,459.4729642127919,... < 100 DM,1 <= ... < 4 years,3.6400070378010576,male : single,none,2.1311880531891987,if not A121 : building society savings agreement/ life insurance,18.379297409178196,none,own,4.787119090251904,skilled employee / official,-5.464675270007866,"yes, registered under the customers name ",yes
3.7162708560172115,no checking account,25.226040914345894,critical account/ other credits existing (not at this bank),business,2337.6131986139394,... < 100 DM,.. >= 7 years,10.29852926440203,male : single,none,2.4608855376341654,if not A121 : building society savings agreement/ life insurance,30.027655693146354,none,own,11.66580259001662,skilled employee / official,1.6362072448662515,none,yes
2.7157713415259748,>= 200 DM / salary assignments for at least 1 year,16.869470641087005,existing credits paid back duly till now,business,1161.3001874589518,... < 100 DM,... < 1 year ,2.404857466999374,male : single,none,0.24415809654725307,"if not A121/A122 : car or other, not in attribute 6",21.878503958911985,none,own,0.6905838243630249,skilled employee / official,6.751118792487268,"yes, registered under the customers name ",yes
-3.3275485364434716,no checking account,21.492831726857524,existing credits paid back duly till now,domestic appliances,6213.582224383677,... < 100 DM,.. >= 7 years,-2.449019946742051,male : divorced/separated,none,3.843226496617491,unknown / no property,45.880367658479,none,own,-5.721974016416526,unskilled - resident,-8.761235323118182,none,yes
1.1608066153335987,no checking account,30.509629436863285,existing credits paid back duly till now,car (used),6183.182803413447,... < 100 DM,... < 1 year ,-1.4612354438269315,male : single,none,-3.2172339846841984,"if not A121/A122 : car or other, not in attribute 6",14.958812224979914,none,for free,-4.723723731582064,skilled employee / official,11.09132771896093,none,yes
1.583429045703641,no checking account,44.18838270986174,existing credits paid back duly till now,business,6136.104253743257,... < 100 DM,.. >= 7 years,5.004251486379651,male : single,none,-0.8131523754297563,"if not A121/A122 : car or other, not in attribute 6",47.364512281920696,none,own,5.882827758557878,unskilled - resident,-1.1264259859905472,none,yes
1.0934429836450648,< 0 DM,6.70396990712215,existing credits paid back duly till now,business,1388.0283244575244,... < 100 DM,4 <= ... < 7 years,2.1324300140957653,male : single,none,3.2533238146425125,real estate,41.86193717071788,none,own,1.701269105197782,skilled employee / official,1.7054769108106964,"yes, registered under the customers name ",yes
4.357143889740949,< 0 DM,33.31168711548489,delay in paying off in the past,radio/television,2302.302212832742,.. >= 1000 DM ,... < 1 year ,6.426516415315703,female : divorced/separated/married,none,3.1736601498878168,real estate,43.519000647007175,none,for free,5.384154480320265,management/ self-employed/ highly qualified employee/ officer,3.857246127581719,none,yes
1.1179777438734113,>= 200 DM / salary assignments for at least 1 year,8.712972316459801,critical account/ other credits existing (not at this bank),car (new),1354.489614671347,unknown/ no savings account,.. >= 7 years,3.614218803745152,male : single,none,-0.830946374300003,"if not A121/A122 : car or other, not in attribute 6",17.753515820430962,none,for free,-1.6681712457967475,skilled employee / official,4.630645280577768,"yes, registered under the customers name ",yes
3.3945678153594745,0 <= ... < 200 DM,6.221874162993011,critical account/ other credits existing (not at this bank),retraining,7228.511283298237,... < 100 DM,1 <= ... < 4 years,5.444915902023241,male : single,none,3.114932069617815,real estate,38.9850017826473,none,own,6.153117737699158,skilled employee / official,2.3694196912984107,none,yes
0.3378953474444573,0 <= ... < 200 DM,14.18756124309935,critical account/ other credits existing (not at this bank),car (used),2067.3852147544644,unknown/ no savings account,unemployed,11.117797361325165,female : divorced/separated/married,none,2.305074277071027,if not A121 : building society savings agreement/ life insurance,33.097535301006616,bank,for free,0.2085041327513727,unskilled - resident,5.986922918531838,none,yes
1.4455969934499207,< 0 DM,17.791222355608035,existing credits paid back duly till now,car (used),2336.8343364666453,100 <= ... < 500 DM,... < 1 year ,8.979293621861803,female : divorced/separated/married,none,6.447067282622626,"if not A121/A122 : car or other, not in attribute 6",31.096003041453027,none,own,-2.6625202766197456,skilled employee / official,3.595353564609063,none,yes
3.156441129192702,< 0 DM,25.979657077805754,all credits at this bank paid back duly,car (new),5958.876476111747,unknown/ no savings account,1 <= ... < 4 years,-3.671195320739799,female : divorced/separated/married,none,1.5039413238697457,real estate,30.741115480917394,none,own,-0.004992394011922308,skilled employee / official,9.804405700161519,none,yes
-7.285779099278332,no checking account,12.548238772870043,existing credits paid back duly till now,(vacation - does not exist?),1267.7947479118845,unknown/ no savings account,... < 1 year ,-1.5176722328813614,female : divorced/separated/married,none,3.9955160264912664,unknown / no property,30.475770406562987,none,own,-4.985271777116182,skilled employee / official,3.6116377142729865,none,yes
-1.5983560817865068,< 0 DM,30.225650725294585,critical account/ other credits existing (not at this bank),car (used),3392.2871921156993,500 <= ... < 1000 DM ,1 <= ... < 4 years,1.6211426177008779,male : single,none,-1.7080015071696053,real estate,27.3464376239939,none,own,10.946797792908058,management/ self-employed/ highly qualified employee/ officer,10.823177599415436,"yes, registered under the customers name ",yes
-1.3518632714639773,no checking account,29.113421722398165,critical account/ other credits existing (not at this bank),domestic appliances,2226.832255732858,... < 100 DM,1 <= ... < 4 years,1.7441232138029275,female : divorced/separated/married,none,6.86047861799241,"if not A121/A122 : car or other, not in attribute 6",57.155892243323144,none,own,1.5180909322075646,skilled employee / official,5.505394201188279,none,yes
-3.19438924121671,0 <= ... < 200 DM,13.360072832450667,existing credits paid back duly till now,domestic appliances,785.9155406782887,100 <= ... < 500 DM,.. >= 7 years,-4.691633634804713,male : single,none,3.8786514880617835,"if not A121/A122 : car or other, not in attribute 6",25.910756808538043,none,for free,4.22257044341098,unskilled - resident,-7.028750628841314,none,yes
-0.3757112561334186,no checking account,12.7492120699364,existing credits paid back duly till now,radio/television,6465.5357011555225,... < 100 DM,.. >= 7 years,-0.20845897086497134,male : married/widowed,none,5.329085015899097,"if not A121/A122 : car or other, not in attribute 6",50.636189761644786,bank,own,-1.6843456643539962,management/ self-employed/ highly qualified employee/ officer,14.055513391939206,"yes, registered under the customers name ",yes
7.474706556171979,no checking account,38.05585959007981,critical account/ other credits existing (not at this bank),domestic appliances,9556.948933394566,unknown/ no savings account,1 <= ... < 4 years,-0.37256466809519484,female : divorced/separated/married,none,5.567302312222439,if not A121 : building society savings agreement/ life insurance,29.05097244289624,none,for free,-3.2596391098991155,unskilled - resident,-1.871720542386094,none,yes
-4.329155578466216,< 0 DM,18.591739566941023,critical account/ other credits existing (not at this bank),radio/television,1957.986403184849,... < 100 DM,1 <= ... < 4 years,-0.359238698806029,male : single,none,4.9436781144057305,"if not A121/A122 : car or other, not in attribute 6",23.364341189142454,none,rent,-0.169402554589676,management/ self-employed/ highly qualified employee/ officer,8.477720076008676,none,yes
5.8413917729574045,< 0 DM,38.22363409097616,no credits taken/ all credits paid back duly,radio/television,6223.535523794506,unknown/ no savings account,1 <= ... < 4 years,2.4210525692249716,female : divorced/separated/married,none,3.507912956711099,"if not A121/A122 : car or other, not in attribute 6",23.17203747992764,none,rent,7.505962666895993,unskilled - resident,1.133967215597192,none,yes
-8.414348858079023,no checking account,8.231574478189911,critical account/ other credits existing (not at this bank),domestic appliances,1383.764977117925,... < 100 DM,.. >= 7 years,7.892254251591655,female : divorced/separated/married,none,2.2246961352223407,"if not A121/A122 : car or other, not in attribute 6",21.75786178732737,none,own,-1.603658956991418,management/ self-employed/ highly qualified employee/ officer,6.305451288012898,none,yes
-1.6744251499288743,< 0 DM,22.27025090728729,existing credits paid back duly till now,radio/television,1545.6117997099782,... < 100 DM,... < 1 year ,4.9961902062461965,male : married/widowed,guarantor,9.317544642257632,real estate,54.008979549502236,none,rent,-2.3526598636470766,management/ self-employed/ highly qualified employee/ officer,-2.4423945543289705,"yes, registered under the customers name ",yes
1.813765325525028,no checking account,33.717644278876385,existing credits paid back duly till now,car (used),1954.364312590129,100 <= ... < 500 DM,1 <= ... < 4 years,16.359045380277347,male : single,none,0.7396271529860279,"if not A121/A122 : car or other, not in attribute 6",56.11807396116871,bank,own,1.7773212218457175,skilled employee / official,4.12872271544794,none,yes
3.9311116567963906,no checking account,53.66117286089624,existing credits paid back duly till now,domestic appliances,14422.89843790307,... < 100 DM,1 <= ... < 4 years,2.8525409300982467,male : single,none,-1.1420388934843277,"if not A121/A122 : car or other, not in attribute 6",23.90883277726413,none,for free,3.495113003588721,skilled employee / official,-0.2659527269720272,"yes, registered under the customers name ",no
3.556132898964275,0 <= ... < 200 DM,20.778164398934884,existing credits paid back duly till now,radio/television,3179.454888174019,... < 100 DM,1 <= ... < 4 years,2.549671130313741,female : divorced/separated/married,none,4.90715698975181,if not A121 : building society savings agreement/ life insurance,24.523597636399742,none,own,9.214240844265916,skilled employee / official,8.895015557949442,"yes, registered under the customers name ",yes
3.966736175999626,0 <= ... < 200 DM,26.698740767993566,critical account/ other credits existing (not at this bank),radio/television,5189.135644587783,... < 100 DM,1 <= ... < 4 years,4.02066441327433,male : divorced/separated,none,6.076398451327267,"if not A121/A122 : car or other, not in attribute 6",49.790518063296076,none,for free,5.768752391862474,skilled employee / official,4.193340837085047,none,yes
-1.743625361242188,no checking account,6.640187238548904,critical account/ other credits existing (not at this bank),domestic appliances,2175.8227534111966,... < 100 DM,1 <= ... < 4 years,3.2824598922177,male : single,none,-2.1205324963200223,real estate,18.404480298913334,none,own,4.219963392656175,skilled employee / official,5.679713206507831,none,yes
-2.311758963322836,no checking account,14.2751186017376,existing credits paid back duly till now,car (used),1006.838314406524,... < 100 DM,4 <= ... < 7 years,6.176269785855318,male : single,none,0.6261871829334582,if not A121 : building society savings agreement/ life insurance,26.45454907464729,none,own,4.596376184601608,skilled employee / official,-9.820384357365352,none,yes
5.2898794062857695,no checking account,43.225629784632666,critical account/ other credits existing (not at this bank),car (new),1821.6534696901238,unknown/ no savings account,... < 1 year ,14.383556629295118,male : married/widowed,none,3.5300061288560762,"if not A121/A122 : car or other, not in attribute 6",33.61504826193918,none,own,-4.765076909663152,management/ self-employed/ highly qualified employee/ officer,0.5721366010568737,none,yes
-0.9565216244080744,< 0 DM,35.613219100895726,existing credits paid back duly till now,education,2393.0199785107748,.. >= 1000 DM ,... < 1 year ,-0.2266023248878435,male : single,guarantor,-7.076400578017353,"if not A121/A122 : car or other, not in attribute 6",31.09981647388527,none,for free,-3.8166603523477214,skilled employee / official,3.052758175291479,none,yes
-6.37843161668961,no checking account,35.015571506480455,critical account/ other credits existing (not at this bank),radio/television,8131.28923554634,unknown/ no savings account,4 <= ... < 7 years,5.295230290888678,male : single,none,0.9020300537062014,"if not A121/A122 : car or other, not in attribute 6",27.609175377419227,none,own,-4.419481448028252,skilled employee / official,2.118074532198536,"yes, registered under the customers name ",yes
-5.6664360700174035,no checking account,1.4269151846603663,no credits taken/ all credits paid back duly,car (new),722.9654291719906,... < 100 DM,1 <= ... < 4 years,5.03875298807062,female : divorced/separated/married,none,1.2134108357576685,if not A121 : building society savings agreement/ life insurance,45.755782071329946,bank,own,-4.660728778458228,skilled employee / official,5.805786068589253,"yes, registered under the customers name ",yes
-4.597261430008056,no checking account,6.853536732238459,existing credits paid back duly till now,radio/television,1154.1112546881643,... < 100 DM,.. >= 7 years,-4.855488712853088,male : divorced/separated,none,3.1985352858849043,if not A121 : building society savings agreement/ life insurance,60.568930200342116,bank,own,5.977299374352018,skilled employee / official,0.1704787743127274,none,yes
2.4858037202688203,0 <= ... < 200 DM,34.03602870139236,existing credits paid back duly till now,business,5952.692190494668,unknown/ no savings account,1 <= ... < 4 years,5.853493910473817,male : single,none,8.079571372886342,real estate,39.61330895603166,none,rent,3.4502504583187767,management/ self-employed/ highly qualified employee/ officer,1.243935525173153,none,yes
1.7121286803528262,no checking account,31.435610066405864,existing credits paid back duly till now,business,1977.2824834599662,... < 100 DM,1 <= ... < 4 years,10.338117804019525,male : married/widowed,none,-2.078991492544377,unknown / no property,46.194249423367296,none,rent,1.3974803154572477,skilled employee / official,6.90613382207496,none,yes
3.452426770338841,no checking account,13.133930230545676,no credits taken/ all credits paid back duly,radio/television,1519.569349816456,unknown/ no savings account,4 <= ... < 7 years,-0.2858820188871487,female : divorced/separated/married,none,-0.12311285602306299,if not A121 : building society savings agreement/ life insurance,66.1952254278228,none,own,-10.963582577011344,skilled employee / official,-10.393445017226785,"yes, registered under the customers name ",yes
-1.1362632316826713,no checking account,48.59506598870698,existing credits paid back duly till now,car (used),3964.827625674827,... < 100 DM,1 <= ... < 4 years,3.9553306605401466,female : divorced/separated/married,none,-10.06097899159667,"if not A121/A122 : car or other, not in attribute 6",36.07709415146745,stores,own,11.277384293093093,unskilled - resident,3.946752508191706,"yes, registered under the customers name ",no
0.7926984553835712,< 0 DM,25.046054306147514,existing credits paid back duly till now,car (new),4771.268762814952,... < 100 DM,.. >= 7 years,-6.626771310038517,male : married/widowed,none,1.5954166691292966,"if not A121/A122 : car or other, not in attribute 6",51.34979294705687,none,own,-3.4713600207677784,unskilled - resident,-0.6694241299677666,none,yes
3.1279519698366838,no checking account,51.067074574645495,existing credits paid back duly till now,radio/television,9425.219959969703,100 <= ... < 500 DM,... < 1 year ,-4.2940322984216825,male : single,none,0.02178222936999541,if not A121 : building society savings agreement/ life insurance,43.23925813150062,none,own,11.259063779694788,management/ self-employed/ highly qualified employee/ officer,-2.561590622768107,none,yes
-1.546732698601192,< 0 DM,37.1765007832272,critical account/ other credits existing (not at this bank),car (new),3827.4243767026023,... < 100 DM,1 <= ... < 4 years,7.240147888086263,male : single,none,-1.549885881671281,unknown / no property,18.572341935734745,none,own,-6.24620740325658,management/ self-employed/ highly qualified employee/ officer,2.6827211213799003,none,yes
3.2838761877870573,0 <= ... < 200 DM,25.218762402008238,critical account/ other credits existing (not at this bank),(vacation - does not exist?),5945.036319468677,unknown/ no savings account,.. >= 7 years,-1.3320825300371726,female : divorced/separated/married,none,6.5383866974188,if not A121 : building society savings agreement/ life insurance,39.07975738490407,none,own,-2.062005792782685,skilled employee / official,7.137256484043277,"yes, registered under the customers name ",yes
-3.3096297053332564,< 0 DM,14.24376176626812,existing credits paid back duly till now,radio/television,1214.9352936469786,... < 100 DM,4 <= ... < 7 years,-1.5440148746901965,female : divorced/separated/married,none,7.303087611684816,"if not A121/A122 : car or other, not in attribute 6",43.80711904811489,none,own,-10.014246912548149,skilled employee / official,6.195719157420905,none,no
-1.8152692328253588,< 0 DM,20.16297225863076,existing credits paid back duly till now,radio/television,1562.2316254180012,... < 100 DM,4 <= ... < 7 years,4.147301822292149,female : divorced/separated/married,none,4.389283621336521,"if not A121/A122 : car or other, not in attribute 6",24.498551881620454,bank,for free,2.8106248797134876,unemployed/ unskilled - non-resident,0.32443484546685686,none,yes
-1.9086894699916455,no checking account,24.309582418399796,existing credits paid back duly till now,domestic appliances,1755.7922402524987,100 <= ... < 500 DM,1 <= ... < 4 years,1.3879378428448836,female : divorced/separated/married,none,2.146934732300689,real estate,56.89590607224835,none,own,-4.506284104056162,unskilled - resident,5.378704818804743,none,yes
-5.979198227945198,no checking account,10.551978628061093,critical account/ other credits existing (not at this bank),domestic appliances,2320.112036126802,... < 100 DM,.. >= 7 years,0.6458917111223195,male : single,none,9.130948340534319,real estate,55.55137438235588,bank,own,-4.365000770491771,skilled employee / official,5.340339492229221,none,yes
2.434862403927909,< 0 DM,9.958334185866654,delay in paying off in the past,radio/television,1415.8853647949545,unknown/ no savings account,1 <= ... < 4 years,7.696630128374516,male : single,none,1.901210700820742,real estate,35.5236584991076,none,own,-4.862571085871987,management/ self-employed/ highly qualified employee/ officer,0.5631436475341658,"yes, registered under the customers name ",yes
-2.3470117010136193,no checking account,11.009451701005746,existing credits paid back duly till now,domestic appliances,1294.5235710649304,... < 100 DM,.. >= 7 years,-1.8086667946717334,male : single,co-applicant,-3.091350194592289,if not A121 : building society savings agreement/ life insurance,22.12080831382496,none,rent,5.886775313689315,unskilled - resident,-2.46540275994104,none,yes
1.062470593638437,no checking account,28.28187398738959,critical account/ other credits existing (not at this bank),car (new),12609.660118433378,100 <= ... < 500 DM,unemployed,-3.5268260634091613,male : single,none,-4.581243387422758,unknown / no property,43.33025604193034,none,own,4.557318257837736,unskilled - resident,-1.1761701556116497,none,yes
2.4037332945295447,< 0 DM,21.266224416406136,existing credits paid back duly till now,car (new),2245.8532775783274,unknown/ no savings account,1 <= ... < 4 years,4.770399960744343,female : divorced/separated/married,none,0.7934275305215865,real estate,22.81880290843573,none,rent,10.060169455393927,skilled employee / official,6.189266744340685,none,yes
3.2326558801497205,0 <= ... < 200 DM,10.616499549571433,delay in paying off in the past,car (new),1110.3390989145482,... < 100 DM,4 <= ... < 7 years,8.847048953741027,female : divorced/separated/married,none,6.773218085863043,if not A121 : building society savings agreement/ life insurance,38.151864953795524,stores,for free,-1.4285331053648664,skilled employee / official,0.7892659314365466,none,yes
3.326925544863931,< 0 DM,9.019555501719168,existing credits paid back duly till now,car (new),618.9755198657144,unknown/ no savings account,... < 1 year ,10.190801507449248,female : divorced/separated/married,none,15.382693447715448,unknown / no property,57.52334749560914,bank,own,2.094096855234002,skilled employee / official,-4.230911098652942,none,yes
-0.4924274225471181,no checking account,12.042528133615768,critical account/ other credits existing (not at this bank),domestic appliances,1412.147020030511,... < 100 DM,1 <= ... < 4 years,0.674691398191885,male : single,none,3.30805173094738,if not A121 : building society savings agreement/ life insurance,56.399011600257886,none,own,-5.446675987009758,skilled employee / official,-7.424314177545625,none,yes
-1.1164915602207688,no checking account,15.974661264578138,existing credits paid back duly till now,domestic appliances,797.6593690656058,... < 100 DM,.. >= 7 years,8.686884834598239,female : divorced/separated/married,none,-0.8267775756015214,unknown / no property,26.29895807484476,none,own,-0.6751951136765904,management/ self-employed/ highly qualified employee/ officer,6.159157260481897,"yes, registered under the customers name ",yes
-0.3985910545319953,no checking account,24.901819715131992,existing credits paid back duly till now,(vacation - does not exist?),3621.093819751737,... < 100 DM,1 <= ... < 4 years,0.07928853264795555,male : single,none,-1.9248260414210696,real estate,19.994150054965626,bank,own,-0.5942265664058879,management/ self-employed/ highly qualified employee/ officer,-1.733892111321119,none,yes
-8.43667216979015,< 0 DM,8.719725316795163,existing credits paid back duly till now,domestic appliances,1318.4729626647886,unknown/ no savings account,4 <= ... < 7 years,13.131046734534,female : divorced/separated/married,none,6.7597744815279945,"if not A121/A122 : car or other, not in attribute 6",56.546239922065425,bank,for free,3.322249787477104,unemployed/ unskilled - non-resident,2.6519387782799084,none,yes
-6.235562362115436,0 <= ... < 200 DM,60.13146477824475,critical account/ other credits existing (not at this bank),car (new),15948.92344358066,... < 100 DM,... < 1 year ,-2.6688551270986416,male : married/widowed,none,-4.823080261921342,real estate,56.736211547327876,none,rent,6.085109032090955,skilled employee / official,7.198534535345618,"yes, registered under the customers name ",yes
-6.613498061772011,no checking account,19.89592751490816,critical account/ other credits existing (not at this bank),car (new),2016.3541138518333,100 <= ... < 500 DM,4 <= ... < 7 years,10.642394053958654,male : single,none,4.751725507024441,unknown / no property,66.37852812413198,none,own,5.9553334541575,skilled employee / official,-5.544622384267425,none,yes
-4.986234138007409,< 0 DM,20.472783276614265,critical account/ other credits existing (not at this bank),domestic appliances,2617.977366848876,... < 100 DM,unemployed,0.7175694659063807,male : single,none,8.088558031314562,real estate,45.55915562821415,none,rent,-3.2140613610880537,skilled employee / official,0.7743130974357754,"yes, registered under the customers name ",yes
1.998871133617183,>= 200 DM / salary assignments for at least 1 year,40.86831755672045,existing credits paid back duly till now,education,2327.9592797656464,... < 100 DM,4 <= ... < 7 years,14.066232273973002,male : married/widowed,none,6.18139726616432,"if not A121/A122 : car or other, not in attribute 6",31.264685864530243,bank,own,5.992339523114998,skilled employee / official,0.14652926890565154,none,yes
-4.527395276800304,< 0 DM,26.209799984069058,existing credits paid back duly till now,domestic appliances,7064.717464280073,... < 100 DM,1 <= ... < 4 years,5.9566036442624215,male : single,none,2.901691640307213,real estate,30.889563770116517,none,rent,1.7795743144610148,skilled employee / official,3.898714378139803,"yes, registered under the customers name ",yes
-1.8908127701969484,no checking account,29.65049658202257,delay in paying off in the past,domestic appliances,1470.2832936535613,unknown/ no savings account,... < 1 year ,-1.0800826470411096,female : divorced/separated/married,none,6.824703267734073,real estate,36.611219672357116,bank,own,-0.6229844794850747,skilled employee / official,7.195799992102174,none,yes
6.496141488930327,no checking account,39.07049588556312,existing credits paid back duly till now,domestic appliances,2314.4275705225195,... < 100 DM,4 <= ... < 7 years,1.388807602287466,male : single,none,4.8546918556415,unknown / no property,32.03099580008245,none,own,-2.542557434094592,unskilled - resident,-5.647259073312039,"yes, registered under the customers name ",no
-1.7813198553071297,>= 200 DM / salary assignments for at least 1 year,8.991735235374414,existing credits paid back duly till now,car (new),928.4309025139064,500 <= ... < 1000 DM ,4 <= ... < 7 years,6.905906026118709,female : divorced/separated/married,none,-1.890619209302959,real estate,29.21177658514842,none,for free,-1.7996789718077602,skilled employee / official,3.8489897435288345,none,yes
3.6875778423354326,< 0 DM,11.598302866732514,existing credits paid back duly till now,education,1922.8593714618492,... < 100 DM,.. >= 7 years,9.263222088077807,female : divorced/separated/married,none,12.252061611875128,unknown / no property,34.32236091103176,none,own,9.711569230981166,skilled employee / official,6.157618874968507,none,yes
-4.668088400049385,0 <= ... < 200 DM,6.513311627264782,existing credits paid back duly till now,domestic appliances,2443.6016158443354,unknown/ no savings account,1 <= ... < 4 years,1.6464220413776869,male : single,none,2.2416031019474185,"if not A121/A122 : car or other, not in attribute 6",26.18279832200437,none,own,2.537053832470118,unskilled - resident,0.06811468021608635,"yes, registered under the customers name ",yes
-0.027187789338150026,0 <= ... < 200 DM,27.503615784297928,critical account/ other credits existing (not at this bank),car (new),11935.439692903405,... < 100 DM,.. >= 7 years,2.2232914048173322,female : divorced/separated/married,none,6.878761502249547,unknown / no property,34.91728186901639,none,own,2.8730592375060247,skilled employee / official,1.3127650355343823,none,yes
-3.750110274552906,no checking account,11.22093014436723,existing credits paid back duly till now,retraining,6465.004409301565,... < 100 DM,1 <= ... < 4 years,5.791765163220328,female : divorced/separated/married,none,-8.093071413478572,unknown / no property,43.45013578871592,none,own,0.6887657073152664,skilled employee / official,4.092246844924611,none,yes
-1.6951653795028123,< 0 DM,8.027002724374725,existing credits paid back duly till now,retraining,6072.763564268081,.. >= 1000 DM ,4 <= ... < 7 years,2.6589921350541,male : single,co-applicant,8.382354413904645,"if not A121/A122 : car or other, not in attribute 6",30.100490879457233,none,rent,13.229893057190143,skilled employee / official,2.724085389448941,none,no
4.201540687286977,no checking account,30.517825339040435,critical account/ other credits existing (not at this bank),domestic appliances,7717.009233211226,... < 100 DM,4 <= ... < 7 years,-5.467524296691879,male : single,none,9.343818723272909,"if not A121/A122 : car or other, not in attribute 6",28.699617302725002,none,own,7.525052444232124,management/ self-employed/ highly qualified employee/ officer,3.911763036835613,none,yes
-8.636602115961743,no checking account,18.201100813470987,existing credits paid back duly till now,retraining,1411.0569323752413,... < 100 DM,unemployed,-3.064870123200903,male : single,none,2.149168935633191,"if not A121/A122 : car or other, not in attribute 6",38.043948857646285,none,rent,-2.6053105739939633,skilled employee / official,3.8064026320060838,none,yes
2.172118217729287,no checking account,13.436991448429314,existing credits paid back duly till now,car (new),1450.9522746602695,... < 100 DM,1 <= ... < 4 years,2.1755997157583256,male : single,none,4.793855173688792,real estate,30.060025309583892,bank,own,0.6319247264768788,skilled employee / official,-2.909861528078256,"yes, registered under the customers name ",yes
1.1886780116613895,no checking account,13.641628081563539,existing credits paid back duly till now,(vacation - does not exist?),394.4817151717037,unknown/ no savings account,.. >= 7 years,10.077412082488468,male : single,none,6.792575908037813,real estate,21.82517003251077,bank,own,-0.07122271685455184,skilled employee / official,5.951332488524717,none,yes
-2.970749778483972,no checking account,12.238755793616162,existing credits paid back duly till now,domestic appliances,6264.556190222845,100 <= ... < 500 DM,.. >= 7 years,11.079912120810238,female : divorced/separated/married,co-applicant,-0.21391784820362147,unknown / no property,28.052876027645375,bank,rent,1.7293598914129973,skilled employee / official,6.833915810951192,none,yes
-6.230289271942273,no checking account,34.79781401464829,critical account/ other credits existing (not at this bank),domestic appliances,7855.992893103407,... < 100 DM,4 <= ... < 7 years,7.897647103857251,female : divorced/separated/married,none,4.735611527196701,real estate,28.976777068965383,none,own,-1.5061299631571763,unskilled - resident,1.930414468451491,none,yes
0.36064753856934756,no checking account,12.51015648620287,existing credits paid back duly till now,business,1682.446919694692,unknown/ no savings account,1 <= ... < 4 years,4.436453805181818,female : divorced/separated/married,none,-3.043152349362777,"if not A121/A122 : car or other, not in attribute 6",43.23246537741917,none,own,3.1940826168084833,unskilled - resident,-6.470776532748334,none,yes
-2.6474635453190123,< 0 DM,48.39494358170005,delay in paying off in the past,(vacation - does not exist?),3576.7039537034248,500 <= ... < 1000 DM ,.. >= 7 years,7.7440694299123845,male : single,none,-2.0437846182266304,"if not A121/A122 : car or other, not in attribute 6",49.92743116123041,none,for free,8.260440660196572,management/ self-employed/ highly qualified employee/ officer,0.4262714699995471,none,yes
2.16338105677352,< 0 DM,47.66840239378351,existing credits paid back duly till now,domestic appliances,7174.313491516184,500 <= ... < 1000 DM ,... < 1 year ,0.6662457489657219,male : single,none,8.634715716061493,real estate,34.016571118121334,none,rent,-5.568140545020817,skilled employee / official,1.9720293847028416,none,yes
0.10926072761721439,no checking account,8.193647874982773,existing credits paid back duly till now,domestic appliances,2132.537670900268,... < 100 DM,... < 1 year ,1.2338451987089292,female : divorced/separated/married,none,7.873288453501013,if not A121 : building society savings agreement/ life insurance,26.000729689494378,stores,own,-3.6407336854603347,skilled employee / official,-4.723001188934086,"yes, registered under the customers name ",yes
9.008894456604578,< 0 DM,34.76017235901462,existing credits paid back duly till now,domestic appliances,4282.075490679095,... < 100 DM,.. >= 7 years,-3.120653606697383,female : divorced/separated/married,none,0.4681224894210372,if not A121 : building society savings agreement/ life insurance,19.461010684156413,none,own,-0.4157927764865348,skilled employee / official,-0.8006903178850673,none,yes
-1.1967781373651214,>= 200 DM / salary assignments for at least 1 year,7.05686425282697,existing credits paid back duly till now,radio/television,2369.862699037914,... < 100 DM,... < 1 year ,-3.243713053538558,male : single,none,-0.6678817175052032,if not A121 : building society savings agreement/ life insurance,39.26993116117558,none,for free,-1.1839778005391484,skilled employee / official,-6.046846937792709,none,yes
-4.117487463109325,no checking account,23.251586390219064,existing credits paid back duly till now,car (new),1837.7757284097243,... < 100 DM,1 <= ... < 4 years,4.6677450581810245,male : single,guarantor,-1.2279830122883606,real estate,25.856204123002858,none,for free,11.992329373729653,skilled employee / official,4.03646112493222,none,yes
0.8963781747815808,< 0 DM,24.015542750928184,critical account/ other credits existing (not at this bank),car (new),3868.221085014501,500 <= ... < 1000 DM ,4 <= ... < 7 years,4.927566532923718,female : divorced/separated/married,none,5.663197832327453,if not A121 : building society savings agreement/ life insurance,33.886856756251255,stores,rent,7.008546100074193,unskilled - resident,1.8297765745102565,none,yes
1.0999834198588259,no checking account,8.250933308577412,existing credits paid back duly till now,car (used),1763.9543700752947,unknown/ no savings account,4 <= ... < 7 years,6.438262422545064,male : single,none,-2.999923904051985,"if not A121/A122 : car or other, not in attribute 6",22.35965188287201,none,own,5.721611760591321,unskilled - resident,-7.228915824071223,none,yes
6.795937876202183,no checking account,8.820853189125735,critical account/ other credits existing (not at this bank),domestic appliances,781.3383562903135,100 <= ... < 500 DM,1 <= ... < 4 years,6.730559154462236,male : single,none,5.783563195179763,if not A121 : building society savings agreement/ life insurance,62.585514882592236,none,rent,0.6781715324329975,skilled employee / official,2.757324307909903,none,no
5.1755562295728925,no checking account,17.079121267423893,delay in paying off in the past,domestic appliances,1923.8599110755213,unknown/ no savings account,1 <= ... < 4 years,5.21322135661931,male : single,none,6.734234053171473,real estate,24.447710664857606,none,own,-0.4315670339340705,skilled employee / official,0.7174552630485438,none,yes
1.7843552957475466,0 <= ... < 200 DM,10.64922435331452,critical account/ other credits existing (not at this bank),domestic appliances,2121.9659078990658,unknown/ no savings account,4 <= ... < 7 years,6.783083328387772,female : divorced/separated/married,none,1.5587727485344995,if not A121 : building society savings agreement/ life insurance,37.408677972710635,none,own,-5.258527068826993,skilled employee / official,3.582071413772024,"yes, registered under the customers name ",yes
7.316514456097809,0 <= ... < 200 DM,20.85670621133842,existing credits paid back duly till now,domestic appliances,712.032626535702,unknown/ no savings account,.. >= 7 years,3.786584518862617,male : married/widowed,none,7.050318484324638,"if not A121/A122 : car or other, not in attribute 6",42.399195184511086,bank,own,4.908701140239087,skilled employee / official,-0.957662168777139,none,yes
-4.9438152716142545,< 0 DM,11.507769988460602,all credits at this bank paid back duly,domestic appliances,636.3811361072939,... < 100 DM,.. >= 7 years,6.0644569761120035,male : single,none,0.4784491525510377,real estate,36.86587458944324,none,own,3.4552730240439273,unskilled - resident,-3.0073970037151208,"yes, registered under the customers name ",yes
-3.1987576637487387,no checking account,10.780519449113312,existing credits paid back duly till now,car (new),1862.1114450956268,... < 100 DM,.. >= 7 years,0.3692779865682021,female : divorced/separated/married,none,0.930721995030428,"if not A121/A122 : car or other, not in attribute 6",35.3171263082608,bank,rent,8.429986823391419,skilled employee / official,-2.854223132289034,"yes, registered under the customers name ",yes
-3.632879707027625,no checking account,1.5127452119492908,existing credits paid back duly till now,car (new),3504.3423103362215,unknown/ no savings account,.. >= 7 years,4.84852962819565,male : single,none,-2.8862311556592823,unknown / no property,29.406939182125388,none,rent,0.9458514332191634,unemployed/ unskilled - non-resident,-1.6908510827420233,none,yes
-1.9490490157788398,0 <= ... < 200 DM,43.52896324010261,existing credits paid back duly till now,business,8487.490009570496,unknown/ no savings account,.. >= 7 years,4.342088426430047,male : single,none,7.085886738101026,real estate,19.317010911948756,none,own,0.29110426899801556,skilled employee / official,1.0941254829052351,none,yes
-5.883430737781544,< 0 DM,34.684632877718236,existing credits paid back duly till now,radio/television,6898.689225595861,unknown/ no savings account,.. >= 7 years,0.6515928596389844,female : divorced/separated/married,none,-0.8326022348943516,if not A121 : building society savings agreement/ life insurance,29.059647665982833,none,own,1.8502276428031785,skilled employee / official,1.7397923271239604,"yes, registered under the customers name ",yes
3.1757547340720214,no checking account,11.570736619116786,critical account/ other credits existing (not at this bank),radio/television,2706.1098035413424,100 <= ... < 500 DM,4 <= ... < 7 years,2.2591604949642337,female : divorced/separated/married,guarantor,4.748859088575296,if not A121 : building society savings agreement/ life insurance,27.0652696283772,none,rent,6.459487877535477,management/ self-employed/ highly qualified employee/ officer,0.04640061095948578,"yes, registered under the customers name ",yes
-1.111113485493867,0 <= ... < 200 DM,24.908537966888986,critical account/ other credits existing (not at this bank),car (used),1985.6204461116001,100 <= ... < 500 DM,... < 1 year ,0.881987451853202,male : single,none,3.643419664370326,if not A121 : building society savings agreement/ life insurance,40.16443057982883,none,own,-5.351078110487395,unskilled - resident,-1.1165977449825957,none,yes
-7.35403147251329,no checking account,59.17531112301891,existing credits paid back duly till now,repairs,10140.005971275536,... < 100 DM,... < 1 year ,-0.6325334825805746,male : single,none,-1.2639153155583127,real estate,18.302362651148027,none,own,4.680280668691873,management/ self-employed/ highly qualified employee/ officer,-0.7570163400274088,"yes, registered under the customers name ",yes
-5.077895406037708,< 0 DM,18.442221246591263,all credits at this bank paid back duly,domestic appliances,1238.2423763242834,.. >= 1000 DM ,4 <= ... < 7 years,-1.6246467755107732,female : divorced/separated/married,none,-1.0455157191166036,"if not A121/A122 : car or other, not in attribute 6",36.383587007418186,none,own,1.8975221891358474,skilled employee / official,13.538623927534665,none,yes
1.5675692372509764,< 0 DM,27.30852317025184,all credits at this bank paid back duly,car (new),8614.244669551983,500 <= ... < 1000 DM ,1 <= ... < 4 years,8.328874625832778,female : divorced/separated/married,none,8.91436119520367,unknown / no property,29.067397720278606,none,own,-3.293186339768482,skilled employee / official,-2.8536257574910437,none,yes
5.190632839471905,no checking account,12.186139182107883,critical account/ other credits existing (not at this bank),business,770.2315203115387,unknown/ no savings account,4 <= ... < 7 years,9.328425873600239,female : divorced/separated/married,co-applicant,4.008287713172402,real estate,68.30675055992853,none,rent,-9.423028763270333,skilled employee / official,-1.7898600427309628,none,yes
9.983654458458933,no checking account,14.556017761437495,existing credits paid back duly till now,car (new),2729.595474170118,unknown/ no savings account,.. >= 7 years,6.6871692711366855,male : single,none,-3.04575170683421,if not A121 : building society savings agreement/ life insurance,32.093407590173975,bank,own,2.317631440608233,skilled employee / official,17.469270541840743,"yes, registered under the customers name ",yes
14.569312330036649,>= 200 DM / salary assignments for at least 1 year,12.018981258107296,no credits taken/ all credits paid back duly,radio/television,1887.2955742466736,... < 100 DM,... < 1 year ,11.86097975971907,male : single,none,3.526641436743459,unknown / no property,46.344348012709425,none,own,8.23856491637035,skilled employee / official,3.1050665123027628,"yes, registered under the customers name ",yes
2.0720471663799818,no checking account,14.593975015249297,no credits taken/ all credits paid back duly,car (used),708.5251734470367,.. >= 1000 DM ,1 <= ... < 4 years,1.0537715171580415,female : divorced/separated/married,none,1.2694298420272745,real estate,26.089605353257415,none,own,9.373423333706976,unemployed/ unskilled - non-resident,-5.899903329518478,"yes, registered under the customers name ",yes
-4.947690600159321,no checking account,24.40194636624391,critical account/ other credits existing (not at this bank),domestic appliances,4793.339157350805,... < 100 DM,... < 1 year ,19.158812075553172,female : divorced/separated/married,co-applicant,18.27023201122091,unknown / no property,15.651899875725217,none,rent,2.7768810533504817,skilled employee / official,5.213436019886316,"yes, registered under the customers name ",yes
-10.660231403656546,< 0 DM,16.992271277806605,existing credits paid back duly till now,(vacation - does not exist?),3429.519925536397,500 <= ... < 1000 DM ,.. >= 7 years,1.862352923183898,female : divorced/separated/married,none,3.425619206711362,real estate,24.57648984024229,none,rent,10.810028319211238,skilled employee / official,-3.5501944460057384,"yes, registered under the customers name ",yes
2.338557311719179,no checking account,15.284145844719431,existing credits paid back duly till now,domestic appliances,2463.97118824721,500 <= ... < 1000 DM ,... < 1 year ,3.2759667587800823,female : divorced/separated/married,none,0.09687576466817749,"if not A121/A122 : car or other, not in attribute 6",27.394943200711893,bank,own,0.7852945852162756,skilled employee / official,5.545307539025486,"yes, registered under the customers name ",yes
-4.06470547655163,< 0 DM,21.072639409687845,delay in paying off in the past,radio/television,2284.402592270107,100 <= ... < 500 DM,1 <= ... < 4 years,2.011110430298959,male : single,none,11.100139588935521,unknown / no property,14.590971216861602,none,own,5.766517758213905,skilled employee / official,-0.05481139685340719,none,yes
-2.0767863008984264,0 <= ... < 200 DM,51.450522123820065,critical account/ other credits existing (not at this bank),radio/television,3562.5286811887595,... < 100 DM,1 <= ... < 4 years,5.861627800301525,male : single,none,-7.205180836464228,real estate,30.5634560020777,none,own,-1.2561544445321364,unskilled - resident,-1.1989792474470367,"yes, registered under the customers name ",yes
-3.06048399529904,0 <= ... < 200 DM,8.365435990137376,delay in paying off in the past,domestic appliances,855.2866004273433,100 <= ... < 500 DM,... < 1 year ,5.178074639431222,male : single,none,4.4716007819054875,real estate,46.92630607092644,none,own,-0.5729941964207432,unskilled - resident,9.045824844137915,none,yes
-0.7039544320819263,0 <= ... < 200 DM,10.07877043559715,existing credits paid back duly till now,car (new),686.682846779284,100 <= ... < 500 DM,1 <= ... < 4 years,3.43041803473458,male : single,none,12.972142473405363,"if not A121/A122 : car or other, not in attribute 6",47.196935234947595,none,rent,-1.3875455844031817,unskilled - resident,3.8320067632962242,"yes, registered under the customers name ",yes
5.329901153938218,< 0 DM,41.09521846620881,existing credits paid back duly till now,business,5369.178113535534,unknown/ no savings account,4 <= ... < 7 years,11.883599235588104,male : single,none,1.4190035782012296,if not A121 : building society savings agreement/ life insurance,28.01074540213843,none,own,-8.302644735621563,skilled employee / official,5.864947187246037,none,yes
0.7852428372267231,0 <= ... < 200 DM,23.150977015763655,existing credits paid back duly till now,domestic appliances,1582.6368123782825,unknown/ no savings account,1 <= ... < 4 years,5.195746423167304,female : divorced/separated/married,none,-4.666505223240394,unknown / no property,39.47991871386039,none,own,8.435461299734559,skilled employee / official,3.174598397599732,none,yes
-0.7931741851934415,0 <= ... < 200 DM,6.9202891563578275,existing credits paid back duly till now,car (new),1345.6824566278087,... < 100 DM,.. >= 7 years,3.3524269305509957,female : divorced/separated/married,none,2.0204101779470114,if not A121 : building society savings agreement/ life insurance,50.13615570831786,none,own,-2.208162195690081,skilled employee / official,-0.22222261896549256,none,yes
-5.178268764129058,0 <= ... < 200 DM,14.813287862434207,no credits taken/ all credits paid back duly,business,1927.6574620397046,unknown/ no savings account,.. >= 7 years,-3.544988472568587,male : single,none,11.272590204795184,unknown / no property,37.58333686501693,stores,own,-3.0071938987759816,skilled employee / official,4.05677210129104,none,yes
-8.373414723521785,no checking account,37.363226317160645,critical account/ other credits existing (not at this bank),furniture/equipment,5843.76627953558,... < 100 DM,.. >= 7 years,6.092495372751922,female : divorced/separated/married,none,2.8803479816038555,unknown / no property,24.23313421397009,none,own,-4.899858408063378,unskilled - resident,7.046076963422303,none,yes
-2.4315395453666544,0 <= ... < 200 DM,21.192584866085582,existing credits paid back duly till now,domestic appliances,7752.622138569285,... < 100 DM,1 <= ... < 4 years,1.3298638959531721,male : single,co-applicant,-0.19428054756258906,real estate,35.77150232752811,none,own,-0.021797182681415173,unskilled - resident,1.673690217587767,"yes, registered under the customers name ",yes
-0.2689127540916025,< 0 DM,27.489084195000025,critical account/ other credits existing (not at this bank),domestic appliances,6968.121486535908,unknown/ no savings account,... < 1 year ,0.9588013533135658,male : single,none,0.5737859641048804,real estate,39.3073919732274,bank,own,9.817461552798713,unskilled - resident,10.00821302173253,none,yes
9.839649567899414,no checking account,12.553065612893388,existing credits paid back duly till now,domestic appliances,1285.0047964234996,100 <= ... < 500 DM,unemployed,-1.8823720407418194,male : single,none,1.2014986442509334,if not A121 : building society savings agreement/ life insurance,15.621856337516302,none,own,11.468894254113588,unskilled - resident,5.252436016009543,"yes, registered under the customers name ",yes
0.6513726073644293,< 0 DM,9.006699233772435,critical account/ other credits existing (not at this bank),car (new),1289.6626615654882,100 <= ... < 500 DM,.. >= 7 years,16.358816898783424,male : single,none,5.805989420269981,"if not A121/A122 : car or other, not in attribute 6",44.76361037956342,bank,for free,-6.304334379010417,unskilled - resident,3.0599127488580598,none,yes
4.913697555115288,< 0 DM,19.36476786094787,critical account/ other credits existing (not at this bank),business,334.9527313545134,... < 100 DM,.. >= 7 years,2.682613749104823,female : divorced/separated/married,none,7.6909806646932655,if not A121 : building society savings agreement/ life insurance,47.47465652261649,none,own,-0.7722399798814117,unskilled - resident,2.2574326550890893,"yes, registered under the customers name ",yes
-2.4964779926957603,< 0 DM,11.745639357299567,existing credits paid back duly till now,car (used),3515.387424210457,... < 100 DM,... < 1 year ,-5.284927103906339,female : divorced/separated/married,none,8.262115063995854,"if not A121/A122 : car or other, not in attribute 6",34.8793947246853,none,own,-3.1717888504684932,skilled employee / official,1.6861856448381238,none,yes
-5.924718832085123,0 <= ... < 200 DM,-1.0884208507978483,critical account/ other credits existing (not at this bank),car (new),1894.2806953645218,100 <= ... < 500 DM,.. >= 7 years,-2.491107298662863,male : single,none,4.280060910545642,"if not A121/A122 : car or other, not in attribute 6",23.413783439397363,none,rent,6.941688706057599,skilled employee / official,-4.256193927974958,none,yes
-4.825583811161859,>= 200 DM / salary assignments for at least 1 year,18.064647868128148,critical account/ other credits existing (not at this bank),car (new),2869.392306776068,100 <= ... < 500 DM,... < 1 year ,2.742160802618932,female : divorced/separated/married,none,-2.6582238002874163,real estate,35.73379600680461,none,own,2.4329677364696334,skilled employee / official,1.5496390209569744,none,yes
-3.6261303226787662,< 0 DM,16.18369676215597,existing credits paid back duly till now,radio/television,1050.28023237639,... < 100 DM,1 <= ... < 4 years,6.733335163082424,male : single,none,-5.639662569967206,"if not A121/A122 : car or other, not in attribute 6",22.59893669437595,none,own,-1.1828466368991748,unskilled - resident,2.105932426705836,"yes, registered under the customers name ",yes
10.642348662175822,no checking account,13.726959151169849,critical account/ other credits existing (not at this bank),radio/television,1268.5057917432603,... < 100 DM,1 <= ... < 4 years,6.773982608626567,male : single,none,5.666260106068817,unknown / no property,44.08140876781863,none,own,2.362865402955095,skilled employee / official,-1.0804256063326436,none,yes
-4.1069333961219305,no checking account,2.4633717611347627,existing credits paid back duly till now,radio/television,7311.167107705137,... < 100 DM,.. >= 7 years,5.383072758882627,male : single,none,-2.727355489664472,real estate,70.88393818881576,bank,own,-1.3870931070385426,unskilled - resident,2.6883850935234745,"yes, registered under the customers name ",yes
4.192446018681725,< 0 DM,31.074209838445867,critical account/ other credits existing (not at this bank),radio/television,912.0249668783944,100 <= ... < 500 DM,.. >= 7 years,0.7756984668133518,male : single,guarantor,2.8721648946569784,real estate,31.474124716282123,none,own,9.071230471874483,skilled employee / official,1.1065374517755555,"yes, registered under the customers name ",yes
-4.514635890435132,no checking account,1.6957916073821488,existing credits paid back duly till now,domestic appliances,2984.2360571057125,... < 100 DM,.. >= 7 years,2.702202217507727,female : divorced/separated/married,none,3.520752230930885,"if not A121/A122 : car or other, not in attribute 6",28.50683792668773,none,rent,3.734797575080192,skilled employee / official,4.868459455493842,"yes, registered under the customers name ",yes
5.6578650643712205,no checking account,30.28712046037946,critical account/ other credits existing (not at this bank),radio/television,1145.0632462411936,... < 100 DM,.. >= 7 years,-0.38029732055289234,male : single,none,-3.687969976813444,"if not A121/A122 : car or other, not in attribute 6",23.553012060630397,bank,own,4.34911710458219,skilled employee / official,4.315561905328655,none,yes
1.9247548305293158,< 0 DM,20.00870973873573,existing credits paid back duly till now,radio/television,1568.4538694804492,... < 100 DM,4 <= ... < 7 years,0.9017850849299416,male : single,none,-4.1213116717943175,unknown / no property,14.502690566097481,stores,own,-12.334587390164486,skilled employee / official,1.8357664379242062,none,yes
-0.7831894882904521,no checking account,21.941252911576754,existing credits paid back duly till now,car (used),3968.3081170956143,... < 100 DM,.. >= 7 years,-2.5885448725012976,female : divorced/separated/married,none,3.529394677160907,if not A121 : building society savings agreement/ life insurance,30.081616012703495,none,rent,0.6660566058559458,unskilled - resident,-5.836064456509991,"yes, registered under the customers name ",yes
0.7961873693228299,< 0 DM,22.182083548466004,existing credits paid back duly till now,domestic appliances,1931.9191245791274,.. >= 1000 DM ,1 <= ... < 4 years,-1.9419442729913472,female : divorced/separated/married,none,6.518251437620269,real estate,42.15893072746196,none,for free,12.416054795295171,skilled employee / official,9.953613693405853,"yes, registered under the customers name ",yes
-2.273938477146952,>= 200 DM / salary assignments for at least 1 year,9.253980014058529,existing credits paid back duly till now,domestic appliances,945.7459018880866,... < 100 DM,.. >= 7 years,9.321047444290043,male : divorced/separated,none,8.307593852068784,if not A121 : building society savings agreement/ life insurance,36.63198256599479,bank,own,8.630645350183421,skilled employee / official,1.2905450071442839,"yes, registered under the customers name ",yes
2.2303610074104028,0 <= ... < 200 DM,2.4593479338736657,existing credits paid back duly till now,domestic appliances,757.6120837619815,unknown/ no savings account,... < 1 year ,7.443058504894438,male : single,none,4.035267173852759,if not A121 : building society savings agreement/ life insurance,25.539787306894855,none,own,-8.235447929601516,unskilled - resident,0.5955677315243413,none,yes
-1.2749174017039002,no checking account,23.41559906795738,existing credits paid back duly till now,car (used),2062.501734679723,... < 100 DM,1 <= ... < 4 years,7.88332684989065,male : married/widowed,none,2.3682829749609726,"if not A121/A122 : car or other, not in attribute 6",31.84020312173042,bank,own,-0.5671291634179705,skilled employee / official,-0.7126042434969384,none,yes
-6.128028818836241,< 0 DM,3.0107400837798712,existing credits paid back duly till now,car (new),1407.916981423553,unknown/ no savings account,.. >= 7 years,4.196565330121482,male : married/widowed,none,-1.7309737677852466,if not A121 : building society savings agreement/ life insurance,28.217520932118187,bank,own,-5.007597329593607,skilled employee / official,-1.4420582803276822,none,yes
-5.389687871598096,no checking account,20.57574734168995,existing credits paid back duly till now,car (new),3415.675211837687,unknown/ no savings account,1 <= ... < 4 years,5.884038494325733,male : single,none,-4.354534979222596,unknown / no property,36.2988294966987,none,own,10.555507801814352,skilled employee / official,8.720290240002619,none,yes
1.8629395886105975,no checking account,21.99897075478261,critical account/ other credits existing (not at this bank),business,7485.258491607143,... < 100 DM,... < 1 year ,-4.8064470232127245,male : married/widowed,none,-1.5543854416457377,"if not A121/A122 : car or other, not in attribute 6",52.05625649067812,bank,own,2.2213914113795425,skilled employee / official,7.930221601930398,"yes, registered under the customers name ",yes
7.895456282052175,0 <= ... < 200 DM,8.190127708448712,existing credits paid back duly till now,car (new),2579.4051433238183,100 <= ... < 500 DM,... < 1 year ,6.315437590226775,female : divorced/separated/married,none,3.0496779249028356,real estate,52.57814915031252,none,for free,-2.83897779865718,unskilled - resident,3.221967017888354,none,yes
0.7999580678671913,0 <= ... < 200 DM,6.743135476514154,delay in paying off in the past,domestic appliances,340.53864225819126,... < 100 DM,... < 1 year ,4.8855991500251505,male : single,none,5.683118533136714,unknown / no property,58.96759754805031,stores,own,2.1707897177039452,unskilled - resident,0.4624992278463729,none,yes
-0.5931916305494128,no checking account,13.831047988919687,existing credits paid back duly till now,car (new),1966.0150342671334,... < 100 DM,... < 1 year ,7.135548000745828,male : single,none,-8.499509928625612,if not A121 : building society savings agreement/ life insurance,22.296017843268633,bank,own,-11.03682764534242,skilled employee / official,5.095589925068766,none,yes
1.4291306980127145,< 0 DM,23.08735979371007,existing credits paid back duly till now,car (used),569.1329553158806,... < 100 DM,1 <= ... < 4 years,5.900116495243066,male : single,none,0.0716148586624854,"if not A121/A122 : car or other, not in attribute 6",61.67023802120354,none,own,-3.4248065172828834,unskilled - resident,1.3689849088468637,"yes, registered under the customers name ",yes
7.530008708534124,no checking account,29.39755507921481,critical account/ other credits existing (not at this bank),domestic appliances,9582.605717013168,... < 100 DM,1 <= ... < 4 years,-3.9352757726844327,male : single,none,7.022537758030779,"if not A121/A122 : car or other, not in attribute 6",24.654774379130888,none,own,2.182218629131548,skilled employee / official,0.04888540838450561,"yes, registered under the customers name ",yes
2.0969125068192818,no checking account,40.27342865067781,existing credits paid back duly till now,repairs,4456.172155582411,unknown/ no savings account,1 <= ... < 4 years,-5.490198876955233,male : single,none,2.396075239020697,real estate,29.600768179471302,none,rent,6.228376842266612,skilled employee / official,2.690529607531651,none,yes
-1.0546361541686857,< 0 DM,16.998941516990747,existing credits paid back duly till now,domestic appliances,1637.687576236876,... < 100 DM,1 <= ... < 4 years,0.4397291690851839,male : divorced/separated,none,-5.08504456551493,real estate,39.69842873443123,bank,own,-7.706570602986703,skilled employee / official,-0.20578873472722403,none,yes
5.531443550299445,no checking account,27.164289573036534,existing credits paid back duly till now,domestic appliances,3771.988121271169,... < 100 DM,.. >= 7 years,6.824586406364561,male : single,none,15.779105907990758,unknown / no property,64.9811954769907,bank,rent,-0.9057765385121468,unskilled - resident,2.2613213200171627,"yes, registered under the customers name ",yes
3.1437821923080675,0 <= ... < 200 DM,17.946806616909033,existing credits paid back duly till now,car (new),875.2974850548609,unknown/ no savings account,4 <= ... < 7 years,7.450457075876977,male : single,none,3.8552913384261767,if not A121 : building society savings agreement/ life insurance,30.613860627626206,none,own,6.0484286925941095,skilled employee / official,3.0211046281081777,none,yes
7.67877995997996,no checking account,8.118062504610261,all credits at this bank paid back duly,car (used),1360.0866731457565,... < 100 DM,4 <= ... < 7 years,-2.839711386909314,male : single,none,3.92166979656704,real estate,32.14484967832195,none,own,-5.257266621866361,unskilled - resident,4.014680106289623,"yes, registered under the customers name ",yes
1.9161721861095307,no checking account,7.4190114770940605,existing credits paid back duly till now,domestic appliances,5128.390973879733,... < 100 DM,.. >= 7 years,-2.9054968373410732,male : single,guarantor,5.997623780225672,real estate,77.08253871233902,none,own,2.1459141739208656,skilled employee / official,-1.095684787378044,none,no
-6.122345158602501,no checking account,17.82681871031884,existing credits paid back duly till now,radio/television,1172.6578715105027,... < 100 DM,4 <= ... < 7 years,-1.6161784297041963,male : married/widowed,none,1.1620226691990696,if not A121 : building society savings agreement/ life insurance,67.99213997765402,none,own,3.3298725155300173,unskilled - resident,4.550681764382704,none,yes
-5.840795996228325,0 <= ... < 200 DM,15.064826902372996,existing credits paid back duly till now,business,684.0546305620026,... < 100 DM,1 <= ... < 4 years,2.2134746986659213,male : single,none,-2.6378684091069715,"if not A121/A122 : car or other, not in attribute 6",20.55090288890679,none,own,9.571901601783011,unskilled - resident,-3.5315574647525256,"yes, registered under the customers name ",yes
8.254639661156247,< 0 DM,17.29506051277791,existing credits paid back duly till now,domestic appliances,3246.744914370385,500 <= ... < 1000 DM ,1 <= ... < 4 years,-5.810254154263261,female : divorced/separated/married,none,14.608374925329702,real estate,27.775955528467065,bank,rent,0.8493190344418118,skilled employee / official,-1.8628332581061935,"yes, registered under the customers name ",yes
9.618328603916485,no checking account,31.658894453005264,no credits taken/ all credits paid back duly,business,4594.630491807232,100 <= ... < 500 DM,... < 1 year ,-5.110258830700663,male : single,none,8.016029348088754,if not A121 : building society savings agreement/ life insurance,54.53243097301341,none,own,2.1419970081246484,skilled employee / official,-1.6446252957287202,"yes, registered under the customers name ",yes
0.10240393358699673,no checking account,53.037553854932796,existing credits paid back duly till now,radio/television,3839.3446325602895,.. >= 1000 DM ,4 <= ... < 7 years,-0.10917648203776942,male : divorced/separated,none,8.109686005543383,if not A121 : building society savings agreement/ life insurance,36.55699498087186,none,own,5.2747987658234425,unskilled - resident,-3.360258861868391,none,yes
-0.9159366056799387,< 0 DM,25.716729418001236,existing credits paid back duly till now,car (new),3910.004275543345,100 <= ... < 500 DM,1 <= ... < 4 years,4.431269181125028,male : divorced/separated,none,4.881445958591053,if not A121 : building society savings agreement/ life insurance,37.63800292135564,bank,own,-5.631743340246723,skilled employee / official,7.0783114169283134,none,yes
7.307221461211011,no checking account,9.750609060684722,existing credits paid back duly till now,domestic appliances,2108.1840274954848,500 <= ... < 1000 DM ,1 <= ... < 4 years,-3.9029716987674528,female : divorced/separated/married,none,-3.0165869518084225,"if not A121/A122 : car or other, not in attribute 6",31.85100451956046,none,own,-0.10441603275429312,skilled employee / official,-3.845262380948986,"yes, registered under the customers name ",yes
-4.53522841021744,< 0 DM,54.668967425940934,delay in paying off in the past,radio/television,3031.865035698261,unknown/ no savings account,1 <= ... < 4 years,3.420982450141169,male : single,none,10.387650958701368,"if not A121/A122 : car or other, not in attribute 6",28.06303950318116,none,own,-1.2786250542025526,skilled employee / official,-2.4945816870333593,none,yes
-3.473635094779132,0 <= ... < 200 DM,18.802423003915134,delay in paying off in the past,car (new),1491.7184421644276,... < 100 DM,.. >= 7 years,7.292764080709077,male : single,none,-1.215663290058746,real estate,38.68483270957171,none,own,1.3054409364744988,unskilled - resident,7.27703855243321,none,yes
3.216633973445222,no checking account,-0.139999404112487,delay in paying off in the past,domestic appliances,1381.0984648857523,100 <= ... < 500 DM,1 <= ... < 4 years,-5.50889868706755,male : single,none,2.4164339907532284,real estate,28.356473067487183,none,own,6.24203224481419,skilled employee / official,-1.8529135092682525,"yes, registered under the customers name ",yes
-0.9730256142979479,>= 200 DM / salary assignments for at least 1 year,7.367334444214247,existing credits paid back duly till now,car (new),951.0703604143675,... < 100 DM,1 <= ... < 4 years,2.967771207947303,female : divorced/separated/married,none,-4.196949527322845,real estate,21.14120824058361,none,own,6.770807425410865,skilled employee / official,0.05928657430951678,none,yes
-0.02560933360035648,0 <= ... < 200 DM,31.424593933669254,existing credits paid back duly till now,car (new),2758.924254171144,... < 100 DM,1 <= ... < 4 years,9.123783668753862,female : divorced/separated/married,none,-6.204294253237599,real estate,32.9999736264444,none,own,-2.743411542643381,unskilled - resident,-4.0601450045826795,"yes, registered under the customers name ",yes
0.18278550737743715,no checking account,12.708594745811814,existing credits paid back duly till now,domestic appliances,4292.933047938267,... < 100 DM,.. >= 7 years,1.9086580481809534,male : single,none,4.5914560132655735,if not A121 : building society savings agreement/ life insurance,38.90184424041292,bank,own,1.6834960166360622,skilled employee / official,5.164756038113423,none,yes
1.6878727439946677,< 0 DM,2.387294333541605,existing credits paid back duly till now,radio/television,933.3023240903943,unknown/ no savings account,1 <= ... < 4 years,1.1316515457079053,male : single,none,-2.0454963359745406,unknown / no property,53.26172915670724,none,own,9.452208070502621,skilled employee / official,5.233681220955326,"yes, registered under the customers name ",yes
7.037409306568584,0 <= ... < 200 DM,9.569029346504767,critical account/ other credits existing (not at this bank),radio/television,1167.115704032136,unknown/ no savings account,.. >= 7 years,9.817479071532368,female : divorced/separated/married,none,-6.945837856486365,unknown / no property,24.608336192503025,none,rent,-3.1568284939865263,skilled employee / official,4.6947295206172335,"yes, registered under the customers name ",yes
0.4529245345087277,>= 200 DM / salary assignments for at least 1 year,29.10113354737293,existing credits paid back duly till now,radio/television,5117.45400011805,500 <= ... < 1000 DM ,1 <= ... < 4 years,1.4689896051422608,male : single,none,6.703047514735378,unknown / no property,21.321334004078242,none,rent,2.7258339019850633,skilled employee / official,3.6876491409697185,none,yes
4.219693966384289,no checking account,11.488016466944519,critical account/ other credits existing (not at this bank),car (used),905.0239579127528,... < 100 DM,1 <= ... < 4 years,9.522475126027839,male : single,none,14.600403855253946,unknown / no property,15.059006554398314,none,own,0.03419661530685714,skilled employee / official,1.3679455550973834,none,yes
-10.250860505155114,< 0 DM,8.74718189797204,existing credits paid back duly till now,car (used),1500.4042810247543,100 <= ... < 500 DM,1 <= ... < 4 years,6.144826955635994,male : single,none,7.947801292900309,unknown / no property,29.744111204722344,stores,own,1.6849749208161153,skilled employee / official,-0.6218833346899224,none,yes
-0.24359200965058975,< 0 DM,26.628937691377455,existing credits paid back duly till now,car (new),10621.528261382364,... < 100 DM,... < 1 year ,1.2857767354508163,male : married/widowed,none,2.7134105736716374,"if not A121/A122 : car or other, not in attribute 6",36.82524648112715,none,own,-5.153288111247004,unskilled - resident,-2.0748465333301045,none,yes
-4.216151351464355,no checking account,8.438314677936457,critical account/ other credits existing (not at this bank),domestic appliances,1932.7192190194232,unknown/ no savings account,4 <= ... < 7 years,6.398452652987652,male : married/widowed,none,4.0442265334847285,if not A121 : building society savings agreement/ life insurance,35.65167278964847,none,own,10.053814271561022,unskilled - resident,7.449527633808351,none,yes
-6.09406530211814,0 <= ... < 200 DM,7.6024518567052874,existing credits paid back duly till now,radio/television,1426.1882783676715,... < 100 DM,... < 1 year ,5.6022475692301885,male : single,none,7.438531283919566,real estate,20.997371579213038,none,for free,-2.8717595044409165,skilled employee / official,4.824021358632949,none,yes
-4.390761834643754,< 0 DM,35.40816438638031,existing credits paid back duly till now,car (used),6571.054224582054,... < 100 DM,1 <= ... < 4 years,7.104414105012371,male : single,none,7.610640099174534,real estate,19.030490635778488,stores,for free,6.130359850767664,skilled employee / official,-2.4665211360021213,"yes, registered under the customers name ",yes
-1.6706172035040603,< 0 DM,13.487555355927775,existing credits paid back duly till now,car (new),1410.8289978337057,unknown/ no savings account,... < 1 year ,0.2582723106749074,male : single,none,0.28232140587150645,if not A121 : building society savings agreement/ life insurance,48.32041345304283,none,own,-2.106883040237556,skilled employee / official,1.1991588411156724,none,yes
4.579512711780065,>= 200 DM / salary assignments for at least 1 year,13.433795272023692,existing credits paid back duly till now,radio/television,3077.951967384831,500 <= ... < 1000 DM ,unemployed,1.2060303339080984,female : divorced/separated/married,co-applicant,2.1708885786228715,unknown / no property,34.89876094249348,none,for free,-1.1275232594788012,skilled employee / official,0.49942453507493356,none,yes
-6.63196358869782,0 <= ... < 200 DM,33.55461265940538,existing credits paid back duly till now,domestic appliances,3839.89792670578,... < 100 DM,... < 1 year ,1.692421601976813,male : single,none,5.503074033822682,real estate,48.701115318028435,bank,own,7.065616252327334,skilled employee / official,-4.641053528528751,"yes, registered under the customers name ",yes
1.1531574629720873,>= 200 DM / salary assignments for at least 1 year,26.070216614069757,no credits taken/ all credits paid back duly,radio/television,5299.458432328293,unknown/ no savings account,4 <= ... < 7 years,5.5207407081989235,male : single,none,6.769381601394159,real estate,47.252864901123004,none,own,6.969423017389621,skilled employee / official,1.888256883106512,"yes, registered under the customers name ",yes
-1.4208471666678926,no checking account,26.432230093148224,existing credits paid back duly till now,domestic appliances,1916.891604533599,... < 100 DM,1 <= ... < 4 years,-1.1258959722208788,female : divorced/separated/married,none,3.3346177899436653,"if not A121/A122 : car or other, not in attribute 6",63.81486346194999,stores,for free,2.0433294948199143,unskilled - resident,-1.077463321195979,none,yes
-1.6383654718098042,< 0 DM,22.74145832540399,all credits at this bank paid back duly,business,3337.667919306703,... < 100 DM,1 <= ... < 4 years,9.08488524118928,male : single,none,1.3995737746562786,real estate,53.68714885069539,none,own,4.805752749031599,skilled employee / official,-3.762683331478428,none,yes
5.013789126523021,no checking account,-0.8900463842393309,existing credits paid back duly till now,radio/television,932.0694910466625,... < 100 DM,1 <= ... < 4 years,3.3316438608520826,male : single,none,9.89916164877194,if not A121 : building society savings agreement/ life insurance,35.4300245138266,bank,rent,0.5572360987180001,skilled employee / official,-6.395662770708809,none,yes
2.69057718501963,no checking account,8.946906600098027,existing credits paid back duly till now,car (new),3104.056388483093,... < 100 DM,4 <= ... < 7 years,-3.5846253681647315,male : single,co-applicant,7.047603512214431,unknown / no property,27.086330442013526,bank,for free,0.9581618614055504,management/ self-employed/ highly qualified employee/ officer,-6.819017501028355,none,yes
6.686990537213719,no checking account,24.751081110241962,existing credits paid back duly till now,car (new),3912.5096321573374,500 <= ... < 1000 DM ,1 <= ... < 4 years,8.0413141274025,male : single,none,4.387052867180442,"if not A121/A122 : car or other, not in attribute 6",28.98249239093145,stores,own,-2.3081219623190954,management/ self-employed/ highly qualified employee/ officer,-0.8571306384731976,none,yes
-0.7725283962495023,>= 200 DM / salary assignments for at least 1 year,18.02320512850949,existing credits paid back duly till now,(vacation - does not exist?),3017.7536854019495,... < 100 DM,.. >= 7 years,13.170465403988656,female : divorced/separated/married,co-applicant,10.595545350114643,"if not A121/A122 : car or other, not in attribute 6",28.420938693563937,stores,own,5.520324746501299,skilled employee / official,0.5745251478754219,"yes, registered under the customers name ",yes
-3.479713058353515,< 0 DM,16.624778396908155,critical account/ other credits existing (not at this bank),domestic appliances,1356.5721899838447,... < 100 DM,.. >= 7 years,7.009169847747039,male : single,none,2.0677711888679147,if not A121 : building society savings agreement/ life insurance,67.0077500117196,bank,for free,-2.4670666558367618,unskilled - resident,-3.3765040508115804,none,yes
-1.1192940844024977,no checking account,11.777819161478227,critical account/ other credits existing (not at this bank),domestic appliances,625.463397230145,... < 100 DM,4 <= ... < 7 years,11.134923836132346,female : divorced/separated/married,none,9.114867243146902,if not A121 : building society savings agreement/ life insurance,30.628223106970466,none,own,8.425781724689264,skilled employee / official,4.253697138286139,none,yes
1.2124839563561078,0 <= ... < 200 DM,18.45281881160587,delay in paying off in the past,retraining,1196.1582217022603,... < 100 DM,1 <= ... < 4 years,4.42685690801294,male : single,none,6.712577217677753,"if not A121/A122 : car or other, not in attribute 6",13.113606373163185,none,own,-0.5791708415991219,skilled employee / official,0.6722672910851883,"yes, registered under the customers name ",yes
0.8828667922685551,0 <= ... < 200 DM,14.054912884504377,delay in paying off in the past,car (new),707.4299674037381,... < 100 DM,.. >= 7 years,-4.3075245986925506,male : single,none,18.355130611072948,real estate,36.769177733965535,none,rent,2.1025428200816716,skilled employee / official,3.8844265529932507,"yes, registered under the customers name ",yes
-5.421940361166833,no checking account,27.912794128575797,critical account/ other credits existing (not at this bank),car (used),2974.029782291506,... < 100 DM,.. >= 7 years,-5.220602255837624,male : single,guarantor,-1.9624096339123884,real estate,33.96031058291871,none,own,5.793640103271672,unskilled - resident,1.085446049061461,"yes, registered under the customers name ",yes
0.4524489081393711,no checking account,10.495515023477125,existing credits paid back duly till now,business,4651.501708270778,... < 100 DM,1 <= ... < 4 years,4.275410219338792,female : divorced/separated/married,none,-1.4467262610867078,"if not A121/A122 : car or other, not in attribute 6",35.05390692002867,none,own,1.1193221059479102,skilled employee / official,-2.9355881760355294,"yes, registered under the customers name ",yes
1.1411416506945258,< 0 DM,38.619754770963354,critical account/ other credits existing (not at this bank),domestic appliances,2614.1714918018847,... < 100 DM,.. >= 7 years,1.0401059613501,female : divorced/separated/married,co-applicant,4.093989141002739,if not A121 : building society savings agreement/ life insurance,28.935808895581815,bank,own,0.5104584285734488,skilled employee / official,1.5705878556930697,"yes, registered under the customers name ",yes
13.587370187669602,no checking account,51.64357117037173,critical account/ other credits existing (not at this bank),radio/television,10961.754607634033,unknown/ no savings account,... < 1 year ,-3.5728813916367566,female : divorced/separated/married,none,3.9861702648949597,real estate,27.24462412340078,none,own,1.8498827609576427,skilled employee / official,-5.313372560091612,none,yes
10.38422305640835,0 <= ... < 200 DM,9.116763538831535,existing credits paid back duly till now,car (used),7867.896409856605,unknown/ no savings account,1 <= ... < 4 years,3.6862665801566235,male : single,none,13.750694920875093,if not A121 : building society savings agreement/ life insurance,51.623453938189726,bank,for free,5.469091767787919,unskilled - resident,3.6971926031832396,none,yes
-3.2662167527941,no checking account,11.79770185308083,existing credits paid back duly till now,(vacation - does not exist?),1488.929318832088,... < 100 DM,.. >= 7 years,7.077926439306441,male : single,none,-1.3418734164976693,real estate,23.835721884431027,none,rent,-2.3142611106835274,skilled employee / official,-3.6857460325656684,none,yes
-1.4369168077458805,0 <= ... < 200 DM,26.830938792874164,existing credits paid back duly till now,car (new),3150.3864476560543,100 <= ... < 500 DM,1 <= ... < 4 years,-3.2637877338107355,male : single,none,5.524592593469421,if not A121 : building society savings agreement/ life insurance,20.441260455477238,none,own,0.36881496363367605,management/ self-employed/ highly qualified employee/ officer,5.591162632667245,none,yes
-6.317210009185016,no checking account,33.252236894349586,existing credits paid back duly till now,car (new),4212.425408835321,.. >= 1000 DM ,... < 1 year ,1.755611898598076,male : divorced/separated,none,7.812315023409979,real estate,30.33938050032556,none,rent,1.0514336366873769,unskilled - resident,-0.6922787312095735,"yes, registered under the customers name ",yes
-2.9535350698174323,no checking account,3.3861578386450253,existing credits paid back duly till now,car (new),2501.6121933556633,... < 100 DM,4 <= ... < 7 years,9.549353415601576,female : divorced/separated/married,none,7.523239161103238,unknown / no property,43.067716777239,none,own,5.322925977638282,unemployed/ unskilled - non-resident,6.312667581549585,"yes, registered under the customers name ",yes
1.5780250179517026,0 <= ... < 200 DM,6.079358340508639,existing credits paid back duly till now,domestic appliances,2134.565462797318,.. >= 1000 DM ,... < 1 year ,-2.3764419011068734,male : single,none,-3.8049817096216003,unknown / no property,32.292120691028614,none,own,0.5007731306428171,unskilled - resident,-4.613115942941577,"yes, registered under the customers name ",yes
6.029268104441168,< 0 DM,18.43252770960731,critical account/ other credits existing (not at this bank),(vacation - does not exist?),873.9141472338666,... < 100 DM,1 <= ... < 4 years,8.348805935824782,male : divorced/separated,none,9.03879402627099,"if not A121/A122 : car or other, not in attribute 6",35.22411624238323,none,rent,10.041495472468611,unskilled - resident,-2.388848503644102,none,yes
-3.6454191887180425,< 0 DM,5.635049343946574,critical account/ other credits existing (not at this bank),domestic appliances,1539.3826011003334,... < 100 DM,1 <= ... < 4 years,-0.4236538077449694,male : single,none,7.146624656577069,"if not A121/A122 : car or other, not in attribute 6",38.869597682138036,none,own,2.2173071114245246,skilled employee / official,3.904674734242853,none,yes
-2.2707322003389825,0 <= ... < 200 DM,20.037370847710427,existing credits paid back duly till now,repairs,1817.7802796426568,unknown/ no savings account,1 <= ... < 4 years,6.728968799249763,male : single,none,4.997922598951887,unknown / no property,28.80658138468261,none,own,-0.18841819202639964,skilled employee / official,7.852485467133776,"yes, registered under the customers name ",yes
-9.736445148693274,0 <= ... < 200 DM,6.132926706630493,existing credits paid back duly till now,car (new),14554.804505393917,... < 100 DM,4 <= ... < 7 years,6.486637536014336,male : single,none,3.0217384360447705,if not A121 : building society savings agreement/ life insurance,18.587095333249618,bank,own,0.14483939191134132,unskilled - resident,9.333044541574612,none,yes
0.18667039727546164,no checking account,23.852685180692426,critical account/ other credits existing (not at this bank),car (used),2766.549037933113,... < 100 DM,4 <= ... < 7 years,7.706408834925108,male : single,none,3.1305400502218563,if not A121 : building society savings agreement/ life insurance,62.67922836442912,bank,rent,-4.583207143290051,skilled employee / official,1.206830818404364,none,yes
-5.312072059297815,no checking account,15.090953573326505,existing credits paid back duly till now,business,1286.4874674677835,100 <= ... < 500 DM,1 <= ... < 4 years,8.545798011069383,male : single,none,1.6063210388031113,"if not A121/A122 : car or other, not in attribute 6",31.318675549289026,bank,own,-3.183634233793425,skilled employee / official,10.188728153933779,none,yes
-2.6471971368303686,0 <= ... < 200 DM,37.759400600612445,no credits taken/ all credits paid back duly,car (new),2520.4751339064346,... < 100 DM,.. >= 7 years,-4.757967667039781,male : single,none,6.203925671263209,if not A121 : building society savings agreement/ life insurance,38.07194532596475,none,own,-1.6533344486954662,unskilled - resident,0.5516772508728471,none,yes
-3.3843038908379413,no checking account,30.384904160990217,existing credits paid back duly till now,domestic appliances,921.1468785882505,... < 100 DM,.. >= 7 years,9.568298533706493,male : single,none,2.1556742647248877,unknown / no property,33.244332680175354,none,own,6.679149244250649,skilled employee / official,6.4938381118148625,none,yes
-0.4713127712627849,< 0 DM,0.99354283621728,critical account/ other credits existing (not at this bank),car (new),1590.970031955841,... < 100 DM,1 <= ... < 4 years,-1.2634655731740994,female : divorced/separated/married,none,-2.242624876763206,real estate,47.50618290592592,none,own,0.8343697031899494,skilled employee / official,-2.7109049847965263,none,yes
-7.788641956783156,< 0 DM,56.41793104769011,existing credits paid back duly till now,domestic appliances,4598.0316375781695,... < 100 DM,1 <= ... < 4 years,4.297708827857692,female : divorced/separated/married,none,-1.2429582241379604,if not A121 : building society savings agreement/ life insurance,27.943055596326104,none,own,-0.4232209480785327,management/ self-employed/ highly qualified employee/ officer,4.101002534316271,none,yes
-7.335226226954953,< 0 DM,9.345117477221425,no credits taken/ all credits paid back duly,domestic appliances,1189.712968104499,... < 100 DM,1 <= ... < 4 years,4.291230934986134,male : single,none,-1.7601812682614604,"if not A121/A122 : car or other, not in attribute 6",31.111146577801783,none,rent,8.132673728032977,unskilled - resident,-10.708465204282227,none,yes
10.646235560141491,0 <= ... < 200 DM,17.224364062272137,critical account/ other credits existing (not at this bank),car (new),3449.4614845596902,unknown/ no savings account,.. >= 7 years,6.425612794347905,male : single,none,4.110661212747258,real estate,40.274780473596465,none,for free,8.755885664461303,management/ self-employed/ highly qualified employee/ officer,-3.6079550582656186,none,yes
-6.437112906370155,no checking account,24.339933130255446,critical account/ other credits existing (not at this bank),domestic appliances,1254.8974068967566,... < 100 DM,.. >= 7 years,5.684783380300953,female : divorced/separated/married,none,0.8652208178239634,unknown / no property,25.7027049745902,none,own,7.2769123045388024,management/ self-employed/ highly qualified employee/ officer,3.3333839904038243,none,yes
-5.483927892273198,0 <= ... < 200 DM,9.939253107715162,existing credits paid back duly till now,domestic appliances,709.0891649193654,... < 100 DM,1 <= ... < 4 years,-0.21904989262361596,female : divorced/separated/married,none,5.076718966443746,if not A121 : building society savings agreement/ life insurance,68.20629538488393,none,rent,-1.2654499861757884,unemployed/ unskilled - non-resident,-5.562194261002618,none,yes
9.18456764160657,no checking account,-3.038484298874664,critical account/ other credits existing (not at this bank),car (used),1200.2768832178072,.. >= 1000 DM ,1 <= ... < 4 years,-2.749337061478581,male : single,none,3.504065667730555,real estate,40.27266848271041,none,own,-1.4762431009682788,unskilled - resident,3.1347480539459234,"yes, registered under the customers name ",yes
14.525335846202035,0 <= ... < 200 DM,23.142177448918257,existing credits paid back duly till now,car (new),1924.7264778157537,... < 100 DM,.. >= 7 years,6.361743399808843,female : divorced/separated/married,guarantor,-1.1366046295843946,if not A121 : building society savings agreement/ life insurance,27.624388122034134,none,for free,10.068680351573594,skilled employee / official,5.532290604061817,none,yes
-4.857833144126708,< 0 DM,10.203083823471955,critical account/ other credits existing (not at this bank),(vacation - does not exist?),438.8283604494191,... < 100 DM,... < 1 year ,3.9291728875945777,male : single,none,11.32830084172674,real estate,17.620377929591324,none,own,2.2056984600001104,management/ self-employed/ highly qualified employee/ officer,-1.5066009635913904,"yes, registered under the customers name ",yes
-1.8412447839401527,no checking account,10.836496179213862,existing credits paid back duly till now,car (used),660.8170901256517,unknown/ no savings account,1 <= ... < 4 years,8.746884204789088,female : divorced/separated/married,none,2.6614458647626282,real estate,38.514704370629296,none,own,0.6618646755196071,skilled employee / official,-3.8447647783709904,none,yes
1.7077777547025477,0 <= ... < 200 DM,19.583963285696242,existing credits paid back duly till now,business,2250.5774005924427,100 <= ... < 500 DM,.. >= 7 years,0.77633532906066,male : single,none,-0.16713492390754503,real estate,53.13163488450017,none,own,4.591739806654186,skilled employee / official,-1.3709330792736942,none,yes
9.643488222027962,>= 200 DM / salary assignments for at least 1 year,26.015445053516547,existing credits paid back duly till now,retraining,2153.3757232994744,... < 100 DM,.. >= 7 years,-3.025821803384802,male : single,none,4.411931186662262,real estate,32.54767307813134,none,for free,6.036495336790562,unskilled - resident,-3.829061595920928,none,yes
-4.934285392141187,0 <= ... < 200 DM,25.509853712596357,delay in paying off in the past,(vacation - does not exist?),4139.093663299391,... < 100 DM,1 <= ... < 4 years,6.830648405020531,female : divorced/separated/married,none,-6.182551011875365,if not A121 : building society savings agreement/ life insurance,42.39164550220114,bank,own,-0.8572478546413222,unskilled - resident,0.49393220992041165,none,yes
-1.2263892297105488,< 0 DM,5.373042389960123,existing credits paid back duly till now,car (new),2035.1689308396944,... < 100 DM,1 <= ... < 4 years,0.1481469516944649,male : single,none,-2.9526722486145967,real estate,27.9259615336481,none,own,2.0971997930996573,skilled employee / official,1.5104531244404087,"yes, registered under the customers name ",yes
3.8866878803087204,< 0 DM,56.857576349316055,critical account/ other credits existing (not at this bank),car (new),7412.087747138968,... < 100 DM,.. >= 7 years,2.7100172871051056,male : married/widowed,guarantor,5.905363993459165,"if not A121/A122 : car or other, not in attribute 6",20.72169896852214,bank,own,5.6328003460852925,unskilled - resident,-0.5300506154840439,none,yes
2.173830372333093,no checking account,27.872473519326856,existing credits paid back duly till now,business,2685.6599774672845,... < 100 DM,unemployed,0.7627028576024042,male : single,none,-6.687109645310553,real estate,37.43580908912835,none,for free,-3.801435729799266,management/ self-employed/ highly qualified employee/ officer,9.371796200934108,"yes, registered under the customers name ",yes
-0.8807803561504963,< 0 DM,11.807308690782937,critical account/ other credits existing (not at this bank),car (used),2150.2334157480536,... < 100 DM,1 <= ... < 4 years,12.221508551168453,male : single,none,6.587870984665779,"if not A121/A122 : car or other, not in attribute 6",22.792988109735013,none,own,1.061727287130699,skilled employee / official,-2.5970190984348767,none,yes
-0.6691148225802057,0 <= ... < 200 DM,23.698240209655058,no credits taken/ all credits paid back duly,car (new),3817.422931957319,... < 100 DM,.. >= 7 years,-3.382824120915984,male : single,none,11.555682831795673,unknown / no property,15.562644033096207,bank,own,-4.571948265253576,management/ self-employed/ highly qualified employee/ officer,7.957165896276561,none,yes
-6.874479041849909,no checking account,8.588837606485395,existing credits paid back duly till now,radio/television,1156.7546219044677,... < 100 DM,.. >= 7 years,2.3128512294691266,male : married/widowed,none,2.1527233108812585,if not A121 : building society savings agreement/ life insurance,58.19579342288619,none,own,-1.9179024846340544,skilled employee / official,-4.206196181560569,"yes, registered under the customers name ",yes
-1.190868719873326,0 <= ... < 200 DM,16.996681662372445,existing credits paid back duly till now,car (used),1645.11354754135,100 <= ... < 500 DM,4 <= ... < 7 years,2.537243513486582,female : divorced/separated/married,none,3.4590638371315503,"if not A121/A122 : car or other, not in attribute 6",29.615997236348754,none,own,-1.8155003874015208,skilled employee / official,1.3638878497077447,"yes, registered under the customers name ",yes
-1.3319374500447756,no checking account,24.48706706478891,delay in paying off in the past,(vacation - does not exist?),1599.07610376422,500 <= ... < 1000 DM ,.. >= 7 years,-1.4609116354347904,male : married/widowed,none,9.595435424255133,unknown / no property,59.51688549240402,none,own,3.385597689397352,management/ self-employed/ highly qualified employee/ officer,6.915527042740347,none,no
1.1608494481312799,< 0 DM,21.978890048721166,critical account/ other credits existing (not at this bank),domestic appliances,5302.691025646766,.. >= 1000 DM ,4 <= ... < 7 years,3.652597642937976,male : single,none,1.6660540597824016,real estate,38.48568120193047,none,own,1.3898868568093268,skilled employee / official,6.6567857612665895,none,yes
-2.77663609409508,no checking account,9.764211713350267,existing credits paid back duly till now,domestic appliances,2747.0251005694013,... < 100 DM,4 <= ... < 7 years,10.059552387337451,male : single,none,8.338877602630907,real estate,59.65792992871374,none,own,-0.2420906248420307,skilled employee / official,-1.1012894885011755,none,yes
2.357692612725695,0 <= ... < 200 DM,9.752205812242087,existing credits paid back duly till now,business,1233.3880536487839,... < 100 DM,1 <= ... < 4 years,0.5476891965314477,female : divorced/separated/married,none,0.644256024346642,unknown / no property,27.076737075038118,none,own,2.2577728166247963,skilled employee / official,4.775348600356725,"yes, registered under the customers name ",yes
6.063579089099143,< 0 DM,14.422505603505327,critical account/ other credits existing (not at this bank),business,805.9468327783485,500 <= ... < 1000 DM ,1 <= ... < 4 years,5.975714095158628,male : single,none,0.6119885333341033,"if not A121/A122 : car or other, not in attribute 6",36.47511657657667,none,own,-4.734813641332148,skilled employee / official,4.105895418321131,none,yes
0.7771466383423302,< 0 DM,31.819714425771064,existing credits paid back duly till now,car (new),6307.042258682149,100 <= ... < 500 DM,.. >= 7 years,-9.747176930192778,male : single,none,0.0033176783751311945,unknown / no property,28.46441607182756,none,own,4.1440160891695506,skilled employee / official,-1.6996958929636996,"yes, registered under the customers name ",yes
1.7587820419960174,0 <= ... < 200 DM,27.310407672908763,critical account/ other credits existing (not at this bank),car (new),1531.9286252872278,... < 100 DM,1 <= ... < 4 years,3.805353997575797,male : single,none,4.713235995974017,"if not A121/A122 : car or other, not in attribute 6",27.983154352999023,none,own,6.65693380979155,skilled employee / official,4.079749685740371,"yes, registered under the customers name ",yes
1.2657767378893368,0 <= ... < 200 DM,17.25124502789182,existing credits paid back duly till now,(vacation - does not exist?),8968.768314944398,500 <= ... < 1000 DM ,.. >= 7 years,-0.5652114296310269,female : divorced/separated/married,none,9.789845262827747,"if not A121/A122 : car or other, not in attribute 6",48.70321354921537,none,rent,0.6039797950599421,skilled employee / official,10.312460860261863,none,yes
0.0004219654570709021,0 <= ... < 200 DM,26.96777347452783,existing credits paid back duly till now,domestic appliances,996.7225937557259,100 <= ... < 500 DM,4 <= ... < 7 years,-0.09248801205192514,male : married/widowed,none,1.0794353394141787,real estate,21.234378031045207,stores,own,0.9867550334989585,skilled employee / official,3.358503325313153,"yes, registered under the customers name ",yes
-3.607790167714237,< 0 DM,25.684828269588223,critical account/ other credits existing (not at this bank),domestic appliances,2664.0818407406946,500 <= ... < 1000 DM ,unemployed,9.40725234814266,male : married/widowed,none,-3.356245799562016,if not A121 : building society savings agreement/ life insurance,36.36249251071527,none,rent,2.867201766077847,skilled employee / official,3.831781895353354,none,yes
1.58247130836654,no checking account,19.246724006181516,existing credits paid back duly till now,radio/television,1396.5477637372476,100 <= ... < 500 DM,... < 1 year ,1.3687815918808592,male : married/widowed,none,-1.4135341114340783,"if not A121/A122 : car or other, not in attribute 6",42.541737889400196,none,own,-9.142347094157724,skilled employee / official,4.360774891003537,"yes, registered under the customers name ",yes
-0.48643299206744733,no checking account,46.12527655075432,critical account/ other credits existing (not at this bank),domestic appliances,12172.156373650609,... < 100 DM,4 <= ... < 7 years,3.112612564532063,female : divorced/separated/married,none,5.972997106852702,real estate,32.90341337688401,none,own,3.6840872829893367,management/ self-employed/ highly qualified employee/ officer,-6.304883036775703,"yes, registered under the customers name ",yes
11.465841544652974,< 0 DM,49.86526159217089,critical account/ other credits existing (not at this bank),car (new),3064.5419664863366,... < 100 DM,.. >= 7 years,2.114035626054644,male : single,none,13.220582066971346,"if not A121/A122 : car or other, not in attribute 6",30.951555472776494,none,rent,17.50942901872432,skilled employee / official,3.3011233660314443,none,yes
8.866774512376212,no checking account,26.881996553708937,existing credits paid back duly till now,domestic appliances,11998.634334881479,unknown/ no savings account,4 <= ... < 7 years,-8.584079358825383,male : single,guarantor,2.9686249965719878,"if not A121/A122 : car or other, not in attribute 6",30.694216356931793,none,own,0.3866188944263981,skilled employee / official,-4.083797874192637,none,yes
1.929232762782504,no checking account,9.116776580572777,critical account/ other credits existing (not at this bank),car (used),2681.681100668438,... < 100 DM,4 <= ... < 7 years,-4.659932200384805,male : single,none,0.0655172467437366,"if not A121/A122 : car or other, not in attribute 6",22.77060562686588,none,own,0.4043748314183464,skilled employee / official,-0.9494347034889987,none,yes
-3.815286048473838,no checking account,15.001252754405677,existing credits paid back duly till now,domestic appliances,2397.609558186441,... < 100 DM,1 <= ... < 4 years,6.805467430601081,female : divorced/separated/married,guarantor,5.830919834251421,"if not A121/A122 : car or other, not in attribute 6",26.61654702221229,none,own,5.718035000498417,unskilled - resident,11.809708905942514,none,yes
-5.562057359917089,>= 200 DM / salary assignments for at least 1 year,20.100351545680255,critical account/ other credits existing (not at this bank),domestic appliances,1271.4309457927804,... < 100 DM,... < 1 year ,-8.549753234399859,male : single,none,2.802506822066268,real estate,46.645630601421196,none,own,9.226663340989811,management/ self-employed/ highly qualified employee/ officer,-0.2663080482940501,none,yes
6.955714765444325,no checking account,7.818490751714814,existing credits paid back duly till now,radio/television,4608.267311034858,unknown/ no savings account,4 <= ... < 7 years,-2.831576748078528,female : divorced/separated/married,co-applicant,2.108573913178968,"if not A121/A122 : car or other, not in attribute 6",29.79955494706434,none,own,5.8748392221706744,skilled employee / official,-2.700870521471136,none,yes
1.3137461257356926,0 <= ... < 200 DM,22.90985435947789,critical account/ other credits existing (not at this bank),radio/television,1891.079283884355,unknown/ no savings account,1 <= ... < 4 years,2.001399718551181,male : single,none,-0.792295528476318,unknown / no property,38.87671558922763,none,own,-9.778034392917753,skilled employee / official,6.762912894506961,"yes, registered under the customers name ",yes
2.4007170169580543,no checking account,20.968092859281885,no credits taken/ all credits paid back duly,car (used),3374.1762369415515,... < 100 DM,4 <= ... < 7 years,11.718109336457827,male : single,none,11.04224422123178,real estate,15.370715086336642,stores,own,4.816994188313735,skilled employee / official,-3.738385014211884,none,yes
-8.722929934870963,no checking account,1.1469229510229422,existing credits paid back duly till now,radio/television,1574.0667779577184,unknown/ no savings account,.. >= 7 years,7.8430188274818455,female : divorced/separated/married,none,-10.696039587478317,"if not A121/A122 : car or other, not in attribute 6",51.914355676857355,none,own,13.859650726208374,skilled employee / official,-1.237095720948386,"yes, registered under the customers name ",yes
4.637192407790904,no checking account,7.929487025673552,critical account/ other credits existing (not at this bank),radio/television,1450.5247024447885,... < 100 DM,... < 1 year ,1.2141473647345022,male : single,none,7.9892960013963465,"if not A121/A122 : car or other, not in attribute 6",44.025963814276246,none,own,4.112205233797326,skilled employee / official,7.245260839930834,none,yes
2.2721016910718146,< 0 DM,18.97919327609887,delay in paying off in the past,business,1521.384793376097,... < 100 DM,1 <= ... < 4 years,10.522568485577755,male : married/widowed,guarantor,1.6812753110123158,real estate,67.54130704633663,none,own,-4.7730095663587475,skilled employee / official,1.2138378265397969,"yes, registered under the customers name ",yes
-5.55215342207239,0 <= ... < 200 DM,24.30234224058684,critical account/ other credits existing (not at this bank),radio/television,3880.292795681061,... < 100 DM,4 <= ... < 7 years,0.2974208974944017,male : single,none,-0.05170365725806336,unknown / no property,38.49215618087533,none,own,2.40914812209307,skilled employee / official,-6.807985225632646,none,yes
-2.357624037249745,no checking account,48.252231501303804,existing credits paid back duly till now,car (new),10723.815046238573,... < 100 DM,unemployed,6.045499018670028,female : divorced/separated/married,none,9.461575780589062,real estate,36.896721745903065,none,own,-5.403436256705335,skilled employee / official,3.7199480716130955,none,yes
1.3185860217825978,0 <= ... < 200 DM,41.36801948340725,existing credits paid back duly till now,radio/television,4791.487441559605,100 <= ... < 500 DM,1 <= ... < 4 years,-2.7943862296150783,male : married/widowed,none,-0.5706554610002565,"if not A121/A122 : car or other, not in attribute 6",21.2755519119887,none,own,7.164018446344298,skilled employee / official,0.017670589767456057,none,yes
0.26233399178121813,no checking account,47.88383144574817,delay in paying off in the past,domestic appliances,7593.387152242781,... < 100 DM,.. >= 7 years,7.366289158945786,male : single,none,0.5996542298579493,"if not A121/A122 : car or other, not in attribute 6",27.172060433558382,bank,for free,-3.7794129401396273,management/ self-employed/ highly qualified employee/ officer,8.699257432651226,none,yes
-1.460855929017775,< 0 DM,22.017547052006712,critical account/ other credits existing (not at this bank),car (new),1096.855031679796,... < 100 DM,1 <= ... < 4 years,1.9693317726450719,male : single,none,3.348028805402348,real estate,53.63625253672943,none,own,2.3712181734601154,unskilled - resident,-2.030934738170668,none,yes
0.48255865967019573,< 0 DM,28.120998098979314,existing credits paid back duly till now,car (used),1016.0983034107724,100 <= ... < 500 DM,1 <= ... < 4 years,-1.1425212047063482,male : single,none,6.069236929061191,if not A121 : building society savings agreement/ life insurance,56.85398860863781,none,for free,-3.2889000099592387,skilled employee / official,6.256129868629631,none,no
-1.259886891034427,no checking account,12.84853272571406,critical account/ other credits existing (not at this bank),domestic appliances,1078.2333075763945,... < 100 DM,1 <= ... < 4 years,0.9142819346184297,female : divorced/separated/married,none,-0.20927891146434696,"if not A121/A122 : car or other, not in attribute 6",28.401539086120934,none,own,-1.732240287739955,skilled employee / official,9.878490161828571,"yes, registered under the customers name ",yes
1.7628125605123428,0 <= ... < 200 DM,33.804730449475315,existing credits paid back duly till now,domestic appliances,9403.707403840515,... < 100 DM,1 <= ... < 4 years,2.3867208986010744,male : single,none,-3.869294652679427,"if not A121/A122 : car or other, not in attribute 6",23.512896396142835,none,own,8.430753229302475,skilled employee / official,-3.2547161190578535,none,yes
7.357459864965785,no checking account,22.02713574065303,no credits taken/ all credits paid back duly,car (new),6425.01350403268,... < 100 DM,1 <= ... < 4 years,-0.473742152628561,male : single,none,-0.32849090440882733,"if not A121/A122 : car or other, not in attribute 6",45.69469261231034,none,own,2.5172858244684866,skilled employee / official,1.033934896209036,"yes, registered under the customers name ",yes
-12.833292204656487,no checking account,31.354010553999913,existing credits paid back duly till now,car (new),4793.866975084705,... < 100 DM,4 <= ... < 7 years,6.769767529976619,male : single,none,10.406669282322596,"if not A121/A122 : car or other, not in attribute 6",68.13736022168804,none,rent,-1.7960123686286003,skilled employee / official,2.9431263707222524,"yes, registered under the customers name ",yes
-1.1842513225484212,0 <= ... < 200 DM,49.2882021046058,all credits at this bank paid back duly,radio/television,7634.824722225941,... < 100 DM,... < 1 year ,1.0850305816796628,male : single,none,2.3738839456775573,if not A121 : building society savings agreement/ life insurance,46.51211405359456,none,own,-3.7261398544336135,skilled employee / official,-2.2867287627708723,"yes, registered under the customers name ",yes
1.8825621068622347,>= 200 DM / salary assignments for at least 1 year,52.22741554240927,existing credits paid back duly till now,domestic appliances,9964.638711997755,... < 100 DM,1 <= ... < 4 years,4.10186196965679,male : single,none,4.2554364185191105,"if not A121/A122 : car or other, not in attribute 6",33.309204296968,none,own,-8.358507431997182,skilled employee / official,2.3514747335391526,"yes, registered under the customers name ",yes
1.4799699484354976,0 <= ... < 200 DM,4.121903364146924,existing credits paid back duly till now,car (new),4687.862587184849,... < 100 DM,unemployed,3.2111103101829976,male : single,none,2.692893964134812,unknown / no property,16.29835317080644,none,own,-5.256403167613433,skilled employee / official,-0.12460143752996156,"yes, registered under the customers name ",yes
-1.8595729066064492,< 0 DM,6.69291553846592,delay in paying off in the past,domestic appliances,1283.2499913187573,unknown/ no savings account,.. >= 7 years,3.695384726460325,male : single,none,-1.297488480866348,unknown / no property,44.78956974181806,stores,own,1.5597962072218896,unskilled - resident,-0.22533785796682593,"yes, registered under the customers name ",yes
-8.783608912392912,< 0 DM,12.21267683883289,delay in paying off in the past,radio/television,2512.462997117998,500 <= ... < 1000 DM ,1 <= ... < 4 years,0.7930884381702508,male : single,guarantor,12.387847249377055,if not A121 : building society savings agreement/ life insurance,46.097826030627715,none,own,5.901168843613318,unemployed/ unskilled - non-resident,1.244691963540558,"yes, registered under the customers name ",yes
1.6399774185705482,< 0 DM,16.173244025956183,existing credits paid back duly till now,car (new),2743.4694047577004,... < 100 DM,1 <= ... < 4 years,3.757703978826331,female : divorced/separated/married,none,1.0590407147445968,"if not A121/A122 : car or other, not in attribute 6",33.98664154131432,none,own,-0.8017574621110053,unskilled - resident,1.356323577892821,none,yes
8.636751070820925,no checking account,6.267408134109501,existing credits paid back duly till now,radio/television,669.5488892498062,... < 100 DM,4 <= ... < 7 years,3.751268715168496,male : single,none,1.7831506023643655,"if not A121/A122 : car or other, not in attribute 6",50.1680565994442,stores,own,8.852718003595072,skilled employee / official,1.8194038453802013,none,yes
-6.6693070245806885,no checking account,25.577989225057628,critical account/ other credits existing (not at this bank),domestic appliances,3799.549896251182,100 <= ... < 500 DM,4 <= ... < 7 years,14.308995763658043,male : single,none,6.480711831776698,if not A121 : building society savings agreement/ life insurance,37.952412714347005,bank,own,-2.5875021111411343,skilled employee / official,-1.9941317272839214,"yes, registered under the customers name ",yes
5.319140068490942,< 0 DM,27.07135219178532,critical account/ other credits existing (not at this bank),car (used),1330.1866224716314,500 <= ... < 1000 DM ,unemployed,8.697102108990904,male : single,co-applicant,-1.6118017943369263,"if not A121/A122 : car or other, not in attribute 6",41.9414220155133,none,own,0.8099413856006035,management/ self-employed/ highly qualified employee/ officer,-0.7758586217487666,none,yes
-1.6426261156144695,< 0 DM,13.769275349668412,existing credits paid back duly till now,car (new),1035.8265026313843,unknown/ no savings account,1 <= ... < 4 years,8.879949749079206,male : single,none,0.026363281130016514,if not A121 : building society savings agreement/ life insurance,54.957754063250725,none,own,-3.39788360168626,skilled employee / official,0.40706205587584776,"yes, registered under the customers name ",yes
0.6933782708557635,no checking account,46.74448705981544,existing credits paid back duly till now,furniture/equipment,10128.8467902985,... < 100 DM,1 <= ... < 4 years,17.44256097430142,male : single,none,2.05123342008449,"if not A121/A122 : car or other, not in attribute 6",51.5607177906096,none,own,5.95380867283928,skilled employee / official,0.7762117938210241,none,yes
-5.264492553519745,no checking account,-6.403542549922708,existing credits paid back duly till now,domestic appliances,1540.5338907724704,... < 100 DM,.. >= 7 years,6.579792383839221,male : single,none,2.0013505204408983,"if not A121/A122 : car or other, not in attribute 6",42.019652416264336,none,own,11.48755307022284,unskilled - resident,-1.1942466997330836,none,yes
-1.6722808617793832,no checking account,25.017906869988053,existing credits paid back duly till now,domestic appliances,4820.676905917646,... < 100 DM,unemployed,4.4232175565585115,male : single,none,5.298056739516072,real estate,24.67309718161298,none,own,-7.809084804680989,skilled employee / official,2.6196982104300917,none,yes
7.500222973494792,0 <= ... < 200 DM,18.164509670513482,existing credits paid back duly till now,car (new),727.0668790635793,... < 100 DM,1 <= ... < 4 years,7.520075371608271,female : divorced/separated/married,none,13.45834544697744,"if not A121/A122 : car or other, not in attribute 6",31.44400377884203,none,rent,-0.7308103431734914,management/ self-employed/ highly qualified employee/ officer,-8.073808743375984,none,yes
3.913276209938535,0 <= ... < 200 DM,-5.889971403642862,existing credits paid back duly till now,car (used),1243.4551452759206,... < 100 DM,... < 1 year ,-2.0448298879412654,male : single,none,5.681241231761852,unknown / no property,30.754954693892344,none,for free,7.323899235250176,unskilled - resident,-2.6523312945447586,none,yes
8.66155802704972,0 <= ... < 200 DM,7.262382939032404,existing credits paid back duly till now,car (used),277.30710206364984,... < 100 DM,1 <= ... < 4 years,1.7804918179062192,male : single,none,-7.890269813754003,if not A121 : building society savings agreement/ life insurance,25.565346409257934,none,own,-6.234727607128006,skilled employee / official,-0.39963913101427284,"yes, registered under the customers name ",yes
5.887059444888468,>= 200 DM / salary assignments for at least 1 year,42.099996107663706,existing credits paid back duly till now,business,5385.132036549467,... < 100 DM,1 <= ... < 4 years,0.46915366653833024,female : divorced/separated/married,none,5.631494717157804,"if not A121/A122 : car or other, not in attribute 6",35.08772370666205,none,own,3.833419534855432,skilled employee / official,-3.280575935153025,"yes, registered under the customers name ",yes
2.195433394647881,no checking account,28.022851507924184,existing credits paid back duly till now,radio/television,5512.396207769668,... < 100 DM,1 <= ... < 4 years,7.238069886097809,male : single,none,1.1893999724479942,unknown / no property,19.831821672405443,none,own,7.107361001037853,management/ self-employed/ highly qualified employee/ officer,9.145990074044455,none,yes
8.71967263083896,0 <= ... < 200 DM,20.62443023928269,delay in paying off in the past,business,3755.843923159518,unknown/ no savings account,... < 1 year ,1.1291271888940067,female : divorced/separated/married,none,4.217250121757289,real estate,28.459651006781545,none,for free,1.3911440717841859,skilled employee / official,1.0943092336247586,none,yes
3.1949657936914937,>= 200 DM / salary assignments for at least 1 year,14.019770103678058,critical account/ other credits existing (not at this bank),radio/television,685.279696750662,500 <= ... < 1000 DM ,.. >= 7 years,2.691117127371514,male : married/widowed,none,4.229736546980853,if not A121 : building society savings agreement/ life insurance,24.113626692580002,none,for free,3.751315354700663,skilled employee / official,1.8838483911295165,none,yes
4.139940883985295,no checking account,6.827302095845465,existing credits paid back duly till now,domestic appliances,1496.480603540444,100 <= ... < 500 DM,.. >= 7 years,6.437273100742322,male : single,none,1.856608561626003,real estate,28.86785022629651,bank,own,9.804511930638037,unskilled - resident,-0.41615353982730374,"yes, registered under the customers name ",yes
-0.48285476767354174,no checking account,45.1811291986501,existing credits paid back duly till now,repairs,2747.83166466825,... < 100 DM,1 <= ... < 4 years,8.315753693520694,male : married/widowed,none,3.7369395347230547,"if not A121/A122 : car or other, not in attribute 6",36.362666823550974,none,own,10.742132770505732,skilled employee / official,0.9211053981351952,"yes, registered under the customers name ",yes
0.33272907929602413,>= 200 DM / salary assignments for at least 1 year,10.985290281623149,critical account/ other credits existing (not at this bank),domestic appliances,706.5585727093634,100 <= ... < 500 DM,.. >= 7 years,1.1913949847937648,male : single,none,6.06522104885393,real estate,41.795185724925176,none,rent,0.690163934827585,unskilled - resident,-4.0762673215136696,"yes, registered under the customers name ",no
-3.4871191165013844,no checking account,25.880221848113056,existing credits paid back duly till now,car (new),4353.0249115946235,... < 100 DM,.. >= 7 years,-2.3499754843911123,female : divorced/separated/married,none,1.2895960140274951,real estate,54.64936624209216,bank,own,-1.6618892464961657,skilled employee / official,0.1509148195246327,"yes, registered under the customers name ",yes
4.947919672974265,no checking account,4.574722604362821,existing credits paid back duly till now,domestic appliances,712.1719312309884,... < 100 DM,... < 1 year ,9.676373658265943,male : single,none,-2.7384316781958784,real estate,22.34231946813317,none,own,-2.5999005553684826,skilled employee / official,-3.685042142978779,"yes, registered under the customers name ",yes
-5.891518115574328,0 <= ... < 200 DM,20.95206781646872,existing credits paid back duly till now,repairs,3641.648015289523,... < 100 DM,1 <= ... < 4 years,4.869455904549328,male : single,none,19.118907263111957,"if not A121/A122 : car or other, not in attribute 6",28.266989586106003,none,for free,6.884820752143563,skilled employee / official,-0.38701792378081246,"yes, registered under the customers name ",yes
4.911751712088307,0 <= ... < 200 DM,26.197455759643177,existing credits paid back duly till now,car (new),4251.097324464266,100 <= ... < 500 DM,1 <= ... < 4 years,-4.031284091476911,male : divorced/separated,none,-1.5792872189061669,if not A121 : building society savings agreement/ life insurance,31.473442611986034,none,own,-4.858877788954842,unskilled - resident,-11.799582831512486,none,yes
0.046744712474202754,0 <= ... < 200 DM,21.19622917956127,critical account/ other credits existing (not at this bank),business,1944.2888947543472,... < 100 DM,1 <= ... < 4 years,2.434230305458596,female : divorced/separated/married,none,3.5007145623003826,real estate,24.367070716561578,none,own,-0.26287018995601175,skilled employee / official,-4.640016042217628,"yes, registered under the customers name ",yes
5.856235467336597,< 0 DM,23.888761025753947,critical account/ other credits existing (not at this bank),car (new),2915.7012664047215,unknown/ no savings account,4 <= ... < 7 years,2.8275773100838117,male : single,none,-6.478301254376837,"if not A121/A122 : car or other, not in attribute 6",30.725521793450138,none,own,1.5134488547723297,skilled employee / official,8.319632022571668,none,yes
3.7543449436562994,no checking account,10.185578273300752,existing credits paid back duly till now,car (new),2659.0585820885967,100 <= ... < 500 DM,1 <= ... < 4 years,7.894148585605157,male : single,none,2.5823420752571096,unknown / no property,23.797574188355405,none,own,-1.5150125635937726,skilled employee / official,5.151988745537712,"yes, registered under the customers name ",yes
9.103230788234008,< 0 DM,19.14385014464469,existing credits paid back duly till now,domestic appliances,1016.0830564852132,... < 100 DM,.. >= 7 years,8.550507474698856,male : single,none,-1.6661277534466752,"if not A121/A122 : car or other, not in attribute 6",36.10849085529958,none,rent,3.3991013250956197,management/ self-employed/ highly qualified employee/ officer,7.595196679576157,none,yes
3.653873455693224,no checking account,12.837331364625054,delay in paying off in the past,car (new),3400.5835140932422,... < 100 DM,.. >= 7 years,2.4195300058773674,male : single,none,1.7876352857499453,if not A121 : building society savings agreement/ life insurance,47.139269843470316,none,own,14.82256659146379,skilled employee / official,7.938606348354619,none,yes
-7.860201278266203,0 <= ... < 200 DM,13.464669117486459,all credits at this bank paid back duly,domestic appliances,5789.902628706885,... < 100 DM,... < 1 year ,4.92623765679428,male : single,none,9.22532332885562,unknown / no property,59.1129470233245,none,own,0.3920070482672878,skilled employee / official,4.364937120822386,"yes, registered under the customers name ",yes
-0.3347658644910042,no checking account,16.055512179106373,critical account/ other credits existing (not at this bank),radio/television,1532.3496861547062,100 <= ... < 500 DM,... < 1 year ,4.320684011890768,female : divorced/separated/married,none,5.360047841890369,if not A121 : building society savings agreement/ life insurance,29.92856223463359,bank,own,-1.177028137136948,unskilled - resident,-0.264343426895675,none,yes
-5.860035962974079,< 0 DM,35.380953528351704,critical account/ other credits existing (not at this bank),car (new),4473.847369355966,... < 100 DM,4 <= ... < 7 years,0.630741559097197,male : single,none,4.842047622874095,unknown / no property,33.632786252467874,none,own,6.076659121909264,unskilled - resident,-4.1862547313281135,"yes, registered under the customers name ",yes
-2.5913992118313733,0 <= ... < 200 DM,9.710144514897454,existing credits paid back duly till now,radio/television,1072.99837009936,... < 100 DM,4 <= ... < 7 years,2.69367804479373,female : divorced/separated/married,none,-4.856024191959314,"if not A121/A122 : car or other, not in attribute 6",30.793989260711577,stores,own,2.19791822072761,skilled employee / official,7.733723027248484,none,yes
7.556142166383609,< 0 DM,14.610056170170461,existing credits paid back duly till now,business,6610.489444309094,100 <= ... < 500 DM,.. >= 7 years,2.0949559332005414,male : divorced/separated,none,13.184475849145064,"if not A121/A122 : car or other, not in attribute 6",76.93812885757374,none,own,9.19667885605688,management/ self-employed/ highly qualified employee/ officer,1.3228398719369525,"yes, registered under the customers name ",yes
4.18766905448848,>= 200 DM / salary assignments for at least 1 year,12.62616993091143,existing credits paid back duly till now,car (new),1856.2374626334997,... < 100 DM,1 <= ... < 4 years,3.8266037499070507,male : single,none,-3.9594065547093757,if not A121 : building society savings agreement/ life insurance,31.99489817369617,none,own,2.823438099098592,skilled employee / official,13.470114081909534,"yes, registered under the customers name ",yes
-2.494652142893732,no checking account,64.3827180204076,existing credits paid back duly till now,car (new),7409.303771920706,500 <= ... < 1000 DM ,4 <= ... < 7 years,-5.427864522217353,female : divorced/separated/married,none,9.642804071469325,"if not A121/A122 : car or other, not in attribute 6",25.51871251225664,none,rent,-0.2421160398551665,unskilled - resident,-0.8254898800537709,none,yes
-4.068586832201994,0 <= ... < 200 DM,49.35047717098643,existing credits paid back duly till now,radio/television,11589.831982800219,... < 100 DM,.. >= 7 years,0.01258332535284401,male : single,none,9.10771932990743,"if not A121/A122 : car or other, not in attribute 6",32.4378506040321,none,own,-6.918624440472776,management/ self-employed/ highly qualified employee/ officer,10.8644792739024,none,yes
1.163910464381304,no checking account,26.05985791063377,delay in paying off in the past,radio/television,4107.542295869214,... < 100 DM,4 <= ... < 7 years,3.281028265445759,male : single,none,6.8866637089234,unknown / no property,28.51233257184029,stores,for free,-6.098673469058701,skilled employee / official,1.216041046521224,none,yes
-5.082800746905638,< 0 DM,15.297474038116558,all credits at this bank paid back duly,domestic appliances,3384.423306403664,... < 100 DM,.. >= 7 years,-0.4068499595285049,female : divorced/separated/married,none,-0.2749239045419074,unknown / no property,38.69923051200866,none,own,-8.178493452135513,skilled employee / official,7.680242986293502,"yes, registered under the customers name ",yes
-3.3557013869829055,no checking account,15.342763892531012,existing credits paid back duly till now,domestic appliances,2114.837179460161,... < 100 DM,.. >= 7 years,0.7658810224420713,male : single,none,4.757949224097615,real estate,26.978605404402746,stores,own,2.896695831421198,management/ self-employed/ highly qualified employee/ officer,9.483458686162274,none,yes
2.5600473577562193,no checking account,18.289440052165897,existing credits paid back duly till now,business,1279.1726277368452,.. >= 1000 DM ,.. >= 7 years,6.439956854022936,female : divorced/separated/married,co-applicant,-0.3546070532242993,if not A121 : building society savings agreement/ life insurance,28.46186687255726,none,own,-5.811247399337298,management/ self-employed/ highly qualified employee/ officer,-4.114749640903562,none,yes
5.776560180533481,0 <= ... < 200 DM,37.55372763609163,existing credits paid back duly till now,car (new),4174.2474930293165,.. >= 1000 DM ,unemployed,-1.3947859352431689,male : married/widowed,none,4.145197857526459,"if not A121/A122 : car or other, not in attribute 6",29.574836435758943,none,own,7.277886829596914,unskilled - resident,-1.424990391454343,none,no
3.043807361122199,< 0 DM,8.930977209547546,critical account/ other credits existing (not at this bank),car (new),1525.2196844577668,500 <= ... < 1000 DM ,.. >= 7 years,-4.140211069756056,male : single,none,0.7506387045722005,"if not A121/A122 : car or other, not in attribute 6",36.65712185251365,none,own,1.1512328242797687,skilled employee / official,-4.1648961284926544,none,yes
-11.4564475429905,no checking account,20.010586181907524,existing credits paid back duly till now,car (used),5750.3973107192605,500 <= ... < 1000 DM ,.. >= 7 years,0.25915104581662596,male : single,none,-6.1930525328620405,unknown / no property,24.940370171495186,bank,own,0.7790654044916558,unskilled - resident,-5.149722441291118,none,yes
1.521833645151299,0 <= ... < 200 DM,23.138981991235664,critical account/ other credits existing (not at this bank),business,3598.0496416354963,... < 100 DM,1 <= ... < 4 years,4.820572027508948,female : divorced/separated/married,guarantor,9.608920754922941,real estate,27.002338605381254,none,for free,-3.219275376021691,skilled employee / official,4.33533425262475,none,yes
0.3601678661628896,0 <= ... < 200 DM,20.194955146944473,critical account/ other credits existing (not at this bank),domestic appliances,3202.7261934616236,... < 100 DM,1 <= ... < 4 years,9.437765197433192,male : single,none,2.594464217253194,"if not A121/A122 : car or other, not in attribute 6",25.606202723385216,none,for free,4.111293741351031,skilled employee / official,0.01685814875489222,none,yes
2.0694514268634654,0 <= ... < 200 DM,15.366423040268959,critical account/ other credits existing (not at this bank),radio/television,4438.05706933497,... < 100 DM,... < 1 year ,4.9106411954737,female : divorced/separated/married,none,-1.4240019975111853,"if not A121/A122 : car or other, not in attribute 6",22.908779571001656,none,own,-3.0224890977120573,skilled employee / official,1.261831615950681,none,yes
8.081048408256036,no checking account,4.838014902225762,existing credits paid back duly till now,car (used),3953.0586785499827,... < 100 DM,1 <= ... < 4 years,-6.341318799344236,male : single,none,-1.8016361641488388,if not A121 : building society savings agreement/ life insurance,36.59800803047063,none,own,-3.926890020349404,skilled employee / official,4.7811956748664,"yes, registered under the customers name ",yes
-10.316191384023714,no checking account,26.54922211045039,critical account/ other credits existing (not at this bank),domestic appliances,1454.1509980244246,100 <= ... < 500 DM,4 <= ... < 7 years,2.838163803116144,male : single,none,3.792297881833841,"if not A121/A122 : car or other, not in attribute 6",39.658747127727146,none,rent,6.941749603026744,skilled employee / official,-8.286934168574573,none,yes
-2.955517125955528,no checking account,14.634217351940114,existing credits paid back duly till now,radio/television,881.1181702475534,... < 100 DM,4 <= ... < 7 years,5.283171905407647,female : divorced/separated/married,none,-0.46878169147236104,"if not A121/A122 : car or other, not in attribute 6",17.067760109037213,none,own,3.773105803875113,management/ self-employed/ highly qualified employee/ officer,7.433830019785274,none,yes
2.954531613966773,no checking account,20.33857309298962,delay in paying off in the past,domestic appliances,3754.5411512849882,... < 100 DM,1 <= ... < 4 years,1.887955584617961,male : single,none,-7.275877792370217,if not A121 : building society savings agreement/ life insurance,30.170091423697613,bank,own,-0.17464714124136105,skilled employee / official,-0.7454708166995878,none,yes
-7.907971997269712,no checking account,10.579651511397993,delay in paying off in the past,car (new),1750.5101462592156,... < 100 DM,1 <= ... < 4 years,3.6965227647143704,male : single,none,4.035649016041381,real estate,36.521037592672286,none,own,5.207164923668583,skilled employee / official,3.662006531189287,none,yes
8.379745240267544,no checking account,8.454274242193328,all credits at this bank paid back duly,car (new),1139.7472850770328,... < 100 DM,1 <= ... < 4 years,-0.5852447323038037,male : single,none,5.5955149897841086,real estate,31.850844595277263,none,own,2.044659365553493,skilled employee / official,5.103564196142735,"yes, registered under the customers name ",yes
1.841783063503292,no checking account,7.735592768410844,critical account/ other credits existing (not at this bank),car (new),1239.2577031032197,unknown/ no savings account,1 <= ... < 4 years,1.3247154377537131,male : single,none,3.001840876611835,unknown / no property,20.175983244487867,none,own,2.9150657522584185,skilled employee / official,7.853982803819203,"yes, registered under the customers name ",yes
5.23291992921702,>= 200 DM / salary assignments for at least 1 year,11.811364359572465,all credits at this bank paid back duly,domestic appliances,962.1080065656049,... < 100 DM,.. >= 7 years,3.1016141488806452,female : divorced/separated/married,guarantor,-3.739514375950044,unknown / no property,30.480847923143703,none,own,-3.084239511877275,management/ self-employed/ highly qualified employee/ officer,0.47571306108483236,"yes, registered under the customers name ",yes
-2.8547183076089726,no checking account,11.54058865884155,existing credits paid back duly till now,domestic appliances,3228.8137537372395,... < 100 DM,unemployed,6.128354766518298,male : single,none,4.444677704446427,"if not A121/A122 : car or other, not in attribute 6",42.957180466587566,stores,own,11.351993044553112,management/ self-employed/ highly qualified employee/ officer,-9.618187295214653,"yes, registered under the customers name ",yes
5.068818449831053,no checking account,13.763136019585861,existing credits paid back duly till now,car (new),6199.987781412638,... < 100 DM,.. >= 7 years,-0.028590833063960375,male : single,none,-5.322661841567943,"if not A121/A122 : car or other, not in attribute 6",23.865170782265295,none,own,-0.8980998383811252,skilled employee / official,1.2856380672678043,none,yes
5.342357779945192,no checking account,19.56477403865876,existing credits paid back duly till now,car (new),721.0740770973384,500 <= ... < 1000 DM ,1 <= ... < 4 years,2.27421566378551,male : single,none,-1.136152983438297,real estate,45.97585813861695,none,rent,8.780081634749886,management/ self-employed/ highly qualified employee/ officer,2.0035342908080054,none,yes
2.164390100685842,0 <= ... < 200 DM,26.330888310986552,existing credits paid back duly till now,car (used),1235.0677901062472,... < 100 DM,.. >= 7 years,-9.519088400366702,male : single,none,-1.7534896825208057,if not A121 : building society savings agreement/ life insurance,27.34033249425586,stores,own,0.05565575347761764,skilled employee / official,-4.171304295700586,none,no
1.1720044634934796,no checking account,10.118939481082677,delay in paying off in the past,(vacation - does not exist?),2331.750405651725,... < 100 DM,... < 1 year ,-2.107309837888871,female : divorced/separated/married,none,8.21969535445778,unknown / no property,39.31999435457935,none,own,5.035485578274812,unskilled - resident,1.7374532721646934,"yes, registered under the customers name ",yes
2.3517161964086295,0 <= ... < 200 DM,33.46447359785879,critical account/ other credits existing (not at this bank),domestic appliances,4464.619951281361,.. >= 1000 DM ,1 <= ... < 4 years,1.3779255351447848,female : divorced/separated/married,none,0.18694524781541455,if not A121 : building society savings agreement/ life insurance,25.712151187972978,none,own,5.671117495130682,skilled employee / official,-0.8050921736314591,none,yes
-4.3167263236969085,0 <= ... < 200 DM,9.948300133274454,existing credits paid back duly till now,domestic appliances,782.0463228421269,unknown/ no savings account,.. >= 7 years,-1.0979225408372155,male : single,none,-0.2393320588823027,if not A121 : building society savings agreement/ life insurance,25.853543147262307,stores,own,6.734258775750228,management/ self-employed/ highly qualified employee/ officer,-5.713769746412552,none,yes
0.26235659879823536,0 <= ... < 200 DM,28.730186609761095,critical account/ other credits existing (not at this bank),domestic appliances,2413.856679080412,.. >= 1000 DM ,unemployed,4.8280607511632585,male : single,none,13.77346257705623,unknown / no property,22.33085071122483,none,own,-3.2031185358207237,skilled employee / official,4.35742447504642,none,yes
-0.762612662261794,>= 200 DM / salary assignments for at least 1 year,16.11096733620864,existing credits paid back duly till now,domestic appliances,1246.8499924249948,... < 100 DM,1 <= ... < 4 years,3.720272839773659,female : divorced/separated/married,none,5.7623124859435695,real estate,58.49185721814049,none,own,6.37817700639431,skilled employee / official,-1.8186257544889806,none,yes
1.9169693217674755,no checking account,16.58155720537283,delay in paying off in the past,car (new),3394.0098820335306,... < 100 DM,4 <= ... < 7 years,-9.296069387888057,male : single,none,4.69497255237413,if not A121 : building society savings agreement/ life insurance,37.68812302603648,none,own,10.232199254557202,skilled employee / official,-1.0318960736853455,none,yes
4.999121234551473,0 <= ... < 200 DM,3.3339544839550843,existing credits paid back duly till now,domestic appliances,2245.238674825251,100 <= ... < 500 DM,1 <= ... < 4 years,3.0775398465087824,male : single,none,0.15149627395612564,real estate,45.61813610211359,none,own,0.7065351037907146,unskilled - resident,-1.3128942364354228,none,yes
-5.292680409892046,no checking account,10.31000025206067,existing credits paid back duly till now,car (new),1768.4016714794068,100 <= ... < 500 DM,... < 1 year ,-3.641620653945137,male : single,none,-0.9818583381838888,if not A121 : building society savings agreement/ life insurance,19.380387630357244,none,rent,1.173530335710612,skilled employee / official,7.177392987320733,"yes, registered under the customers name ",yes
0.3749548484021118,no checking account,16.101567374287193,critical account/ other credits existing (not at this bank),domestic appliances,2485.659523388711,... < 100 DM,1 <= ... < 4 years,6.428444795952576,female : divorced/separated/married,guarantor,-9.932032200085754,"if not A121/A122 : car or other, not in attribute 6",26.458555045470533,none,own,-1.617233212400771,management/ self-employed/ highly qualified employee/ officer,0.7954191911330385,none,yes
7.407277738294866,no checking account,13.88473892847686,existing credits paid back duly till now,(vacation - does not exist?),1549.4004960185696,... < 100 DM,4 <= ... < 7 years,-4.409256238643327,male : single,none,8.84370265961779,"if not A121/A122 : car or other, not in attribute 6",45.973732092045566,none,own,-0.7321812609254996,management/ self-employed/ highly qualified employee/ officer,1.3954991027291075,"yes, registered under the customers name ",yes
-3.717941144062821,< 0 DM,12.365060448995681,existing credits paid back duly till now,education,3855.596985809992,unknown/ no savings account,.. >= 7 years,3.1500326926547007,female : divorced/separated/married,none,3.2415485287818955,if not A121 : building society savings agreement/ life insurance,24.249922108137223,none,own,10.557113994662451,skilled employee / official,-1.2031807719319851,none,yes
-4.1112500864516015,no checking account,24.64315533424718,delay in paying off in the past,domestic appliances,3648.0610602222537,... < 100 DM,... < 1 year ,-0.4158166444325295,male : single,none,3.1041700339329332,if not A121 : building society savings agreement/ life insurance,31.073376744644847,none,own,-4.021172630651021,unskilled - resident,3.314334111274526,none,yes
2.011530959155968,no checking account,42.228174800859364,no credits taken/ all credits paid back duly,domestic appliances,3441.5840018442245,100 <= ... < 500 DM,... < 1 year ,5.515509424751652,male : married/widowed,none,1.3138664908187212,if not A121 : building society savings agreement/ life insurance,42.026615033135535,none,own,-3.7105941092538597,skilled employee / official,8.746590242253358,none,yes
4.2219259524266,no checking account,22.797952628750366,existing credits paid back duly till now,radio/television,3004.944539416916,500 <= ... < 1000 DM ,1 <= ... < 4 years,2.623486388256734,male : single,none,7.680721311305275,if not A121 : building society savings agreement/ life insurance,48.90948112932463,none,own,9.054504682071885,skilled employee / official,4.239304087432532,none,yes
0.05713027780329665,0 <= ... < 200 DM,28.426226121032304,delay in paying off in the past,car (new),3073.4966936788283,... < 100 DM,.. >= 7 years,2.7241791248927276,male : single,none,-3.7735503653992657,if not A121 : building society savings agreement/ life insurance,39.7510056247316,none,own,4.122742129441812,skilled employee / official,4.434334806674281,"yes, registered under the customers name ",yes
6.644802952184946,< 0 DM,22.145605355330265,existing credits paid back duly till now,domestic appliances,6068.807818245098,... < 100 DM,1 <= ... < 4 years,-4.681361570221224,male : single,none,1.0505933422309726,unknown / no property,34.53554181291211,none,own,12.601851245212622,skilled employee / official,4.031151029421728,none,yes
4.283969912832634,0 <= ... < 200 DM,12.024275438178545,critical account/ other credits existing (not at this bank),(vacation - does not exist?),2145.4261102549904,unknown/ no savings account,1 <= ... < 4 years,-6.386039817305158,male : single,none,-2.6815143144626523,real estate,22.671846590567068,bank,rent,-0.25219318912926614,skilled employee / official,-5.901213216555816,"yes, registered under the customers name ",yes
4.2091003344503095,0 <= ... < 200 DM,51.97364376433716,existing credits paid back duly till now,domestic appliances,13763.964560445615,unknown/ no savings account,.. >= 7 years,-0.9194346954610948,female : divorced/separated/married,none,12.85754641243373,real estate,59.879792800603944,none,own,1.631405686187847,management/ self-employed/ highly qualified employee/ officer,-3.3805941584956916,"yes, registered under the customers name ",yes
3.7705825066204666,< 0 DM,59.878513081145925,existing credits paid back duly till now,domestic appliances,14780.226513485202,100 <= ... < 500 DM,1 <= ... < 4 years,2.958600580352065,female : divorced/separated/married,none,8.378277659266503,"if not A121/A122 : car or other, not in attribute 6",60.378957749821765,stores,own,-1.303384718859022,management/ self-employed/ highly qualified employee/ officer,-0.024936967995631276,none,yes
12.638265501730425,< 0 DM,49.82267244516631,existing credits paid back duly till now,domestic appliances,7672.803751807137,.. >= 1000 DM ,unemployed,-1.041239735995585,female : divorced/separated/married,none,-7.013463205676821,if not A121 : building society savings agreement/ life insurance,41.48680729510012,none,own,1.7165058432384797,skilled employee / official,-2.6293202124661277,"yes, registered under the customers name ",yes
-1.025808444330221,no checking account,20.780376369115753,existing credits paid back duly till now,car (new),2322.5222232383126,unknown/ no savings account,1 <= ... < 4 years,5.126059652897328,male : single,none,-4.568808133199878,if not A121 : building society savings agreement/ life insurance,33.93444284501665,none,own,-6.870483486421518,management/ self-employed/ highly qualified employee/ officer,-4.32268512377999,"yes, registered under the customers name ",yes
-10.017611460332569,no checking account,7.886306834744278,critical account/ other credits existing (not at this bank),domestic appliances,842.5048907344803,... < 100 DM,.. >= 7 years,1.6038954039415816,male : single,none,3.3382716332125684,unknown / no property,34.416885974690715,none,rent,4.42477278327504,skilled employee / official,-8.360878704352869,"yes, registered under the customers name ",yes
9.021271807585705,no checking account,37.4561570842369,existing credits paid back duly till now,domestic appliances,14318.213155122188,... < 100 DM,1 <= ... < 4 years,-0.8250636238975515,female : divorced/separated/married,none,-0.3622010603621235,"if not A121/A122 : car or other, not in attribute 6",55.746087329111134,bank,own,2.6173704174616903,skilled employee / official,-5.732646065670705,none,yes
-2.288497154784128,< 0 DM,13.368056961265477,existing credits paid back duly till now,domestic appliances,361.5664764957894,... < 100 DM,... < 1 year ,2.6095185350604533,male : single,none,-2.6219110403844414,"if not A121/A122 : car or other, not in attribute 6",56.96238306791527,none,own,1.7122266876704055,skilled employee / official,-0.2826277867130018,"yes, registered under the customers name ",yes
0.5394022217151652,< 0 DM,26.1301695495534,no credits taken/ all credits paid back duly,business,2210.631480020911,.. >= 1000 DM ,... < 1 year ,5.129299181582762,female : divorced/separated/married,none,13.723811188252448,"if not A121/A122 : car or other, not in attribute 6",45.12580727549928,none,rent,-0.9518216229983238,skilled employee / official,0.6528681659055775,"yes, registered under the customers name ",yes
7.547753424302635,< 0 DM,3.6647252310862832,existing credits paid back duly till now,business,12979.951702908924,... < 100 DM,.. >= 7 years,4.624423594122922,male : single,none,5.562699569912896,"if not A121/A122 : car or other, not in attribute 6",34.664247431158145,none,own,-3.4737699368404975,skilled employee / official,-2.9652688806528773,"yes, registered under the customers name ",yes
-8.011297705294627,0 <= ... < 200 DM,20.41280722581159,existing credits paid back duly till now,domestic appliances,1275.3356756082364,unknown/ no savings account,4 <= ... < 7 years,13.391895659965646,female : divorced/separated/married,none,6.3740816143154575,if not A121 : building society savings agreement/ life insurance,21.65706071276255,none,own,4.638564560163806,unskilled - resident,1.3946260634161298,none,yes
-6.258236070530697,< 0 DM,11.176744862280243,all credits at this bank paid back duly,business,1327.4149288752283,500 <= ... < 1000 DM ,.. >= 7 years,0.655453299982903,male : single,none,-2.4600747461610695,real estate,27.89679459833556,none,rent,-4.855449928517032,skilled employee / official,-1.1691682045418812,none,yes
-8.006389685594268,< 0 DM,21.239507136365145,critical account/ other credits existing (not at this bank),car (used),4275.420189565587,... < 100 DM,4 <= ... < 7 years,1.632606692047998,male : single,none,5.611370735890012,if not A121 : building society savings agreement/ life insurance,33.63766032378627,none,own,4.559479560246215,skilled employee / official,6.452867936869241,none,no
-3.9706814501271195,no checking account,18.47091529116156,critical account/ other credits existing (not at this bank),education,2234.9295761232784,... < 100 DM,... < 1 year ,4.130619734097132,male : married/widowed,none,-0.9021638049100589,unknown / no property,30.729951541562798,none,rent,12.372256974047287,unskilled - resident,0.19187117987581337,none,yes
2.1981830300849676,< 0 DM,24.243788862052533,all credits at this bank paid back duly,domestic appliances,1117.95596645365,unknown/ no savings account,.. >= 7 years,3.882885203995923,female : divorced/separated/married,none,0.583284131462503,if not A121 : building society savings agreement/ life insurance,14.740738939100442,none,rent,8.427607443221492,skilled employee / official,4.481654407008577,"yes, registered under the customers name ",yes
2.620939214063855,no checking account,12.567160702047047,existing credits paid back duly till now,radio/television,7377.342776716284,... < 100 DM,.. >= 7 years,1.496909270056734,male : single,none,7.055009799126299,"if not A121/A122 : car or other, not in attribute 6",38.67962015004069,none,for free,-5.525639713353266,skilled employee / official,2.0160688114734624,none,yes
1.3813708966427687,0 <= ... < 200 DM,16.68200469344936,existing credits paid back duly till now,domestic appliances,2331.615473152208,... < 100 DM,unemployed,-5.746285881721217,male : single,none,-4.144987825301499,"if not A121/A122 : car or other, not in attribute 6",22.346982226552438,none,own,-1.6836903017165143,unskilled - resident,-6.010355196220274,none,yes
-7.0638294194618325,0 <= ... < 200 DM,4.420882613517811,critical account/ other credits existing (not at this bank),domestic appliances,1448.7750239617849,... < 100 DM,1 <= ... < 4 years,0.4458272047349223,male : single,none,9.985139299254913,"if not A121/A122 : car or other, not in attribute 6",25.662437390423708,none,own,4.107253702776688,unskilled - resident,0.5467091213141229,"yes, registered under the customers name ",yes
-11.55051718316322,no checking account,14.640439881601615,no credits taken/ all credits paid back duly,business,1810.1957720076523,... < 100 DM,unemployed,-3.368512063589005,female : divorced/separated/married,none,2.911946073619379,unknown / no property,38.022049980176774,none,for free,0.648590389928249,skilled employee / official,-5.178120496643418,"yes, registered under the customers name ",yes
0.2717679269519113,0 <= ... < 200 DM,19.386968170850174,critical account/ other credits existing (not at this bank),car (new),986.5298487334941,... < 100 DM,.. >= 7 years,-7.633033405618892,male : single,none,10.404721043902121,if not A121 : building society savings agreement/ life insurance,11.886996756084914,none,rent,-5.997028591412105,management/ self-employed/ highly qualified employee/ officer,0.4593958089153939,"yes, registered under the customers name ",no
-2.358880168191679,no checking account,33.28721089944087,critical account/ other credits existing (not at this bank),domestic appliances,3240.7005605929016,... < 100 DM,... < 1 year ,-1.978394208352932,male : single,none,-1.377098783094092,if not A121 : building society savings agreement/ life insurance,30.90567353359905,none,own,2.926579757367456,management/ self-employed/ highly qualified employee/ officer,-1.7256540861534457,none,yes
2.2969288585830587,< 0 DM,8.311062445053123,critical account/ other credits existing (not at this bank),domestic appliances,1958.543996384241,... < 100 DM,1 <= ... < 4 years,-4.235458603832273,female : divorced/separated/married,none,-0.6158256201409653,"if not A121/A122 : car or other, not in attribute 6",26.857229232831987,none,own,0.9499155244185032,skilled employee / official,2.909815167424042,none,yes
3.5097681311063504,0 <= ... < 200 DM,-0.3560905803049348,critical account/ other credits existing (not at this bank),radio/television,2401.562680876289,... < 100 DM,1 <= ... < 4 years,4.918932726464741,female : divorced/separated/married,none,-2.8095011079990613,real estate,32.43655301287996,none,rent,10.571627043018909,skilled employee / official,-5.711771687331006,none,yes
0.6912071602934096,no checking account,48.3115878069744,existing credits paid back duly till now,radio/television,11754.200803571166,unknown/ no savings account,.. >= 7 years,5.005459187071469,male : single,none,4.251488363324194,if not A121 : building society savings agreement/ life insurance,35.10377410320378,none,own,-0.2661435130872334,skilled employee / official,1.073509126397186,none,yes
3.800665426879269,< 0 DM,15.013262231532494,critical account/ other credits existing (not at this bank),domestic appliances,2575.7904499146016,100 <= ... < 500 DM,1 <= ... < 4 years,-1.5193964479043744,male : single,none,4.32991650959123,if not A121 : building society savings agreement/ life insurance,57.18724217430766,none,rent,6.840016926632955,skilled employee / official,3.8620779128159697,"yes, registered under the customers name ",yes
1.1460568705753422,>= 200 DM / salary assignments for at least 1 year,35.08750078674869,existing credits paid back duly till now,domestic appliances,2347.0835122178637,unknown/ no savings account,1 <= ... < 4 years,1.6988568471843943,female : divorced/separated/married,none,-0.32205909615590267,if not A121 : building society savings agreement/ life insurance,51.87842701615508,none,for free,-4.335442015649878,skilled employee / official,5.537977846544977,none,yes
3.650323528007333,0 <= ... < 200 DM,14.877732549999473,existing credits paid back duly till now,radio/television,1219.7789587480677,100 <= ... < 500 DM,.. >= 7 years,-8.291213310562677,male : married/widowed,none,-4.070345964426397,unknown / no property,37.18457202883035,none,own,-3.1400464894825415,management/ self-employed/ highly qualified employee/ officer,-2.8208387894211144,"yes, registered under the customers name ",no
-3.523366314349412,0 <= ... < 200 DM,16.95090285526095,critical account/ other credits existing (not at this bank),car (used),1518.9435163910757,... < 100 DM,.. >= 7 years,1.5283002490865294,female : divorced/separated/married,none,-5.3329813486542115,unknown / no property,48.94168269179468,none,own,5.60830979904745,skilled employee / official,1.0887548610358755,none,yes
-0.8980570691572927,no checking account,23.912653708763287,existing credits paid back duly till now,domestic appliances,1470.7696531077058,... < 100 DM,4 <= ... < 7 years,4.994909503511728,female : divorced/separated/married,none,3.75758049764672,if not A121 : building society savings agreement/ life insurance,37.43952339976854,none,rent,6.418653903036873,unskilled - resident,1.9207348645578677,none,yes
0.9838804832847863,no checking account,16.38007612251785,existing credits paid back duly till now,car (new),1891.900954358359,... < 100 DM,unemployed,8.124689448070514,male : single,none,1.6720661020569993,if not A121 : building society savings agreement/ life insurance,31.657471549024336,none,own,-2.786963630371962,skilled employee / official,8.73563139771384,none,yes
5.102642377087094,no checking account,22.979652424757827,critical account/ other credits existing (not at this bank),car (used),8649.405865828217,... < 100 DM,... < 1 year ,-1.565235408456569,female : divorced/separated/married,none,-1.4280349617913113,"if not A121/A122 : car or other, not in attribute 6",20.382872866183977,bank,own,2.1203870324195586,skilled employee / official,-6.406650303750685,"yes, registered under the customers name ",yes
-1.9687058611228605,< 0 DM,11.541721925172578,critical account/ other credits existing (not at this bank),domestic appliances,798.5122139670185,unknown/ no savings account,.. >= 7 years,9.2592743026376,male : single,none,9.735447430658049,real estate,27.02478348504535,none,own,-4.907895867645389,management/ self-employed/ highly qualified employee/ officer,-3.5555127253552445,"yes, registered under the customers name ",yes
2.605836278660563,0 <= ... < 200 DM,15.096742986272076,critical account/ other credits existing (not at this bank),car (new),2894.6703005808386,500 <= ... < 1000 DM ,1 <= ... < 4 years,-3.5784596075673587,male : single,none,3.5883716090363302,real estate,44.181353852945065,none,own,0.09390086847260304,management/ self-employed/ highly qualified employee/ officer,16.0223124636804,"yes, registered under the customers name ",yes
-0.3291939595768951,< 0 DM,27.47335305814204,existing credits paid back duly till now,car (new),2030.7625185047627,... < 100 DM,4 <= ... < 7 years,-5.238138995718963,female : divorced/separated/married,none,7.350214669634626,if not A121 : building society savings agreement/ life insurance,27.77875518749209,none,own,5.18461392812063,skilled employee / official,-0.36548641977987373,none,yes
-0.5877108366406518,no checking account,25.279534250521113,existing credits paid back duly till now,radio/television,2198.453665889334,... < 100 DM,4 <= ... < 7 years,7.548309328189381,female : divorced/separated/married,none,1.333739086586517,unknown / no property,35.073726886961175,none,for free,-0.17479249568072408,skilled employee / official,-7.454969049516373,none,yes
4.147595210120365,no checking account,18.2587407070152,existing credits paid back duly till now,domestic appliances,1051.2270622637432,unknown/ no savings account,.. >= 7 years,12.355606142816237,male : single,none,3.223881418993284,"if not A121/A122 : car or other, not in attribute 6",27.15376274267452,none,own,-0.24517352971901407,skilled employee / official,-1.9127507167408302,"yes, registered under the customers name ",yes
-9.965301855270779,< 0 DM,23.956026552572144,critical account/ other credits existing (not at this bank),radio/television,3223.1390223596823,100 <= ... < 500 DM,1 <= ... < 4 years,5.467159940918477,male : married/widowed,none,1.7226199187183255,if not A121 : building society savings agreement/ life insurance,20.573823544289283,none,own,-4.648976991480259,skilled employee / official,-12.844366107321811,"yes, registered under the customers name ",yes
-5.482361640373805,< 0 DM,14.565999055385905,critical account/ other credits existing (not at this bank),domestic appliances,936.321425636153,... < 100 DM,.. >= 7 years,3.798288067329938,female : divorced/separated/married,none,-6.488111547590613,unknown / no property,30.527480221041376,none,own,-0.24179206812462883,skilled employee / official,2.2046035622807656,none,yes
-7.410926987214104,< 0 DM,21.90575628037481,existing credits paid back duly till now,car (used),1962.4948298537252,unknown/ no savings account,... < 1 year ,-6.975918732611042,male : married/widowed,none,11.141691531319564,if not A121 : building society savings agreement/ life insurance,23.88608268228063,none,own,9.790554581071692,skilled employee / official,5.048923801391093,none,yes
-11.668080599241524,< 0 DM,44.14865920704774,critical account/ other credits existing (not at this bank),car (used),7260.878387960854,... < 100 DM,unemployed,-7.112235280217396,male : single,none,1.3242319648379206,if not A121 : building society savings agreement/ life insurance,41.43585121254044,none,own,2.3646244585856646,management/ self-employed/ highly qualified employee/ officer,-3.5583118808437657,"yes, registered under the customers name ",yes
-2.3913222007758836,0 <= ... < 200 DM,4.160347917847507,delay in paying off in the past,business,2283.4861069405333,unknown/ no savings account,unemployed,4.647047684479345,female : divorced/separated/married,none,5.732091098164803,real estate,39.324852728458126,bank,rent,-3.011538833252991,skilled employee / official,-1.353619611257534,none,yes
3.7471694986387023,< 0 DM,16.304686617814923,critical account/ other credits existing (not at this bank),radio/television,1589.7932460013296,... < 100 DM,... < 1 year ,1.2096866521441272,male : married/widowed,none,-1.7601436123077967,real estate,44.63613242844395,bank,rent,-0.5738597495899582,management/ self-employed/ highly qualified employee/ officer,6.618270776844563,none,yes
-0.42442033191287365,no checking account,30.839537253604853,critical account/ other credits existing (not at this bank),car (used),1386.5498482155285,unknown/ no savings account,unemployed,-1.52917591076059,male : divorced/separated,none,1.1757780921011767,real estate,41.80450793738527,none,own,-6.987138105832811,unskilled - resident,-7.7510773242303515,none,yes
0.9889504097092606,>= 200 DM / salary assignments for at least 1 year,31.73920597017203,existing credits paid back duly till now,car (new),5848.78381578732,... < 100 DM,... < 1 year ,2.3276629041502535,male : married/widowed,none,-2.3342617996167734,unknown / no property,26.783765150722665,none,rent,-3.070798460701061,skilled employee / official,-4.607856060997728,"yes, registered under the customers name ",yes
6.446087483553963,no checking account,23.146368052779867,existing credits paid back duly till now,education,2575.2750853063717,100 <= ... < 500 DM,... < 1 year ,4.575656837539048,male : divorced/separated,none,7.179992413816967,"if not A121/A122 : car or other, not in attribute 6",36.061724600492255,none,own,7.8016986952322664,unskilled - resident,0.8594240914218014,none,yes
6.638430661338458,0 <= ... < 200 DM,22.97745141472659,existing credits paid back duly till now,radio/television,8467.839570885955,... < 100 DM,1 <= ... < 4 years,5.722079342701363,male : single,none,3.5570467372533785,unknown / no property,27.79255626890053,none,own,1.2875878780669747,skilled employee / official,-2.761674187334092,none,yes
-0.34568967363069775,< 0 DM,25.855695034114557,critical account/ other credits existing (not at this bank),domestic appliances,2785.0811769827665,500 <= ... < 1000 DM ,.. >= 7 years,1.6830114150635038,male : single,none,3.835267633404441,if not A121 : building society savings agreement/ life insurance,29.70636806806281,none,own,10.45365088050603,skilled employee / official,-0.46933448736793903,"yes, registered under the customers name ",yes
7.767929447846987,< 0 DM,18.140110935129382,critical account/ other credits existing (not at this bank),domestic appliances,1030.3645010152734,unknown/ no savings account,4 <= ... < 7 years,10.141971841671923,female : divorced/separated/married,none,8.790920735524894,if not A121 : building society savings agreement/ life insurance,26.946132112374457,none,own,0.5232608075197205,unskilled - resident,-5.318751597032609,none,yes
0.46063329217054605,no checking account,13.913869208906618,delay in paying off in the past,radio/television,3176.6940315774723,... < 100 DM,.. >= 7 years,2.0399701477440666,male : single,none,8.781706484495114,if not A121 : building society savings agreement/ life insurance,24.714778780548315,none,own,0.8201065190425203,skilled employee / official,2.071567429607539,"yes, registered under the customers name ",yes
-4.186991119137311,< 0 DM,10.95295586480196,critical account/ other credits existing (not at this bank),domestic appliances,2026.5963329957465,... < 100 DM,unemployed,3.4233250259633197,male : single,guarantor,5.8267126806814264,if not A121 : building society savings agreement/ life insurance,24.002455862211214,none,own,4.204470792710617,management/ self-employed/ highly qualified employee/ officer,0.2538345741000565,"yes, registered under the customers name ",yes
-2.972001760993676,no checking account,13.952652981597586,existing credits paid back duly till now,car (used),965.7494528306456,... < 100 DM,... < 1 year ,7.321560931235911,female : divorced/separated/married,none,-4.108636735187313,if not A121 : building society savings agreement/ life insurance,46.10824282744549,none,own,-11.362937911097006,skilled employee / official,4.745952471165164,"yes, registered under the customers name ",yes
-7.402682562825081,no checking account,28.00593137516948,all credits at this bank paid back duly,car (new),1588.8213495591663,.. >= 1000 DM ,unemployed,-0.8922044002071727,male : single,none,-0.4783955975834182,unknown / no property,33.79937971098335,none,own,3.0246966182678743,management/ self-employed/ highly qualified employee/ officer,2.001997502401462,none,yes
-3.4406692686682616,no checking account,12.906571089307098,existing credits paid back duly till now,car (new),2762.5046839586757,... < 100 DM,1 <= ... < 4 years,15.072237266330808,male : single,none,-3.019440680056764,if not A121 : building society savings agreement/ life insurance,28.577690258519997,none,own,0.7550675596952416,skilled employee / official,2.0334503624801172,"yes, registered under the customers name ",yes
-1.7900834403721457,< 0 DM,13.442781884313549,existing credits paid back duly till now,domestic appliances,2784.66894636282,100 <= ... < 500 DM,4 <= ... < 7 years,2.8762873908336792,female : divorced/separated/married,none,6.637668468128997,real estate,17.866842202437336,none,own,8.430194467575737,unskilled - resident,-6.231536772650569,none,yes
4.017925096893008,>= 200 DM / salary assignments for at least 1 year,32.1221353119249,existing credits paid back duly till now,domestic appliances,2753.534423666391,... < 100 DM,unemployed,5.904146264188365,male : divorced/separated,none,2.853259708750257,"if not A121/A122 : car or other, not in attribute 6",25.577081555860726,stores,for free,6.823396970818086,unskilled - resident,3.462957758224361,"yes, registered under the customers name ",yes
8.60384915582992,no checking account,22.605753731973962,existing credits paid back duly till now,radio/television,1146.1157576342584,... < 100 DM,4 <= ... < 7 years,6.625479869862987,male : divorced/separated,none,-3.9525621681529737,unknown / no property,46.494577393815554,none,rent,-3.668458427734003,management/ self-employed/ highly qualified employee/ officer,-0.6543320090222104,"yes, registered under the customers name ",yes
-6.9109075768852,no checking account,12.27329764223893,existing credits paid back duly till now,car (new),1312.915816381333,... < 100 DM,1 <= ... < 4 years,10.385682376658211,female : divorced/separated/married,none,3.056278934943862,"if not A121/A122 : car or other, not in attribute 6",25.031952388098745,none,rent,7.210693093137902,skilled employee / official,0.16700846175191097,"yes, registered under the customers name ",yes
2.964137341299595,0 <= ... < 200 DM,21.727494532624913,existing credits paid back duly till now,education,1199.1102761067143,.. >= 1000 DM ,4 <= ... < 7 years,5.962537058363033,male : single,none,-3.470561678593892,"if not A121/A122 : car or other, not in attribute 6",66.43725000326573,none,own,1.6884273720950242,management/ self-employed/ highly qualified employee/ officer,7.241321881954049,"yes, registered under the customers name ",yes
-5.202719695787672,< 0 DM,3.6453593492109597,existing credits paid back duly till now,car (new),3440.3890036240427,... < 100 DM,4 <= ... < 7 years,-7.025279895019619,male : divorced/separated,guarantor,3.7342175596512006,"if not A121/A122 : car or other, not in attribute 6",66.46259400110613,none,own,-3.522266131480225,management/ self-employed/ highly qualified employee/ officer,-2.5971777825844757,none,yes
3.3734854423160097,no checking account,19.355054164347102,delay in paying off in the past,domestic appliances,11333.137905352769,... < 100 DM,.. >= 7 years,9.017351923837522,female : divorced/separated/married,none,-5.276862519935923,"if not A121/A122 : car or other, not in attribute 6",30.57671008893289,none,own,2.9855162543560114,skilled employee / official,7.755921642295003,none,yes
-0.655433253438633,< 0 DM,1.6590328467961006,existing credits paid back duly till now,radio/television,1866.9084223381938,... < 100 DM,.. >= 7 years,2.2955171027749137,female : divorced/separated/married,none,6.644137466923064,unknown / no property,30.567324868828543,none,own,1.986153221680909,skilled employee / official,8.222376496865465,none,yes
-9.154529129237652,< 0 DM,15.82268375771071,existing credits paid back duly till now,education,2058.512361835516,100 <= ... < 500 DM,.. >= 7 years,4.535775364196617,female : divorced/separated/married,co-applicant,3.889813130170368,"if not A121/A122 : car or other, not in attribute 6",38.094056216033714,none,own,9.692326570142619,skilled employee / official,4.76392218682186,none,yes
4.6414849578424215,< 0 DM,10.184743057729749,existing credits paid back duly till now,radio/television,2134.786904762999,unknown/ no savings account,1 <= ... < 4 years,-3.396269860876332,male : divorced/separated,guarantor,11.539742466734408,"if not A121/A122 : car or other, not in attribute 6",20.307277263453834,none,own,2.7031101424560497,skilled employee / official,-3.90310405383711,none,yes
-2.0250035640436552,no checking account,11.582756083867032,existing credits paid back duly till now,radio/television,1479.2099419964939,... < 100 DM,.. >= 7 years,4.631010090619478,female : divorced/separated/married,none,5.239366447486712,"if not A121/A122 : car or other, not in attribute 6",21.62675890908838,none,own,2.028294604430029,skilled employee / official,-9.931466228134658,none,yes
-2.669501191867773,no checking account,3.800061477351456,existing credits paid back duly till now,domestic appliances,655.0844903617086,... < 100 DM,1 <= ... < 4 years,-1.2568714503377612,male : single,none,1.8854287208874863,real estate,20.05364570468002,none,own,5.503235414277199,unemployed/ unskilled - non-resident,6.394174571299705,none,yes
-5.348762056448449,no checking account,9.22190587827465,critical account/ other credits existing (not at this bank),car (new),1288.3820718212687,500 <= ... < 1000 DM ,.. >= 7 years,4.5008481899673685,male : single,none,8.09035046637243,"if not A121/A122 : car or other, not in attribute 6",36.61900530640098,none,own,7.46435809046356,skilled employee / official,1.5569253066553985,"yes, registered under the customers name ",yes
-3.2714163834377774,>= 200 DM / salary assignments for at least 1 year,35.76341265152916,existing credits paid back duly till now,business,3398.9776966408135,... < 100 DM,1 <= ... < 4 years,2.579504973196085,male : single,none,-2.9883194047258925,if not A121 : building society savings agreement/ life insurance,66.61598798429354,none,own,5.918025471486496,skilled employee / official,-2.725987354107312,"yes, registered under the customers name ",yes
3.139452203474586,no checking account,17.604203257015833,critical account/ other credits existing (not at this bank),domestic appliances,608.3513189840575,... < 100 DM,1 <= ... < 4 years,13.62506400867926,female : divorced/separated/married,none,-3.812363018405427,if not A121 : building society savings agreement/ life insurance,28.418506968042568,none,own,8.097317364074769,skilled employee / official,6.867811718778013,none,yes
-0.9462217046820276,0 <= ... < 200 DM,8.676869999684346,critical account/ other credits existing (not at this bank),car (used),1884.3505657936662,unknown/ no savings account,1 <= ... < 4 years,13.911301500727948,male : single,none,5.66571266037555,real estate,38.971162269086086,none,rent,4.043412064568942,skilled employee / official,-3.307794404389047,none,yes
1.6433100114124053,0 <= ... < 200 DM,13.802958388284207,existing credits paid back duly till now,radio/television,1622.8558703314552,100 <= ... < 500 DM,1 <= ... < 4 years,2.2325658510737068,female : divorced/separated/married,none,-7.7912483137396364,unknown / no property,23.350544887797092,none,rent,1.838257323633509,unskilled - resident,-1.1207762911547134,none,yes
1.8096092696442185,0 <= ... < 200 DM,13.046572850123718,critical account/ other credits existing (not at this bank),domestic appliances,2624.141906134935,... < 100 DM,4 <= ... < 7 years,2.3198885568442735,male : single,none,2.814196075330585,real estate,32.638930751550944,bank,own,8.195860310440146,skilled employee / official,3.6244518215849704,"yes, registered under the customers name ",yes
7.603308277640835,0 <= ... < 200 DM,19.193527411796154,existing credits paid back duly till now,radio/television,722.6984625420646,... < 100 DM,4 <= ... < 7 years,2.1327851682524246,male : single,none,-1.1013164605921038,real estate,40.73520668168486,none,own,0.5455192995893063,skilled employee / official,-3.568014158074387,"yes, registered under the customers name ",yes
-0.7139307543218965,< 0 DM,47.27986169972662,existing credits paid back duly till now,radio/television,5100.096715485299,... < 100 DM,unemployed,7.530031457513931,male : married/widowed,none,3.5065352757663177,"if not A121/A122 : car or other, not in attribute 6",35.8086739500735,none,own,1.166232581723308,management/ self-employed/ highly qualified employee/ officer,0.4525954519646631,none,yes
-7.384289084228659,no checking account,10.450201982417676,no credits taken/ all credits paid back duly,car (used),1257.018131493752,500 <= ... < 1000 DM ,.. >= 7 years,2.3554006483331142,male : single,none,-1.3886817902363173,if not A121 : building society savings agreement/ life insurance,37.46130610260032,bank,own,10.607884586484573,management/ self-employed/ highly qualified employee/ officer,6.445685919566808,none,yes
6.336112082859915,>= 200 DM / salary assignments for at least 1 year,47.628898959408424,existing credits paid back duly till now,domestic appliances,1840.119479047202,100 <= ... < 500 DM,.. >= 7 years,1.8933136267715036,male : married/widowed,none,6.121240687275944,"if not A121/A122 : car or other, not in attribute 6",25.988626363245025,none,own,9.109620639776157,skilled employee / official,2.05555371810565,"yes, registered under the customers name ",yes
-1.6574408604862734,< 0 DM,14.582200502947018,existing credits paid back duly till now,car (new),2573.7095909916593,... < 100 DM,... < 1 year ,6.892964318324823,male : single,none,2.096637118336948,"if not A121/A122 : car or other, not in attribute 6",34.829869986584626,bank,for free,0.9591209653833859,management/ self-employed/ highly qualified employee/ officer,7.2371316841184035,"yes, registered under the customers name ",yes
5.5729622228868845,0 <= ... < 200 DM,10.46717189356471,existing credits paid back duly till now,domestic appliances,1427.8448293578688,... < 100 DM,1 <= ... < 4 years,0.3085045234167527,female : divorced/separated/married,co-applicant,11.001829584406654,unknown / no property,61.479763441421326,bank,own,-1.2677578865280839,skilled employee / official,6.66801179002999,"yes, registered under the customers name ",yes
2.9168855659123523,>= 200 DM / salary assignments for at least 1 year,12.033899075648204,existing credits paid back duly till now,domestic appliances,1516.0955208445607,... < 100 DM,1 <= ... < 4 years,2.8112248277573473,female : divorced/separated/married,none,3.0336726705081105,"if not A121/A122 : car or other, not in attribute 6",61.80471068308025,bank,own,9.315867501042492,skilled employee / official,1.038691672108097,none,yes
-0.6556876510167247,< 0 DM,34.37227494240234,critical account/ other credits existing (not at this bank),car (new),11051.324564233117,100 <= ... < 500 DM,1 <= ... < 4 years,-3.9065539075549642,male : single,none,-1.8432140248073314,real estate,29.001651004135717,none,own,5.00209178957607,skilled employee / official,-10.683706881786941,none,yes
1.7438794702314755,0 <= ... < 200 DM,8.549491242382679,existing credits paid back duly till now,car (used),515.9841866153497,unknown/ no savings account,.. >= 7 years,6.520951725615834,male : married/widowed,none,-0.23442927913641443,"if not A121/A122 : car or other, not in attribute 6",24.648264911712836,none,own,2.577906270986815,skilled employee / official,-4.528861476076533,none,yes
9.755062800631498,0 <= ... < 200 DM,11.473879328745644,existing credits paid back duly till now,car (new),2761.70565419109,unknown/ no savings account,1 <= ... < 4 years,11.704334695909344,male : single,none,-2.721181985083657,if not A121 : building society savings agreement/ life insurance,42.788832333404116,none,rent,0.39063644905027717,skilled employee / official,4.8166705619224475,none,yes
10.384902645268765,< 0 DM,22.02377927498264,existing credits paid back duly till now,car (used),2665.862078796327,... < 100 DM,1 <= ... < 4 years,7.606126863998959,male : single,none,6.0306862735272,"if not A121/A122 : car or other, not in attribute 6",29.851987025576104,none,own,2.6584828935729696,skilled employee / official,-6.751257101426435,none,yes
1.3469056756638935,< 0 DM,31.33590625354521,existing credits paid back duly till now,car (new),4814.947330059925,... < 100 DM,.. >= 7 years,9.308995837736525,male : married/widowed,none,5.949251231576362,real estate,27.3730287118588,none,own,0.891457700561487,management/ self-employed/ highly qualified employee/ officer,-0.63346294293475,none,yes
0.8009529665853765,0 <= ... < 200 DM,23.428950541110815,existing credits paid back duly till now,domestic appliances,2679.447963836842,... < 100 DM,1 <= ... < 4 years,-0.23051068088665438,male : single,none,13.34598018346409,if not A121 : building society savings agreement/ life insurance,31.850170980420113,bank,rent,-2.321690897864979,unskilled - resident,2.692403068445162,"yes, registered under the customers name ",yes
5.381200787331927,0 <= ... < 200 DM,22.497945465186596,critical account/ other credits existing (not at this bank),car (used),3909.9796934241112,... < 100 DM,... < 1 year ,3.1816214101410036,male : single,none,-1.1091799530220237,"if not A121/A122 : car or other, not in attribute 6",26.71989655056605,none,own,2.645211642936176,skilled employee / official,9.34785347880755,none,yes
-3.228305163836736,< 0 DM,12.453712818760865,existing credits paid back duly till now,radio/television,3382.977006919102,... < 100 DM,.. >= 7 years,-1.7157996218469478,male : married/widowed,none,2.6610271316240866,real estate,41.372953326906696,none,rent,2.327120228198037,unskilled - resident,-1.8750984822720707,none,yes
1.6653518630912756,no checking account,14.926591971123637,critical account/ other credits existing (not at this bank),(vacation - does not exist?),333.78807768984666,... < 100 DM,.. >= 7 years,2.8611722720932855,female : divorced/separated/married,none,-1.878792622191078,"if not A121/A122 : car or other, not in attribute 6",30.120965571086778,none,own,-0.8769753346011551,skilled employee / official,-2.217438545415647,none,yes
-0.129314239769282,0 <= ... < 200 DM,19.786597113553135,critical account/ other credits existing (not at this bank),business,4584.4170126624085,.. >= 1000 DM ,unemployed,6.861057386762524,male : single,none,3.0605685056561205,if not A121 : building society savings agreement/ life insurance,36.49615535905555,none,own,5.519128443047588,skilled employee / official,0.7377711675224976,"yes, registered under the customers name ",yes
1.569541057287768,< 0 DM,40.81480286624724,existing credits paid back duly till now,radio/television,3613.7029346664694,... < 100 DM,4 <= ... < 7 years,1.5091030655164932,female : divorced/separated/married,none,3.9084526723980684,"if not A121/A122 : car or other, not in attribute 6",39.79058505974827,none,own,7.444161961554945,unskilled - resident,3.754564849050512,"yes, registered under the customers name ",yes
-4.166844029747029,no checking account,11.376944742411379,existing credits paid back duly till now,business,1714.4341614090004,... < 100 DM,4 <= ... < 7 years,-5.0632051130061075,female : divorced/separated/married,none,2.7331257778574463,"if not A121/A122 : car or other, not in attribute 6",35.19438241271815,none,own,5.849488468277063,management/ self-employed/ highly qualified employee/ officer,0.22876586301952972,"yes, registered under the customers name ",no
-7.947837466544845,no checking account,7.731203887062941,critical account/ other credits existing (not at this bank),car (new),3016.2269462069003,... < 100 DM,.. >= 7 years,-3.5751455276887674,female : divorced/separated/married,none,6.431629584365161,"if not A121/A122 : car or other, not in attribute 6",28.684256449222886,none,own,-0.38124192606997376,skilled employee / official,6.246341744429053,"yes, registered under the customers name ",yes
-10.364917179956459,no checking account,14.298529775074938,critical account/ other credits existing (not at this bank),car (new),748.055599232012,... < 100 DM,.. >= 7 years,-2.9058196574538684,female : divorced/separated/married,none,0.9151024812261124,if not A121 : building society savings agreement/ life insurance,37.299622793875194,none,own,5.77910752094186,unskilled - resident,-2.9957191651423596,"yes, registered under the customers name ",yes
-5.58692056494804,no checking account,22.942766212326575,existing credits paid back duly till now,domestic appliances,1946.486225200894,100 <= ... < 500 DM,.. >= 7 years,6.4572629496979514,male : divorced/separated,none,5.930870239453561,unknown / no property,29.123818441236825,none,own,2.389806987300201,management/ self-employed/ highly qualified employee/ officer,1.6008046668952176,"yes, registered under the customers name ",yes
-2.2933764246966653,< 0 DM,24.201282510002315,all credits at this bank paid back duly,radio/television,2920.12957057509,... < 100 DM,.. >= 7 years,13.319472678283342,male : single,none,6.692489268205413,"if not A121/A122 : car or other, not in attribute 6",65.43077655038192,none,own,-5.178729892829758,skilled employee / official,4.226063551235095,none,yes
-0.4659579332438091,0 <= ... < 200 DM,17.568033324581513,critical account/ other credits existing (not at this bank),domestic appliances,1656.79746069576,100 <= ... < 500 DM,1 <= ... < 4 years,10.812291220001065,male : single,none,1.9398504005052675,real estate,33.03389915274051,none,own,4.363646892488728,skilled employee / official,-1.001164049529283,none,yes
9.686155812147584,no checking account,41.19870816855337,critical account/ other credits existing (not at this bank),domestic appliances,7244.612521657616,... < 100 DM,... < 1 year ,-6.479925995730321,male : single,none,1.4253167962142728,"if not A121/A122 : car or other, not in attribute 6",39.38404315599104,none,own,2.7306582047847408,skilled employee / official,6.198549682799833,none,yes
5.529966849536491,< 0 DM,25.864317989068795,delay in paying off in the past,car (new),2767.3097379471524,... < 100 DM,... < 1 year ,9.105379690348919,male : divorced/separated,none,14.133338793656847,real estate,27.858838202764318,none,own,14.967740010346539,skilled employee / official,1.7447927062117476,"yes, registered under the customers name ",yes
-4.810455581708136,< 0 DM,15.161889435303095,critical account/ other credits existing (not at this bank),business,4679.08064707638,... < 100 DM,4 <= ... < 7 years,7.682002085073236,male : married/widowed,none,-1.0850432537103973,"if not A121/A122 : car or other, not in attribute 6",39.62287678297593,bank,rent,9.2863543163928,unskilled - resident,4.944228565761369,none,yes
2.738542262254785,0 <= ... < 200 DM,24.54742679723544,existing credits paid back duly till now,domestic appliances,3089.6948685970956,... < 100 DM,1 <= ... < 4 years,-4.726499727643788,male : single,none,3.489665884842073,if not A121 : building society savings agreement/ life insurance,20.51427631384929,bank,own,4.55575078467262,skilled employee / official,1.9705205402441597,none,yes
-1.0353911817516255,0 <= ... < 200 DM,11.625219608540126,delay in paying off in the past,(vacation - does not exist?),445.8338367168849,... < 100 DM,.. >= 7 years,2.4839919164475126,male : single,none,0.24890464878933738,"if not A121/A122 : car or other, not in attribute 6",20.608614309959027,bank,own,2.2458525064408983,unskilled - resident,2.88202285743614,none,yes
-0.42181919020047554,0 <= ... < 200 DM,8.932921065375956,critical account/ other credits existing (not at this bank),business,655.6387323497597,... < 100 DM,... < 1 year ,9.477612057479048,male : single,none,11.92810374310653,unknown / no property,30.368359454084008,stores,for free,1.818611275290091,unskilled - resident,-2.1619587842467767,none,yes
0.92662824707691,no checking account,-5.302073786689261,existing credits paid back duly till now,business,1240.9208453667613,... < 100 DM,... < 1 year ,6.752167554673926,female : divorced/separated/married,none,8.434131643996018,real estate,34.06763563641545,none,own,-4.0184470181655385,skilled employee / official,-1.153858525956117,none,yes
4.095855584876967,0 <= ... < 200 DM,17.046197698327255,existing credits paid back duly till now,radio/television,1240.461912469497,... < 100 DM,4 <= ... < 7 years,-2.545475261939928,male : single,co-applicant,-1.3917493942057204,if not A121 : building society savings agreement/ life insurance,34.34592894413829,none,own,-7.694936135999553,skilled employee / official,7.121982399643883,none,yes
-0.6962924194200768,< 0 DM,17.186005016836965,existing credits paid back duly till now,car (new),3114.182403778071,... < 100 DM,1 <= ... < 4 years,4.053710778980971,male : single,none,6.562974967156142,"if not A121/A122 : car or other, not in attribute 6",20.694039053322896,none,own,-3.3627955454078258,skilled employee / official,4.177552222601662,"yes, registered under the customers name ",yes
5.3192576636717925,< 0 DM,49.479993751127196,existing credits paid back duly till now,domestic appliances,2558.8419021566847,unknown/ no savings account,.. >= 7 years,-6.68750298040294,male : single,none,5.2884786063827764,real estate,19.591861587618496,bank,for free,0.761414909147848,skilled employee / official,-4.114825831112009,"yes, registered under the customers name ",yes
-5.70969113071202,< 0 DM,16.71431043540222,critical account/ other credits existing (not at this bank),(vacation - does not exist?),5153.058568920853,... < 100 DM,1 <= ... < 4 years,2.8858891212139435,female : divorced/separated/married,co-applicant,-0.5831238098736935,"if not A121/A122 : car or other, not in attribute 6",28.17704650509145,none,own,-9.52769639104492,skilled employee / official,1.9043171232741574,none,yes
0.03169531181134221,no checking account,10.046611987004022,existing credits paid back duly till now,domestic appliances,1040.8107462097935,... < 100 DM,1 <= ... < 4 years,8.689783847000243,male : single,none,7.790821086140866,unknown / no property,43.43345037703048,bank,own,-1.7216089613637457,skilled employee / official,-10.86888026767713,none,yes
12.988368632979162,>= 200 DM / salary assignments for at least 1 year,23.52926340272282,no credits taken/ all credits paid back duly,radio/television,1476.5996568655955,100 <= ... < 500 DM,.. >= 7 years,4.091971077856599,male : single,none,5.946526955522051,"if not A121/A122 : car or other, not in attribute 6",39.0717191551666,none,own,0.7619348343778702,management/ self-employed/ highly qualified employee/ officer,-0.8697008184970829,"yes, registered under the customers name ",yes
1.1153987131263756,0 <= ... < 200 DM,14.24989170673274,existing credits paid back duly till now,business,3582.0826349807007,... < 100 DM,.. >= 7 years,-1.4946877498097293,male : single,none,2.078493569429761,"if not A121/A122 : car or other, not in attribute 6",26.353071552532104,none,own,-0.07713276742728992,unskilled - resident,5.805138383099529,"yes, registered under the customers name ",yes
7.166072533030864,no checking account,26.816565367582122,delay in paying off in the past,car (new),1196.5938077628198,500 <= ... < 1000 DM ,... < 1 year ,8.446731268861747,male : single,none,0.7904014437883562,real estate,23.336321634823626,none,own,-2.3086179909407236,unskilled - resident,0.37427205644420236,none,yes
0.4576008908660409,0 <= ... < 200 DM,30.572922185119392,existing credits paid back duly till now,radio/television,3623.0872020765164,unknown/ no savings account,4 <= ... < 7 years,8.873759075432908,male : single,none,6.155272462998257,"if not A121/A122 : car or other, not in attribute 6",57.08252588100155,bank,rent,0.292430928092998,unskilled - resident,1.5895633483301561,none,yes
2.9038854766489837,no checking account,16.649717693286323,all credits at this bank paid back duly,car (used),959.8208762666702,... < 100 DM,1 <= ... < 4 years,9.550198464334752,male : married/widowed,none,3.146938307462297,real estate,37.084722078953234,none,for free,10.619469140619309,unskilled - resident,-14.081906232601057,none,yes
-0.2839159719634577,no checking account,15.888047651392679,existing credits paid back duly till now,retraining,1162.498511662783,unknown/ no savings account,4 <= ... < 7 years,8.371712142231937,female : divorced/separated/married,none,4.295466665125087,real estate,48.037436170114745,none,rent,4.310726407453015,skilled employee / official,-0.9612680906807587,"yes, registered under the customers name ",yes
0.14796209417897788,< 0 DM,1.9525684055361685,existing credits paid back duly till now,business,1208.4283891599762,... < 100 DM,... < 1 year ,9.406873969685734,male : single,none,0.7949204200621827,"if not A121/A122 : car or other, not in attribute 6",50.97935994011097,none,for free,-1.8015038844907485,management/ self-employed/ highly qualified employee/ officer,2.6913611191360625,none,no
-3.897411983627098,0 <= ... < 200 DM,16.390292894541,existing credits paid back duly till now,domestic appliances,3077.5355251500473,... < 100 DM,1 <= ... < 4 years,5.664542787187672,male : divorced/separated,none,12.468831203812462,if not A121 : building society savings agreement/ life insurance,61.54395179228483,none,own,0.6582610581901833,skilled employee / official,3.3264493769916985,none,yes
2.151506794787766,0 <= ... < 200 DM,17.134984915572304,existing credits paid back duly till now,domestic appliances,3761.2397937173187,... < 100 DM,1 <= ... < 4 years,5.32764324558236,male : married/widowed,none,-1.2520997167427357,real estate,58.48060329475101,none,own,0.8584333217386655,skilled employee / official,5.811778556671821,"yes, registered under the customers name ",yes
-4.25768594592884,no checking account,11.64183986415769,existing credits paid back duly till now,car (new),1424.8886811813736,... < 100 DM,... < 1 year ,3.4475449988190703,female : divorced/separated/married,guarantor,4.138181094398725,unknown / no property,30.07062512503727,none,own,-2.8397771687007554,skilled employee / official,-0.051288758867141127,"yes, registered under the customers name ",yes
3.327926181567146,< 0 DM,6.893704816431636,delay in paying off in the past,car (used),3517.988748777479,... < 100 DM,.. >= 7 years,0.81370140451299,male : single,none,1.3987962884928355,"if not A121/A122 : car or other, not in attribute 6",22.389388648857047,none,rent,-2.845651088719273,unskilled - resident,0.17172093687925416,none,yes
5.426435022229549,0 <= ... < 200 DM,8.918534559039461,critical account/ other credits existing (not at this bank),furniture/equipment,1938.076580360858,unknown/ no savings account,4 <= ... < 7 years,-4.061841465298628,male : single,none,10.797736347246499,"if not A121/A122 : car or other, not in attribute 6",24.727494732966925,none,own,7.052620101633565,management/ self-employed/ highly qualified employee/ officer,-5.660587147049312,none,yes
2.8326570361861494,no checking account,26.886573623371767,existing credits paid back duly till now,domestic appliances,8314.491165268666,... < 100 DM,... < 1 year ,-2.7765575440990435,male : single,none,-0.5174126861192034,unknown / no property,30.22724692854053,stores,own,-0.09892188758408027,skilled employee / official,-0.022607695865990207,none,yes
-1.4312436677784592,no checking account,2.8872992366722348,delay in paying off in the past,radio/television,1240.829777263631,... < 100 DM,.. >= 7 years,-0.4100724096760484,male : single,none,-2.6763163088016606,real estate,25.962858816515947,none,for free,-3.473481935154357,unskilled - resident,-5.307875311988993,"yes, registered under the customers name ",yes
2.2698278965434806,< 0 DM,0.6414933656912787,existing credits paid back duly till now,radio/television,364.19004238086507,... < 100 DM,1 <= ... < 4 years,5.207260798012147,female : divorced/separated/married,co-applicant,-0.8490903163091268,real estate,35.27714634052544,none,own,0.7842982796527865,skilled employee / official,-8.239350599027084,"yes, registered under the customers name ",yes
-1.543365277732063,no checking account,10.231926291931778,existing credits paid back duly till now,domestic appliances,2127.4532996804405,... < 100 DM,4 <= ... < 7 years,10.204062990021317,male : single,none,3.6173252547530517,"if not A121/A122 : car or other, not in attribute 6",42.918798836989,none,rent,2.590048765645618,skilled employee / official,-3.425896850552892,none,yes
5.677735627325746,>= 200 DM / salary assignments for at least 1 year,18.480056823141695,existing credits paid back duly till now,domestic appliances,3007.053204386966,... < 100 DM,.. >= 7 years,1.7910138606224373,male : single,guarantor,-2.865253297843209,"if not A121/A122 : car or other, not in attribute 6",21.7620968950502,none,own,-8.863521120969176,unskilled - resident,8.543424539019856,none,yes
-8.157030421075618,no checking account,37.613987320466244,existing credits paid back duly till now,car (new),9033.389580560142,unknown/ no savings account,... < 1 year ,9.017381454388321,male : single,none,-1.3926424737888312,unknown / no property,25.996516861153314,none,rent,0.7962682109140349,skilled employee / official,-0.3528060075663828,"yes, registered under the customers name ",no
-1.678036840593231,no checking account,18.249572529238183,existing credits paid back duly till now,(vacation - does not exist?),1574.0372825459629,... < 100 DM,... < 1 year ,9.396578282160604,male : divorced/separated,none,-7.761829114271425,if not A121 : building society savings agreement/ life insurance,42.94980422681452,none,own,6.339899671741302,skilled employee / official,2.099386815116829,none,yes
-9.95405997561999,no checking account,21.559885114955257,all credits at this bank paid back duly,domestic appliances,1298.2596353337758,500 <= ... < 1000 DM ,... < 1 year ,2.842766011556045,male : single,guarantor,3.2021067706404525,real estate,35.616315299118845,none,own,3.2561469276091652,unskilled - resident,-1.5674812559902804,"yes, registered under the customers name ",yes
-7.475304151136025,no checking account,0.09260466035589943,critical account/ other credits existing (not at this bank),domestic appliances,1329.1593756714465,... < 100 DM,1 <= ... < 4 years,4.973451056850919,female : divorced/separated/married,none,1.498925706218687,real estate,24.157271051042947,none,own,13.148975575974855,skilled employee / official,-6.952755097259487,none,yes
7.819311149069547,no checking account,21.16852542209497,no credits taken/ all credits paid back duly,domestic appliances,3125.765383935126,... < 100 DM,4 <= ... < 7 years,2.7823597913756926,male : single,none,-6.4402837196592655,if not A121 : building society savings agreement/ life insurance,24.534878723087907,bank,own,7.2555474115608956,unemployed/ unskilled - non-resident,5.680565624648537,none,yes
4.4759249098584295,0 <= ... < 200 DM,32.8769829589241,critical account/ other credits existing (not at this bank),domestic appliances,5494.244567993375,500 <= ... < 1000 DM ,1 <= ... < 4 years,8.610679470392384,female : divorced/separated/married,none,9.428047014870293,if not A121 : building society savings agreement/ life insurance,30.873184064510085,none,for free,8.244670123754268,skilled employee / official,-8.860990699277943,none,yes
-3.597401166423952,no checking account,15.625733644374193,existing credits paid back duly till now,furniture/equipment,1131.0433417797742,... < 100 DM,.. >= 7 years,5.1792166913296604,male : single,none,-2.5383344919246964,"if not A121/A122 : car or other, not in attribute 6",43.546700128153574,none,rent,15.000429679571633,unskilled - resident,-1.773963383958292,"yes, registered under the customers name ",yes
-6.512517280204484,< 0 DM,25.65144972808296,all credits at this bank paid back duly,car (new),1218.422267196242,... < 100 DM,1 <= ... < 4 years,-1.9524187734417762,female : divorced/separated/married,none,7.984718450141076,real estate,34.28765219788211,none,own,5.790781308872989,skilled employee / official,1.7269255957496945,"yes, registered under the customers name ",yes
-13.822644189208257,no checking account,22.94133098727803,critical account/ other credits existing (not at this bank),car (new),1213.0886259372558,... < 100 DM,1 <= ... < 4 years,4.807623260769233,female : divorced/separated/married,none,0.49479588006097774,"if not A121/A122 : car or other, not in attribute 6",24.37083088303011,none,own,1.8153510396635053,skilled employee / official,2.152448217149276,"yes, registered under the customers name ",no
-1.717477539663173,< 0 DM,12.493597205348618,existing credits paid back duly till now,car (new),1313.5971183832348,... < 100 DM,4 <= ... < 7 years,12.240560809119398,male : single,none,12.007856889477129,if not A121 : building society savings agreement/ life insurance,22.273086603200923,bank,own,5.86870146715666,skilled employee / official,-2.6323480226443494,"yes, registered under the customers name ",yes
12.102075061237013,0 <= ... < 200 DM,4.46403826335156,all credits at this bank paid back duly,education,2367.608502263685,... < 100 DM,... < 1 year ,1.0938448272664942,male : single,none,5.747752694630731,"if not A121/A122 : car or other, not in attribute 6",33.432740064754455,bank,own,-1.796182166974969,skilled employee / official,-8.189807415274872,"yes, registered under the customers name ",yes
3.174421357318237,no checking account,14.784332051795463,critical account/ other credits existing (not at this bank),business,6851.793980419531,unknown/ no savings account,4 <= ... < 7 years,3.2385751504753406,male : married/widowed,none,-3.040239354370141,if not A121 : building society savings agreement/ life insurance,27.873346592087003,none,own,1.5384315974748466,unskilled - resident,-2.005466461677191,"yes, registered under the customers name ",yes
-2.7978614302474476,0 <= ... < 200 DM,33.987570889023814,critical account/ other credits existing (not at this bank),car (new),1417.5262970074698,unknown/ no savings account,.. >= 7 years,6.729394188695727,male : single,none,-2.585412761051532,"if not A121/A122 : car or other, not in attribute 6",28.855569492656354,none,own,-2.2386382153915685,skilled employee / official,-2.743789938098312,none,yes
2.3254010475015314,no checking account,39.66173253201336,delay in paying off in the past,domestic appliances,8586.46436463457,... < 100 DM,.. >= 7 years,-1.183114495823002,male : single,none,5.02762602612155,real estate,47.12857297292454,none,own,2.9899227878144083,skilled employee / official,-2.8654674757754015,none,yes
-6.804791764972214,< 0 DM,12.339565845846678,existing credits paid back duly till now,domestic appliances,755.9926959422049,... < 100 DM,unemployed,6.553539746067569,female : divorced/separated/married,guarantor,0.6881093464491661,unknown / no property,28.01182674209911,none,own,-2.259545440099101,skilled employee / official,5.850292951038017,"yes, registered under the customers name ",yes
-1.4866168134881772,no checking account,38.74064189821098,no credits taken/ all credits paid back duly,domestic appliances,4694.533838202095,... < 100 DM,... < 1 year ,-4.969175760173129,male : single,none,1.1532874648931721,if not A121 : building society savings agreement/ life insurance,32.0618056595263,none,own,-2.4346424993085884,skilled employee / official,-5.0680138906957115,"yes, registered under the customers name ",yes
0.49738736507869247,< 0 DM,19.478026216571728,existing credits paid back duly till now,car (new),2688.0810233816132,... < 100 DM,1 <= ... < 4 years,-1.1281205320069807,female : divorced/separated/married,none,10.36119430886049,real estate,18.29463501749303,none,own,3.067366465527522,skilled employee / official,2.504896372190794,"yes, registered under the customers name ",yes
-0.43050325910524256,0 <= ... < 200 DM,2.012666535550702,existing credits paid back duly till now,car (new),589.0244028293118,... < 100 DM,1 <= ... < 4 years,9.378614837470959,male : single,none,0.2565556331502177,if not A121 : building society savings agreement/ life insurance,16.900231680535747,none,for free,1.3114427960971642,skilled employee / official,1.7914851860895789,none,yes
3.954030608450403,0 <= ... < 200 DM,15.588367591044866,existing credits paid back duly till now,business,2255.618700072057,... < 100 DM,1 <= ... < 4 years,5.78378145154179,male : divorced/separated,none,1.4564688608772725,if not A121 : building society savings agreement/ life insurance,51.963466638407574,bank,own,-8.637605678583736,skilled employee / official,5.80227538735835,"yes, registered under the customers name ",yes
1.723226131180262,0 <= ... < 200 DM,7.051456455430733,delay in paying off in the past,domestic appliances,606.0674217454002,unknown/ no savings account,... < 1 year ,2.477610961267365,female : divorced/separated/married,none,7.77313896826153,real estate,34.983523435396876,none,rent,-5.277784606560448,skilled employee / official,0.3343406413153439,none,yes
3.3416300905399847,>= 200 DM / salary assignments for at least 1 year,2.4256171905124515,delay in paying off in the past,(vacation - does not exist?),1361.054914462912,... < 100 DM,4 <= ... < 7 years,4.232305106225937,male : married/widowed,none,8.045587441928001,real estate,40.374906089949185,none,for free,-4.736332457307317,skilled employee / official,5.955654835987793,"yes, registered under the customers name ",yes
-2.441861411153797,>= 200 DM / salary assignments for at least 1 year,42.56012631109957,existing credits paid back duly till now,domestic appliances,7134.179970088839,... < 100 DM,... < 1 year ,1.6995387612243427,male : single,none,3.2019366623966374,real estate,30.127706861855096,none,own,-2.4148595305698715,skilled employee / official,0.1388993095295099,none,yes
4.48907704205274,0 <= ... < 200 DM,4.424128050573881,existing credits paid back duly till now,domestic appliances,1205.7762003713972,unknown/ no savings account,4 <= ... < 7 years,3.0628925117591663,male : single,none,0.555470595736709,real estate,47.060481063423,none,rent,3.072116647393191,unskilled - resident,3.171962632924002,none,yes
8.144684738119958,< 0 DM,-3.67265367856559,all credits at this bank paid back duly,car (used),691.4426342013477,... < 100 DM,unemployed,7.284092633600688,male : single,none,-4.694077312604659,real estate,31.062411100756528,none,own,3.0946942353581797,skilled employee / official,-6.514705436236203,"yes, registered under the customers name ",yes
-4.850747598257063,< 0 DM,17.659930415780014,critical account/ other credits existing (not at this bank),car (used),5505.923777717119,unknown/ no savings account,.. >= 7 years,-0.6368387032956595,male : single,none,-1.281224963325979,real estate,47.39201437648317,none,own,7.326396858495995,skilled employee / official,-12.191390381455543,"yes, registered under the customers name ",yes
-3.4384782785727985,< 0 DM,4.251619901847123,existing credits paid back duly till now,car (new),3198.9114689635235,... < 100 DM,.. >= 7 years,2.2016820277734537,male : single,none,3.591796132873668,real estate,27.20151183832868,none,for free,4.7640091147088555,skilled employee / official,2.887734267829267,none,yes
7.678921681601164,0 <= ... < 200 DM,46.82937231358544,critical account/ other credits existing (not at this bank),business,7117.93101569075,100 <= ... < 500 DM,1 <= ... < 4 years,1.4386590269667354,female : divorced/separated/married,none,3.310589055288819,"if not A121/A122 : car or other, not in attribute 6",48.96966263524217,none,own,7.3595147809132895,skilled employee / official,4.155915630196148,"yes, registered under the customers name ",yes
-0.9567199334753014,>= 200 DM / salary assignments for at least 1 year,23.058079363678083,existing credits paid back duly till now,radio/television,3478.997606541329,100 <= ... < 500 DM,1 <= ... < 4 years,-4.928016873001278,male : single,none,4.374635392831132,real estate,27.244329613177193,none,own,4.041980957295615,skilled employee / official,3.3775116657594126,none,yes
7.019106960332785,no checking account,15.877686451090511,critical account/ other credits existing (not at this bank),business,1122.4652444271128,.. >= 1000 DM ,.. >= 7 years,-0.6022787812464987,male : married/widowed,none,9.196268048170303,if not A121 : building society savings agreement/ life insurance,25.198116820273682,none,own,2.0483965454574484,skilled employee / official,-0.6246625737733957,"yes, registered under the customers name ",yes
-2.2126785594609193,< 0 DM,31.394395195148693,delay in paying off in the past,business,7969.411962549064,100 <= ... < 500 DM,1 <= ... < 4 years,9.841032235319162,male : single,none,-2.9366155453113727,real estate,22.950232549927776,none,own,7.496758711438278,skilled employee / official,8.448611261051862,none,yes
7.2752278813535565,0 <= ... < 200 DM,20.99259918258347,critical account/ other credits existing (not at this bank),domestic appliances,1531.649935705936,... < 100 DM,... < 1 year ,5.9236165729261705,male : divorced/separated,none,1.81909848883675,real estate,33.27601362318571,bank,own,5.597063958700498,management/ self-employed/ highly qualified employee/ officer,-1.2993890786851097,"yes, registered under the customers name ",yes
0.657429084027261,0 <= ... < 200 DM,3.148057883219444,existing credits paid back duly till now,radio/television,1501.1429113195898,... < 100 DM,1 <= ... < 4 years,-4.617941507006946,male : single,none,1.9435548170560886,real estate,43.08480911807262,none,own,3.880476837769956,unskilled - resident,4.104395098361848,none,yes
2.2911441166134763,0 <= ... < 200 DM,25.32653166261572,existing credits paid back duly till now,radio/television,2307.4117596489587,500 <= ... < 1000 DM ,1 <= ... < 4 years,-3.7017718792420533,female : divorced/separated/married,co-applicant,0.47920031212742,unknown / no property,29.861611854070862,bank,own,7.355359354300711,skilled employee / official,3.9731811250203926,none,yes
7.823590108349522,0 <= ... < 200 DM,9.086407902461293,existing credits paid back duly till now,car (new),659.290082998869,... < 100 DM,1 <= ... < 4 years,2.4391804994470805,male : single,none,11.157385569637086,"if not A121/A122 : car or other, not in attribute 6",40.8127345750835,none,own,-10.728941212516983,skilled employee / official,10.593700798745553,"yes, registered under the customers name ",yes
-1.8088523872208562,no checking account,38.77680114254288,existing credits paid back duly till now,car (used),2278.74128212258,... < 100 DM,1 <= ... < 4 years,10.80593266588241,male : single,none,5.542934008065737,if not A121 : building society savings agreement/ life insurance,28.40457260555769,none,own,0.5476841292977506,skilled employee / official,0.41485190105083225,"yes, registered under the customers name ",yes
-3.7056104796247915,>= 200 DM / salary assignments for at least 1 year,16.546957850784725,existing credits paid back duly till now,car (new),2633.7109764286215,... < 100 DM,1 <= ... < 4 years,1.0662093259782368,female : divorced/separated/married,none,5.450666635443778,"if not A121/A122 : car or other, not in attribute 6",31.050652518985547,none,own,0.471047671741345,skilled employee / official,-2.265964531145764,none,yes
-2.242821040141772,0 <= ... < 200 DM,16.90739874654058,existing credits paid back duly till now,radio/television,1504.2234096274367,... < 100 DM,.. >= 7 years,10.53499776702008,male : divorced/separated,none,12.971158896642933,if not A121 : building society savings agreement/ life insurance,40.78274682745537,none,own,6.763414387407852,skilled employee / official,-6.490726922076616,"yes, registered under the customers name ",yes
2.2616697532156933,0 <= ... < 200 DM,18.1758595176948,existing credits paid back duly till now,car (new),1311.727574026678,... < 100 DM,1 <= ... < 4 years,5.759653854093287,male : single,none,-4.494476398050711,"if not A121/A122 : car or other, not in attribute 6",26.83224421974114,none,own,8.856974984753847,skilled employee / official,8.761835033312366,none,yes
-7.828795360902571,< 0 DM,34.043776930925695,existing credits paid back duly till now,radio/television,3104.125159816429,100 <= ... < 500 DM,4 <= ... < 7 years,6.356252289229468,male : divorced/separated,none,1.961368594471591,unknown / no property,26.785709622144363,none,rent,-5.250896851051313,skilled employee / official,3.1070545352427,"yes, registered under the customers name ",yes
4.187354513255608,no checking account,16.20286123429066,existing credits paid back duly till now,domestic appliances,2324.2282006010464,unknown/ no savings account,.. >= 7 years,-4.678602546522847,male : single,none,2.8316848446703053,unknown / no property,27.227071927868376,bank,own,8.05583587074638,management/ self-employed/ highly qualified employee/ officer,3.2653055294715103,none,yes
-2.693856588088716,no checking account,9.746114636004272,existing credits paid back duly till now,domestic appliances,1369.6732858394907,... < 100 DM,1 <= ... < 4 years,8.687614608748788,female : divorced/separated/married,co-applicant,-1.57277523396961,real estate,70.52858489058974,none,own,-4.857225930131344,skilled employee / official,16.5835212066196,none,yes
5.739063303667818,0 <= ... < 200 DM,9.563261527933243,all credits at this bank paid back duly,car (new),3603.890374365849,unknown/ no savings account,1 <= ... < 4 years,1.325339813631964,male : single,none,5.503572709088642,unknown / no property,25.950277701918953,none,own,-4.706076227804113,management/ self-employed/ highly qualified employee/ officer,2.625223705931497,none,yes
-10.971301524502358,no checking account,43.34867656364975,critical account/ other credits existing (not at this bank),domestic appliances,7766.072200614462,... < 100 DM,unemployed,8.315462268054542,male : single,none,-1.53291246893939,real estate,44.82371129245203,none,own,-0.1714285116368235,skilled employee / official,-5.511607025500162,none,yes
-3.9328288755208436,>= 200 DM / salary assignments for at least 1 year,25.58184323362668,existing credits paid back duly till now,car (new),3052.1561916403357,... < 100 DM,.. >= 7 years,-3.0708499099305655,male : single,none,4.452786591371266,real estate,38.93894988126617,none,own,-0.5910323606629229,skilled employee / official,0.02048212503511948,none,no
-7.432340756170509,no checking account,10.69550088499575,critical account/ other credits existing (not at this bank),car (used),1536.401205762559,... < 100 DM,1 <= ... < 4 years,1.8852467375495625,male : single,guarantor,6.289173840644533,real estate,23.662848549478262,none,rent,-6.792086398584383,skilled employee / official,-3.8739120442432657,none,yes
-4.131147331819763,< 0 DM,28.19961302566399,existing credits paid back duly till now,radio/television,2034.0386418480903,.. >= 1000 DM ,unemployed,5.760014769688158,female : divorced/separated/married,none,5.361667005641642,"if not A121/A122 : car or other, not in attribute 6",61.85494112469777,stores,own,5.249389867462835,skilled employee / official,-0.9793419729138619,"yes, registered under the customers name ",yes
2.2383295055447157,< 0 DM,31.18477694359623,no credits taken/ all credits paid back duly,radio/television,6348.3972981083125,.. >= 1000 DM ,1 <= ... < 4 years,3.2298334171206675,male : single,none,-5.263989075324728,"if not A121/A122 : car or other, not in attribute 6",34.0117641944626,none,own,4.39701212363301,skilled employee / official,-1.0129480137730362,none,yes
0.10386687275122553,no checking account,17.475209219999137,existing credits paid back duly till now,car (used),2867.9374135219277,... < 100 DM,1 <= ... < 4 years,4.022725965430784,male : single,none,-3.833967605830173,if not A121 : building society savings agreement/ life insurance,27.979915430819702,none,rent,6.270207980818354,skilled employee / official,-0.9351219553352474,"yes, registered under the customers name ",yes
-1.2668878447400747,no checking account,18.819251624663448,existing credits paid back duly till now,business,1254.7722093662273,... < 100 DM,unemployed,2.6680146240374563,male : single,none,6.823550016065804,"if not A121/A122 : car or other, not in attribute 6",60.674191909296546,none,own,-0.16727664888932559,skilled employee / official,-5.966412526776985,none,no
0.20407564309969606,< 0 DM,22.8167058767405,critical account/ other credits existing (not at this bank),car (used),1330.5644321959242,... < 100 DM,... < 1 year ,0.7547012347936031,male : single,none,2.1059932175618292,real estate,51.351402103938746,none,rent,1.8020864251377566,skilled employee / official,9.962508168361481,"yes, registered under the customers name ",yes
1.0169412030997171,0 <= ... < 200 DM,15.096309462182647,critical account/ other credits existing (not at this bank),business,2020.440543438723,... < 100 DM,4 <= ... < 7 years,12.027416913969823,male : married/widowed,none,-9.47001308846244,"if not A121/A122 : car or other, not in attribute 6",45.57157339992158,none,for free,0.8478641754867866,skilled employee / official,2.4942402221919693,"yes, registered under the customers name ",yes
-5.042680209715539,0 <= ... < 200 DM,19.983799540241474,no credits taken/ all credits paid back duly,radio/television,1562.103198493879,unknown/ no savings account,.. >= 7 years,8.244764331807211,male : single,none,7.214151919341202,real estate,36.936615470134754,bank,own,9.439977207342322,skilled employee / official,0.8726398264988087,none,yes
4.534248204495254,< 0 DM,14.755958643508471,delay in paying off in the past,business,617.3251195897728,... < 100 DM,1 <= ... < 4 years,0.1956762747591161,female : divorced/separated/married,co-applicant,4.683282531269162,if not A121 : building society savings agreement/ life insurance,25.687465694094197,none,own,-13.171223913166092,unskilled - resident,4.788189147578715,none,no
3.3133298519274197,0 <= ... < 200 DM,49.97754553181254,delay in paying off in the past,car (used),8860.498940521478,... < 100 DM,4 <= ... < 7 years,4.842221527973065,male : divorced/separated,none,-3.095373320000225,real estate,29.974468055773112,none,rent,-2.784721744945517,skilled employee / official,3.355336374246955,none,yes
1.925189688280505,no checking account,4.164708748822809,existing credits paid back duly till now,repairs,987.6044478618815,unknown/ no savings account,1 <= ... < 4 years,0.28660572649423477,male : single,none,8.97477798783332,"if not A121/A122 : car or other, not in attribute 6",26.593108126955265,none,own,2.0277042139589883,unskilled - resident,2.3784536637102374,"yes, registered under the customers name ",yes
2.7826672137563158,0 <= ... < 200 DM,2.378287402958995,no credits taken/ all credits paid back duly,domestic appliances,1749.4588333083852,... < 100 DM,4 <= ... < 7 years,-3.923423218311621,male : single,none,0.6122999354655052,"if not A121/A122 : car or other, not in attribute 6",44.20989385626579,none,own,-4.427851174577515,skilled employee / official,5.424990363834134,none,yes
2.4820900040432976,>= 200 DM / salary assignments for at least 1 year,45.09139325398877,critical account/ other credits existing (not at this bank),business,6996.8318625742295,100 <= ... < 500 DM,.. >= 7 years,6.169047206994881,male : single,none,-2.4422605880210733,real estate,36.80264137636422,none,for free,0.7083982136444129,unskilled - resident,1.669673718793283,none,yes
10.175366513655337,no checking account,10.172652029428875,existing credits paid back duly till now,car (used),1984.5748585166007,... < 100 DM,4 <= ... < 7 years,-4.520498128237028,female : divorced/separated/married,none,2.791763255070181,"if not A121/A122 : car or other, not in attribute 6",23.835782725739417,none,for free,0.3696223181504532,skilled employee / official,4.351107284957957,none,yes
-0.43547085526254947,no checking account,2.120432056992243,existing credits paid back duly till now,repairs,1200.945187952169,.. >= 1000 DM ,... < 1 year ,8.634279567882706,male : single,none,12.905192296211474,real estate,66.13533443580036,bank,rent,-1.288430543962344,skilled employee / official,4.7655615043888755,"yes, registered under the customers name ",yes
-0.5354160916728836,0 <= ... < 200 DM,8.858144459402606,existing credits paid back duly till now,(vacation - does not exist?),1329.099809689039,... < 100 DM,1 <= ... < 4 years,0.7363884371347076,male : married/widowed,none,9.117935889864432,"if not A121/A122 : car or other, not in attribute 6",22.820736800382125,none,for free,1.3223446305133624,skilled employee / official,1.8135936751640154,none,yes
-2.7676379017868893,0 <= ... < 200 DM,14.356947573702364,all credits at this bank paid back duly,car (used),2267.503968287194,... < 100 DM,.. >= 7 years,1.9422669845973568,female : divorced/separated/married,none,4.798557494520534,unknown / no property,29.231390457469292,none,for free,5.140746388789067,skilled employee / official,-0.1019724674805782,none,yes
-4.161313352889184,0 <= ... < 200 DM,24.857666298809598,critical account/ other credits existing (not at this bank),radio/television,5007.197840453871,... < 100 DM,.. >= 7 years,3.0487560981164483,male : married/widowed,none,6.311928294251599,real estate,31.46861357230124,none,own,0.8186677748449902,skilled employee / official,8.651989007269544,none,yes
-5.222358938005376,>= 200 DM / salary assignments for at least 1 year,28.04560655495122,existing credits paid back duly till now,radio/television,3559.1750308899445,unknown/ no savings account,.. >= 7 years,5.9059940599712615,female : divorced/separated/married,none,7.957494660424125,unknown / no property,24.104025077375503,bank,for free,-1.265973669843678,skilled employee / official,-1.3895076988671677,"yes, registered under the customers name ",yes
-3.4439865661545923,< 0 DM,17.27094770955592,critical account/ other credits existing (not at this bank),radio/television,1935.4506217114829,... < 100 DM,... < 1 year ,-2.1317158841445414,male : single,co-applicant,-4.284918376846745,if not A121 : building society savings agreement/ life insurance,24.283577739448987,none,for free,1.1711754167306392,skilled employee / official,2.956568002136729,"yes, registered under the customers name ",yes
-0.35340190826035656,no checking account,22.039801020646344,existing credits paid back duly till now,business,2965.7947822032575,unknown/ no savings account,1 <= ... < 4 years,7.588628043750317,male : single,co-applicant,7.220741685759912,real estate,57.12392519949897,none,own,0.9628182667720531,management/ self-employed/ highly qualified employee/ officer,4.069542053695333,none,yes
2.6714756424885726,< 0 DM,24.699621560195567,existing credits paid back duly till now,business,1546.2302906928855,unknown/ no savings account,.. >= 7 years,4.566852690126117,male : single,co-applicant,0.3296326592823595,if not A121 : building society savings agreement/ life insurance,36.446270845116786,none,rent,-7.70159782667211,skilled employee / official,-2.0477892613181776,"yes, registered under the customers name ",yes
0.2557102927608089,< 0 DM,1.917124462722125,existing credits paid back duly till now,radio/television,689.6407831044789,... < 100 DM,1 <= ... < 4 years,-4.280273964340191,male : single,none,2.5923903339829035,"if not A121/A122 : car or other, not in attribute 6",31.237103556011892,none,for free,3.3077695898063935,skilled employee / official,-3.0391119265574664,none,yes
-2.8276763871485646,< 0 DM,30.265839589162795,critical account/ other credits existing (not at this bank),business,12397.4119179267,100 <= ... < 500 DM,... < 1 year ,0.150627582101304,male : single,none,2.8626618619633133,"if not A121/A122 : car or other, not in attribute 6",30.38003952634945,none,own,-1.255006147233972,skilled employee / official,-0.7692601043492551,none,yes
4.500922820099817,no checking account,19.298893955371415,existing credits paid back duly till now,radio/television,4717.667843514379,100 <= ... < 500 DM,.. >= 7 years,10.90639507779463,male : married/widowed,co-applicant,4.506041635571072,if not A121 : building society savings agreement/ life insurance,33.13402441578562,none,own,8.307675374055256,unskilled - resident,-1.4610842658780392,"yes, registered under the customers name ",yes
3.6970633615047377,< 0 DM,20.825934180142717,critical account/ other credits existing (not at this bank),business,1548.292311988851,... < 100 DM,4 <= ... < 7 years,11.382973991228482,male : married/widowed,guarantor,2.5905173250323004,real estate,25.545587845254843,none,own,4.9552673782123735,skilled employee / official,-6.290652808194327,"yes, registered under the customers name ",yes
0.20175846288991506,no checking account,6.1826310010386445,existing credits paid back duly till now,radio/television,1373.0067242660746,unknown/ no savings account,... < 1 year ,5.586742288043387,male : single,none,-12.365151354106498,"if not A121/A122 : car or other, not in attribute 6",42.70557805840643,none,rent,6.850332021098276,skilled employee / official,-2.257475412596378,none,yes
-3.26458072332356,0 <= ... < 200 DM,24.810297795314373,existing credits paid back duly till now,car (new),2580.197580721457,... < 100 DM,.. >= 7 years,-3.9517174408418505,female : divorced/separated/married,none,2.894458558525903,"if not A121/A122 : car or other, not in attribute 6",27.935546827290718,bank,rent,-4.055018968574542,skilled employee / official,2.3311149231728114,none,yes
2.7421396041489974,no checking account,51.64857836891854,existing credits paid back duly till now,radio/television,3969.9519151554136,... < 100 DM,4 <= ... < 7 years,6.453034512279441,female : divorced/separated/married,none,4.210764761496314,if not A121 : building society savings agreement/ life insurance,40.37833589575549,none,own,0.14306679406286738,skilled employee / official,8.329717920742993,"yes, registered under the customers name ",yes
1.9398679374305223,0 <= ... < 200 DM,40.06450849600879,critical account/ other credits existing (not at this bank),car (new),6760.346803298104,... < 100 DM,... < 1 year ,7.254304519295964,female : divorced/separated/married,none,4.2296417416922685,"if not A121/A122 : car or other, not in attribute 6",31.979660322219846,none,own,-5.212292437287045,unskilled - resident,3.771956675868166,none,yes
-6.240636297075238,>= 200 DM / salary assignments for at least 1 year,24.125643556080167,existing credits paid back duly till now,(vacation - does not exist?),3245.3649591298968,... < 100 DM,1 <= ... < 4 years,7.628539916593611,female : divorced/separated/married,none,3.487070268957102,if not A121 : building society savings agreement/ life insurance,27.322892256429373,none,own,-2.5259560446466303,skilled employee / official,-11.99767249185119,"yes, registered under the customers name ",yes
-0.33990127992202446,no checking account,28.900321023668322,existing credits paid back duly till now,car (used),5957.199680829004,... < 100 DM,.. >= 7 years,6.924771443439591,male : single,none,10.21080845965203,real estate,36.2819945279981,none,rent,7.260527122542959,skilled employee / official,4.206518573786639,"yes, registered under the customers name ",no
1.3101790603719052,no checking account,25.707543427684016,existing credits paid back duly till now,radio/television,5440.367065407208,... < 100 DM,4 <= ... < 7 years,3.816315396237654,male : single,none,5.556865645608306,real estate,18.180926543390378,none,own,8.437452889612477,skilled employee / official,-1.790758929478589,none,yes
-4.498473932438769,no checking account,14.93530615948206,critical account/ other credits existing (not at this bank),domestic appliances,806.9145736506435,... < 100 DM,... < 1 year ,3.6379383058472814,male : single,none,6.1883665009655315,"if not A121/A122 : car or other, not in attribute 6",25.10598779726451,none,rent,-4.740666474022299,unskilled - resident,3.265400373438815,none,yes
0.949216964187215,0 <= ... < 200 DM,1.7320036003418462,critical account/ other credits existing (not at this bank),domestic appliances,1081.6339083800808,unknown/ no savings account,... < 1 year ,0.9581625204799078,male : single,none,9.222459470252844,if not A121 : building society savings agreement/ life insurance,32.62397982585619,none,own,-0.2913883415864178,skilled employee / official,0.9293237039468596,none,yes
-7.274112426288946,< 0 DM,8.688053505714173,existing credits paid back duly till now,domestic appliances,2789.906356950405,... < 100 DM,1 <= ... < 4 years,-7.489677592507482,male : single,none,4.812964998482994,"if not A121/A122 : car or other, not in attribute 6",23.587042691274196,none,own,1.6190216398802542,unskilled - resident,0.03656186956586116,"yes, registered under the customers name ",yes
6.680930500060854,no checking account,12.147117877924863,critical account/ other credits existing (not at this bank),domestic appliances,2925.920866760078,unknown/ no savings account,.. >= 7 years,3.6982088335667544,male : single,guarantor,-3.4900887670710175,unknown / no property,29.026200456532155,none,own,3.9280282090489065,skilled employee / official,0.48882136018929356,none,yes
6.239749925297159,< 0 DM,29.143904598727545,existing credits paid back duly till now,car (new),1922.181124063828,... < 100 DM,unemployed,3.930264218260943,male : married/widowed,none,-10.191687068898112,real estate,30.627543852864648,none,own,-6.799051317682462,skilled employee / official,0.8878784586510998,none,yes
-0.26258667151482373,0 <= ... < 200 DM,24.929063144784983,existing credits paid back duly till now,car (new),2826.331522785847,... < 100 DM,.. >= 7 years,6.7878792141240805,female : divorced/separated/married,none,1.614395489909593,real estate,22.771136026370527,bank,own,-6.015000407642193,skilled employee / official,7.722024860451219,"yes, registered under the customers name ",yes
1.8172716891953657,no checking account,25.7286328990079,existing credits paid back duly till now,car (new),943.8617117143326,unknown/ no savings account,unemployed,-2.687718466464471,female : divorced/separated/married,none,6.8047276294055825,"if not A121/A122 : car or other, not in attribute 6",32.13212840273609,none,own,4.4481307193620125,skilled employee / official,0.9016990645745628,"yes, registered under the customers name ",yes
-11.049609828999374,no checking account,23.948110026438215,no credits taken/ all credits paid back duly,repairs,1051.0444684220633,unknown/ no savings account,1 <= ... < 4 years,6.225083446575301,male : married/widowed,none,1.2345183429109707,real estate,31.937479239072303,none,rent,-7.7451928445896225,management/ self-employed/ highly qualified employee/ officer,6.427680665906002,"yes, registered under the customers name ",yes
-5.781738301326664,no checking account,11.234870618968934,critical account/ other credits existing (not at this bank),(vacation - does not exist?),3128.839994022769,100 <= ... < 500 DM,1 <= ... < 4 years,11.272725473103886,male : divorced/separated,none,7.005891861408648,real estate,51.451842997009415,none,own,-0.23398703069435145,unskilled - resident,6.699529329228286,"yes, registered under the customers name ",yes
-1.468894600760649,< 0 DM,11.751012480132204,no credits taken/ all credits paid back duly,car (new),1387.5652001219698,unknown/ no savings account,1 <= ... < 4 years,4.3922506538895565,female : divorced/separated/married,none,2.743640879601365,unknown / no property,33.51057573997306,none,for free,1.8104590427942036,unskilled - resident,4.335227737918265,none,yes
-4.360665107134296,no checking account,32.48465459551099,existing credits paid back duly till now,car (new),2385.699042872452,500 <= ... < 1000 DM ,1 <= ... < 4 years,3.691673403967296,male : married/widowed,none,7.440330351310923,real estate,27.725788328407134,none,rent,3.0783298496655864,skilled employee / official,-7.933094100648388,none,yes
3.571982413153294,>= 200 DM / salary assignments for at least 1 year,11.403169003615616,delay in paying off in the past,domestic appliances,2135.3010931971753,... < 100 DM,... < 1 year ,5.545011780428505,male : single,none,2.5239164643966943,"if not A121/A122 : car or other, not in attribute 6",49.23986865920289,none,own,0.29140952228083994,unskilled - resident,6.583163280808034,"yes, registered under the customers name ",yes
10.98648265373997,>= 200 DM / salary assignments for at least 1 year,9.895432408459243,critical account/ other credits existing (not at this bank),(vacation - does not exist?),2043.9717523406216,... < 100 DM,1 <= ... < 4 years,11.161685123551688,male : single,none,6.3380741328384405,real estate,20.789666744173477,none,own,-0.828783595237653,skilled employee / official,-1.2895064706779404,none,yes
-5.88307359714651,no checking account,-2.72171654209437,delay in paying off in the past,car (new),2799.413591009316,100 <= ... < 500 DM,1 <= ... < 4 years,-3.118238808499455,female : divorced/separated/married,none,4.529425322676796,"if not A121/A122 : car or other, not in attribute 6",33.17843381119379,none,own,6.222854298582397,skilled employee / official,5.578636405373862,none,yes
-4.187317020425963,no checking account,16.713829006126375,all credits at this bank paid back duly,business,1296.0508099765098,... < 100 DM,4 <= ... < 7 years,5.016034666969524,female : divorced/separated/married,none,8.508009363155965,if not A121 : building society savings agreement/ life insurance,24.915682676362252,none,own,2.4260296318287877,skilled employee / official,-3.8626641662020678,none,yes
2.1772418415496517,< 0 DM,13.07502536137779,existing credits paid back duly till now,business,1218.5470641987997,... < 100 DM,4 <= ... < 7 years,0.001712888511779198,male : single,none,-5.53318653167139,unknown / no property,46.06300389548008,bank,for free,-2.2350831097572996,management/ self-employed/ highly qualified employee/ officer,-4.92537021651628,none,yes
9.055580742498105,no checking account,9.722360774982848,critical account/ other credits existing (not at this bank),domestic appliances,2249.120921362348,unknown/ no savings account,... < 1 year ,0.2649763957750251,male : married/widowed,none,0.7079586272342122,"if not A121/A122 : car or other, not in attribute 6",55.03733596251405,stores,own,2.188614483411192,unskilled - resident,10.881943684155996,"yes, registered under the customers name ",yes
-6.111871562699516,< 0 DM,5.067788733649034,existing credits paid back duly till now,domestic appliances,380.8336870423138,... < 100 DM,1 <= ... < 4 years,3.752048460590303,male : single,none,7.242580526942519,"if not A121/A122 : car or other, not in attribute 6",58.32885837593831,none,own,5.915845113280964,skilled employee / official,-3.784915334190572,none,yes
1.24518061153471,no checking account,16.950151484580623,critical account/ other credits existing (not at this bank),domestic appliances,1975.7932950535242,unknown/ no savings account,.. >= 7 years,10.736616208067794,male : single,none,11.72948239889324,unknown / no property,42.85169385403394,none,own,10.591186207256907,management/ self-employed/ highly qualified employee/ officer,6.730533195258737,"yes, registered under the customers name ",yes
9.106494254065543,no checking account,20.130811499526917,existing credits paid back duly till now,car (new),1574.349124616025,... < 100 DM,... < 1 year ,13.004953003443685,male : single,none,5.200357563210401,real estate,40.67341031448165,bank,own,4.931618341457897,skilled employee / official,1.5921016071826053,"yes, registered under the customers name ",yes
-7.2587957408963355,0 <= ... < 200 DM,20.35211402932177,existing credits paid back duly till now,business,2721.5649871267256,unknown/ no savings account,1 <= ... < 4 years,5.240710723133532,male : married/widowed,none,2.5364791778925655,"if not A121/A122 : car or other, not in attribute 6",21.965704515737123,none,own,7.072784279769719,management/ self-employed/ highly qualified employee/ officer,-1.1006002918008577,none,yes
-5.40534603422916,< 0 DM,25.889854989973493,existing credits paid back duly till now,domestic appliances,1349.9590709439424,... < 100 DM,1 <= ... < 4 years,2.1170263848825734,male : single,none,6.785591843372224,"if not A121/A122 : car or other, not in attribute 6",42.30573195679918,none,rent,-2.05303698149815,management/ self-employed/ highly qualified employee/ officer,0.7758555783489673,"yes, registered under the customers name ",yes
-1.1180330323041914,no checking account,8.26269209489796,existing credits paid back duly till now,education,926.8864898846045,.. >= 1000 DM ,... < 1 year ,13.463694333192592,female : divorced/separated/married,none,5.343513376158415,"if not A121/A122 : car or other, not in attribute 6",33.601458420036124,none,rent,-1.6209145312750133,skilled employee / official,-5.505472482656556,none,yes
-1.6029420642770553,0 <= ... < 200 DM,25.604248231623036,existing credits paid back duly till now,domestic appliances,1448.1894184395937,... < 100 DM,1 <= ... < 4 years,1.862227593352399,male : married/widowed,none,2.2016916066634638,"if not A121/A122 : car or other, not in attribute 6",22.05888739354035,none,own,0.8231000359350495,unskilled - resident,0.9312281019538473,none,yes
5.063006438768223,no checking account,25.19300395464222,existing credits paid back duly till now,car (new),4242.434455591463,... < 100 DM,.. >= 7 years,-1.8556795717986865,male : single,guarantor,5.651536560887731,"if not A121/A122 : car or other, not in attribute 6",32.418904424443674,none,own,2.28213676680918,management/ self-employed/ highly qualified employee/ officer,-4.413701569479797,"yes, registered under the customers name ",yes
2.2082985991041904,0 <= ... < 200 DM,25.88884102465943,existing credits paid back duly till now,car (new),2765.4311013258553,... < 100 DM,4 <= ... < 7 years,-6.874715222893634,male : single,none,7.902636312059847,real estate,32.44419175829688,none,own,-3.0401247890144516,skilled employee / official,-0.9772189715699282,"yes, registered under the customers name ",yes
-8.874810298210642,no checking account,18.66203115477557,existing credits paid back duly till now,car (new),3868.191449644919,... < 100 DM,4 <= ... < 7 years,7.980457846223718,female : divorced/separated/married,none,11.452294966372259,"if not A121/A122 : car or other, not in attribute 6",30.3343761705818,none,own,7.329668132784091,unskilled - resident,5.62649781984788,"yes, registered under the customers name ",yes
2.577052014504054,< 0 DM,6.725325668985411,all credits at this bank paid back duly,furniture/equipment,2326.281085978236,500 <= ... < 1000 DM ,.. >= 7 years,5.84122796185647,male : single,co-applicant,4.71302479617646,"if not A121/A122 : car or other, not in attribute 6",53.449113102205075,none,rent,5.41675818879396,skilled employee / official,2.270953382788287,none,yes
-1.8876944367782524,0 <= ... < 200 DM,14.663449102597944,critical account/ other credits existing (not at this bank),(vacation - does not exist?),925.0565849293836,... < 100 DM,1 <= ... < 4 years,16.08902768058223,male : single,none,1.2206944833279656,unknown / no property,36.71091147386609,none,own,-0.528389306507536,skilled employee / official,-6.410852494402608,none,yes
7.372236084706195,>= 200 DM / salary assignments for at least 1 year,30.322699046690182,existing credits paid back duly till now,domestic appliances,1836.5608216069816,unknown/ no savings account,... < 1 year ,-2.9476167610906288,male : single,none,3.7296241198104587,"if not A121/A122 : car or other, not in attribute 6",37.16419566175804,none,own,4.208553245069268,skilled employee / official,5.257440634569349,none,yes
-2.1379376821845986,0 <= ... < 200 DM,28.891181753277134,existing credits paid back duly till now,radio/television,3350.023533430103,... < 100 DM,... < 1 year ,11.290854037395547,female : divorced/separated/married,none,4.786982785968115,if not A121 : building society savings agreement/ life insurance,29.89233469646493,bank,own,2.1144958150191897,unskilled - resident,0.9645011904542872,"yes, registered under the customers name ",yes
-3.1830764155111786,< 0 DM,8.438222791720651,critical account/ other credits existing (not at this bank),car (new),1280.8947728929581,... < 100 DM,4 <= ... < 7 years,4.350677591830637,female : divorced/separated/married,none,1.421635787602749,if not A121 : building society savings agreement/ life insurance,22.560204745094115,none,for free,4.599139904656873,skilled employee / official,-1.7109263420466934,none,yes
2.705658054022657,0 <= ... < 200 DM,30.790605479336303,existing credits paid back duly till now,radio/television,2823.512535145727,... < 100 DM,... < 1 year ,8.030501084000681,female : divorced/separated/married,none,4.948202495111941,real estate,15.694381343264325,none,own,-5.721535617628151,skilled employee / official,4.733381519544655,none,yes
3.8146324116846833,0 <= ... < 200 DM,26.540395525995326,critical account/ other credits existing (not at this bank),radio/television,4521.03576596083,... < 100 DM,.. >= 7 years,-5.238885705522355,female : divorced/separated/married,none,-3.289381322654374,"if not A121/A122 : car or other, not in attribute 6",72.91913888339018,none,rent,0.2716946340128258,management/ self-employed/ highly qualified employee/ officer,0.1639658151149882,none,yes
3.240496819681018,no checking account,36.976315157398865,critical account/ other credits existing (not at this bank),car (new),2670.0175078980096,... < 100 DM,1 <= ... < 4 years,11.340409113326487,male : single,none,10.485285982455796,unknown / no property,50.507000167026284,none,own,0.7098073604710233,skilled employee / official,-4.8283066995285635,"yes, registered under the customers name ",yes
-8.42798658692404,< 0 DM,16.911576532826714,existing credits paid back duly till now,radio/television,2055.1358639981063,unknown/ no savings account,1 <= ... < 4 years,7.932583756659152,male : single,none,-4.700923635743393,real estate,34.14728237222331,bank,own,4.118210498058256,skilled employee / official,10.239048557248022,"yes, registered under the customers name ",yes
2.690172199641255,>= 200 DM / salary assignments for at least 1 year,13.080995371461272,existing credits paid back duly till now,radio/television,1293.3456137369326,... < 100 DM,.. >= 7 years,3.8054498260689122,female : divorced/separated/married,none,1.8394411977349372,"if not A121/A122 : car or other, not in attribute 6",47.34768183507913,none,own,-2.1421880059106666,skilled employee / official,1.9135627855450612,"yes, registered under the customers name ",yes
-4.171540258371995,< 0 DM,13.441095315451621,all credits at this bank paid back duly,car (used),732.6598270005545,unknown/ no savings account,1 <= ... < 4 years,7.225563438305607,male : single,none,3.487966304259069,"if not A121/A122 : car or other, not in attribute 6",26.606650989388427,stores,for free,-11.499653620411982,skilled employee / official,0.5930739775889142,"yes, registered under the customers name ",yes
2.1763805579413176,no checking account,8.738129375077584,no credits taken/ all credits paid back duly,domestic appliances,1244.118604635219,... < 100 DM,.. >= 7 years,-2.827476505211246,female : divorced/separated/married,none,13.954934399443193,if not A121 : building society savings agreement/ life insurance,44.53922964153566,none,own,-4.408498588414603,skilled employee / official,-0.02552585865294965,none,no
-7.118672176995301,0 <= ... < 200 DM,20.78710689477778,existing credits paid back duly till now,car (new),3353.985108437165,... < 100 DM,.. >= 7 years,1.1027995720915031,male : single,guarantor,-0.11341492426163668,if not A121 : building society savings agreement/ life insurance,25.584621963954945,none,own,0.6947600714454633,skilled employee / official,6.899828697287947,none,yes
2.231610737715318,0 <= ... < 200 DM,24.392993530575186,existing credits paid back duly till now,car (used),3630.0388699353985,unknown/ no savings account,1 <= ... < 4 years,-1.3172230681269812,male : single,co-applicant,0.6699209301980185,real estate,29.254283398715792,bank,own,1.3194211275166579,skilled employee / official,-1.624392540710201,none,yes
-3.032994521536863,no checking account,14.609642357532504,existing credits paid back duly till now,business,1798.7159479902991,... < 100 DM,1 <= ... < 4 years,-5.26363930845139,male : single,none,-1.7540845866689692,real estate,25.854907945965742,none,own,9.418740613124921,management/ self-employed/ highly qualified employee/ officer,-6.724899294058023,"yes, registered under the customers name ",yes
-6.4131732513026085,< 0 DM,50.66064686940719,delay in paying off in the past,car (new),12200.60510342824,... < 100 DM,1 <= ... < 4 years,6.308792471016836,female : divorced/separated/married,none,10.294485838056563,unknown / no property,46.046145289333396,bank,own,3.913732203290495,skilled employee / official,-2.3933883094798927,none,yes
3.5691006824119977,no checking account,74.5712232420771,critical account/ other credits existing (not at this bank),car (used),9156.962163516844,.. >= 1000 DM ,1 <= ... < 4 years,7.957968070912831,female : divorced/separated/married,none,-12.061734967530107,if not A121 : building society savings agreement/ life insurance,26.463944155238817,none,own,1.4076513961574468,management/ self-employed/ highly qualified employee/ officer,7.633873002273962,none,yes
1.2082226083837564,no checking account,-2.884933196630376,existing credits paid back duly till now,education,3680.6518892881145,500 <= ... < 1000 DM ,1 <= ... < 4 years,-2.506720748819208,male : single,none,-2.0136900607429347,"if not A121/A122 : car or other, not in attribute 6",36.486430266625504,bank,own,2.8380436160928117,unskilled - resident,6.160660807285587,"yes, registered under the customers name ",yes
-2.0698840069644855,0 <= ... < 200 DM,31.6200626209499,existing credits paid back duly till now,car (new),3437.143849168827,... < 100 DM,1 <= ... < 4 years,3.741015079724094,male : single,none,17.656443545797757,real estate,21.157870611406913,none,own,6.520916910848465,management/ self-employed/ highly qualified employee/ officer,-0.2750782632993056,"yes, registered under the customers name ",yes
7.2558942451053206,no checking account,8.199049556905472,existing credits paid back duly till now,car (used),648.2868806011625,.. >= 1000 DM ,1 <= ... < 4 years,2.6722976268538186,male : single,none,4.954410367458184,real estate,51.363415461193064,none,own,-1.950552260787191,management/ self-employed/ highly qualified employee/ officer,7.86627570820237,"yes, registered under the customers name ",yes
-2.2032621078487122,0 <= ... < 200 DM,23.88701288759625,critical account/ other credits existing (not at this bank),domestic appliances,3648.577219879101,.. >= 1000 DM ,.. >= 7 years,3.6413698104051524,male : single,none,-2.5299247466961,unknown / no property,39.67496373049916,none,own,1.298581061297006,skilled employee / official,4.739711144109412,none,yes
1.1605383698546734,< 0 DM,18.232787366639304,existing credits paid back duly till now,domestic appliances,1526.5845409920742,... < 100 DM,1 <= ... < 4 years,-0.13788620605514623,male : single,none,1.7904100891261423,if not A121 : building society savings agreement/ life insurance,32.94878280581326,none,rent,-3.4462906006915084,skilled employee / official,-0.3329468181730335,none,yes
2.3445672383930045,no checking account,51.809273870212316,existing credits paid back duly till now,domestic appliances,3921.686787759489,... < 100 DM,1 <= ... < 4 years,-0.4171257804381794,male : single,none,2.3372728303393084,"if not A121/A122 : car or other, not in attribute 6",41.312990752126254,none,rent,8.09453024347652,skilled employee / official,0.1704507244946014,"yes, registered under the customers name ",yes
-3.098329670643068,no checking account,17.877532882543896,critical account/ other credits existing (not at this bank),domestic appliances,1859.0573007618195,unknown/ no savings account,1 <= ... < 4 years,9.260374430118713,male : divorced/separated,none,5.2306262295280295,"if not A121/A122 : car or other, not in attribute 6",13.567616469049288,none,for free,2.9624946850080685,management/ self-employed/ highly qualified employee/ officer,2.646588659727171,none,yes
3.3556814669996466,no checking account,18.962105588840906,delay in paying off in the past,radio/television,2597.239876354942,... < 100 DM,... < 1 year ,3.680647074377537,male : married/widowed,none,13.197510014112817,"if not A121/A122 : car or other, not in attribute 6",62.57550003610582,none,own,-1.5376164800197296,unskilled - resident,-3.159434748319079,none,yes
-2.6672617358236224,>= 200 DM / salary assignments for at least 1 year,20.66026144207089,existing credits paid back duly till now,domestic appliances,1978.224334344097,... < 100 DM,4 <= ... < 7 years,14.110544754267378,female : divorced/separated/married,co-applicant,3.942758406396077,unknown / no property,41.14407501358303,none,for free,0.4277249484084603,unskilled - resident,1.0225253275467547,none,yes
-2.058191611081046,no checking account,-5.721489468943387,existing credits paid back duly till now,domestic appliances,2122.7653678877105,... < 100 DM,1 <= ... < 4 years,2.2315498239707,female : divorced/separated/married,none,-0.6989415150648037,real estate,43.01157695678308,bank,rent,3.548253816031401,unemployed/ unskilled - non-resident,2.5425668230664513,none,yes
7.8132131990167055,< 0 DM,16.952261489580117,existing credits paid back duly till now,car (new),1444.3310140981284,... < 100 DM,.. >= 7 years,-2.630390201752461,male : divorced/separated,none,6.935422210491021,real estate,7.054427075675818,none,own,-0.2535945636113772,skilled employee / official,-7.434831193042699,"yes, registered under the customers name ",yes
-5.202930262562165,no checking account,43.8753107594617,existing credits paid back duly till now,domestic appliances,4037.9160341036486,... < 100 DM,... < 1 year ,10.134704382179695,male : single,none,0.5087365156856949,if not A121 : building society savings agreement/ life insurance,39.37011601158098,none,for free,-0.6723531085630041,skilled employee / official,0.05339838716051071,"yes, registered under the customers name ",yes
-12.06390165464745,>= 200 DM / salary assignments for at least 1 year,14.38921677872591,delay in paying off in the past,domestic appliances,3831.7878309496045,... < 100 DM,1 <= ... < 4 years,4.154000820730099,female : divorced/separated/married,none,-1.1666874799451463,real estate,73.59082197314385,none,own,-2.271368429921657,management/ self-employed/ highly qualified employee/ officer,-0.5152809268284415,none,yes
8.054684975059471,>= 200 DM / salary assignments for at least 1 year,17.900621275792393,delay in paying off in the past,domestic appliances,3660.450784138338,... < 100 DM,... < 1 year ,5.634364318482118,male : single,none,-4.7995443597822245,if not A121 : building society savings agreement/ life insurance,18.020462069401034,none,own,2.6948094962055738,skilled employee / official,6.140340099801612,"yes, registered under the customers name ",yes
13.746639763035015,< 0 DM,13.846150591973322,critical account/ other credits existing (not at this bank),radio/television,1548.068799447417,... < 100 DM,... < 1 year ,9.953003394339593,female : divorced/separated/married,none,-4.825641972502004,real estate,51.59693837822756,none,rent,-0.7902713960534256,management/ self-employed/ highly qualified employee/ officer,-8.22248496905517,"yes, registered under the customers name ",yes
-2.0263463272466593,no checking account,15.729691470723871,existing credits paid back duly till now,domestic appliances,1443.72157473675,... < 100 DM,4 <= ... < 7 years,0.7360185307710276,female : divorced/separated/married,none,-3.4822257806213592,if not A121 : building society savings agreement/ life insurance,9.140221846870359,none,own,-1.2687886738137308,skilled employee / official,-0.9075300985185542,none,yes
-8.684190203100925,0 <= ... < 200 DM,8.914810553312686,existing credits paid back duly till now,domestic appliances,1980.0266143022584,.. >= 1000 DM ,1 <= ... < 4 years,1.3637334550735623,male : single,none,-3.888948838504355,real estate,23.689994725267066,bank,own,-4.6803087752770285,skilled employee / official,-1.4087732368229346,"yes, registered under the customers name ",yes
-0.5524198809797187,< 0 DM,25.415342940049946,critical account/ other credits existing (not at this bank),domestic appliances,1360.7010473946837,... < 100 DM,4 <= ... < 7 years,2.1427508425610338,male : single,none,5.566182636873586,real estate,24.9567568699388,none,rent,1.3882028826358481,unemployed/ unskilled - non-resident,5.800354819608003,none,yes
-1.431114749203346,0 <= ... < 200 DM,17.42257580464983,delay in paying off in the past,business,1399.037125141556,.. >= 1000 DM ,... < 1 year ,-2.4537326845780916,male : single,guarantor,-1.9970091291201761,real estate,35.25014392377692,none,own,2.093882806040459,skilled employee / official,1.7822671531755367,"yes, registered under the customers name ",yes
-0.9496192051112852,no checking account,15.173898423485754,all credits at this bank paid back duly,car (used),1374.353953008205,unknown/ no savings account,1 <= ... < 4 years,2.6820492492087826,male : married/widowed,none,-14.71833151012372,"if not A121/A122 : car or other, not in attribute 6",30.230689136198933,none,own,-0.6082417432098235,skilled employee / official,9.980473228261847,none,yes
-5.566940209609241,no checking account,64.86909535858655,existing credits paid back duly till now,car (used),15651.930234280697,.. >= 1000 DM ,.. >= 7 years,8.681897289384121,male : single,none,-1.2195588729473288,unknown / no property,26.75419874576029,none,for free,2.9938533874435924,skilled employee / official,4.311066909531933,"yes, registered under the customers name ",yes
2.897805712382387,no checking account,12.041409549789636,critical account/ other credits existing (not at this bank),car (used),1496.3214615102781,... < 100 DM,1 <= ... < 4 years,5.186690518969235,male : single,none,0.6407017613929034,unknown / no property,35.819435019107864,none,own,4.7400113136794895,unskilled - resident,-0.05111497094759532,none,yes
3.6225368764304307,< 0 DM,40.98109069437726,existing credits paid back duly till now,domestic appliances,4367.074057755365,... < 100 DM,4 <= ... < 7 years,-3.7303066392249384,female : divorced/separated/married,none,-1.0272474393598268,real estate,28.924138185298066,none,for free,5.507827359702342,skilled employee / official,3.198293482794794,none,yes
-6.472028099096533,no checking account,10.64442382807555,existing credits paid back duly till now,domestic appliances,752.943200758687,... < 100 DM,1 <= ... < 4 years,-3.779197058324675,male : single,none,8.597623396545922,real estate,24.94161943830469,none,for free,3.7636425044988133,skilled employee / official,-0.7703440468472906,none,yes
3.4959836584744393,< 0 DM,17.515243341884325,existing credits paid back duly till now,radio/television,1307.560467563154,... < 100 DM,.. >= 7 years,12.323880293741357,male : single,none,0.9322872035542495,if not A121 : building society savings agreement/ life insurance,28.69305122389489,none,own,0.7966486068213936,skilled employee / official,5.2969804524521,none,yes
11.263424909729455,no checking account,2.929460744844814,existing credits paid back duly till now,car (new),4618.153007111307,unknown/ no savings account,... < 1 year ,2.54840494872435,male : single,none,6.404617315995989,unknown / no property,43.45932011168532,none,for free,-1.8349916797062096,unskilled - resident,-5.66098856645506,none,yes
0.8598016621852993,< 0 DM,27.241970056193562,critical account/ other credits existing (not at this bank),education,1846.2158164356017,... < 100 DM,.. >= 7 years,0.7629489714919133,male : single,none,1.9050870015956916,"if not A121/A122 : car or other, not in attribute 6",41.74876959723148,none,own,-3.2195782066121863,management/ self-employed/ highly qualified employee/ officer,-3.1184798828566667,"yes, registered under the customers name ",yes
-1.6866258103425302,0 <= ... < 200 DM,10.53947082263504,existing credits paid back duly till now,car (used),1887.2352934801554,100 <= ... < 500 DM,... < 1 year ,2.630041175514984,male : single,none,0.7884763716370063,unknown / no property,37.64790427113729,none,own,-0.9657825366904103,unskilled - resident,3.2784495927746065,none,yes
0.2899839279623935,no checking account,36.26728956308737,existing credits paid back duly till now,domestic appliances,7979.217892604283,... < 100 DM,unemployed,-3.38653877158666,female : divorced/separated/married,none,-0.17690144424018506,"if not A121/A122 : car or other, not in attribute 6",17.06062085199327,none,own,2.098250475682848,unskilled - resident,7.1287822436181045,none,yes
3.076283834842806,no checking account,29.404155813360397,critical account/ other credits existing (not at this bank),domestic appliances,4591.201770469492,100 <= ... < 500 DM,1 <= ... < 4 years,9.115475747558099,male : single,none,1.7060867420961643,real estate,24.42552796394533,none,own,-1.9314306082624135,management/ self-employed/ highly qualified employee/ officer,-10.009842980695995,none,yes
-7.6533580275360915,0 <= ... < 200 DM,17.847690736469417,existing credits paid back duly till now,domestic appliances,1383.4318186964254,.. >= 1000 DM ,1 <= ... < 4 years,0.03473531206985192,male : single,guarantor,-1.8254806344870844,real estate,21.7701612910133,none,own,1.4802856955872146,skilled employee / official,7.872356079952079,"yes, registered under the customers name ",yes
1.8219535148865111,< 0 DM,23.10672415493055,existing credits paid back duly till now,car (new),948.4560260056575,unknown/ no savings account,unemployed,10.83700763869211,male : single,none,3.8501215712728527,"if not A121/A122 : car or other, not in attribute 6",30.035122743599285,bank,own,-3.8272833895593212,skilled employee / official,1.2993243578599691,"yes, registered under the customers name ",yes
-0.9523197473140506,no checking account,8.529307194271672,existing credits paid back duly till now,domestic appliances,695.9633836150912,... < 100 DM,4 <= ... < 7 years,4.258258572236576,male : single,none,2.818751836881559,unknown / no property,40.2209495977802,none,own,-7.304959445035111,management/ self-employed/ highly qualified employee/ officer,-7.419374809685815,none,yes
9.239125064780227,no checking account,45.46698652014398,no credits taken/ all credits paid back duly,car (new),7470.713066276684,... < 100 DM,1 <= ... < 4 years,11.1476598728422,male : divorced/separated,none,-3.7231396659580014,if not A121 : building society savings agreement/ life insurance,51.96707902590261,none,own,5.097030604323975,unskilled - resident,-14.008639209446692,"yes, registered under the customers name ",yes
0.1291363309752106,no checking account,18.364413843773317,existing credits paid back duly till now,radio/television,1912.510927500501,... < 100 DM,4 <= ... < 7 years,5.2834724952154275,male : married/widowed,none,6.959471698502976,if not A121 : building society savings agreement/ life insurance,29.84873358378816,none,own,-1.372072976829223,management/ self-employed/ highly qualified employee/ officer,-6.646930329041398,none,yes
9.339438055597599,0 <= ... < 200 DM,26.681484845904468,existing credits paid back duly till now,business,2309.4329506564363,500 <= ... < 1000 DM ,1 <= ... < 4 years,8.26616331434538,male : single,none,3.1342024001071267,if not A121 : building society savings agreement/ life insurance,48.88564229637764,none,own,-3.1851682661194554,unskilled - resident,0.9014757207729912,"yes, registered under the customers name ",yes
-4.518703488910036,no checking account,34.071850092384196,critical account/ other credits existing (not at this bank),radio/television,8081.865954473034,... < 100 DM,1 <= ... < 4 years,5.595465230441684,female : divorced/separated/married,none,1.7596863292887588,if not A121 : building society savings agreement/ life insurance,45.00551972010007,none,rent,-1.4692357064871917,skilled employee / official,0.6705098109555769,none,yes
2.9362958340139613,no checking account,22.817767900177433,all credits at this bank paid back duly,furniture/equipment,2345.8964681794687,... < 100 DM,1 <= ... < 4 years,7.1164553312598535,male : divorced/separated,none,3.72746523517655,"if not A121/A122 : car or other, not in attribute 6",32.259204375781486,bank,own,4.115179873652002,skilled employee / official,4.166002173546549,none,yes
1.597001318956144,0 <= ... < 200 DM,6.164114547072765,existing credits paid back duly till now,business,3970.070408947742,... < 100 DM,1 <= ... < 4 years,2.739672385913553,male : single,none,3.580887392490182,"if not A121/A122 : car or other, not in attribute 6",21.13739007008008,none,own,7.874538557339837,unskilled - resident,-1.7474358878048175,none,yes
-3.3452362393239117,< 0 DM,13.942371004257705,existing credits paid back duly till now,radio/television,889.3408139047766,500 <= ... < 1000 DM ,1 <= ... < 4 years,2.8357464194220756,female : divorced/separated/married,none,-0.33795468631636894,if not A121 : building society savings agreement/ life insurance,31.25099412173484,bank,for free,-1.0153693050307222,unemployed/ unskilled - non-resident,-3.5402027322308545,none,yes
0.8869805731847022,no checking account,39.20092146152267,all credits at this bank paid back duly,car (new),10217.247318964071,500 <= ... < 1000 DM ,.. >= 7 years,13.577173457864301,female : divorced/separated/married,none,3.352481145105819,if not A121 : building society savings agreement/ life insurance,35.33868921856463,none,rent,-0.07781687331290876,skilled employee / official,-1.065431938304465,"yes, registered under the customers name ",yes
6.062594184158002,no checking account,33.75898232917728,existing credits paid back duly till now,radio/television,4220.100299560583,unknown/ no savings account,1 <= ... < 4 years,-2.534684925479503,male : single,none,-2.1050587740368725,if not A121 : building society savings agreement/ life insurance,28.036924870651628,none,own,7.358159199445361,skilled employee / official,1.1680514345578865,none,yes
-1.6189585214330036,< 0 DM,18.64310796245633,existing credits paid back duly till now,business,6363.249076632783,... < 100 DM,4 <= ... < 7 years,2.0215382117157983,male : single,none,-3.7246691781004966,real estate,41.84373797614095,none,own,-8.05222852179156,unskilled - resident,2.153863974776387,"yes, registered under the customers name ",yes
-8.459813245848816,< 0 DM,23.93475899786961,critical account/ other credits existing (not at this bank),domestic appliances,1291.9584555686288,... < 100 DM,4 <= ... < 7 years,3.074429376037977,male : single,none,-4.113836651332624,real estate,24.89438456010087,none,for free,10.834343214563335,skilled employee / official,-2.945823496362029,none,yes
0.9121858676127704,no checking account,6.499322231378471,critical account/ other credits existing (not at this bank),domestic appliances,896.4995798517706,... < 100 DM,1 <= ... < 4 years,6.012203766717607,female : divorced/separated/married,none,0.20696323230684643,"if not A121/A122 : car or other, not in attribute 6",24.221208716152862,none,for free,13.220501511631847,skilled employee / official,5.507233501676798,none,yes
-4.512115473962563,< 0 DM,20.486689544796835,critical account/ other credits existing (not at this bank),car (new),2239.263085832007,unknown/ no savings account,1 <= ... < 4 years,1.8526367705274942,female : divorced/separated/married,none,4.834853297918617,real estate,48.67828151367165,none,rent,-11.531687647100414,skilled employee / official,-2.1069838586201675,none,yes
-1.7117046933194118,no checking account,14.991438504615314,delay in paying off in the past,domestic appliances,1042.8559228288686,... < 100 DM,.. >= 7 years,5.573731527947939,female : divorced/separated/married,none,-2.4732967668942982,real estate,36.43097471277159,none,own,1.512483855416215,skilled employee / official,-3.3485868116245188,none,yes
-0.4079388484256049,0 <= ... < 200 DM,11.956948201457072,critical account/ other credits existing (not at this bank),car (new),1044.8871950860062,... < 100 DM,1 <= ... < 4 years,1.1557870739851692,male : single,none,16.603543460789847,real estate,55.01015996655124,none,own,-2.5947351593478176,management/ self-employed/ highly qualified employee/ officer,-1.7119575473414494,none,yes
-8.528261080077586,>= 200 DM / salary assignments for at least 1 year,20.5189397421005,existing credits paid back duly till now,domestic appliances,6314.5939826995145,... < 100 DM,.. >= 7 years,-3.909762587189496,female : divorced/separated/married,none,6.428428268263661,"if not A121/A122 : car or other, not in attribute 6",26.52250963345178,none,own,0.6761411454763306,skilled employee / official,6.374200878513036,none,yes
-8.07829169660339,0 <= ... < 200 DM,31.11983714186724,critical account/ other credits existing (not at this bank),radio/television,3494.0022552920577,... < 100 DM,... < 1 year ,4.047761431284233,male : single,none,8.521650663302392,"if not A121/A122 : car or other, not in attribute 6",35.587974454158385,none,own,-1.091925348079617,skilled employee / official,1.3360177352967033,none,yes
2.410334177627626,no checking account,48.00999678207543,existing credits paid back duly till now,radio/television,3607.6431175353414,... < 100 DM,.. >= 7 years,-4.502826665150758,male : single,none,4.9762150603687925,if not A121 : building society savings agreement/ life insurance,26.069144686679408,none,own,5.058795492396792,skilled employee / official,-2.4725675153488593,none,yes
-1.6135934808484018,no checking account,13.409779336970786,critical account/ other credits existing (not at this bank),(vacation - does not exist?),4842.900491645467,... < 100 DM,4 <= ... < 7 years,-5.671928812244506,female : divorced/separated/married,none,13.264324874692864,real estate,39.766205417602144,none,own,1.437150465160046,skilled employee / official,5.630538752242718,none,yes
-12.823721709102836,0 <= ... < 200 DM,26.50659782007585,delay in paying off in the past,business,3013.7212826878385,... < 100 DM,.. >= 7 years,4.684366603446925,male : single,none,0.06499008263728934,real estate,49.614398334588024,none,rent,-3.5545360709997826,skilled employee / official,11.713742699743731,none,yes
3.924220183040675,no checking account,23.55339798649633,all credits at this bank paid back duly,car (new),4142.455312829335,... < 100 DM,... < 1 year ,5.439416710097833,female : divorced/separated/married,none,-9.803686928293107,if not A121 : building society savings agreement/ life insurance,24.223870279148976,none,for free,1.1390741935243789,management/ self-employed/ highly qualified employee/ officer,2.0484131715447385,none,yes
1.3618487763711993,no checking account,28.00973812361643,all credits at this bank paid back duly,domestic appliances,5749.179890624009,... < 100 DM,.. >= 7 years,4.633490210522882,female : divorced/separated/married,none,-0.23062804176441531,"if not A121/A122 : car or other, not in attribute 6",32.93073450496095,none,own,4.573921184812049,unskilled - resident,7.169212304327168,none,yes
-3.56937412018242,no checking account,60.67561725934041,critical account/ other credits existing (not at this bank),car (new),10363.678098039023,.. >= 1000 DM ,4 <= ... < 7 years,4.835853535098471,male : single,none,6.791092877737688,real estate,42.141276857550224,none,rent,-4.918606638826409,skilled employee / official,6.180389752873947,none,yes
-6.5841510552912075,0 <= ... < 200 DM,8.25010336710916,critical account/ other credits existing (not at this bank),domestic appliances,2082.4259911573886,... < 100 DM,... < 1 year ,-8.662945104703052,male : married/widowed,none,2.757584858739892,real estate,22.480326617399285,none,own,-7.231168444849903,skilled employee / official,-2.0281987582916647,none,yes
5.179039481571686,no checking account,19.86290293678058,no credits taken/ all credits paid back duly,car (used),2578.801914222827,... < 100 DM,unemployed,-2.8050846395373474,male : single,none,3.377363054838918,"if not A121/A122 : car or other, not in attribute 6",39.3592858392667,none,own,10.9637140041766,skilled employee / official,2.1331709023811625,"yes, registered under the customers name ",yes
1.746753112802148,no checking account,21.92474554707606,critical account/ other credits existing (not at this bank),(vacation - does not exist?),4531.8274367251925,... < 100 DM,.. >= 7 years,13.867607184068355,male : single,none,10.604550013349362,unknown / no property,23.459395037921567,none,own,-2.212133398542181,management/ self-employed/ highly qualified employee/ officer,-5.4127231485199365,none,no
11.913011413420367,< 0 DM,28.942659314257313,existing credits paid back duly till now,domestic appliances,5157.828897656016,.. >= 1000 DM ,.. >= 7 years,-1.2360438003851808,male : single,none,5.910287872312498,real estate,24.77099413955493,none,own,0.3132350654023861,skilled employee / official,-0.024711331808175308,none,no
3.100942993624687,< 0 DM,73.82262518996401,critical account/ other credits existing (not at this bank),domestic appliances,5597.54329771509,... < 100 DM,.. >= 7 years,5.054205155683445,male : single,none,5.994564637955108,"if not A121/A122 : car or other, not in attribute 6",25.91447547580846,none,own,-0.9889770291278632,management/ self-employed/ highly qualified employee/ officer,-2.13095184562862,none,yes
1.9385157063100742,0 <= ... < 200 DM,20.369924511495114,existing credits paid back duly till now,domestic appliances,2375.1329273059514,unknown/ no savings account,1 <= ... < 4 years,0.5653118916707696,male : single,none,-0.6978137092637944,"if not A121/A122 : car or other, not in attribute 6",65.1577341263916,none,own,3.7404385204107102,skilled employee / official,-1.0144297858781748,"yes, registered under the customers name ",yes
-0.8346396505428256,0 <= ... < 200 DM,16.59699776580968,existing credits paid back duly till now,radio/television,1455.2699781572348,... < 100 DM,.. >= 7 years,3.3983636963378223,male : single,none,-4.476968446080184,real estate,30.24835126224247,bank,own,9.863949615455219,management/ self-employed/ highly qualified employee/ officer,-2.749475156901683,none,yes
4.083879336003955,no checking account,-1.5033470139091936,existing credits paid back duly till now,business,1544.164318716545,... < 100 DM,unemployed,-2.1662710113679706,female : divorced/separated/married,none,10.070569615122437,unknown / no property,53.34271548846603,none,own,3.8996692086464213,skilled employee / official,-0.43548404097783644,none,yes
3.1254260062407684,0 <= ... < 200 DM,6.872949361110478,existing credits paid back duly till now,car (used),2277.8920191500097,unknown/ no savings account,1 <= ... < 4 years,6.807705773098224,male : divorced/separated,none,4.504507675735339,"if not A121/A122 : car or other, not in attribute 6",46.476918127383335,stores,own,-6.591825737699955,unskilled - resident,3.661163431324572,none,yes
6.258625042825975,>= 200 DM / salary assignments for at least 1 year,12.310943268214302,delay in paying off in the past,domestic appliances,1482.9781740305891,.. >= 1000 DM ,... < 1 year ,4.683870586583495,female : divorced/separated/married,none,-0.11614591723067447,if not A121 : building society savings agreement/ life insurance,31.101320260751834,none,own,-4.920617135042649,unskilled - resident,0.40254044780002163,"yes, registered under the customers name ",yes
-2.606614593186424,no checking account,30.142104061400758,critical account/ other credits existing (not at this bank),(vacation - does not exist?),5099.549422294241,100 <= ... < 500 DM,.. >= 7 years,0.758551131778832,male : single,none,-0.10697246773559099,if not A121 : building society savings agreement/ life insurance,42.62445178902652,none,own,1.0051761233654175,unskilled - resident,-8.321865988776928,"yes, registered under the customers name ",yes
-2.1770373647198116,0 <= ... < 200 DM,32.802483045562624,existing credits paid back duly till now,car (new),9849.57230420239,... < 100 DM,1 <= ... < 4 years,-4.250860598403552,female : divorced/separated/married,none,-0.24561560819128792,if not A121 : building society savings agreement/ life insurance,26.031575400786675,stores,own,0.6588340023336672,skilled employee / official,-1.7306028244924305,"yes, registered under the customers name ",yes
-2.3955158545599007,< 0 DM,63.2010682966438,existing credits paid back duly till now,business,6527.705845094163,500 <= ... < 1000 DM ,1 <= ... < 4 years,5.338870987462555,male : divorced/separated,none,0.4552048947707914,real estate,25.330387983851686,none,own,-7.609756347733002,skilled employee / official,-5.596996762791262,none,yes
3.9540086058949457,0 <= ... < 200 DM,7.308418985692101,existing credits paid back duly till now,car (used),1338.2176163962683,unknown/ no savings account,.. >= 7 years,-2.0635939952129503,male : single,none,-4.415739013018299,unknown / no property,34.66313946196564,none,own,6.096704600872203,skilled employee / official,2.2203011299088384,"yes, registered under the customers name ",yes
7.491872201483661,0 <= ... < 200 DM,37.23973780425938,existing credits paid back duly till now,domestic appliances,2860.801144935532,500 <= ... < 1000 DM ,unemployed,6.137405210604193,male : single,none,-4.502102011102543,if not A121 : building society savings agreement/ life insurance,36.855336953843306,none,own,-4.431602789407393,skilled employee / official,3.5165868202709376,none,yes
-2.294202465746503,no checking account,8.29302248928099,existing credits paid back duly till now,car (new),2759.4342113132275,... < 100 DM,1 <= ... < 4 years,16.1324245451845,male : single,none,3.024978111727904,"if not A121/A122 : car or other, not in attribute 6",38.00372581442379,none,own,8.466507810628777,management/ self-employed/ highly qualified employee/ officer,2.282741109270825,"yes, registered under the customers name ",no
-2.1238686389654564,no checking account,16.365283000463716,all credits at this bank paid back duly,car (new),3641.4511854712687,... < 100 DM,.. >= 7 years,7.75085025631006,female : divorced/separated/married,none,0.035370648398002746,real estate,26.5195559611211,none,own,10.103162986028604,skilled employee / official,-1.9370219664969368,none,yes
1.570386119348996,no checking account,12.32594330890721,critical account/ other credits existing (not at this bank),car (new),968.6025160204305,... < 100 DM,1 <= ... < 4 years,5.5917394344708145,male : married/widowed,none,8.535796427216475,"if not A121/A122 : car or other, not in attribute 6",34.0563384077956,none,own,0.7587323368391132,management/ self-employed/ highly qualified employee/ officer,2.234269645656081,none,yes
-1.2288075000645071,< 0 DM,7.137358749987795,existing credits paid back duly till now,radio/television,2625.8398387741922,... < 100 DM,4 <= ... < 7 years,2.571963511294262,male : married/widowed,none,3.465383266334583,"if not A121/A122 : car or other, not in attribute 6",23.24140419239172,none,own,3.194863202090924,skilled employee / official,-1.3505712788443751,"yes, registered under the customers name ",yes
4.76026826569945,< 0 DM,17.09025484318184,existing credits paid back duly till now,car (used),2895.6834007014454,... < 100 DM,... < 1 year ,-7.693763135017626,male : single,none,2.3265884003899155,"if not A121/A122 : car or other, not in attribute 6",27.65487084386674,none,rent,-5.159736110421008,skilled employee / official,-4.691127248751262,"yes, registered under the customers name ",yes
-11.258886453095233,no checking account,3.340612530286213,existing credits paid back duly till now,domestic appliances,4714.171416071769,... < 100 DM,1 <= ... < 4 years,-5.611431979500921,male : single,guarantor,-0.7156020377722534,real estate,51.18629540218038,none,own,5.118381632395572,skilled employee / official,5.709649598544651,"yes, registered under the customers name ",yes
-4.133525234584473,< 0 DM,17.754700146609736,existing credits paid back duly till now,(vacation - does not exist?),2290.9956819084805,100 <= ... < 500 DM,4 <= ... < 7 years,10.413964280513568,male : single,none,1.3948579211001215,"if not A121/A122 : car or other, not in attribute 6",31.29455292240436,none,own,-1.4909621171718501,management/ self-employed/ highly qualified employee/ officer,5.09013876861886,"yes, registered under the customers name ",yes
-3.912081669807229,no checking account,8.051060078397757,existing credits paid back duly till now,car (new),1240.7717416454584,... < 100 DM,4 <= ... < 7 years,-1.9487804006238991,male : married/widowed,none,5.805005518157202,real estate,61.00551569377296,bank,own,-4.436176607941768,unskilled - resident,5.74447740541753,"yes, registered under the customers name ",yes
-11.601780061930725,no checking account,9.671159175709612,critical account/ other credits existing (not at this bank),car (used),1105.476364730343,... < 100 DM,1 <= ... < 4 years,0.5037395091797667,male : single,none,6.580978698563377,real estate,30.2436113015951,none,rent,0.5533250587350791,unskilled - resident,-2.0417430001622807,none,yes
-4.81819222184402,no checking account,23.873032750132158,existing credits paid back duly till now,car (used),926.7281515717194,... < 100 DM,... < 1 year ,0.17174762157989276,female : divorced/separated/married,none,1.5305408674081724,real estate,36.014846002106374,none,own,-1.3287400420268147,skilled employee / official,6.896811563465394,none,yes
-4.57578057922963,no checking account,9.31142702431434,existing credits paid back duly till now,car (used),1801.9661488849242,... < 100 DM,1 <= ... < 4 years,-1.3102312942327732,male : single,none,7.395618896621045,"if not A121/A122 : car or other, not in attribute 6",20.94097558270102,bank,own,0.3742029849812283,skilled employee / official,-1.4679112566403378,none,yes
-1.0055232725941516,no checking account,16.018165893549007,existing credits paid back duly till now,(vacation - does not exist?),1900.6900882234331,... < 100 DM,1 <= ... < 4 years,-2.1338436727581813,male : single,none,4.039946544539713,real estate,30.765019114046865,none,own,5.748399514081795,skilled employee / official,4.267506607692566,"yes, registered under the customers name ",yes
6.564829458301318,< 0 DM,6.360234882471655,delay in paying off in the past,radio/television,1127.286051767783,100 <= ... < 500 DM,1 <= ... < 4 years,3.747629636092891,male : single,none,7.964235592588399,"if not A121/A122 : car or other, not in attribute 6",27.607021135968978,none,rent,-2.9265379631786637,skilled employee / official,-1.5545633088333766,none,yes
-0.22530325595351175,< 0 DM,45.53299329808661,critical account/ other credits existing (not at this bank),car (used),6325.439778728204,unknown/ no savings account,unemployed,-0.4576472733601813,male : single,none,1.5507389570542487,"if not A121/A122 : car or other, not in attribute 6",51.7229666941369,none,own,10.675114998869379,unskilled - resident,-0.11991081872885423,none,yes
-5.154068601355769,no checking account,24.707097366702722,critical account/ other credits existing (not at this bank),domestic appliances,1381.176884969511,... < 100 DM,... < 1 year ,0.294907101105526,male : single,guarantor,-7.062941832843208,"if not A121/A122 : car or other, not in attribute 6",49.994170863280345,bank,for free,-5.625298164126768,management/ self-employed/ highly qualified employee/ officer,-11.105889286945947,"yes, registered under the customers name ",yes
-0.28477270606764493,< 0 DM,18.373143125628566,existing credits paid back duly till now,car (new),2508.9307125105943,... < 100 DM,4 <= ... < 7 years,0.09404486926497002,male : single,none,3.3417949400926132,"if not A121/A122 : car or other, not in attribute 6",41.10154003280203,none,own,10.077151365892977,skilled employee / official,-0.5095660720845783,"yes, registered under the customers name ",yes
5.245868107206747,no checking account,28.18413058394014,existing credits paid back duly till now,car (new),2529.0543230104404,.. >= 1000 DM ,... < 1 year ,6.611801069172343,female : divorced/separated/married,none,4.626620315733128,real estate,27.025327780918353,none,own,-4.082553109533468,management/ self-employed/ highly qualified employee/ officer,2.455449833925137,"yes, registered under the customers name ",yes
-4.879794080574524,no checking account,24.514537311370837,existing credits paid back duly till now,domestic appliances,5323.11893470519,.. >= 1000 DM ,4 <= ... < 7 years,-0.16062845247678648,female : divorced/separated/married,none,6.876736659037848,"if not A121/A122 : car or other, not in attribute 6",36.13436509006369,none,own,0.9949338373169216,skilled employee / official,-1.050248086819194,none,yes
-3.5528744196072433,< 0 DM,45.732808508157035,existing credits paid back duly till now,furniture/equipment,6562.001549541548,unknown/ no savings account,1 <= ... < 4 years,2.1071401605307316,male : single,none,4.110933307187199,if not A121 : building society savings agreement/ life insurance,29.064068525976865,none,own,-1.4509805673900988,skilled employee / official,9.780940340425698,"yes, registered under the customers name ",yes
3.7927447963711174,0 <= ... < 200 DM,13.299039284027547,all credits at this bank paid back duly,car (new),2954.6924081494967,unknown/ no savings account,1 <= ... < 4 years,6.984729486544416,male : divorced/separated,none,1.2570651702250637,if not A121 : building society savings agreement/ life insurance,27.153596282349923,none,own,0.28135664231072677,management/ self-employed/ highly qualified employee/ officer,-4.8123304266263816,none,yes
-1.1076805786540027,0 <= ... < 200 DM,14.124608465626997,existing credits paid back duly till now,car (used),1207.5112910924272,... < 100 DM,1 <= ... < 4 years,3.2898019588352994,female : divorced/separated/married,none,-0.03373125722796111,real estate,25.833675848166795,none,own,5.006786181777744,unskilled - resident,-1.8179061855196292,none,yes
3.237423453547372,no checking account,8.180232499865017,critical account/ other credits existing (not at this bank),domestic appliances,2117.433230010801,... < 100 DM,1 <= ... < 4 years,0.6087311577141357,female : divorced/separated/married,none,4.758641345218902,real estate,33.01521173359397,none,for free,8.499133986144052,skilled employee / official,-2.524363049929266,none,yes
-0.06823395897648381,no checking account,15.095199057342583,critical account/ other credits existing (not at this bank),business,628.746859434715,... < 100 DM,1 <= ... < 4 years,6.352251777850855,female : divorced/separated/married,none,5.132237080991375,real estate,36.335909070560064,none,own,7.95262352477821,skilled employee / official,-1.818884894977356,"yes, registered under the customers name ",yes
4.508318240447835,0 <= ... < 200 DM,-5.37868201860876,critical account/ other credits existing (not at this bank),car (used),1201.532662564489,... < 100 DM,.. >= 7 years,7.340989217788155,male : single,none,1.1955045457808686,"if not A121/A122 : car or other, not in attribute 6",19.340475906279096,none,rent,-1.0242816617092387,skilled employee / official,6.157065314703525,"yes, registered under the customers name ",yes
-5.175390570203204,no checking account,24.204953596974867,critical account/ other credits existing (not at this bank),radio/television,2475.6261553921763,100 <= ... < 500 DM,4 <= ... < 7 years,3.264632502456979,male : single,none,9.547120945960284,real estate,47.914228544325724,bank,own,1.9212761120227668,unskilled - resident,8.390158971634818,"yes, registered under the customers name ",yes
-0.0604232539413372,no checking account,8.434157951355514,critical account/ other credits existing (not at this bank),car (new),1132.2989657167443,... < 100 DM,unemployed,4.403038878102608,male : single,none,-0.4143275727380029,real estate,37.85160990472299,none,own,-1.9103893683418107,skilled employee / official,-2.503963054594709,"yes, registered under the customers name ",yes
-0.053450071815784206,no checking account,54.93658074305919,existing credits paid back duly till now,(vacation - does not exist?),14026.292986645873,... < 100 DM,.. >= 7 years,0.09104885133336005,male : single,none,-0.9176168939552021,"if not A121/A122 : car or other, not in attribute 6",19.458133063340764,none,own,-3.957751562873474,skilled employee / official,-2.6150377136160166,"yes, registered under the customers name ",yes
-6.079454620520654,< 0 DM,30.632983551388467,delay in paying off in the past,domestic appliances,7596.337777420405,... < 100 DM,1 <= ... < 4 years,-3.3034152158226275,female : divorced/separated/married,none,12.182126061708324,real estate,61.79315272649317,none,own,-3.7315045286433444,skilled employee / official,-4.7856432429695746,"yes, registered under the customers name ",yes
-7.817389739343442,no checking account,27.081598215969095,existing credits paid back duly till now,education,3077.574669557905,100 <= ... < 500 DM,1 <= ... < 4 years,6.845737509834039,male : single,none,6.342909688669564,if not A121 : building society savings agreement/ life insurance,39.96044504937637,none,own,-0.18786653492064653,management/ self-employed/ highly qualified employee/ officer,8.531426932596517,none,yes
3.428745176373309,< 0 DM,15.357869344422372,existing credits paid back duly till now,car (used),1505.8095968364253,.. >= 1000 DM ,.. >= 7 years,6.224710312723109,male : single,none,0.2099534705448871,"if not A121/A122 : car or other, not in attribute 6",29.687085929717114,bank,own,2.24802815507471,unemployed/ unskilled - non-resident,6.605022034581513,none,yes
-1.7547619110898904,0 <= ... < 200 DM,27.031455780543542,all credits at this bank paid back duly,car (used),3153.196845224593,... < 100 DM,... < 1 year ,5.2764921920828805,male : single,none,3.4369035482177526,if not A121 : building society savings agreement/ life insurance,36.181871212794896,bank,own,-7.559075798757524,skilled employee / official,0.4700910000560661,"yes, registered under the customers name ",yes
-5.111401408236648,no checking account,13.308087943380777,existing credits paid back duly till now,domestic appliances,6142.569827234829,unknown/ no savings account,.. >= 7 years,4.404271743627611,male : single,co-applicant,4.773961222619191,real estate,33.3622550717765,none,own,1.7682314870961713,management/ self-employed/ highly qualified employee/ officer,-5.9804959815344,none,yes
0.5191053153833387,no checking account,14.236576430368793,existing credits paid back duly till now,car (new),1337.8785022808243,... < 100 DM,1 <= ... < 4 years,4.2310163790747675,male : married/widowed,co-applicant,-11.728069324886892,"if not A121/A122 : car or other, not in attribute 6",34.761501862736594,none,own,9.580125622747623,skilled employee / official,-5.53331282728126,none,yes
6.640094286746513,no checking account,-0.9884308155920181,critical account/ other credits existing (not at this bank),domestic appliances,439.4496484930912,... < 100 DM,.. >= 7 years,7.4820594541138465,male : single,none,-2.532369747366908,"if not A121/A122 : car or other, not in attribute 6",27.9863628058464,none,rent,6.609555345370626,skilled employee / official,2.853147251922966,"yes, registered under the customers name ",yes
-10.403689226859616,>= 200 DM / salary assignments for at least 1 year,8.686492958223681,delay in paying off in the past,business,1219.326942515314,unknown/ no savings account,1 <= ... < 4 years,8.675543805113918,male : single,none,1.7457669144535923,"if not A121/A122 : car or other, not in attribute 6",24.08375354535871,none,own,-1.925920382633329,unskilled - resident,3.746689592232494,none,yes
-7.483193449516632,0 <= ... < 200 DM,18.614730970332886,delay in paying off in the past,car (new),790.8982334039002,... < 100 DM,... < 1 year ,8.556140025953237,male : married/widowed,guarantor,1.216942617203469,"if not A121/A122 : car or other, not in attribute 6",81.89932244411757,bank,rent,-5.98436454641393,skilled employee / official,-9.330724025105742,"yes, registered under the customers name ",yes
-3.6144322094763375,>= 200 DM / salary assignments for at least 1 year,32.63677380821211,critical account/ other credits existing (not at this bank),retraining,2567.0731074901346,500 <= ... < 1000 DM ,... < 1 year ,2.4961104202700657,female : divorced/separated/married,none,4.235512824152103,if not A121 : building society savings agreement/ life insurance,21.756734668283706,none,own,3.299151532324133,skilled employee / official,-0.6065495526894136,none,yes
7.305894333601644,< 0 DM,6.488019962477201,critical account/ other credits existing (not at this bank),repairs,248.1464480776345,... < 100 DM,1 <= ... < 4 years,8.93496364954419,female : divorced/separated/married,none,7.647411564739599,real estate,41.97641049244852,none,own,-9.587141251037501,skilled employee / official,9.091479447786918,none,yes
1.4129349145964825,< 0 DM,10.297348922493917,critical account/ other credits existing (not at this bank),radio/television,1311.4759624839278,... < 100 DM,4 <= ... < 7 years,3.142303408661606,male : single,none,0.39232107673036265,real estate,38.447659752133625,none,for free,7.550770579413387,unskilled - resident,-0.08754603315142728,none,no
4.836586202306134,no checking account,15.353638466500534,critical account/ other credits existing (not at this bank),radio/television,1881.1522464214977,.. >= 1000 DM ,.. >= 7 years,7.161880962828993,male : single,none,-1.2882739806143242,"if not A121/A122 : car or other, not in attribute 6",22.28274836348288,none,own,0.9320627105837975,skilled employee / official,8.44819045395312,none,yes
-4.700804595631153,< 0 DM,48.36637657292848,existing credits paid back duly till now,radio/television,6425.206278072134,500 <= ... < 1000 DM ,1 <= ... < 4 years,5.410439454174399,male : single,none,4.6242582925552265,real estate,64.73688840899905,none,rent,10.156501602887005,skilled employee / official,4.2452306447784185,"yes, registered under the customers name ",no
-5.597679376352631,no checking account,24.187616161697992,critical account/ other credits existing (not at this bank),education,1268.677848194114,... < 100 DM,4 <= ... < 7 years,3.2350335374208705,female : divorced/separated/married,none,2.366883332160983,real estate,29.322715748200636,none,own,-6.634827427882328,skilled employee / official,-4.421398004176789,"yes, registered under the customers name ",yes
2.239068583613552,no checking account,23.545645351870185,delay in paying off in the past,domestic appliances,6397.151949987606,... < 100 DM,.. >= 7 years,-2.6787599512515983,male : single,none,1.2196824958904866,if not A121 : building society savings agreement/ life insurance,22.212214128490224,bank,own,5.5907311260391666,skilled employee / official,-0.46335646675928,none,yes
1.2913716546772327,< 0 DM,23.845837429579078,existing credits paid back duly till now,radio/television,1980.4903271491826,100 <= ... < 500 DM,... < 1 year ,5.506754191724131,male : single,none,2.5411314042346067,real estate,21.161577355937872,stores,rent,0.49745581592900767,skilled employee / official,1.3565288072764854,"yes, registered under the customers name ",yes
2.7436940943206327,< 0 DM,6.92812445147443,existing credits paid back duly till now,domestic appliances,768.6370914331405,.. >= 1000 DM ,1 <= ... < 4 years,18.226471974538196,male : single,none,13.209189000054929,"if not A121/A122 : car or other, not in attribute 6",50.85372253737489,none,own,-0.6552526573604023,unskilled - resident,-3.762557840467533,none,yes
-0.9383549546422607,< 0 DM,16.790106321799936,critical account/ other credits existing (not at this bank),business,2600.6883014723935,... < 100 DM,.. >= 7 years,0.12602462604958364,male : single,none,-7.203521304989724,real estate,28.21190614348063,none,own,-5.849217326060723,unskilled - resident,-3.849340114054706,none,yes
1.3907186322731349,no checking account,1.4174462891958362,critical account/ other credits existing (not at this bank),radio/television,3379.8718046982617,.. >= 1000 DM ,4 <= ... < 7 years,1.3549735771247409,female : divorced/separated/married,none,-0.9416695156632309,unknown / no property,35.319376986868285,none,own,3.9787395335585822,skilled employee / official,9.533842960592803,none,yes
0.7905954245255459,no checking account,40.573120269934236,critical account/ other credits existing (not at this bank),radio/television,3987.986085294469,100 <= ... < 500 DM,.. >= 7 years,0.7689736782636882,male : single,none,1.9815548717580398,"if not A121/A122 : car or other, not in attribute 6",19.7075603112951,none,rent,4.380686923884289,skilled employee / official,-3.8868030984647586,none,yes
4.888836945424627,0 <= ... < 200 DM,17.158328512244413,delay in paying off in the past,car (new),11555.277885607984,unknown/ no savings account,4 <= ... < 7 years,-1.4400995078096726,female : divorced/separated/married,none,0.09428753858610595,"if not A121/A122 : car or other, not in attribute 6",25.261270613510966,none,own,10.925639009829448,skilled employee / official,6.392180382043401,none,yes
4.0350414097223535,0 <= ... < 200 DM,17.052222442303606,existing credits paid back duly till now,domestic appliances,4378.824246766928,... < 100 DM,.. >= 7 years,10.722247390593363,male : married/widowed,none,8.499129160641415,unknown / no property,38.306375544415225,none,rent,6.040251314302962,skilled employee / official,-0.18242239182508202,"yes, registered under the customers name ",yes
-8.09935997195885,0 <= ... < 200 DM,1.9012303561457804,existing credits paid back duly till now,domestic appliances,6773.291218028683,... < 100 DM,1 <= ... < 4 years,-2.3648550886373236,male : single,none,7.066288393598197,real estate,36.0913375044945,none,own,-0.9694766447786751,skilled employee / official,1.8718033505841378,"yes, registered under the customers name ",yes
-10.236342776704278,no checking account,30.556752146990558,existing credits paid back duly till now,radio/television,4286.960354604871,... < 100 DM,unemployed,1.6295976331681938,female : divorced/separated/married,none,3.761226907557297,"if not A121/A122 : car or other, not in attribute 6",31.672662243486094,bank,for free,-3.019312918087574,unskilled - resident,3.8092220911928627,none,yes
5.008726988257536,no checking account,22.05683409466591,existing credits paid back duly till now,business,2320.7353109110386,100 <= ... < 500 DM,.. >= 7 years,-5.937464118656506,male : single,none,1.6466312232815292,if not A121 : building society savings agreement/ life insurance,35.828477629460544,bank,own,-5.842457167611932,unskilled - resident,-1.9927933645233935,none,yes
5.9386254663096825,no checking account,17.386968324873344,delay in paying off in the past,car (used),1051.2378705153085,... < 100 DM,1 <= ... < 4 years,0.21194137728876328,female : divorced/separated/married,none,3.4402158288417652,real estate,28.661579712736728,none,rent,8.366121728197351,skilled employee / official,3.8395215674726666,"yes, registered under the customers name ",yes
-5.103115097566687,>= 200 DM / salary assignments for at least 1 year,23.53291577095127,critical account/ other credits existing (not at this bank),domestic appliances,3155.842386136668,... < 100 DM,1 <= ... < 4 years,-4.541999464766739,male : single,none,2.4760667317609464,unknown / no property,43.91762545916671,none,own,-2.89087142138933,skilled employee / official,-9.23214849774191,none,yes
-9.299177032728142,>= 200 DM / salary assignments for at least 1 year,17.440984171113943,delay in paying off in the past,education,2474.118161805769,... < 100 DM,unemployed,7.159023496059644,male : single,none,3.608134859371187,"if not A121/A122 : car or other, not in attribute 6",25.268413544056592,none,own,8.401149344856535,skilled employee / official,3.198536942073184,none,yes
0.49517410503600456,0 <= ... < 200 DM,42.35614005806849,critical account/ other credits existing (not at this bank),car (new),14184.097554588323,unknown/ no savings account,4 <= ... < 7 years,17.998486109186548,male : single,none,3.0600044924160024,"if not A121/A122 : car or other, not in attribute 6",32.6036044935087,bank,own,4.625360204310333,unskilled - resident,-11.34265062285818,"yes, registered under the customers name ",yes
4.654191131752647,0 <= ... < 200 DM,9.126740718689685,existing credits paid back duly till now,business,1802.8004642332178,unknown/ no savings account,.. >= 7 years,1.1666060317473894,male : married/widowed,none,2.262246572961964,real estate,32.34236160750598,none,own,3.6495144079698023,management/ self-employed/ highly qualified employee/ officer,-0.13423363349228756,"yes, registered under the customers name ",yes
8.987972612171573,< 0 DM,12.115018143112332,critical account/ other credits existing (not at this bank),car (used),2516.2302612552394,... < 100 DM,... < 1 year ,-7.333789664951187,male : single,none,7.766060324139326,"if not A121/A122 : car or other, not in attribute 6",13.906211154380408,none,rent,-0.5343415628014914,skilled employee / official,5.271214926592457,none,yes
3.581487860507255,no checking account,13.569095100535609,existing credits paid back duly till now,business,1271.650673753902,... < 100 DM,1 <= ... < 4 years,7.499998322148667,male : married/widowed,none,-5.151300737992884,if not A121 : building society savings agreement/ life insurance,29.494702831892425,none,own,4.303364565011254,unemployed/ unskilled - non-resident,4.111476530291879,"yes, registered under the customers name ",no
-1.8585834829284749,0 <= ... < 200 DM,18.541262901349327,critical account/ other credits existing (not at this bank),domestic appliances,5247.16612132999,... < 100 DM,... < 1 year ,-2.6346247946507844,male : single,none,-2.2533194961657443,if not A121 : building society savings agreement/ life insurance,22.31996049905114,none,own,0.9226461858159895,skilled employee / official,-5.492052394809705,none,yes
-4.465653107924314,< 0 DM,19.464279081614777,existing credits paid back duly till now,domestic appliances,3032.7488277682905,unknown/ no savings account,4 <= ... < 7 years,8.496734652767701,female : divorced/separated/married,none,-6.7425901474176175,if not A121 : building society savings agreement/ life insurance,32.350899141637235,none,own,-0.8460664573440522,management/ self-employed/ highly qualified employee/ officer,-4.848321980467585,none,yes
0.05725645835327208,no checking account,2.127449692433023,existing credits paid back duly till now,car (new),429.95748018674055,... < 100 DM,1 <= ... < 4 years,0.5898547610502765,male : single,guarantor,5.331987001787997,if not A121 : building society savings agreement/ life insurance,50.9406846165409,bank,rent,4.480023933241001,skilled employee / official,-2.4433602016131744,"yes, registered under the customers name ",yes
-0.49632351942628183,no checking account,14.905267237043184,critical account/ other credits existing (not at this bank),radio/television,974.0318126435147,... < 100 DM,.. >= 7 years,-2.1590784454139036,male : single,none,3.2516164659523157,unknown / no property,24.62340826614425,none,own,0.28013945389434725,unskilled - resident,1.9310793117906737,none,yes
-5.075339528644081,< 0 DM,8.718145532259456,critical account/ other credits existing (not at this bank),domestic appliances,832.9046408994092,... < 100 DM,.. >= 7 years,1.1102122212715675,female : divorced/separated/married,none,6.526337579663853,"if not A121/A122 : car or other, not in attribute 6",28.585529057280155,none,for free,-2.9916738936941343,unskilled - resident,-9.159665950218518,none,yes
10.243778254316434,no checking account,27.171806258224805,critical account/ other credits existing (not at this bank),(vacation - does not exist?),5771.56937597071,unknown/ no savings account,4 <= ... < 7 years,7.788883804680935,male : single,none,-5.147491191817342,if not A121 : building society savings agreement/ life insurance,30.742476492901755,none,own,4.999133877303256,management/ self-employed/ highly qualified employee/ officer,0.9338821207572091,none,yes
9.925842010360656,< 0 DM,17.495957777739065,existing credits paid back duly till now,domestic appliances,1560.3950481961806,... < 100 DM,1 <= ... < 4 years,2.8628968462217177,male : single,none,12.924740614400692,if not A121 : building society savings agreement/ life insurance,50.63807445853104,none,for free,1.680071721857174,unskilled - resident,3.5571468690003223,none,yes
6.680243417777142,0 <= ... < 200 DM,27.143981468051514,delay in paying off in the past,car (new),1279.0120585548293,... < 100 DM,4 <= ... < 7 years,1.5163764860314726,female : divorced/separated/married,none,0.9557454592732118,unknown / no property,33.192880550252355,none,own,3.4445500587890225,skilled employee / official,-0.4151859043549184,"yes, registered under the customers name ",yes
-4.604251989045638,< 0 DM,14.549719770060356,existing credits paid back duly till now,radio/television,1302.19379690838,unknown/ no savings account,4 <= ... < 7 years,0.005841985105640934,female : divorced/separated/married,none,1.8410290355562795,"if not A121/A122 : car or other, not in attribute 6",69.7608422613908,stores,own,0.7307007082290675,skilled employee / official,4.626604840265259,none,yes
5.275096621486394,0 <= ... < 200 DM,26.338221019496274,critical account/ other credits existing (not at this bank),radio/television,1272.6577084756684,unknown/ no savings account,.. >= 7 years,-3.359275922504425,male : married/widowed,guarantor,8.271923303391858,"if not A121/A122 : car or other, not in attribute 6",38.05876480823217,none,rent,-4.045606523404779,skilled employee / official,2.1186207916310202,"yes, registered under the customers name ",yes
3.1981320474895094,< 0 DM,18.8464148403383,all credits at this bank paid back duly,(vacation - does not exist?),1396.7507413161616,... < 100 DM,4 <= ... < 7 years,3.985158011469901,male : single,none,-2.93489877898036,real estate,32.608956845242474,none,own,9.675369812571377,skilled employee / official,-1.7082712969944769,none,yes
3.2127281210202647,no checking account,12.352095636636445,critical account/ other credits existing (not at this bank),domestic appliances,695.359877498595,... < 100 DM,.. >= 7 years,-4.933632969224551,male : single,none,0.26837820743666585,if not A121 : building society savings agreement/ life insurance,17.956439617641546,none,own,9.733057053817872,skilled employee / official,-8.68094680129745,none,yes
6.248326335218886,< 0 DM,9.118998416782835,all credits at this bank paid back duly,domestic appliances,5041.527673790373,... < 100 DM,.. >= 7 years,-1.2206072718275767,male : single,none,4.8958588730043715,real estate,71.05622019819842,none,own,5.418924806309806,skilled employee / official,1.6670654078541145,none,yes
4.176855714306387,no checking account,14.111970361258665,critical account/ other credits existing (not at this bank),domestic appliances,2115.915202999175,... < 100 DM,.. >= 7 years,7.796926044153716,male : single,none,18.287365377323532,"if not A121/A122 : car or other, not in attribute 6",26.832043386987376,none,own,0.06094657312863383,management/ self-employed/ highly qualified employee/ officer,-3.765376826149889,none,yes
3.7000711815216776,< 0 DM,8.849587448721653,existing credits paid back duly till now,domestic appliances,2211.3324023715854,unknown/ no savings account,1 <= ... < 4 years,5.515241414663584,female : divorced/separated/married,none,4.505623714260121,unknown / no property,21.02148362293297,none,own,-0.5015898658053626,management/ self-employed/ highly qualified employee/ officer,-1.891713124307726,"yes, registered under the customers name ",yes
4.18453141686105,< 0 DM,15.714225629308629,existing credits paid back duly till now,car (used),12684.445636587636,unknown/ no savings account,1 <= ... < 4 years,6.951602864931951,male : single,none,12.031805753153591,real estate,39.63684877615114,none,own,7.911637229482324,unskilled - resident,3.395621089815429,none,yes
1.7039570400105295,0 <= ... < 200 DM,18.740563635507932,no credits taken/ all credits paid back duly,car (new),2460.28998048237,... < 100 DM,.. >= 7 years,3.6747716364059544,female : divorced/separated/married,none,9.028365725959777,if not A121 : building society savings agreement/ life insurance,25.262844147569027,bank,rent,0.23084981216293388,skilled employee / official,8.086666917171755,"yes, registered under the customers name ",yes
-8.918055648570917,< 0 DM,11.278578107398726,critical account/ other credits existing (not at this bank),domestic appliances,1151.5297833807117,100 <= ... < 500 DM,... < 1 year ,8.848730904927583,male : married/widowed,none,4.840050182472593,real estate,40.662596929140285,none,rent,-1.1627801817364878,unskilled - resident,0.809699382789955,none,yes
1.4181053870527862,no checking account,23.916407908067967,critical account/ other credits existing (not at this bank),car (new),3098.893248290377,... < 100 DM,... < 1 year ,6.62349598384896,female : divorced/separated/married,none,-0.9459788581533939,real estate,28.564420948011865,bank,rent,10.361173378182265,skilled employee / official,3.770324182229353,none,yes
-2.780959794245626,no checking account,14.210634795688165,critical account/ other credits existing (not at this bank),car (new),2909.7632377727546,.. >= 1000 DM ,unemployed,3.2307050212383728,male : divorced/separated,none,9.298768054091175,if not A121 : building society savings agreement/ life insurance,39.259959187216694,none,own,0.7616115919306384,skilled employee / official,-6.222396705764453,none,yes
-6.399204788200103,no checking account,7.411232312912429,critical account/ other credits existing (not at this bank),car (new),3621.1285682071266,... < 100 DM,... < 1 year ,5.637728886567715,female : divorced/separated/married,none,-3.4905517082402353,if not A121 : building society savings agreement/ life insurance,27.475076468470597,none,own,11.842126642569228,unskilled - resident,2.2276179049751725,none,yes
8.40908309650412,no checking account,26.04784485048196,existing credits paid back duly till now,car (new),1658.8494799063737,... < 100 DM,... < 1 year ,5.752117772017884,male : single,none,12.00437561838546,real estate,63.74742050369755,none,own,-4.99195955345001,skilled employee / official,0.7004703116141877,none,yes
8.644976704428517,>= 200 DM / salary assignments for at least 1 year,21.743077745178024,existing credits paid back duly till now,car (new),2816.8386269338976,... < 100 DM,... < 1 year ,-0.19731756673445133,female : divorced/separated/married,guarantor,5.000026541091277,if not A121 : building society savings agreement/ life insurance,32.01891076512723,none,own,3.590924413922509,skilled employee / official,7.146137903130909,"yes, registered under the customers name ",yes
7.79610300147806,0 <= ... < 200 DM,36.360088209585264,delay in paying off in the past,domestic appliances,8067.883541807717,... < 100 DM,... < 1 year ,-3.7194945584566677,female : divorced/separated/married,none,-11.25111773649088,"if not A121/A122 : car or other, not in attribute 6",27.925697287305383,none,own,12.355412996083075,unskilled - resident,-1.702292380143783,none,yes
1.276067084279373,< 0 DM,14.523294077669824,delay in paying off in the past,domestic appliances,3273.7783557241023,unknown/ no savings account,1 <= ... < 4 years,3.1018106292131193,male : single,none,2.2974695248408055,"if not A121/A122 : car or other, not in attribute 6",35.72825967432964,none,own,1.1487537232943095,skilled employee / official,-0.20818808581185388,none,yes
6.753125604763284,>= 200 DM / salary assignments for at least 1 year,32.53045879063819,existing credits paid back duly till now,(vacation - does not exist?),2222.181179479389,... < 100 DM,... < 1 year ,6.730446154157144,male : single,none,7.269739104614702,"if not A121/A122 : car or other, not in attribute 6",57.551954861787316,none,own,0.679977538661019,management/ self-employed/ highly qualified employee/ officer,6.294072335663974,"yes, registered under the customers name ",yes
0.060265903009127715,0 <= ... < 200 DM,17.59750340401458,all credits at this bank paid back duly,domestic appliances,1477.8621781770394,... < 100 DM,4 <= ... < 7 years,7.4523599556928275,male : single,none,2.8148806348011663,"if not A121/A122 : car or other, not in attribute 6",78.69241614713977,none,own,-2.838759587992098,skilled employee / official,0.5398310380267526,none,yes
2.0139863844888968,0 <= ... < 200 DM,25.484579353680562,critical account/ other credits existing (not at this bank),domestic appliances,1384.173703772075,100 <= ... < 500 DM,.. >= 7 years,-0.6816063752264672,male : single,none,7.5750290549678665,real estate,26.587052243997107,none,for free,6.411715272176236,unskilled - resident,-4.544206906436343,none,yes
-5.467356852309915,< 0 DM,29.26598725610217,existing credits paid back duly till now,car (used),3537.779560156497,100 <= ... < 500 DM,.. >= 7 years,-0.5321552963858167,male : single,guarantor,-0.25012083856147704,"if not A121/A122 : car or other, not in attribute 6",37.58380043936283,none,rent,-1.850640413203437,unskilled - resident,13.758166366450613,"yes, registered under the customers name ",yes
1.9849565224942,< 0 DM,19.053334388623103,existing credits paid back duly till now,domestic appliances,3506.680997793243,unknown/ no savings account,4 <= ... < 7 years,6.299501331538852,male : single,none,-5.529911863938037,real estate,25.85313541809541,none,for free,0.5259572030500572,management/ self-employed/ highly qualified employee/ officer,-4.392963816683666,"yes, registered under the customers name ",yes
0.3019296421220855,no checking account,30.392844769913726,all credits at this bank paid back duly,car (new),5713.327483870831,... < 100 DM,1 <= ... < 4 years,3.644165055734567,male : single,none,1.6427729847619732,"if not A121/A122 : car or other, not in attribute 6",44.55214750415759,none,own,-4.172511398963057,skilled employee / official,0.6764995922523814,"yes, registered under the customers name ",yes
-6.513260584172322,no checking account,25.311776317366803,delay in paying off in the past,car (new),3866.9456554107182,.. >= 1000 DM ,... < 1 year ,-7.42880805285564,male : single,none,4.157828336449574,real estate,64.00401132483539,none,own,8.784473000487164,unskilled - resident,2.733440780128066,none,yes
0.7440144409170155,< 0 DM,43.04597365926586,critical account/ other credits existing (not at this bank),radio/television,4940.522533592946,... < 100 DM,... < 1 year ,3.8755408187709537,female : divorced/separated/married,none,0.2580782446883929,if not A121 : building society savings agreement/ life insurance,23.608412201441695,bank,for free,7.774426553628413,skilled employee / official,2.338087545155573,none,yes
-0.39864781928404236,< 0 DM,24.477195192438682,existing credits paid back duly till now,car (used),1936.6946545209644,... < 100 DM,4 <= ... < 7 years,-5.262114574944773,female : divorced/separated/married,none,10.136455733210962,unknown / no property,52.312785254366794,stores,own,0.8420762539343454,skilled employee / official,0.05128147996800614,none,yes
8.9878058332232,no checking account,-0.18187831623661133,critical account/ other credits existing (not at this bank),radio/television,1412.5054271631122,... < 100 DM,4 <= ... < 7 years,-2.726282759366881,female : divorced/separated/married,none,-2.251036875695288,if not A121 : building society savings agreement/ life insurance,25.08066068680013,none,rent,-4.7707446779346405,skilled employee / official,0.07619814736845987,none,yes
5.471066642567047,>= 200 DM / salary assignments for at least 1 year,7.082920106704847,existing credits paid back duly till now,domestic appliances,841.3298881487157,... < 100 DM,.. >= 7 years,10.758406864300536,male : single,none,3.565828036661747,real estate,20.41099998651015,none,for free,8.67953524621316,management/ self-employed/ highly qualified employee/ officer,-0.17465933143977685,"yes, registered under the customers name ",yes
0.05722719545733008,0 <= ... < 200 DM,23.43880565799936,critical account/ other credits existing (not at this bank),car (new),6469.923842721025,500 <= ... < 1000 DM ,unemployed,10.124395089035577,male : single,co-applicant,4.339849855818126,if not A121 : building society savings agreement/ life insurance,59.720315029697886,none,own,-0.8296586352357358,skilled employee / official,-4.5796692929568605,"yes, registered under the customers name ",yes
1.243936549005415,0 <= ... < 200 DM,24.06441845861578,critical account/ other credits existing (not at this bank),radio/television,1941.4723499590982,... < 100 DM,4 <= ... < 7 years,-2.078281842359808,male : married/widowed,none,-5.783579760680417,if not A121 : building society savings agreement/ life insurance,43.8454166288506,none,own,-4.526024204087593,skilled employee / official,11.751096072113643,"yes, registered under the customers name ",yes
0.2210618905209903,0 <= ... < 200 DM,27.545849057460657,delay in paying off in the past,(vacation - does not exist?),2675.05401042428,... < 100 DM,1 <= ... < 4 years,1.3530423129365285,male : single,none,-2.5951509183425614,unknown / no property,42.67996402462612,none,rent,-7.810590062362721,skilled employee / official,-0.0999545885668851,none,yes
-1.0145699239777386,no checking account,40.03993498879272,existing credits paid back duly till now,radio/television,2750.7177945155645,unknown/ no savings account,.. >= 7 years,4.21311261539353,female : divorced/separated/married,none,3.059555081243157,unknown / no property,33.43960744905103,none,own,-1.2298256594688746,skilled employee / official,4.984654964115478,"yes, registered under the customers name ",yes
-4.4121359869414345,0 <= ... < 200 DM,49.50776153406452,delay in paying off in the past,car (new),6221.116507555363,... < 100 DM,... < 1 year ,12.90613463790784,male : single,none,13.90599999343482,real estate,46.360097573179424,none,rent,-6.273190612649698,skilled employee / official,-0.6732642884080271,"yes, registered under the customers name ",yes
0.24474061196535368,< 0 DM,45.07757608241465,existing credits paid back duly till now,furniture/equipment,5995.752582851152,500 <= ... < 1000 DM ,1 <= ... < 4 years,1.5356552608779923,male : married/widowed,none,5.896349059494055,unknown / no property,33.873743416153275,none,own,-2.114104182614123,skilled employee / official,-0.7738183617774175,"yes, registered under the customers name ",yes
-2.730491283262567,no checking account,12.708322172088774,critical account/ other credits existing (not at this bank),car (new),1195.3979518682547,100 <= ... < 500 DM,1 <= ... < 4 years,-0.38442011516639063,male : single,none,-4.628174125723163,"if not A121/A122 : car or other, not in attribute 6",44.63305174314596,none,own,4.722043668488576,skilled employee / official,-0.27721831334825175,none,yes
-6.251577694615732,no checking account,23.960477423133817,critical account/ other credits existing (not at this bank),radio/television,6312.457316836574,unknown/ no savings account,.. >= 7 years,10.74362779231431,male : single,none,-11.552440325596688,unknown / no property,41.14074955112102,bank,own,-0.8770008198761665,unskilled - resident,-5.749228939946253,"yes, registered under the customers name ",yes
2.5561090727376734,no checking account,7.369211991542281,critical account/ other credits existing (not at this bank),radio/television,1217.0710186530862,... < 100 DM,.. >= 7 years,-0.8739457635912902,male : single,guarantor,5.665267965021899,real estate,24.787367672305837,none,own,3.7784669105685547,skilled employee / official,0.19689429939615322,none,yes
1.9563232996661748,0 <= ... < 200 DM,22.496177075766326,critical account/ other credits existing (not at this bank),domestic appliances,2889.4185120156926,unknown/ no savings account,unemployed,6.611008544832288,male : single,none,3.5189325853590048,unknown / no property,56.62466417852321,none,own,-2.6166732976611593,unskilled - resident,-1.0350382715971511,"yes, registered under the customers name ",yes
-8.93353755684039,no checking account,14.739190722993992,existing credits paid back duly till now,car (new),3067.501853403486,... < 100 DM,... < 1 year ,-3.385714825562138,male : single,none,8.706329847551848,real estate,27.033364366376567,none,for free,1.3258453318211567,management/ self-employed/ highly qualified employee/ officer,6.857622545923885,"yes, registered under the customers name ",yes
-0.6134231874756361,0 <= ... < 200 DM,7.371509449631357,existing credits paid back duly till now,radio/television,2304.378033165822,unknown/ no savings account,1 <= ... < 4 years,1.1438362795383687,male : single,none,-0.40358960355720797,"if not A121/A122 : car or other, not in attribute 6",23.960151990287613,none,rent,10.604504110430106,unskilled - resident,-4.983500587922577,none,yes
5.978506929499618,< 0 DM,16.36347284872488,delay in paying off in the past,car (new),7513.801645891162,... < 100 DM,.. >= 7 years,-7.297984191632024,male : single,none,5.7510624892926305,real estate,62.36329495446665,bank,own,-0.7424303901344826,management/ self-employed/ highly qualified employee/ officer,-0.8857358877742749,none,yes
5.2961186944816045,no checking account,11.25963797726123,critical account/ other credits existing (not at this bank),repairs,1256.712394005451,... < 100 DM,4 <= ... < 7 years,-3.277168904778522,male : single,none,8.230867315139314,real estate,23.026778411257286,none,own,3.9221471880982937,unskilled - resident,-3.492202333770411,"yes, registered under the customers name ",yes
5.129184214426194,0 <= ... < 200 DM,21.182642872874652,critical account/ other credits existing (not at this bank),(vacation - does not exist?),719.8668123508647,500 <= ... < 1000 DM ,1 <= ... < 4 years,8.196006775761317,male : single,none,1.7626818089675909,if not A121 : building society savings agreement/ life insurance,50.12195260369198,none,own,-5.827636137342192,skilled employee / official,8.212651970059044,"yes, registered under the customers name ",yes
0.194566034507299,0 <= ... < 200 DM,6.784939233792663,existing credits paid back duly till now,business,1545.7821943752467,... < 100 DM,4 <= ... < 7 years,3.7504730445664367,male : single,none,-0.13042785115532718,real estate,37.05184351335769,bank,rent,8.600530612084352,skilled employee / official,-3.3470422242733564,"yes, registered under the customers name ",yes
-4.225226639845755,0 <= ... < 200 DM,23.80146858826511,existing credits paid back duly till now,car (new),1595.701929843271,... < 100 DM,unemployed,2.4044712972351268,male : single,none,4.1263141554919525,if not A121 : building society savings agreement/ life insurance,51.64995640492326,none,own,-0.38603314472432615,management/ self-employed/ highly qualified employee/ officer,4.811499223630683,"yes, registered under the customers name ",yes
-5.418494136790303,< 0 DM,20.212273024848557,existing credits paid back duly till now,car (used),1799.8490224369586,... < 100 DM,1 <= ... < 4 years,-0.7437481199045881,female : divorced/separated/married,none,6.713381732801644,real estate,41.02942078123293,none,own,7.252668249532505,skilled employee / official,5.8508073670299,"yes, registered under the customers name ",yes
1.7230245237517874,0 <= ... < 200 DM,18.477866185716664,critical account/ other credits existing (not at this bank),business,4276.371388394596,... < 100 DM,1 <= ... < 4 years,-0.10328036620641368,female : divorced/separated/married,none,3.928329977440445,unknown / no property,27.505180134360533,none,own,1.3840985212054737,skilled employee / official,0.26938544292295896,none,no
1.896400171825815,no checking account,9.951755358159991,all credits at this bank paid back duly,(vacation - does not exist?),971.090450770246,unknown/ no savings account,... < 1 year ,5.505565835503468,male : single,none,8.869981688797433,"if not A121/A122 : car or other, not in attribute 6",40.58917200274861,none,for free,5.057896825104032,management/ self-employed/ highly qualified employee/ officer,-5.884055004702342,"yes, registered under the customers name ",yes
6.436655558025327,no checking account,12.46177019127229,existing credits paid back duly till now,radio/television,7467.722367735457,... < 100 DM,.. >= 7 years,5.914581032308809,male : single,none,-0.3096759463351497,"if not A121/A122 : car or other, not in attribute 6",22.445466639637136,none,rent,4.355062136055003,skilled employee / official,-5.820769293818452,none,yes
6.499898251710418,0 <= ... < 200 DM,26.395420370524093,existing credits paid back duly till now,car (new),9271.543510764068,... < 100 DM,.. >= 7 years,-11.12573342048401,male : single,none,-5.641976027315549,unknown / no property,22.113821629518633,none,rent,-1.2622016975635848,skilled employee / official,5.298820323980398,"yes, registered under the customers name ",yes
-0.6611432826558605,< 0 DM,8.38517563613229,existing credits paid back duly till now,radio/television,598.6306618733475,... < 100 DM,.. >= 7 years,-1.1588058713140486,male : single,none,12.8848768405659,real estate,21.192173044390852,none,own,6.45953217880926,skilled employee / official,-5.302970093999287,none,yes
-6.221029394304347,0 <= ... < 200 DM,11.997184514385205,existing credits paid back duly till now,car (used),920.422174177655,... < 100 DM,4 <= ... < 7 years,4.795481210945029,male : single,none,0.9768313172877683,"if not A121/A122 : car or other, not in attribute 6",64.25032199766217,none,own,0.20507568003450194,skilled employee / official,2.9601330552995617,none,yes
-1.595532985054489,0 <= ... < 200 DM,42.19846763298781,existing credits paid back duly till now,car (new),9284.391664697852,... < 100 DM,1 <= ... < 4 years,0.5056844201885706,female : divorced/separated/married,guarantor,-0.8422104185887367,real estate,52.188158085384046,stores,own,4.889671100137715,skilled employee / official,1.5717455491029817,none,yes
2.086155974052623,no checking account,19.80367153797232,existing credits paid back duly till now,radio/television,1771.1197833421343,unknown/ no savings account,.. >= 7 years,4.016881212633625,male : single,none,0.6709833946390782,"if not A121/A122 : car or other, not in attribute 6",20.944836566483723,none,own,0.04897352916734499,skilled employee / official,2.885662421555136,none,yes
-1.0104162269470205,< 0 DM,-1.7640776502412407,existing credits paid back duly till now,radio/television,903.8283450323722,... < 100 DM,... < 1 year ,4.3377014306327695,male : divorced/separated,none,2.335905548269906,unknown / no property,35.46084415199803,none,own,2.7477897431603004,skilled employee / official,3.357924039229438,"yes, registered under the customers name ",yes
-2.889470540388279,0 <= ... < 200 DM,-3.8691693492948183,existing credits paid back duly till now,business,482.1778579096788,... < 100 DM,... < 1 year ,1.4756606850329639,male : divorced/separated,none,1.0665817875585857,real estate,30.33246408374754,none,own,-1.3099650117713049,skilled employee / official,-3.6683539220895085,none,yes
2.2644240748494946,0 <= ... < 200 DM,37.369019226617596,all credits at this bank paid back duly,domestic appliances,9626.897458282816,... < 100 DM,unemployed,1.3657340200641146,male : single,guarantor,3.9128305152549547,"if not A121/A122 : car or other, not in attribute 6",26.861975540146762,none,own,2.249879873532978,unskilled - resident,-3.8776408950737062,"yes, registered under the customers name ",yes
-1.5197887070530522,< 0 DM,47.96441572435742,existing credits paid back duly till now,domestic appliances,3048.331020301704,... < 100 DM,.. >= 7 years,1.7724925513224954,female : divorced/separated/married,none,3.8011888428591303,if not A121 : building society savings agreement/ life insurance,58.416997844662134,none,own,-4.373468508458835,skilled employee / official,4.574635670502013,none,yes
-2.1403304186268697,0 <= ... < 200 DM,48.85088471595966,critical account/ other credits existing (not at this bank),domestic appliances,3931.036035301882,... < 100 DM,unemployed,9.743711749113714,male : single,none,4.874096635104035,if not A121 : building society savings agreement/ life insurance,49.855181083799025,bank,own,2.2377849234439706,skilled employee / official,-1.1467230528219825,none,yes
1.5572641715171978,0 <= ... < 200 DM,33.689364624137774,existing credits paid back duly till now,car (new),7429.323722166847,100 <= ... < 500 DM,... < 1 year ,-1.660039664528572,female : divorced/separated/married,none,-9.78743729493658,real estate,51.934450236016424,none,own,1.22093917479793,management/ self-employed/ highly qualified employee/ officer,-12.750742460025743,none,yes
-2.0099629006460242,0 <= ... < 200 DM,9.321768371199656,no credits taken/ all credits paid back duly,education,1330.6877130757293,... < 100 DM,4 <= ... < 7 years,0.6859663842802226,male : single,none,13.404381535039247,unknown / no property,63.36276311485734,stores,rent,-1.7007677703623627,skilled employee / official,4.243776489419324,none,yes
1.2205219448917606,0 <= ... < 200 DM,10.663194214955599,delay in paying off in the past,car (new),1557.8993480626139,... < 100 DM,1 <= ... < 4 years,1.916711069992105,male : married/widowed,none,1.2635584323272124,"if not A121/A122 : car or other, not in attribute 6",22.6548475786967,bank,own,1.7248601680485192,skilled employee / official,-4.181306440343842,none,yes
1.3660201142606134,0 <= ... < 200 DM,38.419911469757636,all credits at this bank paid back duly,car (new),15860.764360835745,unknown/ no savings account,... < 1 year ,9.80175464937229,male : divorced/separated,none,5.903113097234927,unknown / no property,45.1923181238833,none,for free,1.6700223808395496,management/ self-employed/ highly qualified employee/ officer,3.3356793895262666,"yes, registered under the customers name ",yes
-4.697145005457873,no checking account,16.695857707977083,existing credits paid back duly till now,car (new),1349.2158715501134,100 <= ... < 500 DM,1 <= ... < 4 years,2.4984587088184336,male : single,none,-3.890506707670121,if not A121 : building society savings agreement/ life insurance,27.70845442979082,none,rent,-2.081785266325561,skilled employee / official,7.964109246584846,none,yes
-2.4062056193270607,< 0 DM,1.4615530619279848,no credits taken/ all credits paid back duly,car (used),1093.2963275186796,unknown/ no savings account,... < 1 year ,7.794033280054805,male : single,none,-0.35500130624625115,if not A121 : building society savings agreement/ life insurance,25.08669869567899,none,own,1.356207121351654,management/ self-employed/ highly qualified employee/ officer,1.0838122863097381,"yes, registered under the customers name ",yes
7.188884699582312,no checking account,15.846181040185641,delay in paying off in the past,car (new),3017.494590762921,... < 100 DM,1 <= ... < 4 years,9.159897016325111,male : single,none,-2.361579331602073,unknown / no property,17.353506385391004,none,own,-4.0277597044746045,skilled employee / official,5.978829158317655,"yes, registered under the customers name ",yes
-4.810397563671436,no checking account,42.10864333108796,critical account/ other credits existing (not at this bank),domestic appliances,2715.3798942790345,... < 100 DM,.. >= 7 years,1.6812286750467589,male : single,none,9.348618822542726,real estate,41.73118528482754,none,own,12.728665194805037,unskilled - resident,2.7689884026810105,none,yes
-10.583272244852655,no checking account,11.2227920599199,existing credits paid back duly till now,car (new),725.8439896578021,unknown/ no savings account,unemployed,2.946405104616187,male : married/widowed,none,1.070931965820586,"if not A121/A122 : car or other, not in attribute 6",45.9786525609635,none,own,7.295593301040925,skilled employee / official,8.937146640705738,none,yes
-9.309225766212558,0 <= ... < 200 DM,13.601787863162468,existing credits paid back duly till now,car (new),3780.0458662409105,... < 100 DM,4 <= ... < 7 years,1.3547316397589193,male : single,none,5.790399934700456,if not A121 : building society savings agreement/ life insurance,25.548138761456208,none,own,3.3654705281577555,skilled employee / official,-4.31053554378553,"yes, registered under the customers name ",yes
0.14554973288334602,no checking account,24.36897196833879,existing credits paid back duly till now,radio/television,1601.4186667734482,... < 100 DM,4 <= ... < 7 years,2.720884328787088,male : married/widowed,none,-0.25210226336597596,"if not A121/A122 : car or other, not in attribute 6",32.53830884444359,none,own,7.860564637383475,skilled employee / official,0.9589250979175512,"yes, registered under the customers name ",yes
1.1545863901634945,0 <= ... < 200 DM,22.302648539807226,existing credits paid back duly till now,car (new),3975.210753292841,... < 100 DM,unemployed,5.271199302884164,female : divorced/separated/married,none,1.7369053017302796,real estate,37.82671056121388,none,rent,-6.89626238341889,management/ self-employed/ highly qualified employee/ officer,4.365808025207338,"yes, registered under the customers name ",yes
0.41194572287439535,no checking account,25.794081238995428,critical account/ other credits existing (not at this bank),car (new),4174.622480185063,... < 100 DM,1 <= ... < 4 years,3.1550498862775695,male : single,none,0.7722491739965702,"if not A121/A122 : car or other, not in attribute 6",48.64178237604475,stores,own,-10.78839868917003,skilled employee / official,1.0479412149497729,"yes, registered under the customers name ",yes
7.070949144642508,0 <= ... < 200 DM,31.61945037886021,delay in paying off in the past,domestic appliances,8326.678218033348,unknown/ no savings account,4 <= ... < 7 years,4.176448545849347,male : single,guarantor,10.419225634146501,real estate,45.04401248339669,none,rent,-0.9964553087495309,unskilled - resident,6.761094983263348,none,yes
-13.36417216551469,no checking account,46.867727077279305,critical account/ other credits existing (not at this bank),domestic appliances,6693.46963502864,... < 100 DM,... < 1 year ,-1.6261175518991742,female : divorced/separated/married,none,-5.449263295150592,unknown / no property,35.306440517254664,bank,own,-5.892820718010545,skilled employee / official,-0.16019769755390234,none,yes
1.979669372154118,0 <= ... < 200 DM,27.736360255717276,existing credits paid back duly till now,car (new),2370.423871394233,... < 100 DM,... < 1 year ,-0.8374503868761725,male : single,none,-4.578317776372163,"if not A121/A122 : car or other, not in attribute 6",38.45289484780379,none,own,0.8169723777583537,unskilled - resident,12.346855758144443,"yes, registered under the customers name ",yes
8.807191009017867,< 0 DM,18.28705035719079,critical account/ other credits existing (not at this bank),car (used),1220.9033664716371,unknown/ no savings account,1 <= ... < 4 years,14.7172341238849,female : divorced/separated/married,guarantor,-6.736525828449084,"if not A121/A122 : car or other, not in attribute 6",24.043209532435036,none,rent,2.028283202974494,skilled employee / official,11.610987521361226,"yes, registered under the customers name ",yes
-4.63890382445857,< 0 DM,39.41336198974363,existing credits paid back duly till now,radio/television,11820.852489904319,... < 100 DM,4 <= ... < 7 years,1.110871373556552,male : divorced/separated,none,-1.4375105988072514,if not A121 : building society savings agreement/ life insurance,30.011590902791774,none,own,6.602072491703057,skilled employee / official,2.4103599811364984,none,yes
-1.8990325589494756,no checking account,26.073081425133516,critical account/ other credits existing (not at this bank),domestic appliances,5079.021548865791,unknown/ no savings account,1 <= ... < 4 years,-1.8738599778918008,male : single,none,-0.05800025596053615,if not A121 : building society savings agreement/ life insurance,37.943518326066254,none,own,-4.691319921376068,skilled employee / official,3.763005901773084,"yes, registered under the customers name ",yes
-2.7644595861431047,no checking account,17.893308169075834,critical account/ other credits existing (not at this bank),car (used),2329.4663389691955,... < 100 DM,.. >= 7 years,9.155495827946487,male : single,none,-5.072406270451944,real estate,24.1253505899808,none,own,2.9981534308003583,management/ self-employed/ highly qualified employee/ officer,6.9583571781231885,none,yes
-3.471730230387644,< 0 DM,12.43981448165501,existing credits paid back duly till now,domestic appliances,1081.4623312786696,... < 100 DM,... < 1 year ,5.409042743417761,male : single,none,0.32926126692665525,"if not A121/A122 : car or other, not in attribute 6",38.106671665553215,none,rent,2.0719484657611624,unskilled - resident,-4.935986994836834,"yes, registered under the customers name ",yes
-1.6313100251152,< 0 DM,13.097924635899721,no credits taken/ all credits paid back duly,radio/television,888.771650023162,... < 100 DM,.. >= 7 years,6.8907745843226085,male : single,none,-8.073572404667075,if not A121 : building society savings agreement/ life insurance,25.631883739166234,none,rent,2.7375465496654234,management/ self-employed/ highly qualified employee/ officer,-5.560000072888953,none,yes
7.137426418422523,< 0 DM,2.7064704915713493,delay in paying off in the past,domestic appliances,602.1533615119031,... < 100 DM,4 <= ... < 7 years,0.30976462359233203,female : divorced/separated/married,none,-2.089943618838406,real estate,19.146603701639165,none,rent,-1.5988597537679992,skilled employee / official,8.282094569288173,none,yes
9.186933377437601,0 <= ... < 200 DM,31.391394678580298,critical account/ other credits existing (not at this bank),radio/television,2962.981697426851,unknown/ no savings account,4 <= ... < 7 years,2.406634547115979,male : divorced/separated,guarantor,10.002101999551002,real estate,62.8267182429351,none,own,8.9156756993106,skilled employee / official,2.369942364364997,"yes, registered under the customers name ",yes
-1.6796961252007385,< 0 DM,19.496539081436616,critical account/ other credits existing (not at this bank),radio/television,2611.3769977157303,100 <= ... < 500 DM,.. >= 7 years,3.152068137513548,male : single,none,5.017940351405514,"if not A121/A122 : car or other, not in attribute 6",38.866532893511106,stores,rent,1.4824567578513688,skilled employee / official,-0.1325262298989478,none,yes
10.525301070322351,0 <= ... < 200 DM,33.06339618618111,critical account/ other credits existing (not at this bank),business,5178.160629652868,... < 100 DM,.. >= 7 years,-2.9136908514931337,male : single,none,2.9373383608626384,unknown / no property,26.088232002692134,none,own,9.870911117518844,skilled employee / official,1.0556165144058052,"yes, registered under the customers name ",yes
0.1778823849231243,no checking account,21.054927567637627,existing credits paid back duly till now,domestic appliances,2998.480321165286,100 <= ... < 500 DM,4 <= ... < 7 years,2.5603629529005127,male : single,none,-3.0138927813955725,"if not A121/A122 : car or other, not in attribute 6",26.602044232412364,none,for free,-1.9519432684111182,skilled employee / official,-10.930207361820347,none,yes
9.768455133505405,< 0 DM,22.394770138504462,critical account/ other credits existing (not at this bank),repairs,1945.901979824293,unknown/ no savings account,... < 1 year ,5.480165385213087,male : single,none,-3.6804247952236206,real estate,22.94354576519585,none,own,4.714136699777768,skilled employee / official,0.04718842771499365,none,yes
-0.46649324826745886,no checking account,16.513134149527318,existing credits paid back duly till now,radio/television,1562.6590669716045,100 <= ... < 500 DM,... < 1 year ,13.25231616921877,male : single,none,-1.6957803776714035,if not A121 : building society savings agreement/ life insurance,52.39866257761256,none,own,0.7016575971973571,skilled employee / official,-2.765233695966118,none,yes
0.6552891302307216,< 0 DM,11.448516251172805,critical account/ other credits existing (not at this bank),domestic appliances,3418.677066638707,... < 100 DM,1 <= ... < 4 years,4.429995325026077,male : single,none,3.783950865519925,if not A121 : building society savings agreement/ life insurance,54.1953754174311,none,own,1.3612879166661813,unskilled - resident,6.5903581680754115,"yes, registered under the customers name ",yes
1.8273723632141727,0 <= ... < 200 DM,10.811357461326411,critical account/ other credits existing (not at this bank),car (new),3970.7736860930077,... < 100 DM,1 <= ... < 4 years,-9.670885211051525,male : divorced/separated,none,7.340883898633342,real estate,38.66355471384678,none,rent,4.161576702337733,skilled employee / official,5.975153891920031,"yes, registered under the customers name ",yes
16.894268396837674,no checking account,18.163476126266353,existing credits paid back duly till now,car (used),6758.161389283737,... < 100 DM,.. >= 7 years,1.530072836076893,male : single,none,8.511837085676602,real estate,72.81082271573122,bank,rent,0.5041326040520524,skilled employee / official,3.883401170649553,"yes, registered under the customers name ",yes
4.256427874223945,no checking account,18.40847091396728,existing credits paid back duly till now,(vacation - does not exist?),1245.8958930715971,unknown/ no savings account,... < 1 year ,17.69752066554153,male : single,none,5.153061812416665,"if not A121/A122 : car or other, not in attribute 6",35.23052054971569,stores,own,-12.309826685786641,skilled employee / official,2.9772932439957076,none,yes
-3.536322649757318,0 <= ... < 200 DM,7.077249449910417,existing credits paid back duly till now,car (new),1367.9309963432645,... < 100 DM,1 <= ... < 4 years,7.331831174925199,male : single,none,0.3122156796602793,real estate,61.84853940761349,none,own,-14.314340615871538,management/ self-employed/ highly qualified employee/ officer,-6.48673374360134,none,yes
5.84498935137929,no checking account,15.306890949458541,delay in paying off in the past,domestic appliances,713.8799202514703,... < 100 DM,4 <= ... < 7 years,-0.05444471904294357,male : divorced/separated,none,4.12274916201994,if not A121 : building society savings agreement/ life insurance,56.81646402190502,none,rent,7.362110801420245,skilled employee / official,3.9532153999843707,none,yes
-0.8091626854217076,< 0 DM,16.792286396085768,delay in paying off in the past,radio/television,2234.224348552338,500 <= ... < 1000 DM ,1 <= ... < 4 years,6.955532572152784,male : married/widowed,none,0.39328734981377056,real estate,38.04555953127527,none,own,8.15129228939848,management/ self-employed/ highly qualified employee/ officer,4.146989727616919,none,yes
-2.4487509145060455,>= 200 DM / salary assignments for at least 1 year,25.156410113716824,existing credits paid back duly till now,car (new),4049.1545950941218,... < 100 DM,1 <= ... < 4 years,-0.7100671244487016,male : single,none,2.9940511825262486,"if not A121/A122 : car or other, not in attribute 6",48.36504642980828,none,for free,11.436704731279734,unskilled - resident,7.225963268843651,"yes, registered under the customers name ",yes
4.5430067994605565,< 0 DM,13.50331046124139,existing credits paid back duly till now,radio/television,1477.8423469688257,... < 100 DM,unemployed,-2.769037597734288,female : divorced/separated/married,none,14.185639484799065,if not A121 : building society savings agreement/ life insurance,38.242829189830175,none,own,1.9123587585891129,unskilled - resident,11.591049062150987,none,yes
1.155427938855764,0 <= ... < 200 DM,21.360571575482183,delay in paying off in the past,car (used),1443.2169945820026,... < 100 DM,4 <= ... < 7 years,2.258153183829639,female : divorced/separated/married,none,-4.810001185018063,"if not A121/A122 : car or other, not in attribute 6",24.726862014819485,none,own,-4.463174009989457,skilled employee / official,-6.462803367858044,none,yes
1.3928795725590304,< 0 DM,38.37564033674004,no credits taken/ all credits paid back duly,domestic appliances,10870.890541142286,... < 100 DM,.. >= 7 years,2.457632196194306,female : divorced/separated/married,guarantor,0.8266159203886958,"if not A121/A122 : car or other, not in attribute 6",40.792699234526765,none,own,-0.09791921325500752,skilled employee / official,0.05761587190893325,none,yes
0.06992610932646232,< 0 DM,20.54033151912695,existing credits paid back duly till now,car (new),1481.8768832471776,... < 100 DM,.. >= 7 years,-5.36077751216698,male : married/widowed,none,9.058744535980782,if not A121 : building society savings agreement/ life insurance,31.62572947984758,bank,rent,1.057122576806564,skilled employee / official,-2.7113331857882237,none,yes
1.6829156330271735,no checking account,9.156741232997737,delay in paying off in the past,car (used),893.694913244858,... < 100 DM,4 <= ... < 7 years,-1.7457964526931793,male : single,none,-4.3294574751676915,"if not A121/A122 : car or other, not in attribute 6",43.8981051036795,none,own,-4.035191121425546,unskilled - resident,1.862535941925371,none,yes
2.124829487180746,>= 200 DM / salary assignments for at least 1 year,20.218716988602473,existing credits paid back duly till now,car (new),3343.630825982155,... < 100 DM,... < 1 year ,4.0516778159117735,female : divorced/separated/married,none,-1.218737126331252,"if not A121/A122 : car or other, not in attribute 6",27.8932679046472,none,own,9.242873614869334,skilled employee / official,1.0670092910901934,none,yes
-8.684834663527077,< 0 DM,16.966884351270487,existing credits paid back duly till now,radio/television,3957.301974871967,... < 100 DM,1 <= ... < 4 years,0.9591341200552295,female : divorced/separated/married,none,-0.6451924878381976,real estate,34.68434316725282,none,own,12.197514398218685,unskilled - resident,-0.17041036540072807,none,yes
3.3328633430476677,no checking account,2.015189711244343,all credits at this bank paid back duly,furniture/equipment,3572.551048368514,unknown/ no savings account,.. >= 7 years,2.974056355730454,female : divorced/separated/married,none,0.8835513897300775,if not A121 : building society savings agreement/ life insurance,32.57618314372141,none,own,3.391403503650888,skilled employee / official,7.1380218070058685,none,yes
-4.910097099151503,< 0 DM,27.278090305856914,critical account/ other credits existing (not at this bank),car (new),5796.6568028484235,... < 100 DM,unemployed,-2.073341636542807,male : single,none,-5.979785798031086,real estate,32.995852343386034,none,own,1.9456812665090204,skilled employee / official,-4.507071055903918,"yes, registered under the customers name ",yes
-6.211495677797056,0 <= ... < 200 DM,12.57694688781881,critical account/ other credits existing (not at this bank),car (used),2172.1643416177862,100 <= ... < 500 DM,1 <= ... < 4 years,7.570568742766503,male : single,none,4.976430301690197,unknown / no property,34.02770282240144,none,own,-5.4748348923721615,skilled employee / official,-4.2056073369630305,"yes, registered under the customers name ",yes
0.7079437807065878,no checking account,31.06256534980503,critical account/ other credits existing (not at this bank),domestic appliances,2435.082994730517,unknown/ no savings account,... < 1 year ,-1.9187954853009748,male : single,co-applicant,7.33143641256572,unknown / no property,29.815030476706408,none,own,8.732169480780257,management/ self-employed/ highly qualified employee/ officer,-4.121126355490211,none,yes
0.4199050165722713,< 0 DM,32.120494199205126,existing credits paid back duly till now,education,4541.297656144984,... < 100 DM,1 <= ... < 4 years,12.21367150968815,female : divorced/separated/married,none,4.541876625089738,if not A121 : building society savings agreement/ life insurance,34.41317749727888,none,rent,2.3815340542452326,skilled employee / official,0.19836206287006553,none,yes
-2.467530822861404,< 0 DM,11.449427379592004,existing credits paid back duly till now,car (new),2204.5696320869374,unknown/ no savings account,1 <= ... < 4 years,-6.578791421891584,male : single,none,-2.3518683714554065,real estate,21.962354795222918,none,own,-0.4458219920530613,skilled employee / official,-5.142951079559231,"yes, registered under the customers name ",yes
4.155159288339872,no checking account,15.786164217180968,existing credits paid back duly till now,(vacation - does not exist?),2214.713087625093,... < 100 DM,4 <= ... < 7 years,-3.4627713519170626,female : divorced/separated/married,none,4.432553953936476,"if not A121/A122 : car or other, not in attribute 6",11.754668343204008,none,own,3.405870443372688,skilled employee / official,0.7571425560036472,none,yes
-6.710875831854535,0 <= ... < 200 DM,16.9548387198629,existing credits paid back duly till now,retraining,2391.5506935780672,... < 100 DM,1 <= ... < 4 years,6.086854015159146,female : divorced/separated/married,none,-3.4972011978454374,"if not A121/A122 : car or other, not in attribute 6",25.56264433972082,none,own,-1.9285576449459279,skilled employee / official,0.17254902684566553,"yes, registered under the customers name ",yes
-2.0347187438627947,0 <= ... < 200 DM,15.39261975700014,delay in paying off in the past,radio/television,3338.6465673948364,... < 100 DM,1 <= ... < 4 years,10.32116625748819,female : divorced/separated/married,none,2.3370166961424363,unknown / no property,48.623684828136255,none,own,1.7343758656090926,skilled employee / official,-2.9325755699954,"yes, registered under the customers name ",yes
-2.9243706746650036,0 <= ... < 200 DM,34.14610915268969,existing credits paid back duly till now,(vacation - does not exist?),7409.322948284716,... < 100 DM,1 <= ... < 4 years,4.575215180580853,male : single,none,12.76733963585439,"if not A121/A122 : car or other, not in attribute 6",39.303710050592315,none,own,-5.2123342542283,skilled employee / official,5.368831270280979,none,yes
-0.23293635169669685,no checking account,13.17784935319947,critical account/ other credits existing (not at this bank),radio/television,654.8612121009364,... < 100 DM,4 <= ... < 7 years,6.814289600911955,male : single,none,4.47847688798128,real estate,34.08904685802946,none,own,6.435435946262171,skilled employee / official,0.7024973585663157,none,yes
1.3943214232361938,< 0 DM,40.35967183259726,critical account/ other credits existing (not at this bank),education,7668.782262912707,500 <= ... < 1000 DM ,4 <= ... < 7 years,2.0876845083652924,male : divorced/separated,none,-1.937632879935867,real estate,40.88615072634056,stores,rent,1.477944794321634,skilled employee / official,6.313236820159019,"yes, registered under the customers name ",yes
-5.039464748117723,< 0 DM,3.1909672823720516,existing credits paid back duly till now,radio/television,1339.612442271541,... < 100 DM,1 <= ... < 4 years,-4.131992270575967,female : divorced/separated/married,none,4.901676703319569,if not A121 : building society savings agreement/ life insurance,58.239013767964536,none,own,7.794004303170059,skilled employee / official,1.0247507439778398,none,yes
3.621413387281141,< 0 DM,20.91903630004653,all credits at this bank paid back duly,car (new),1376.6319213543122,... < 100 DM,.. >= 7 years,1.5493082588031033,male : single,none,-5.758979630316548,"if not A121/A122 : car or other, not in attribute 6",26.887606127585258,none,own,0.9943191107919029,skilled employee / official,0.8790255588432265,none,yes
0.31501184167349866,< 0 DM,9.028172596377704,existing credits paid back duly till now,car (new),864.5247707502606,... < 100 DM,1 <= ... < 4 years,-2.0595485999063836,male : single,none,-4.995051962575059,"if not A121/A122 : car or other, not in attribute 6",24.112401480768682,none,own,0.3190014560801081,skilled employee / official,-1.813912023408554,"yes, registered under the customers name ",yes
-9.459731266559553,< 0 DM,6.677636269369138,existing credits paid back duly till now,domestic appliances,3590.5849011701193,unknown/ no savings account,unemployed,-4.393549838884358,female : divorced/separated/married,none,-3.2056156797439543,if not A121 : building society savings agreement/ life insurance,22.60304956039252,stores,rent,-5.061587141459787,skilled employee / official,1.9647672973225774,none,yes
-9.792957201985155,0 <= ... < 200 DM,1.8580234427924882,critical account/ other credits existing (not at this bank),car (new),1310.785861891948,unknown/ no savings account,... < 1 year ,6.008744596598732,male : single,none,1.7784527390215823,real estate,45.55281370146384,bank,for free,5.798784865090716,skilled employee / official,4.561156530660233,"yes, registered under the customers name ",yes
-0.06159646464655617,< 0 DM,21.649143945077647,delay in paying off in the past,radio/television,1933.3890201695629,... < 100 DM,.. >= 7 years,-2.615889910439808,male : divorced/separated,none,8.684844977946007,unknown / no property,33.489374355297606,none,rent,-3.3791997701154575,skilled employee / official,-1.05667116135149,none,yes
-1.1048365889317704,no checking account,45.04457271041385,existing credits paid back duly till now,radio/television,3592.3140310299327,100 <= ... < 500 DM,1 <= ... < 4 years,5.597770033616807,female : divorced/separated/married,guarantor,4.891990990084196,if not A121 : building society savings agreement/ life insurance,24.764761802956365,none,rent,-1.4321118659961432,unskilled - resident,3.5920598126733214,none,yes
0.4828994321268325,0 <= ... < 200 DM,16.126644717351528,critical account/ other credits existing (not at this bank),car (new),1417.8435708202446,... < 100 DM,1 <= ... < 4 years,-3.509113761105488,female : divorced/separated/married,none,4.614976641236641,unknown / no property,33.406152818812856,none,own,1.005235930412684,skilled employee / official,-3.063734805228706,none,yes
-0.1399122826510899,0 <= ... < 200 DM,21.86957755686742,no credits taken/ all credits paid back duly,car (new),6743.982042511036,unknown/ no savings account,4 <= ... < 7 years,3.481915100583773,female : divorced/separated/married,none,-2.4946228279527123,if not A121 : building society savings agreement/ life insurance,41.79111334397979,none,own,2.606120918446783,skilled employee / official,4.795252827611048,"yes, registered under the customers name ",yes
1.1277991975509036,< 0 DM,27.624273357781,existing credits paid back duly till now,business,7815.527900959512,... < 100 DM,1 <= ... < 4 years,0.5565871551851873,male : single,none,0.2934282228217566,"if not A121/A122 : car or other, not in attribute 6",43.66025683605339,bank,rent,-7.530484701088795,skilled employee / official,-1.8995291365596367,none,yes
4.7382480492414984,< 0 DM,31.11053174961778,existing credits paid back duly till now,radio/television,9281.468993729677,... < 100 DM,4 <= ... < 7 years,9.033077668253222,female : divorced/separated/married,none,5.360005534415942,if not A121 : building society savings agreement/ life insurance,46.18904432972509,none,own,-0.15402932744008258,management/ self-employed/ highly qualified employee/ officer,5.258399366145252,"yes, registered under the customers name ",yes
-5.555524504587791,0 <= ... < 200 DM,27.71595009630668,existing credits paid back duly till now,car (new),2184.7619186635634,... < 100 DM,1 <= ... < 4 years,5.618594477895325,male : single,none,0.8584000730579353,if not A121 : building society savings agreement/ life insurance,35.74512067347374,none,own,5.976151093218567,skilled employee / official,1.304882712168325,none,yes
-5.8598579645039734,no checking account,18.507237153250248,existing credits paid back duly till now,car (new),1103.7040639468069,unknown/ no savings account,1 <= ... < 4 years,10.178914464970706,male : single,none,2.6081677984945077,"if not A121/A122 : car or other, not in attribute 6",64.70072801152074,none,own,0.108309827380487,skilled employee / official,8.604768666955318,none,yes
-4.466619289436912,0 <= ... < 200 DM,13.960534745976648,critical account/ other credits existing (not at this bank),(vacation - does not exist?),4056.9904079999546,500 <= ... < 1000 DM ,1 <= ... < 4 years,-0.7782335821259627,male : single,none,5.206793462649747,unknown / no property,46.91259090336199,none,own,-0.12365877106660794,management/ self-employed/ highly qualified employee/ officer,-4.770338631271045,"yes, registered under the customers name ",yes
2.4445833358435345,no checking account,13.333680839883208,existing credits paid back duly till now,domestic appliances,796.5173345040834,100 <= ... < 500 DM,... < 1 year ,4.280716701220836,female : divorced/separated/married,guarantor,2.25613659399349,if not A121 : building society savings agreement/ life insurance,60.76782334247115,none,own,1.8120302542136328,unskilled - resident,-6.3808838665593415,none,yes
6.224736893232228,< 0 DM,18.68220135282641,critical account/ other credits existing (not at this bank),business,2827.557568509596,unknown/ no savings account,1 <= ... < 4 years,-0.9054357905813912,male : single,none,4.130297945510126,"if not A121/A122 : car or other, not in attribute 6",35.84073277599204,none,own,1.3701978372650048,skilled employee / official,-1.0810862298778345,"yes, registered under the customers name ",yes
-1.1566971911975523,no checking account,48.99817508955757,critical account/ other credits existing (not at this bank),domestic appliances,15672.708283486954,unknown/ no savings account,1 <= ... < 4 years,-0.06802621372209039,male : single,none,9.963642280097842,"if not A121/A122 : car or other, not in attribute 6",32.874455426786795,none,own,-4.152577511938023,unskilled - resident,-5.923054740171565,"yes, registered under the customers name ",yes
-12.508499220798273,no checking account,28.193985389055598,critical account/ other credits existing (not at this bank),car (used),6612.014028450415,... < 100 DM,1 <= ... < 4 years,2.689478886276855,male : single,guarantor,3.140706005065012,"if not A121/A122 : car or other, not in attribute 6",38.485972090165305,none,own,1.8182693816654774,unskilled - resident,-5.913674472141388,"yes, registered under the customers name ",yes
-8.519964313051878,< 0 DM,30.71429112238798,existing credits paid back duly till now,radio/television,7822.337787328302,... < 100 DM,1 <= ... < 4 years,-0.6292911034356963,female : divorced/separated/married,none,9.89668904859603,"if not A121/A122 : car or other, not in attribute 6",38.82600302942791,bank,own,6.970365850029481,skilled employee / official,5.10775380229938,none,yes
-4.165183613980058,no checking account,32.122563377133446,critical account/ other credits existing (not at this bank),radio/television,2437.9122080083503,.. >= 1000 DM ,.. >= 7 years,-2.0775142942284752,female : divorced/separated/married,none,6.7968503365367905,if not A121 : building society savings agreement/ life insurance,47.14355703064487,stores,own,-1.2558797363354524,unemployed/ unskilled - non-resident,1.9791060329367083,none,yes
-2.7886444374760737,>= 200 DM / salary assignments for at least 1 year,11.084100691424162,existing credits paid back duly till now,domestic appliances,1831.108084149549,500 <= ... < 1000 DM ,unemployed,-3.067586618263264,female : divorced/separated/married,none,-3.336209967433833,"if not A121/A122 : car or other, not in attribute 6",54.52970139354387,none,rent,0.12759055257091,skilled employee / official,-1.398404883521294,"yes, registered under the customers name ",yes
-2.041943136273632,no checking account,6.3153870929478275,delay in paying off in the past,car (new),2170.5299241295743,unknown/ no savings account,.. >= 7 years,-7.698740578536986,male : single,none,-1.5106851463176207,real estate,47.99144491670667,none,rent,-4.9081566196753865,management/ self-employed/ highly qualified employee/ officer,-0.9348129865271604,"yes, registered under the customers name ",yes
0.19290561490458533,0 <= ... < 200 DM,25.219884787250095,delay in paying off in the past,domestic appliances,5796.684131246816,unknown/ no savings account,4 <= ... < 7 years,-2.2817323175172888,male : single,none,-0.1679794153494818,"if not A121/A122 : car or other, not in attribute 6",39.93445672299541,none,own,6.706909752451725,management/ self-employed/ highly qualified employee/ officer,-1.9861883216316971,none,yes
-1.5587316541122356,no checking account,16.667932329624115,existing credits paid back duly till now,car (used),1165.688775903377,100 <= ... < 500 DM,unemployed,7.137469483359222,male : married/widowed,none,-1.2741745846639168,real estate,29.128372268289997,none,rent,1.5382089658106057,management/ self-employed/ highly qualified employee/ officer,9.25184583909522,none,yes
5.246698052717036,no checking account,33.092030328591974,delay in paying off in the past,domestic appliances,8940.948006361086,... < 100 DM,4 <= ... < 7 years,-4.992492660066414,male : married/widowed,guarantor,1.548551269465929,"if not A121/A122 : car or other, not in attribute 6",29.9165337297204,none,own,-3.250998168029316,skilled employee / official,-1.6775285382151832,"yes, registered under the customers name ",yes
-3.380086528406844,no checking account,13.244902938259727,existing credits paid back duly till now,education,2610.894206706186,500 <= ... < 1000 DM ,.. >= 7 years,-2.8406142312665255,female : divorced/separated/married,none,7.073220240409111,unknown / no property,30.880347517806953,none,for free,1.4613280007158869,skilled employee / official,-5.610669490416496,"yes, registered under the customers name ",yes
-4.3115897973777155,no checking account,14.265093781560857,existing credits paid back duly till now,car (new),1592.393088347659,... < 100 DM,.. >= 7 years,11.954492856164576,female : divorced/separated/married,none,8.275792083523614,"if not A121/A122 : car or other, not in attribute 6",43.36987247635523,none,own,-5.018001074477263,skilled employee / official,4.980253087431639,none,yes
2.394377692602308,no checking account,12.750148090676754,critical account/ other credits existing (not at this bank),car (new),2181.6859999021335,100 <= ... < 500 DM,1 <= ... < 4 years,-2.1824802492412703,male : married/widowed,none,5.540875443625412,"if not A121/A122 : car or other, not in attribute 6",35.16884561107226,bank,own,-4.167477657302032,unskilled - resident,-0.0787781167391044,"yes, registered under the customers name ",yes
-6.6782103496305965,< 0 DM,12.621320206773838,existing credits paid back duly till now,business,4157.04273874801,... < 100 DM,1 <= ... < 4 years,3.605230045824179,male : single,none,0.7716022197339512,unknown / no property,44.272659359344054,none,own,-6.300667649258903,skilled employee / official,11.193868444089427,"yes, registered under the customers name ",yes
2.948458526600011,0 <= ... < 200 DM,13.227137971797765,existing credits paid back duly till now,education,2622.1977559510283,... < 100 DM,1 <= ... < 4 years,5.211585732502473,female : divorced/separated/married,none,-6.4112062181493705,unknown / no property,43.25698927158546,none,own,-4.3338961877869995,unskilled - resident,-1.6310281939706766,"yes, registered under the customers name ",yes
0.5127659186313342,0 <= ... < 200 DM,25.356522694648078,critical account/ other credits existing (not at this bank),radio/television,3477.9674968649388,... < 100 DM,.. >= 7 years,5.312630648906401,male : single,none,4.35294787708669,if not A121 : building society savings agreement/ life insurance,42.36054468684394,none,own,8.786687919999032,unskilled - resident,5.22992089878396,"yes, registered under the customers name ",yes
-0.7372124495908371,< 0 DM,39.01468471877611,no credits taken/ all credits paid back duly,radio/television,10482.106111446095,unknown/ no savings account,unemployed,-5.611571153040298,female : divorced/separated/married,none,4.128850968474956,"if not A121/A122 : car or other, not in attribute 6",41.18932746678041,none,own,-1.66559165641298,skilled employee / official,6.410986652996526,none,yes
7.941380535746312,0 <= ... < 200 DM,14.34986969250755,delay in paying off in the past,domestic appliances,1383.3145150521693,... < 100 DM,1 <= ... < 4 years,2.8447016005025487,female : divorced/separated/married,none,2.9146437676947885,"if not A121/A122 : car or other, not in attribute 6",40.67712992622765,none,own,3.331125613257394,skilled employee / official,-1.6066791610100184,none,yes
-3.1110372264735897,no checking account,27.095525092324262,existing credits paid back duly till now,(vacation - does not exist?),1275.955504548956,unknown/ no savings account,1 <= ... < 4 years,-4.091136347591961,male : single,none,11.531201488516665,"if not A121/A122 : car or other, not in attribute 6",44.59049998119911,none,own,-3.1815070997796084,skilled employee / official,-2.714603839545179,"yes, registered under the customers name ",yes
10.301490852620391,>= 200 DM / salary assignments for at least 1 year,6.195440218066305,existing credits paid back duly till now,domestic appliances,1107.2059001017458,500 <= ... < 1000 DM ,1 <= ... < 4 years,14.231589294551616,female : divorced/separated/married,none,8.20298273096536,unknown / no property,18.80143110734599,none,own,4.797668728816096,skilled employee / official,5.706832654654523,"yes, registered under the customers name ",yes
-1.1271572461404964,< 0 DM,21.161850503635154,critical account/ other credits existing (not at this bank),furniture/equipment,3768.7129461139507,100 <= ... < 500 DM,4 <= ... < 7 years,-5.974376320078001,male : single,none,5.92530459124993,"if not A121/A122 : car or other, not in attribute 6",24.263060379556904,none,own,-4.130410004656579,unskilled - resident,3.8744595895696534,"yes, registered under the customers name ",yes
-6.385082224851141,0 <= ... < 200 DM,36.73661165243235,existing credits paid back duly till now,radio/television,3711.1001864543314,unknown/ no savings account,4 <= ... < 7 years,-3.2392010943491005,female : divorced/separated/married,none,-2.8103856503579987,unknown / no property,22.673111697967457,bank,own,1.1961396388087824,unemployed/ unskilled - non-resident,-6.053050503554633,none,yes
0.3495979049741265,no checking account,12.650817457506365,existing credits paid back duly till now,radio/television,3588.004414369274,unknown/ no savings account,4 <= ... < 7 years,-4.203004274207523,male : single,co-applicant,-0.5649737459837176,"if not A121/A122 : car or other, not in attribute 6",49.58315533236578,none,own,2.264256549344744,management/ self-employed/ highly qualified employee/ officer,-4.642178181523604,"yes, registered under the customers name ",yes
-5.3812260015938405,0 <= ... < 200 DM,11.17729167978709,critical account/ other credits existing (not at this bank),domestic appliances,3197.719385020561,... < 100 DM,.. >= 7 years,-6.483302383614402,male : single,guarantor,1.525776965357489,real estate,39.833395893591415,none,for free,12.639026682132958,skilled employee / official,-11.682150024740027,none,yes
-3.7587792390675014,0 <= ... < 200 DM,32.097832726777746,critical account/ other credits existing (not at this bank),education,4451.575051378692,... < 100 DM,4 <= ... < 7 years,10.762969548782728,male : single,none,0.12296437994823206,if not A121 : building society savings agreement/ life insurance,42.12248922978378,none,own,5.152126439900825,unskilled - resident,3.9769342698940116,none,yes
2.9851665000774554,no checking account,26.54910353888059,existing credits paid back duly till now,car (new),4745.439619857647,... < 100 DM,... < 1 year ,14.11223950541748,male : single,co-applicant,6.50232262492559,if not A121 : building society savings agreement/ life insurance,26.016822623478554,none,rent,-1.9645200716463673,skilled employee / official,-0.30913596567872736,"yes, registered under the customers name ",yes
2.777910443250624,< 0 DM,32.75929385765646,existing credits paid back duly till now,radio/television,2990.9944013900104,unknown/ no savings account,.. >= 7 years,-0.3787455965630868,male : single,none,5.784544246078523,if not A121 : building society savings agreement/ life insurance,27.87177141639618,none,own,4.42524481825257,skilled employee / official,0.18924789512358997,none,yes
-3.110838501271291,0 <= ... < 200 DM,-3.585799403485332,existing credits paid back duly till now,domestic appliances,2130.8248225105067,unknown/ no savings account,... < 1 year ,-5.602115734222051,female : divorced/separated/married,none,-3.4415389652734625,unknown / no property,27.23224838914981,none,own,11.69087235242604,management/ self-employed/ highly qualified employee/ officer,-7.457220488509266,none,yes
5.937025725232004,< 0 DM,29.95152851755059,existing credits paid back duly till now,radio/television,3162.7868248607783,... < 100 DM,.. >= 7 years,-7.184627493630106,female : divorced/separated/married,none,7.984083545480622,"if not A121/A122 : car or other, not in attribute 6",33.640093398472615,none,own,-7.1481804524214745,skilled employee / official,-4.490511765446632,none,yes
6.787538790105669,< 0 DM,32.76183717323623,existing credits paid back duly till now,car (new),18433.7229889613,... < 100 DM,1 <= ... < 4 years,-0.2205435926105075,male : single,none,2.5115516690443016,unknown / no property,33.56982576249607,none,own,-3.2124102128436336,unskilled - resident,-1.3897945628378308,none,yes
7.181508782816454,no checking account,6.919754872219373,existing credits paid back duly till now,business,2855.879601442727,... < 100 DM,.. >= 7 years,-0.5818271158072192,male : single,co-applicant,-6.645355733711256,real estate,32.29132193625744,none,rent,-0.18448779556646877,unskilled - resident,-1.3616280007391048,none,yes
3.647067035628611,0 <= ... < 200 DM,11.126740171288775,existing credits paid back duly till now,car (new),14905.154771443782,... < 100 DM,1 <= ... < 4 years,-2.2564806318007227,female : divorced/separated/married,none,3.7432857082751525,"if not A121/A122 : car or other, not in attribute 6",68.68876846138565,none,own,-1.0854411357097553,skilled employee / official,1.5891803775881561,"yes, registered under the customers name ",yes
7.817143560428494,< 0 DM,22.413566373737797,existing credits paid back duly till now,car (used),2353.901199073093,100 <= ... < 500 DM,.. >= 7 years,2.106876269881142,female : divorced/separated/married,none,2.406032279614524,"if not A121/A122 : car or other, not in attribute 6",35.25961141696824,none,own,-0.6637834916493734,skilled employee / official,3.9173406331590694,"yes, registered under the customers name ",yes
-8.403992139870288,0 <= ... < 200 DM,16.66907008765229,delay in paying off in the past,car (new),3349.560761979884,... < 100 DM,.. >= 7 years,5.975865714077432,male : single,none,6.863961807178702,"if not A121/A122 : car or other, not in attribute 6",37.52923782577218,none,own,-5.521161327966215,skilled employee / official,12.348062846425986,none,yes
-1.5895327431423127,no checking account,12.531314691416647,existing credits paid back duly till now,domestic appliances,1813.3900273013164,500 <= ... < 1000 DM ,unemployed,5.615416289689503,female : divorced/separated/married,none,0.31261798436691857,real estate,26.787516039609834,none,own,9.019780267750061,skilled employee / official,0.8999148498453728,"yes, registered under the customers name ",yes
-4.335026281617131,0 <= ... < 200 DM,53.1345287316031,existing credits paid back duly till now,car (used),12750.121446997086,unknown/ no savings account,.. >= 7 years,2.419375640157564,male : single,none,5.139691337236036,if not A121 : building society savings agreement/ life insurance,45.53681006835777,none,own,-6.113042992383097,unskilled - resident,6.577013315484728,"yes, registered under the customers name ",yes
1.5961293056369605,no checking account,-0.6075226527431905,existing credits paid back duly till now,radio/television,1359.6352378563013,... < 100 DM,4 <= ... < 7 years,-2.508109147871309,female : divorced/separated/married,none,4.935709933851078,"if not A121/A122 : car or other, not in attribute 6",35.552733844231916,bank,own,-0.001064048112495275,skilled employee / official,-3.149863884898873,"yes, registered under the customers name ",yes
-2.8572460959836867,no checking account,17.644955504810085,existing credits paid back duly till now,domestic appliances,1998.7777211755865,... < 100 DM,1 <= ... < 4 years,6.32916548903358,male : single,none,-2.575273045187897,if not A121 : building society savings agreement/ life insurance,23.97816525732978,none,own,6.229152958803489,management/ self-employed/ highly qualified employee/ officer,-6.37473157487678,none,yes
0.16921079025133812,no checking account,23.724489504788554,existing credits paid back duly till now,business,6868.618766513182,... < 100 DM,... < 1 year ,2.062568797107652,female : divorced/separated/married,none,-6.075833867412569,unknown / no property,48.70264397811971,none,own,0.8490757142707369,skilled employee / official,-0.7615082335506234,"yes, registered under the customers name ",yes
10.410874401020248,0 <= ... < 200 DM,6.038023347787832,critical account/ other credits existing (not at this bank),business,701.4927764007131,... < 100 DM,.. >= 7 years,8.441787624173251,male : single,none,7.6127993507467435,"if not A121/A122 : car or other, not in attribute 6",41.21423586095925,none,for free,-2.896970834513845,skilled employee / official,-6.988608589371208,"yes, registered under the customers name ",yes
-0.8485989821018914,no checking account,15.084424638486544,critical account/ other credits existing (not at this bank),domestic appliances,1053.0035956083482,... < 100 DM,.. >= 7 years,7.9503777473611565,male : single,none,9.979920891908845,"if not A121/A122 : car or other, not in attribute 6",20.483557924807226,none,for free,-5.743378281869789,skilled employee / official,1.073365835845516,none,yes
3.0689615859510697,0 <= ... < 200 DM,42.913878294491795,critical account/ other credits existing (not at this bank),domestic appliances,10298.384098646655,... < 100 DM,.. >= 7 years,-3.108810345235578,female : divorced/separated/married,none,5.614546152023615,real estate,43.47890255518629,bank,rent,1.8500040198610894,skilled employee / official,-1.902270622543326,none,yes
-1.161346649621176,no checking account,34.33112600429264,all credits at this bank paid back duly,(vacation - does not exist?),1860.247892909723,500 <= ... < 1000 DM ,1 <= ... < 4 years,-3.171111037288016,male : single,none,11.478533605900143,if not A121 : building society savings agreement/ life insurance,60.956264710241356,none,own,-2.785147829252332,skilled employee / official,-8.771356933772928,none,yes
0.3785664397841684,>= 200 DM / salary assignments for at least 1 year,15.662139048814192,existing credits paid back duly till now,car (new),1342.4418028302514,... < 100 DM,... < 1 year ,0.22229640629735803,female : divorced/separated/married,none,7.2830492452080335,"if not A121/A122 : car or other, not in attribute 6",43.86015568390234,none,own,3.02615545851489,management/ self-employed/ highly qualified employee/ officer,10.680125729300887,none,yes
0.030083402180357297,< 0 DM,15.404194330619767,no credits taken/ all credits paid back duly,domestic appliances,1743.2694175852864,unknown/ no savings account,... < 1 year ,-1.2813270414533395,female : divorced/separated/married,none,4.4181436473986055,"if not A121/A122 : car or other, not in attribute 6",26.644677734789497,none,for free,-6.007255738620898,unemployed/ unskilled - non-resident,-1.6878085655269008,none,yes
3.2416203298657975,< 0 DM,6.982039407403329,critical account/ other credits existing (not at this bank),car (new),1674.3483787834725,... < 100 DM,4 <= ... < 7 years,7.776258879880503,male : single,none,-2.5565574436683596,real estate,18.53956921685815,none,for free,5.065178684438109,skilled employee / official,-7.188096514720989,"yes, registered under the customers name ",yes
5.826537677735884,0 <= ... < 200 DM,4.684071688278615,existing credits paid back duly till now,car (new),1229.890924264086,unknown/ no savings account,... < 1 year ,4.756548379939589,male : single,none,9.657143755161718,"if not A121/A122 : car or other, not in attribute 6",28.779386141236905,none,rent,2.5777476158223234,management/ self-employed/ highly qualified employee/ officer,5.490858952536448,none,yes
8.236969988016646,no checking account,18.46754984229685,existing credits paid back duly till now,radio/television,527.2819279301544,... < 100 DM,1 <= ... < 4 years,9.495919968926554,female : divorced/separated/married,none,6.681507161041365,real estate,41.89952725812102,none,own,2.949181971762385,skilled employee / official,-1.643071812696426,none,yes
1.5481004095458342,no checking account,5.249504409367895,existing credits paid back duly till now,radio/television,1494.223902902915,... < 100 DM,unemployed,5.982434087054592,male : single,none,-0.9291938730581082,"if not A121/A122 : car or other, not in attribute 6",15.078918305640737,none,own,8.205383891200086,unskilled - resident,6.45083016845331,"yes, registered under the customers name ",yes
3.9477344301780106,no checking account,38.02114552342507,existing credits paid back duly till now,car (new),1905.3023343885527,unknown/ no savings account,... < 1 year ,5.043247909366845,male : married/widowed,none,-0.34135002652649016,if not A121 : building society savings agreement/ life insurance,24.193448976387018,none,own,-0.18897749185932966,management/ self-employed/ highly qualified employee/ officer,-2.666971673390247,"yes, registered under the customers name ",yes
-4.754322545927835,0 <= ... < 200 DM,8.833526302415311,critical account/ other credits existing (not at this bank),car (new),736.1651905093497,... < 100 DM,.. >= 7 years,8.998648901720852,male : single,none,3.2839189075692845,"if not A121/A122 : car or other, not in attribute 6",22.392169693611706,none,for free,-2.6290834736661197,unskilled - resident,-1.7044884513139862,none,yes
-0.4393837120781029,< 0 DM,0.1903279680995622,critical account/ other credits existing (not at this bank),business,2070.108134890411,... < 100 DM,4 <= ... < 7 years,6.348636698675243,male : single,none,-5.355295424192274,real estate,33.82054111841887,bank,own,-1.7388181417343658,skilled employee / official,2.7241585473852323,none,yes
5.701447324417945,0 <= ... < 200 DM,56.61362907995361,critical account/ other credits existing (not at this bank),car (used),6285.993725303401,100 <= ... < 500 DM,... < 1 year ,4.340504817188594,female : divorced/separated/married,none,7.498366376764313,real estate,43.226774742862084,none,for free,0.037367152383710245,skilled employee / official,3.966096903520551,none,yes
4.329843192085766,< 0 DM,19.991905796157745,critical account/ other credits existing (not at this bank),radio/television,6838.246376908674,... < 100 DM,1 <= ... < 4 years,9.402265169653427,male : single,none,-0.7678540734701338,if not A121 : building society savings agreement/ life insurance,49.05530600036972,none,own,1.5451755260433568,skilled employee / official,5.842418686702993,none,yes
1.058048663975251,no checking account,5.62690798992247,critical account/ other credits existing (not at this bank),business,3535.2133014671813,100 <= ... < 500 DM,1 <= ... < 4 years,2.5759044157639504,male : single,co-applicant,4.853040544121434,"if not A121/A122 : car or other, not in attribute 6",35.80172505098768,none,rent,-3.1534886830088658,skilled employee / official,1.5512943063533549,"yes, registered under the customers name ",yes
4.431969797839762,0 <= ... < 200 DM,10.474134298651878,existing credits paid back duly till now,business,1552.3257997274416,... < 100 DM,... < 1 year ,1.4782969754103918,male : divorced/separated,none,-0.6081016867907976,"if not A121/A122 : car or other, not in attribute 6",23.582166569741986,bank,for free,-9.115426265165295,unskilled - resident,4.643083607772917,none,yes
2.4538335449690942,0 <= ... < 200 DM,17.860422246540782,critical account/ other credits existing (not at this bank),domestic appliances,929.122243609599,100 <= ... < 500 DM,.. >= 7 years,-0.18911629388824824,female : divorced/separated/married,none,0.6779064363764817,unknown / no property,34.316077201282475,none,own,-1.8046450043951907,skilled employee / official,4.728143034617102,none,yes
6.001531291296608,no checking account,-6.901831043690944,critical account/ other credits existing (not at this bank),car (new),1453.5329845446802,... < 100 DM,4 <= ... < 7 years,5.515127295227057,female : divorced/separated/married,none,-2.7845493638253243,if not A121 : building society savings agreement/ life insurance,28.106651791669748,none,own,4.799128331434449,skilled employee / official,3.0028456928342484,none,yes
1.4467957847855555,no checking account,13.101617645759134,critical account/ other credits existing (not at this bank),car (new),1844.3394939359343,... < 100 DM,1 <= ... < 4 years,10.185252709212344,female : divorced/separated/married,none,0.19385284409599235,if not A121 : building society savings agreement/ life insurance,52.12314678799902,stores,own,1.6812915312674612,skilled employee / official,0.2867094336785192,"yes, registered under the customers name ",yes
-1.7784915778551733,0 <= ... < 200 DM,38.98571901791058,critical account/ other credits existing (not at this bank),radio/television,8359.135813991938,100 <= ... < 500 DM,4 <= ... < 7 years,0.7470629928328496,male : single,none,10.44689773008677,"if not A121/A122 : car or other, not in attribute 6",20.88341428238605,none,rent,7.997772349129135,management/ self-employed/ highly qualified employee/ officer,-6.22647474115565,none,yes
2.679206284665118,>= 200 DM / salary assignments for at least 1 year,20.2391956596624,existing credits paid back duly till now,domestic appliances,3357.000236406598,500 <= ... < 1000 DM ,1 <= ... < 4 years,10.539578118899193,male : single,none,10.925298135243203,real estate,34.21672445962489,none,rent,10.777432719818943,skilled employee / official,4.995870783899944,none,yes
-14.652971879263879,0 <= ... < 200 DM,7.4544855569832205,existing credits paid back duly till now,car (new),2861.112337121186,... < 100 DM,4 <= ... < 7 years,-5.85007515985788,female : divorced/separated/married,none,5.7723947749772835,if not A121 : building society savings agreement/ life insurance,33.557076876215184,none,own,4.7966688572923415,unskilled - resident,1.2108684957057543,none,yes
2.9144286819252474,< 0 DM,13.64391963987093,critical account/ other credits existing (not at this bank),car (new),1536.6301451651957,... < 100 DM,4 <= ... < 7 years,3.722733125960426,male : single,none,0.8735286721752382,real estate,48.24451857585791,bank,own,7.912603212041129,skilled employee / official,-0.06807926175353751,"yes, registered under the customers name ",yes
-17.242064126073917,0 <= ... < 200 DM,34.00481550795077,all credits at this bank paid back duly,business,3626.846350545351,100 <= ... < 500 DM,1 <= ... < 4 years,1.799525439477819,female : divorced/separated/married,none,8.221005953464426,real estate,47.04080456958248,none,own,5.8338714613156,unskilled - resident,7.3888318179583,none,yes
-8.61731703702709,0 <= ... < 200 DM,18.282057835847855,all credits at this bank paid back duly,radio/television,3584.151619994878,... < 100 DM,.. >= 7 years,-0.6349718620367351,female : divorced/separated/married,none,8.649851970537782,real estate,28.634111849394372,none,rent,11.549496279636918,management/ self-employed/ highly qualified employee/ officer,-5.139168164566579,none,yes
3.2588430047049206,no checking account,37.22685504497666,critical account/ other credits existing (not at this bank),domestic appliances,2148.77430946237,500 <= ... < 1000 DM ,4 <= ... < 7 years,13.919305189909366,female : divorced/separated/married,none,-3.1490919110376465,if not A121 : building society savings agreement/ life insurance,27.476885739303242,none,for free,11.254268171456339,skilled employee / official,9.220181576824432,none,yes
3.3876466863339765,< 0 DM,15.118008518288526,critical account/ other credits existing (not at this bank),business,4111.527156226692,.. >= 1000 DM ,1 <= ... < 4 years,2.6690368365561943,male : divorced/separated,none,3.6128056618389888,real estate,18.959186432031302,none,own,5.755825853894634,unskilled - resident,0.8886336068276718,"yes, registered under the customers name ",no
-4.8121439006996525,< 0 DM,32.73018433181539,existing credits paid back duly till now,car (new),10961.419524021136,500 <= ... < 1000 DM ,... < 1 year ,1.9613461419778337,male : single,none,-7.109791147840401,if not A121 : building society savings agreement/ life insurance,28.13384461108752,none,own,5.531900732122927,skilled employee / official,2.587590892514492,"yes, registered under the customers name ",yes
-3.560510209394694,no checking account,13.07651314970756,existing credits paid back duly till now,radio/television,1882.359152290071,... < 100 DM,.. >= 7 years,4.129810567167525,male : single,co-applicant,9.615510551304475,real estate,27.966139182240532,none,own,-0.026160859686837235,skilled employee / official,-0.9752205726513541,"yes, registered under the customers name ",yes
6.85270494307066,no checking account,18.877355435434968,existing credits paid back duly till now,business,1225.9094119424067,... < 100 DM,.. >= 7 years,-6.014068692629149,male : single,none,14.325121288504278,real estate,57.64891161230921,bank,rent,1.7933135951804509,skilled employee / official,-7.33536456261665,none,yes
-2.4201506578633807,< 0 DM,34.54031421758992,existing credits paid back duly till now,(vacation - does not exist?),3658.656116142963,... < 100 DM,4 <= ... < 7 years,0.2006603732754244,female : divorced/separated/married,none,4.4004131231154275,real estate,44.441568618358815,none,own,0.3108133432486895,skilled employee / official,0.30195050767110154,"yes, registered under the customers name ",yes
11.214601562014925,0 <= ... < 200 DM,2.986517070494849,existing credits paid back duly till now,radio/television,1154.5689978267014,.. >= 1000 DM ,1 <= ... < 4 years,6.916199847227021,female : divorced/separated/married,none,-6.625050624515083,"if not A121/A122 : car or other, not in attribute 6",40.902705547482505,bank,own,6.106258054475279,management/ self-employed/ highly qualified employee/ officer,2.673724534463963,"yes, registered under the customers name ",yes
0.9904007341182692,0 <= ... < 200 DM,26.568169320674123,existing credits paid back duly till now,domestic appliances,4006.9218335358782,500 <= ... < 1000 DM ,.. >= 7 years,-0.1447267746638734,male : married/widowed,none,5.044452582885155,unknown / no property,37.75821081014809,none,own,-2.6017401867967425,skilled employee / official,4.38112723201297,"yes, registered under the customers name ",yes
2.0401808844063343,< 0 DM,21.069741800122205,existing credits paid back duly till now,business,3078.7547174134334,... < 100 DM,1 <= ... < 4 years,-0.14437581400135713,male : single,none,-0.5204458307454018,if not A121 : building society savings agreement/ life insurance,36.2081863144937,none,own,0.04446895110045035,management/ self-employed/ highly qualified employee/ officer,0.009834007805492928,none,yes
8.084371992493038,no checking account,6.82160329690958,existing credits paid back duly till now,business,1733.6545519257008,... < 100 DM,... < 1 year ,8.547628182572002,male : married/widowed,none,-1.3167472083222997,if not A121 : building society savings agreement/ life insurance,27.953748466949087,none,own,-9.7758494258915,skilled employee / official,-9.96269920602209,none,yes
0.6551355809670978,< 0 DM,17.79754964072287,existing credits paid back duly till now,car (used),2352.8628332290814,unknown/ no savings account,4 <= ... < 7 years,7.7012720047591445,male : single,none,7.132881948955019,real estate,39.986546612984554,none,own,10.615449473862547,skilled employee / official,-6.708306722913127,"yes, registered under the customers name ",yes
-5.011719903454006,< 0 DM,13.645531864645314,existing credits paid back duly till now,repairs,3557.5221776140693,100 <= ... < 500 DM,... < 1 year ,5.584952360805709,female : divorced/separated/married,none,3.272770627563622,unknown / no property,36.97468411670349,none,rent,-0.10237291293159201,management/ self-employed/ highly qualified employee/ officer,11.260098118816469,none,yes
0.4513627415285494,< 0 DM,22.81934954111007,critical account/ other credits existing (not at this bank),domestic appliances,2393.318634417308,unknown/ no savings account,.. >= 7 years,0.7244133298066635,male : married/widowed,none,-0.4405438766930083,unknown / no property,34.66328673595424,none,own,4.277902186682884,skilled employee / official,-4.462679918860578,none,yes
-0.17805368095045465,< 0 DM,2.328061213043495,existing credits paid back duly till now,radio/television,454.1416337254147,unknown/ no savings account,.. >= 7 years,1.8026446744183824,male : single,none,-2.248028163008322,"if not A121/A122 : car or other, not in attribute 6",31.53817985221013,none,own,8.288933473557012,skilled employee / official,8.135247291196041,"yes, registered under the customers name ",yes
-6.823708261007827,0 <= ... < 200 DM,32.42546934248556,all credits at this bank paid back duly,domestic appliances,1707.0002533295783,... < 100 DM,4 <= ... < 7 years,-0.020749807874794968,male : divorced/separated,none,1.6291802761041638,if not A121 : building society savings agreement/ life insurance,32.10678064656671,none,own,2.501467187205899,skilled employee / official,-3.6704336870879777,none,yes
-0.27916035670411676,no checking account,28.191941874187126,all credits at this bank paid back duly,radio/television,2527.0495310863753,... < 100 DM,unemployed,-0.9738655951432245,male : single,none,-0.04732776256183735,real estate,19.009271476067823,none,own,9.221718510467156,skilled employee / official,0.08772045136066231,none,yes
-3.7109604699871834,0 <= ... < 200 DM,14.556930273734164,existing credits paid back duly till now,domestic appliances,3564.591927237348,... < 100 DM,1 <= ... < 4 years,-1.2220824415421614,female : divorced/separated/married,none,-3.5461856680150365,"if not A121/A122 : car or other, not in attribute 6",53.57505099531625,none,for free,-5.208689060756835,unskilled - resident,4.12604129799952,"yes, registered under the customers name ",yes
4.62178878593717,< 0 DM,39.84770833269021,no credits taken/ all credits paid back duly,car (new),7176.157000823892,... < 100 DM,1 <= ... < 4 years,-1.0902720339260377,male : single,none,2.3371840926082,if not A121 : building society savings agreement/ life insurance,29.605189698317872,none,rent,12.98688294798851,skilled employee / official,-3.1009722329043683,"yes, registered under the customers name ",yes
0.1730593709262781,< 0 DM,14.982720152599985,critical account/ other credits existing (not at this bank),car (used),3938.8376283804128,... < 100 DM,4 <= ... < 7 years,-4.173604953423725,male : single,none,3.6979631162759206,unknown / no property,47.6315159999322,none,rent,7.4355509924438286,skilled employee / official,9.961075678795272,none,yes
-1.4139787457378503,>= 200 DM / salary assignments for at least 1 year,13.820828780929093,critical account/ other credits existing (not at this bank),radio/television,1519.140267826996,... < 100 DM,... < 1 year ,-3.818525592715745,male : single,none,1.1094826659018333,if not A121 : building society savings agreement/ life insurance,24.187588566835576,stores,own,2.046012462433205,unemployed/ unskilled - non-resident,1.378641790342055,"yes, registered under the customers name ",yes
-0.5309096531128813,< 0 DM,22.466513560870315,existing credits paid back duly till now,(vacation - does not exist?),7392.733485655044,... < 100 DM,.. >= 7 years,2.0970133487695284,female : divorced/separated/married,none,-3.067542991240926,real estate,43.8814631054823,none,rent,8.125396663127226,skilled employee / official,4.30425423149835,none,yes
2.1156100920308307,no checking account,24.52345014944063,existing credits paid back duly till now,radio/television,1192.8462808386973,... < 100 DM,.. >= 7 years,2.172977904467185,male : single,none,8.945323106877698,real estate,28.000602064508463,none,own,-3.8431744299468598,skilled employee / official,-0.3380350400956289,none,yes
4.084070998448899,0 <= ... < 200 DM,68.48293341485426,existing credits paid back duly till now,domestic appliances,7294.07985333389,... < 100 DM,1 <= ... < 4 years,12.503963792141583,male : married/widowed,none,-9.694057184716668,"if not A121/A122 : car or other, not in attribute 6",35.7472148207268,none,own,-0.44307439384746905,skilled employee / official,4.293601435085454,none,yes
-4.998561143346906,< 0 DM,23.29821895989398,no credits taken/ all credits paid back duly,car (new),2831.5956196468314,... < 100 DM,4 <= ... < 7 years,0.6583081582264869,male : single,co-applicant,-0.23182577514217595,"if not A121/A122 : car or other, not in attribute 6",39.52296042839162,none,own,8.221251982011896,skilled employee / official,8.893963699249312,none,yes
-5.207938163106359,0 <= ... < 200 DM,27.849284465276774,all credits at this bank paid back duly,car (new),1259.5899934720703,unknown/ no savings account,1 <= ... < 4 years,4.480502948116353,male : single,none,-0.10099227276957912,"if not A121/A122 : car or other, not in attribute 6",57.01852675398737,none,rent,-8.335300904474824,unemployed/ unskilled - non-resident,0.34357031188392817,none,yes
5.5233960770126505,no checking account,-3.4658558061905254,delay in paying off in the past,(vacation - does not exist?),749.0787074554241,... < 100 DM,... < 1 year ,3.5635628963740085,female : divorced/separated/married,none,3.740894389357074,if not A121 : building society savings agreement/ life insurance,62.025013643509126,none,rent,3.8022888747940247,unskilled - resident,9.648563953746182,none,yes
-2.061684361023653,< 0 DM,19.08636579114312,existing credits paid back duly till now,radio/television,2426.3747779207006,... < 100 DM,.. >= 7 years,2.7308121943723345,male : married/widowed,none,4.808309039013677,real estate,39.17746417193157,none,own,4.660880799225769,skilled employee / official,-2.0579790418955892,none,yes
-6.0842104629843705,no checking account,31.875414138043652,existing credits paid back duly till now,domestic appliances,2534.9495056697147,... < 100 DM,.. >= 7 years,7.721667943748381,male : single,none,9.633824041305177,unknown / no property,44.23117423081919,none,rent,11.846129084110814,skilled employee / official,5.82048019675855,none,no
3.2190635469155233,< 0 DM,17.443342622336537,existing credits paid back duly till now,domestic appliances,1275.4983203480742,... < 100 DM,... < 1 year ,5.876145934253572,female : divorced/separated/married,co-applicant,-1.562024366760801,"if not A121/A122 : car or other, not in attribute 6",17.989520019786177,none,own,-6.914777098611182,skilled employee / official,3.4455716812152497,none,yes
3.3168490301634344,< 0 DM,30.853125392698963,critical account/ other credits existing (not at this bank),car (new),8385.551346150442,... < 100 DM,... < 1 year ,3.6370554759877,female : divorced/separated/married,none,4.932911686667409,real estate,45.2481234583676,none,own,9.048155285158167,unskilled - resident,-4.342910363411847,none,yes
-6.653576286283532,< 0 DM,45.19775265598462,existing credits paid back duly till now,business,4851.726160758482,... < 100 DM,... < 1 year ,1.7218014747610222,female : divorced/separated/married,guarantor,2.9790919394073057,real estate,40.49210137825162,none,for free,-1.7973537157445136,skilled employee / official,2.069048523186659,none,yes
1.1474085773180316,no checking account,21.15523600244277,existing credits paid back duly till now,car (new),2922.0218883459615,100 <= ... < 500 DM,... < 1 year ,-0.7876505427726752,male : married/widowed,none,-7.5576968759161165,if not A121 : building society savings agreement/ life insurance,26.967003697162518,none,own,-1.235047299559274,skilled employee / official,1.036829689251864,none,yes
4.677915462141868,0 <= ... < 200 DM,34.73968592298322,delay in paying off in the past,car (new),8230.296438207675,unknown/ no savings account,1 <= ... < 4 years,-4.838769493985296,male : single,none,11.502701277170548,unknown / no property,29.522058342780493,none,rent,-5.110021934798966,skilled employee / official,-2.265960881384226,none,yes
1.8719322585313152,< 0 DM,20.070116960343224,existing credits paid back duly till now,radio/television,2021.3931796417737,... < 100 DM,1 <= ... < 4 years,-2.0295888930884587,male : single,guarantor,-5.193875636200997,if not A121 : building society savings agreement/ life insurance,17.60621741049583,none,own,-3.439260187334626,unskilled - resident,2.7900121709706323,none,yes
3.1599074188069762,0 <= ... < 200 DM,13.55062192262565,existing credits paid back duly till now,radio/television,1430.7646370406608,... < 100 DM,4 <= ... < 7 years,0.8899623804915606,male : single,none,5.097486361548574,real estate,27.841556544829395,none,own,4.017611737269612,skilled employee / official,1.731447730542588,none,yes
-7.021345490453745,< 0 DM,42.9919058031322,existing credits paid back duly till now,car (new),6290.052673353946,... < 100 DM,4 <= ... < 7 years,-3.6198588121471706,male : single,none,2.9497997209887385,"if not A121/A122 : car or other, not in attribute 6",32.19323647815443,bank,for free,-3.561659573906778,management/ self-employed/ highly qualified employee/ officer,0.6370652634639166,"yes, registered under the customers name ",yes
1.655200774980978,< 0 DM,9.163914657346798,existing credits paid back duly till now,car (new),1416.9300191547993,unknown/ no savings account,.. >= 7 years,4.199619833438321,female : divorced/separated/married,none,5.378183911645386,unknown / no property,61.59279988554746,none,rent,4.701421668264578,management/ self-employed/ highly qualified employee/ officer,0.6571126547065758,none,no
-1.5130987973522327,< 0 DM,19.96859089657658,critical account/ other credits existing (not at this bank),car (new),6580.109913888381,100 <= ... < 500 DM,... < 1 year ,9.98313934493505,female : divorced/separated/married,none,-0.47288441080803745,"if not A121/A122 : car or other, not in attribute 6",29.90479978710566,none,own,-2.3148302348487673,skilled employee / official,0.5499487053819032,none,yes
-2.413950793623224,0 <= ... < 200 DM,17.198782812039127,existing credits paid back duly till now,radio/television,1749.918601805965,... < 100 DM,.. >= 7 years,-0.5403121616457502,male : married/widowed,co-applicant,6.136263255702511,unknown / no property,45.52087373093986,bank,own,-4.065169029243238,skilled employee / official,-0.8384981062316375,none,yes
4.352778047098632,no checking account,13.95362513044448,existing credits paid back duly till now,car (new),3568.2036455510147,... < 100 DM,1 <= ... < 4 years,3.417207178723186,male : single,none,-6.801837369715478,"if not A121/A122 : car or other, not in attribute 6",26.38062540055822,stores,own,-0.6390457317994724,skilled employee / official,2.6991704750749084,none,yes
7.39637255337115,< 0 DM,17.7266163098353,critical account/ other credits existing (not at this bank),radio/television,1577.1370066973234,... < 100 DM,1 <= ... < 4 years,-1.1705556976485507,male : single,none,3.6708560566303854,"if not A121/A122 : car or other, not in attribute 6",38.61123970585969,none,own,2.683535958781529,skilled employee / official,-1.2195710618189022,"yes, registered under the customers name ",yes
8.971850273001795,no checking account,19.158302221182588,existing credits paid back duly till now,education,1935.7047889134747,... < 100 DM,1 <= ... < 4 years,0.4753891453041894,female : divorced/separated/married,none,1.1806266172377073,unknown / no property,24.215087806740964,none,own,0.6132336903449032,management/ self-employed/ highly qualified employee/ officer,14.284047457349997,"yes, registered under the customers name ",yes
6.574039357529525,no checking account,40.82585246364333,existing credits paid back duly till now,business,3970.951113553259,... < 100 DM,unemployed,0.548352104111121,male : married/widowed,none,-0.3864897103351579,"if not A121/A122 : car or other, not in attribute 6",28.43028772626074,none,own,1.171050591663992,skilled employee / official,-6.046666227326579,none,yes
-0.5486709081509185,0 <= ... < 200 DM,12.439338185403638,existing credits paid back duly till now,domestic appliances,2387.5730189854294,... < 100 DM,... < 1 year ,7.009478243032207,female : divorced/separated/married,none,5.143738937267729,"if not A121/A122 : car or other, not in attribute 6",45.16907313963782,none,own,4.48103730918042,skilled employee / official,-1.923680386172295,none,yes
1.7636008151317153,no checking account,13.960054686828784,existing credits paid back duly till now,furniture/equipment,1732.1676908290117,... < 100 DM,1 <= ... < 4 years,-0.39394086921089144,male : single,none,9.387392713598416,unknown / no property,23.650712419464327,none,own,6.412107258084743,skilled employee / official,-1.5287105228847033,"yes, registered under the customers name ",yes
3.8341143589212185,< 0 DM,31.519187128187813,critical account/ other credits existing (not at this bank),radio/television,3850.9497357515547,100 <= ... < 500 DM,... < 1 year ,9.058302068533234,female : divorced/separated/married,none,2.28372119081567,real estate,41.11946353534029,bank,own,-0.5504765429471548,skilled employee / official,11.202467071622687,"yes, registered under the customers name ",yes
0.6058897464973099,0 <= ... < 200 DM,11.54229990290896,existing credits paid back duly till now,car (new),815.6551233577903,100 <= ... < 500 DM,4 <= ... < 7 years,2.771396131689005,male : married/widowed,none,7.903405449628887,"if not A121/A122 : car or other, not in attribute 6",46.06720480112679,none,own,-4.221110077880793,skilled employee / official,-5.600673249887496,"yes, registered under the customers name ",yes
1.653820939557722,< 0 DM,42.34589085935176,existing credits paid back duly till now,business,1849.0972378630895,... < 100 DM,... < 1 year ,0.7519814520258459,male : divorced/separated,none,4.248703327222993,"if not A121/A122 : car or other, not in attribute 6",24.01583238370519,none,own,1.380472394612581,skilled employee / official,3.129611489930549,none,no
4.1187656593809105,0 <= ... < 200 DM,56.07076307895956,critical account/ other credits existing (not at this bank),business,4574.329396333099,unknown/ no savings account,1 <= ... < 4 years,-3.2665263117258156,female : divorced/separated/married,none,-0.463661046190043,"if not A121/A122 : car or other, not in attribute 6",20.086191969535868,bank,own,3.3532479305203586,skilled employee / official,2.2419703252326997,none,yes
