PassengerId,Survived,Pclass,Name,Sex,Age,SibSp,Parch,Ticket,Fare,Cabin,Embarked
2.523585398772157,-2.7886444374760737,-9.181878316236611,"Elias, Mr. Joseph Jr",female,24.425991157388534,7.906395077794629,12.34598018346409,239853,1.3177601090372137,,C
-3.199920531202478,-1.0419431362736322,-3.9170798932951527,"Goodwin, Master. William Frederick",male,36.80191422282677,9.382973991228482,-3.1091799530220237,C.A. 2673,78.45339142369761,,S
6.752255979032286,1.1929056149045854,6.438805657999362,"Becker, Master. Richard F",male,27.827436725192523,3.5867422880433866,-1.3389728683759137,110413,10.446037592672289,E49,C
8.70282358195607,-0.5587316541122356,7.064418458615779,"Celotti, Mr. Francesco",male,42.828897656016274,-4.9517174408418505,-2.878792622191078,2690,52.95084459527726,,S
-4.755175943269181,5.246698052717036,8.545849057460657,"Hakkarainen, Mr. Pekka Pietari",male,37.543297715090496,2.4530345122794412,1.0605685056561205,2626,5.225983244487869,,S
-0.5108975343115905,-3.380086528406844,-4.960065011207277,"Kilgannon, Mr. Thomas J",male,,4.254304519295964,1.9084526723980684,3101296,9.9391479231437,,C
7.639202015836426,-4.3115897973777155,2.50776153406452,"Skoog, Master. Karl Thorsten",female,56.269978157234796,3.6285399165936107,-0.26687422214255385,347089,56.81968046658756,B30,S
6.418787038282089,2.394377692602308,8.077576082414648,"Allison, Master. Hudson Trevor",female,8.164318716545047,6.924771443439591,6.431629584365161,14313,16.940170782265294,,S
8.915994212478555,-6.6782103496305965,-5.291677827911226,"Morley, Mr. Henry Samuel (""Mr Henry Marshall"")",female,25.892019150009485,1.8163153962376541,-1.0848975187738876,350060,11.10915813861695,C125,S
5.7347803621321,2.948458526600011,1.9604774231338182,"Gee, Mr. Arthur H",male,18.978174030589162,0.6379383058472815,4.930870239453561,16966,34.41113249425586,,S
15.396989874314142,1.5127659186313342,4.369211991542281,"Quick, Mrs. Frederick Charles (Jane Richards)",male,0.5494222942402702,-2.041837479520092,3.6924892682054127,19947,7.0199943545793495,C52,S
15.888959677144742,0.2627875504091629,-0.5038229242336745,"Soholt, Mr. Peter Andreas Lauritz Andersen",female,50.57230420238863,-9.489677592507482,-0.060149599494732614,315084,26.262151187972982,,S
13.330153487806081,7.941380535746312,-6.2608092770060075,"Garfirth, Mr. John",female,20.7058450941632,1.6982088335667542,-1.5746832037857272,374746,5.903543147262308,,S
19.636206034840164,-3.1110372264735897,1.3715094496313567,"Davis, Miss. Mary",female,30.21761639626843,1.9302642182609429,17.133338793656847,239865,30.60585071122483,,S
17.337546711260227,10.301490852620391,1.36347284872488,"Chapman, Mr. John Henry",male,12.801144935532042,2.787879214124081,-4.085043253710397,STON/O2. 3101282,5.346057218140485,D33,S
11.70353768558381,-0.1271572461404964,1.259637977261229,"Hodges, Mr. Henry Price",female,61.434211313227514,-6.687718466464471,1.4896658848420732,237789,16.68812302603648,,S
18.843753920412496,-6.385082224851141,0.18264287287465208,"Ekstrom, Mr. Johan",male,-7.548814528731404,7.225083446575301,-2.7510953512106626,P/PP 3381,38.74313610211359,C126,Q
13.205586995855006,1.3495979049741265,-0.2150607662073365,"Stanley, Mr. Edward Roland",male,,10.272725473103886,8.92810374310653,C.A. 31921,11.380387630357244,,S
23.39225150653636,-5.3812260015938405,2.8014685882651107,"Boulos, Miss. Nourelain",female,25.839838774192113,1.3922506538895567,4.434131643996018,13507,19.458555045470533,,C
19.750370445068736,-2.7587792390675014,5.212273024848556,"Rosblom, Mrs. Viktor (Helena Wilhelmina)",male,,-0.3083265960327041,-3.3917493942057204,370377,17.198732092045564,,S
20.075688182273698,1.9851665000774557,0.47786618571666395,"Collyer, Mr. Harvey",male,33.17141607176895,1.5450117804285048,2.562974967156142,367230,23.249922108137223,,S
18.595352277980293,3.777910443250624,-0.04824464184000954,"Wick, Mrs. George Dennick (Mary Hitchcock)",male,40.995681908480435,10.161685123551688,1.288478606382777,113773,22.073376744644847,,S
29.11270669337015,-2.110838501271291,3.4617701912722905,"Cor, Mr. Liudevit",male,19.771741645458487,-5.118238808499455,-2.5831238098736935,347077,8.055815033135536,C148,S
23.22735258965599,5.937025725232004,-8.604579629475907,"Arnold-Franchi, Mrs. Josef (Josefine Franchi)",female,30.47636473034299,1.0160346669695248,3.790821086140866,W./C. 6608,44.40948112932463,,Q
22.858360889184464,5.787538790105669,5.38517563613229,"Quick, Miss. Phyllis May",male,8.728151571719424,-0.9982871114882208,2.946526955522051,347743,24.826005624731593,,S
24.239332247558853,8.181508782816454,2.997184514385206,"Reynaldo, Ms. Encarnacion",male,39.96614888492414,-1.735023604224975,6.078493569429761,113767,32.92304181291211,,S
29.661545927766745,2.647067035628611,3.1984676329878092,"Razi, Mr. Raihed",female,,-0.24795153940969672,-0.2095985562116438,345773,6.896846590567067,,S
29.82722032182039,6.817143560428494,5.80367153797232,"Caldwell, Mrs. Albert Francis (Sylvia Mae Harbaugh)",female,23.28605176778306,9.736616208067794,4.155272462998257,350406,259.8797928006039,,C
31.06366305797994,-8.403992139870288,-6.764077650241241,"Nenkoff, Mr. Christo",male,,9.004953003443685,1.1469383074622972,3101295,8.258157749821764,,S
32.15410501503941,-1.5895327431423127,-6.869169349294818,"Butler, Mr. Reginald Fenton",male,,2.2407107231335317,0.2954666651250867,PC 17569,12.382607295100122,,S
41.70823800435231,-4.335026281617131,2.369019226617598,"Perreault, Miss. Anne",male,45.930712510594155,-1.8829736151174266,-3.2050795799378173,F.C. 12750,27.655242845016648,,S
29.96792491807692,1.5961293056369605,0.9644157243574212,"Bourke, Mrs. John (Catherine)",male,,13.463694333192592,8.468831203812462,315097,144.9376859746907,,S
30.438786354642314,-1.8572460959836867,3.850884715959661,"Hakkarainen, Mrs. Pekka Pietari (Elin Matilda Dolck)",female,,-2.137772406647601,-5.252099716742736,36947,6.496087329111136,F G63,S
29.93113635876061,-0.8307892097486619,-0.310635375862228,"Andersson, Miss. Ebba Iris Alfrida",male,68.00154954154837,-2.8556795717986865,2.138181094398725,370365,15.462383067915265,,S
38.079897112877475,9.410874401020248,4.321768371199656,"Nosworthy, Mr. Richard Cater",male,13.692408149496636,-7.874715222893634,-1.6012037115071645,CA. 2314,88.29660727549928,,S
41.64486146360446,-0.8485989821018914,5.6631942149556,"Swift, Mrs. Frederick Joel (Margaret Welles Barron)",male,43.51129109242731,7.980457846223718,8.797736347246499,PC 17754,48.664247431158145,,S
36.430262711725625,3.0689615859510697,5.419911469757635,"Holverson, Mr. Alexander Oskar",female,,4.84122796185647,-4.517412686119203,347088,3.8862607127625513,,C
33.79921761518736,-1.161346649621176,1.6958577079770842,"Danbom, Mr. Ernst Gilbert",female,20.746859434715045,12.08902768058223,-3.6763163088016606,19943,9.946794598335563,A20,S
34.877593921543806,0.3785664397841684,-7.538446938072015,"Ali, Mr. Ahmed",female,21.532662564489137,-4.947616761090629,-4.849090316309127,24160,25.637660323786275,,S
43.252963939123504,1.0300834021803573,6.846181040185641,"Hickman, Mr. Leonard Mark",female,13.626155392176361,8.290854037395547,1.6173252547530514,370370,16.9716515415628,,C
44.71627085601721,2.2416203298657975,9.108643331087965,"Sadlier, Mr. Matthew",male,34.298965716744206,1.350677591830637,-6.865253297843209,2628,3.215738939100442,D19,S
44.71577134152597,5.826537677735884,5.2227920599199,"Skoog, Miss. Mabel",male,26.29298664587311,5.030501084000681,-2.392642473788831,PC 17582,19.67962015004069,B49,Q
39.67245146355653,8.236969988016646,-1.3982121368375324,"Harris, Mr. George",male,,-8.238885705522355,-10.761829114271425,36568,3.242782226552439,,C
45.1608066153336,2.5481004095458344,5.368971968338789,"Turcin, Mr. Stjepan",male,3.5746695579050636,8.340409113326487,3.2021067706404525,2666,40.24163739042371,,S
45.58342904570364,3.9477344301780106,7.302648539807227,"Newell, Mr. Arthur Webster",male,19.80959683642534,3.932583756659152,-2.501074293781313,111361,15.901249980176772,,C
47.09344298364506,-5.754322545927835,10.794081238995428,"O'Connell, Mr. Patrick D",male,,-0.19455017393108762,-7.4402837196592655,364506,0.9369967560849144,E24,S
51.35714388974095,-0.4393837120781029,-1.3805496211397879,"Madsen, Mr. Fridtjof Arne",female,,4.225563438305607,5.428047014870293,STON/O2. 3101279,7.40567353359905,A10,S
49.11797774387341,5.701447324417945,1.8677270772793078,"Corn, Mr. Harry",female,,-3.827476505211246,-6.538334491924696,7534,3.6072292328319877,,S
52.39456781535947,4.329843192085766,6.736360255717276,"Partner, Mr. Austen",male,,-0.8972004279084969,3.9847184501410764,347082,23.115753012879967,,S
50.33789534744446,1.058048663975251,3.2870503571907888,"Petranec, Miss. Matilda",male,9.326942515314023,-1.3172230681269812,-3.5052041199390223,336439,20.903774103203784,,C
52.44559699344992,4.431969797839762,-2.586638010256374,"Greenfield, Mr. William Bertram",male,7.898233403900267,-5.26363930845139,9.007856889477129,330959,41.87474217430766,D48,S
55.1564411291927,2.4538335449690942,5.073081425133515,"Moran, Miss. Bertha",female,18.07310749013478,4.308792471016836,3.747752694630731,PC 17558,13.678427016155082,,S
45.71422090072167,7.001531291296608,3.8933081690758335,"Andersson, Mrs. Anders Johan (Alfrida Konstantia Brogren)",male,47.146448077634474,6.957968070912831,-5.040239354370141,36866,67.91377202883037,,S
52.401643918213495,2.4467957847855555,2.43981448165501,"Asplund, Master. Clarence Gustaf Hugo",female,24.47596248392789,-2.506720748819208,-4.585412761051532,14311,31.941682691794686,,Q
52.648136728536024,-1.7784915778551733,2.097924635899721,"Madill, Miss. Georgette Alexandra",male,64.15224642149778,1.741015079724094,4.02762602612155,345767,60.41872339976854,,S
52.80561075878329,2.679206284665118,-0.29352950842865067,"Johanson, Mr. Jakob Alfred",female,,-1.3277023731461814,-1.311890653550834,347080,39.157471549024336,,S
55.62428874386658,-13.652971879263879,9.391394678580296,"Tikkanen, Mr. Juho",male,14.677848194113931,1.6413698104051524,-0.8467125351068278,345773,3.8828728661839778,,S
65.47470655617198,1.9144286819252474,-1.5034609185633832,"Fortune, Mr. Mark",male,22.651949987605864,-3.1378862060551462,6.361194308860489,SOTON/OQ 3101317,7.25398348504535,,Q
54.670844421533786,-17.242064126073917,-0.9366038138188943,"Endres, Miss. Caroline Louise",male,-1.5096728508175232,-3.4171257804381794,-1.7434443668497823,36963,28.93135385294507,,S
64.84139177295741,-8.61731703702709,3.054927567637628,"McGowan, Miss. Anna ""Annie""",male,19.637091433140505,10.260374430118713,2.4564688608772722,PC 17760,52.67875518749209,,Q
52.58565114192098,2.2588430047049206,7.394770138504463,"Hamalainen, Mrs. William (Anna)",male,19.688301472393565,-0.319352925622463,4.77313896826153,2659,-0.6970731130388268,,S
60.32557485007113,3.3876466863339765,-6.486865850472684,"Hold, Mr. Stephen",male,37.87180469826163,10.110544754267378,4.045587441928001,349213,80.15376274267452,,C
63.813765325525026,-5.8121439006996525,-5.551483748827196,"Appleton, Mrs. Edward Dale (Charlotte Lamson)",female,42.9860852944688,1.2315498239707,-0.7980633376033625,347080,78.04882354428928,,S
66.93111165679639,-3.560510209394694,-7.188642538673589,"Ahlin, Mrs. Johan (Johanna Persdotter Larsson)",female,-0.7221143920154578,-1.6303902017524612,0.555470595736709,C.A. 29178,30.427480221041375,,S
68.55613289896428,6.85270494307066,1.163476126266354,"Niskanen, Mr. Juha",female,,6.134704382179694,-8.694077312604659,STON/O2. 3101283,31.60688268228063,,S
69.96673617599963,-1.4201506578633807,-2.591529086032719,"Ostby, Mr. Engelhart Cornelius",female,,4.154000820730099,-4.281224963325979,35281,21.681651212540437,,S
65.25637463875782,12.214601562014925,0.07724944991041638,"Mamee, Mr. Hanna",male,35.96035460487128,3.6343643184821177,1.591796132873668,373450,7.8248527284581275,,Q
65.68824103667717,-0.009599265881730745,6.30689094945854,"Gilnagh, Miss. Katherine ""Katie""",male,14.735310911038638,5.953003394339593,-0.6894109447111809,350043,12.794432428443953,,Q
73.28987940628576,3.0401808844063343,-0.20771360391423288,"Seward, Mr. Frederic Kimber",male,20.23787051530843,0.7360185307710276,2.3746353928311317,2661,14.729507937385264,C93,Q
69.04347837559193,8.084371992493038,4.156410113716823,"Shellard, Mr. Frederick William",female,21.842386136668118,1.3637334550735623,5.196268048170303,358585,0.4462651507226649,,S
64.62156838331039,0.6551355809670978,0.5033104612413899,"Scanlan, Mr. James",male,23.118161805768896,-0.8572491574389661,-5.936615545311373,11774,13.561724600492253,,S
66.3335639299826,-5.011719903454006,6.360571575482184,"Ibrahim Shawah, Mr. Yousseff",female,21.09755458832315,-1.4537326845780916,0.8190984888367501,26707,51.69255626890053,,C
68.40273856999194,-0.5486372584714506,4.3756403367400445,"Coutts, Master. William Loch ""William""",male,26.800464233217753,-1.3179507507912174,0.9435548170560886,SC/PARIS 2149,72.20636806806282,C45,S
76.48580372026882,-0.17805368095045465,-0.45966848087305,"Farthing, Mr. John",male,31.230261255239498,7.681897289384121,-3.52079968787258,2653,8.400332112374457,,Q
75.71212868035282,-5.823708261007827,2.156741232997737,"Beesley, Mr. Lawrence",male,29.650673753902137,1.1866905189692352,7.157385569637085,STON/O 2. 3101286,61.21057878054832,F33,S
79.45242677033885,-1.2791603567041168,8.218716988602472,"Yrois, Miss. Henriette (""Mrs Harbeck"")",male,24.16612132999007,-6.730306639224938,4.542934008065737,248723,1.652455862211216,,S
74.86373676831732,-3.7109604699871834,4.966884351270485,"Brown, Mrs. James Joseph (Margaret Tobin)",male,,-7.779197058324675,1.4506666354437776,4137,7.004042827445488,C32,S
78.79269845538357,4.62178878593717,-3.984810288755657,"Nakid, Mr. Sahid",male,,8.323880293741357,8.971158896642933,3101264,7.849379710983356,,C
82.12795196983669,1.173059370926278,5.278090305856914,"Kelly, Miss. Anna Katherine ""Annie Kate""",female,-1.1381873564852216,-0.45159505127565,-5.494476398050711,7534,32.57769025851999,C22 C26,S
78.45326730139881,-0.4139787457378503,-2.423053112181191,"Jensen, Mr. Niels Peder",male,21.904640899409177,-3.2370510285080867,-0.03863140552840886,110152,9.341842202437338,,S
83.28387618778706,-0.5309096531128813,10.06256534980503,"Paulner, Mr. Uscher",male,22.569375970710063,-1.3699588244850156,1.8316848446703051,349237,5.577081555860724,C92,C
78.69037029466675,2.1156100920308307,8.120494199205124,"Burns, Miss. Elizabeth Margaret",female,34.39504819618057,-7.38653877158666,-4.57277523396961,PC 17601,9.994577393815554,,C
81.18473076717464,4.084070998448899,4.449427379592004,"Silvey, Mr. William Baird",female,,7.115475747558099,1.5035727090886417,347077,12.819452388098746,,S
82.09131053000836,-4.998561143346906,1.7861642171809669,"Matthews, Mr. William John",male,31.193796908379884,-1.965264687930148,-5.53291246893939,PC 17757,58.53725000326574,,S
79.0208017720548,-4.207938163106359,0.9548387198629,"Nye, Mrs. (Elizabeth Ramell)",male,18.657708475668464,6.83700763869211,3.452786591371266,3101278,2.962594001106128,C2,S
88.43486240392791,6.5233960770126505,6.392619757000141,"Molson, Mr. Harry Markland",male,36.750741316161665,3.258258572236576,5.289173840644533,111428,17.42671008893289,,S
84.65298829898639,-2.061684361023653,1.1461091526896916,"Carlsson, Mr. Frans Olof",male,20.359877498595036,8.1476598728422,4.361667005641642,36973,28.942324868828543,C65,Q
88.06247059363844,-7.0842104629843705,4.17784935319947,"Coleff, Mr. Satio",male,,1.283472495215427,-9.263989075324728,SC/AH Basle 541,13.144056216033714,D,S
91.40373329452954,3.2190635469155233,5.359671832597256,"Burke, Mr. Jeremiah",male,14.91520299917527,7.26616331434538,-2.833967605830173,382652,258.30727726345384,D35,Q
92.23265588014972,2.3168490301634344,0.19096728237205163,"Potter, Mrs. Thomas Jr (Lily Alexenia Wilson)",male,21.3324023715856,3.595465230441684,2.823550016065804,29106,4.676758909088382,,C
94.32692554486393,-7.653576286283532,-0.08096369995347263,"McGough, Mr. James Robert",male,33.445636587635036,3.1164553312598535,0.10599321756182901,PC 17485,5.103645704680019,,S
91.50757257745288,1.1474085773180316,-2.971827403622295,"Coleff, Mr. Peju",male,17.289980482370144,1.739672385913553,-13.47001308846244,315093,7.47320530640098,,S
90.88350843977923,3.677915462141868,-4.322363730630862,"Laroche, Mr. Joseph Philippe Lemercier",male,42.52978338071179,-0.16425358057792439,6.214151919341202,3101295,62.79098798429354,,C
93.60140894546801,1.8719322585313152,-6.141976557207512,"Karlsson, Mr. Nils August",female,16.89324829037681,10.577173457864301,2.6832825312691617,12233,22.993506968042567,,S
86.56332783020986,3.1599074188069762,6.649143945077649,"Ridsdale, Miss. Lucy",male,67.76323777275469,-4.534684925479503,-4.095373320000225,A/S 2816,7.221162269086084,,S
88.76443763788457,-7.021345490453745,12.044572710413854,"Harrison, Mr. William",female,,0.02153821171579846,4.9747779878333205,113760,1.4005448877970945,,Q
90.386501938228,1.655200774980978,8.126644717351528,"Icard, Miss. Amelie",male,74.84947990637382,0.07442937603797725,-3.387700064534495,347076,38.29313075155095,A34,S
93.0137658619926,-0.5130987973522327,-7.130422443132582,"Spedden, Mrs. Frederic Oakley (Margaretta Corning Stone)",female,27.83862693389737,2.012203766717607,-2.4422605880210733,12460,63.09350668168486,C118,C
100.99887113361719,-1.4139507936232238,5.624273357781,"Bateman, Rev. Robert James",male,36.88354180771701,-2.147363229472506,2.791763255070181,383121,28.808673950073494,,S
95.4726047231997,4.352778047098632,9.110531749617781,"Harper, Miss. Annie Jessie ""Nina""",male,32.778355724102354,2.573731527947939,8.905192296211474,349222,22.461306102600318,B42,S
99.10918722980306,7.39637255337115,0.7159500963066798,"Laroche, Miss. Simonne Marie Anne Andree",female,27.18117947938899,-0.8442129260148307,8.117935889864432,2678,-0.11557363675497268,C54,Q
108.49614148893033,8.971850273001795,3.507237153250247,"Goldsmith, Mrs. Frank John (Emily Alice Brown)",male,,-7.909762587189496,1.7985574945205332,SOTON/O.Q. 3101305,7.725669986584624,,S
101.21868014469287,6.574039357529525,-9.039465254023352,"Shorney, Mr. Charles Joseph",male,34.173703772075,0.04776143128423228,3.3119282942515986,3460,83.76726344142132,,S
107.68757784233543,-0.5486709081509185,4.333680839883208,"Marechal, Mr. Pierre",male,35.77956015649721,-5.502826665150758,3.9574946604241252,113789,9.458910683080253,,C
100.33191159995062,1.7636008151317153,-2.3177986471735874,"Johnson, Mr. William Cahoone Jr",female,34.680997793242824,-6.671928812244506,-6.284918376846745,112052,6.926651004135717,,C
104.97281221066186,3.8341143589212185,3.9981750895575727,"Fleming, Miss. Margaret",female,30.3274838708314,0.6843666034469248,3.2207416857599123,2664,3.5440649117128347,,S
102.24988972544709,1.6058897464973099,-4.806014610944402,"Panula, Master. Urho Abraham",male,15.945655410718413,2.439416710097832,-3.6703673407176405,1601,16.438832333404115,,C
106.30483462049719,1.653820939557722,5.71429112238798,"Taussig, Miss. Ruth",male,,2.633490210522882,1.5923903339829035,PP 9549,2.6269870255761036,E8,S
113.20154068728698,4.1187656593809105,8.12256337713345,"Newell, Miss. Marjorie",female,34.6946545209643,2.835853535098471,-1.1373381380366867,3101295,4.2688287118588,B78,S
101.36339788403825,0.7035867698703389,-0.9158993085758382,"Taylor, Mrs. Elmer Zebley (Juliet Cummins Wright)",male,,-8.662945104703052,2.506041635571072,S.O.P. 1166,27.000170980420112,,S
113.17211821772929,-3.6464346818683073,-4.6846129070521725,"Sunderland, Mr. Victor Francis",male,52.329888148715675,-6.805084639537347,0.5905173250323005,28220,42.71989655056605,C23 C25 C27,S
113.1886780116614,-2.0723653291792927,-7.780115212749905,"Otter, Mr. Richard",female,16.423842721024965,10.867607184068355,-15.365151354106498,113794,20.827153326906696,,S
110.02925022151602,3.1695518886687117,1.6679323296241149,"Allen, Mr. William Henry",male,22.472349959098192,-5.236043800385181,0.8944585585259031,SOTON/O2 3101287,11.170965571086779,B18,C
106.76971072805773,0.01496645599977866,0.09203032859197435,"Badt, Mr. Mohamed",male,20.054010424280076,4.054205155683445,3.2107647614963137,29750,14.321155359055549,,S
115.36064753856935,1.7010498843416895,-4.7550970617402735,"Warren, Mrs. Frank Manley (Anna Sophia Atkinson)",female,16.717794515564464,-3.4346881083292304,2.2296417416922685,347071,17.248885059748268,,S
113.35253645468099,3.350396211010949,5.265093781560858,"Johansson, Mr. Erik",male,18.11650755536249,0.3983636963378223,-0.5129297310428982,C.A. 2315,7.119382412718149,,Q
118.16338105677352,-1.874207314488048,0.7501480906767544,"Saad, Mr. Amin",male,68.25258285115147,-3.1662710113679706,8.21080845965203,4138,2.434256449222886,,S
118.10926072761721,3.7812408181490302,-3.378679793226162,"Rice, Master. Arthur",male,36.39795186825467,3.807705773098224,1.5568656456083054,PC 17755,20.299622793875198,,S
127.00889445660458,1.8942130172919722,-1.7728620282022352,"Moussa, Mrs. (Mantoura Boulos)",male,23.457316836574215,0.6838705865834953,3.1883665009655315,LINE,242.64461844123684,,S
118.80322186263489,-6.174065434557393,8.356522694648078,"Culumovic, Mr. Jeso",female,-1.928981346913866,1.758551131778832,7.2224594702528435,350404,33.70577655038191,D30,S
115.88251253689067,7.211523955931222,5.014684718776111,"Rice, Master. George Hugh",male,18.418512015692457,-3.250860598403552,1.812964998482994,A/5 21174,77.5338991527405,,S
122.89637817478157,-2.5037237187845807,2.349869692507551,"Saundercock, Mr. William Henry",male,,1.3388709874625553,-4.4900887670710175,11668,15.434043155991038,,Q
124.09998341985883,-8.275476715925919,5.095525092324262,"Davidson, Mr. Thornton",female,35.878033165822394,-5.06359399521295,-12.191687068898112,5727,31.929638202764316,D28,C
130.79593787620217,-4.225218547931512,-3.804559781933695,"Gale, Mr. Shadrach",male,35.301645891161286,2.1374052106041925,-2.385604510090407,4133,17.62287678297593,,S
129.1755562295729,-5.10522580339161,1.1618505036351527,"Moen, Mr. Sigurd Hansen",male,52.712394005451046,13.1324245451845,4.8047276294055825,65304,75.80177631384929,,C
127.78435529574755,1.2608665932876675,3.736611652432353,"Ivanoff, Mr. Kanio",male,14.866812350864725,7.75085025631006,-1.7654816570890293,2666,8.850314309959026,C47,S
134.31651445609782,-1.369252527731186,0.6508174575063657,"Lobb, Mr. William Arthur",male,,3.5917394344708145,4.005891861408648,392092,10.118359454084008,,S
122.05618472838574,-0.6841598382029643,5.177291679787089,"Rood, Mr. Hugh Roscoe",male,22.701929843271127,-0.42803648870573835,0.7436408796013649,110152,5.209335636415457,,S
125.80124233625126,4.098509827412395,-0.9021672732222563,"Pinsky, Mrs. (Rosa)",female,,-8.693763135017626,7.440330351310923,STON/O 2. 3101293,23.70422894413829,,S
125.36712029297237,1.699376805963519,5.54910353888059,"Nakid, Miss. Maria (""Mary"")",male,49.37138839459532,-6.611431979500921,-1.4760835356033055,29750,1.6690390533228943,,C
129.05095098422117,1.5802393532214312,5.759293857656459,"Danbom, Mrs. Ernst Gilbert (Anna Sigrid Maria Brogren)",male,28.090450770245983,6.413964280513568,2.3380741328384405,315090,3.4876615876184953,A32,S
125.11656926221846,2.0491422866434634,-11.585799403485332,"Kiernan, Mr. Philip",male,15.722367735457121,-3.948780400623899,2.529425322676796,35852,10.227046505091451,,C
136.17575473407203,3.080673340011191,8.951528517550589,"Johnson, Mrs. Oscar W (Elisabeth Vilhelmina Berg)",female,47.54351076406705,-2.4962604908202333,7.508009363155965,PC 17597,18.933450377030482,B4,S
132.88888651450614,-9.539766708887214,-13.23816282676377,"Leader, Dr. Alice (Farnham)",male,37.63066187334755,0.17174762157989276,-8.53318653167139,11668,21.071719155166598,,S
127.64596852748672,-1.822191261322306,-1.0802451277806266,"Holverson, Mrs. Alexander Oskar (Mary Aline Towner)",male,15.422174177655029,-5.310231294232773,-2.292041372765788,347054,16.353071552532104,,S
130.9221045939623,-10.90105032244737,7.126740171288775,"Doling, Mrs. John T (Ada Julia Bone)",female,24.391664697852523,-6.133843672758181,4.242580526942519,19952,12.382121634823626,,S
138.56756923725098,1.180299633988977,-0.5864336262622034,"Lindblom, Miss. Augusta Charlotta",female,12.119783342134259,-0.2523703639071091,9.72948239889324,1601,26.365825881001552,,S
142.1906328394719,-0.0231648611217266,-6.33092991234771,"Sage, Mr. Douglas Bullen",male,33.82834503237227,-3.4576472733601813,1.2003575632104018,113798,60.184722078953236,C46,C
148.98365445845894,5.2276613739484015,-2.4686853085833533,"Hegarty, Miss. Hanora ""Nora""",female,14.177857909678792,-3.705092898894474,-1.4635208221074347,244278,13.25413617011474,,S
154.56931233003664,5.938171963605604,6.1345287316030985,"Johannesen-Bratthammer, Mr. Bernt",male,21.897458282815546,-3.90595513073503,3.7855918433722238,349247,83.17935994011097,F4,S
143.07204716637997,1.0138752412618366,-6.6075226527431905,"Hirvonen, Miss. Hildur E",male,,2.6118010691723432,6.343513376158415,243880,24.789751792284832,,S
137.05230939984068,-1.5018053869844992,8.644955504810087,"Gill, Mr. John William",female,22.03603530188185,-1.1606284524767865,-1.798308393336536,347468,4.2306032947510115,,S
132.33976859634345,3.4258055627286894,2.7244895047885533,"Kalvik, Mr. Johannes Halvorsen",male,21.32372216684711,0.10714016053073161,1.651536560887731,12749,10.92062512503727,,S
145.33855731171917,-2.639588186621568,-2.9619766522121678,"Masselmani, Mrs. Fatima",female,11.687713075729237,2.984729486544416,5.902636312059847,349909,3.1393886488570466,,S
140.93529452344836,-0.006963257216744495,-0.9155753615134556,"Simmons, Mr. John",male,21.899348062613882,-0.7101980411647008,9.452294966372259,28424,10.227494732966925,,S
143.92321369910158,4.930681584803839,-3.086121705508207,"Nasser, Mr. Nicholas",male,22.7643608357444,-0.39126884228586434,4.71302479617646,C.A. 34651,24.97724692854053,,C
143.93951600470095,-1.7888567299471179,7.331126004292643,"Gallagher, Mr. Martin",male,31.215871550113345,2.3522517778508543,0.22069448332796562,54636,6.758658816515948,B77,S
147.29604556791807,4.028393196212504,6.662139048814192,"O'Driscoll, Miss. Bridget",male,1.2963275186795906,5.340989217788155,1.729624119810459,330909,31.65214634052544,,S
154.3299011539382,3.3870068434615117,-6.595805669380233,"Nysten, Miss. Anna Sofia",male,37.99459076292075,-0.7353674975430209,4.786982785968115,A/5. 3336,29.918798836988994,,C
150.78524283722672,-4.773959085654107,-0.017960592596670377,"Kent, Mr. Edward Austin",male,45.379894279034616,0.40303887810260797,-0.5783642123972509,3101295,14.7620968950502,,S
150.20682581480656,4.869470641087005,-2.315928311721385,"Carter, Mrs. Ernest Courtenay (Lilian Hughes)",male,45.84398965780208,-3.90895114866664,0.9482024951119412,349909,9.521516861153316,,S
146.82173123587094,4.492831726857526,7.467549842296851,"Staneff, Mr. Ivan",male,22.045866240910645,-3.3034152158226275,-5.289381322654374,S.O.C. 14879,69.54980422681452,,C
144.6265852764782,0.5096294368632872,-3.750495590632105,"Vande Velde, Mr. Johannes Joseph",male,54.91866677344817,3.8457375098340387,6.485285982455795,PC 17611,11.66631529911885,,S
151.56846045463334,-3.811617290138261,11.02114552342507,"Rice, Master. Eugene",female,49.71075329284132,2.2247103127231087,-3.7009236357433926,SOTON/OQ 392090,10.657271051042947,,S
154.73108724590838,-4.29603009287785,2.8335263024153123,"Moutal, Mr. Rahamin Haim",female,,2.2764921920828805,-2.160558802265063,LINE,4.847378723087908,B69,C
164.83964956789941,-2.688312884515112,-4.809672031900438,"Williams, Mr. Charles Eugene",female,42.678218033349,1.404271743627611,1.4879663042590692,17421,50.25238406451008,A36,C
157.65137260736444,3.7129723164598003,-0.3863709200463892,"Newsom, Miss. Helen Monypeny",male,28.46963502863995,0.23101637907476785,9.954934399443193,2661,2.280000128153576,,S
162.91369755511528,-4.778125837006989,-1.0080942038422531,"Fynney, Mr. Joseph J",female,25.42387139423338,3.482059454113846,-2.1134149242616367,367226,4.337652197882109,C95,S
156.50352200730424,2.1875612430993496,-3.3730920100775297,"Asplund, Miss. Lillian Gertrud",male,,4.675543805113919,-3.3300790698019815,250653,9.033330883030109,,S
154.07528116791488,-6.208777644391963,3.474134298651878,"Panula, Mr. Jaako Arnold",male,,12.556140025953237,-0.7540845866689692,239865,64.82308660320092,,S
156.17441618883814,-1.0203429221942448,-3.139577753459217,"Dodge, Master. Washington",female,39.02154886579097,-0.5038895797299341,9.294485838056563,113803,13.532740064754456,D56,S
158.37386967732124,1.548238772870043,-8.901831043690944,"Pears, Mrs. Thomas (Edith Wearne)",female,42.4663389691955,6.934963649544191,-14.061734967530107,SCO/W 1585,9.623346592087005,,Q
173.64234866217583,12.225650725294583,1.1016176457591347,"Bailey, Mr. Percy Andrew",male,25.46233127866968,1.142303408661606,-5.013690060742935,219533,8.630569492656353,,Q
159.89306660387808,-6.886578277601837,-6.014280982089414,"Todoroff, Mr. Lalio",male,19.771650023161953,3.1618809628289926,13.656443545797758,4579,10.791072972924537,,S
169.19244601868172,7.360072832450667,-0.7608043403376019,"Fortune, Miss. Mabel Helen",male,2.153361511903128,5.410439454174399,3.9544103674581845,111369,41.69932674209911,,S
161.48536410956487,1.7492120699364002,-1.5455144430167795,"McCormack, Mr. Thomas Joseph",male,14.981697426851234,1.2350335374208705,-3.5299247466961,STON/O 2. 3101269,20.586805659526295,,S
171.6578650643712,3.0558595900798156,-3.356080360129071,"Panula, Master. Juha Niilo",male,,-3.6787599512515983,0.7904100891261423,8471,47.29463501749303,B102,S
169.9247548305293,0.5917395669410226,13.004815507950768,"Sage, Miss. Constance Gladys",female,44.160629652868444,4.506754191724131,4.337272830339308,7598,24.800231680535745,,Q
168.21681051170955,2.223634090976165,1.2820578358478538,"Hoyt, Mrs. Frederick Maxfield (Jane Anne Forby)",male,,14.226471974538196,4.2306262295280295,349233,23.88846663840758,B94,C
169.79618736932284,-0.7684255218100887,4.226855044976661,"Crosby, Miss. Harriet R",male,30.901979824293015,-1.8739753739504164,9.197510014112817,386525,54.47932343539688,C125,S
167.72606152285306,7.270250907287291,-7.881991481711474,"Backstrom, Mr. Karl Alfred",male,64.65906697160445,0.3549735771247408,1.9427584063960772,13502,33.874906089949185,,S
174.2303610074104,-2.282355721123612,-0.2698156681846098,"Waelens, Mr. Achille",female,0.6770666387070161,1.7689736782636882,-1.6989415150648037,17764,36.252706861855096,,S
170.7250825982961,6.661172860896238,4.07651314970756,"Giglio, Mr. Victor",male,-4.22631390699237,-1.4400995078096726,4.935422210491021,17453,15.193781063423,,S
167.87197118116376,-3.2218356010651146,-2.1226445645650323,"Downton, Mr. William James",male,18.161389283736494,7.722247390593364,-3.491263484314305,17466,2.9874111007565265,,C
168.61031212840192,-0.3012592320064348,5.540314217589927,"Yasbeck, Mrs. Antoni (Selini Alexander)",male,52.89589307159706,-3.3648550886373236,-5.166687479945146,SOTON/OQ 3101316,34.087814376483166,,S
176.8629395886106,-5.359812761451096,-3.013482929505151,"Minahan, Miss. Daisy E",female,21.93099634326457,-1.3704023668318062,-7.7995443597822245,2691,11.05571183832868,B51 B53 B55,
184.89545628205218,2.2751186017375997,1.5681693206741218,"Moor, Mrs. (Beila)",female,,-4.937464118656506,-6.825641972502004,27267,21.436362635242176,C90,S
178.79995806786718,7.225629784632669,-1.9302581998777932,"McEvoy, Mr. Michael",male,49.224348552338,-3.7880586227112367,-4.482225780621359,3101295,32.95682961317719,,S
178.40680836945057,-0.3867808991042704,2.82160329690958,"Allison, Mrs. Hudson J C (Bessie Waldo Daniels)",male,37.15459509412176,-8.54199946476674,-5.888948838504355,113788,12.198116820273682,,S
181.42913069801273,-0.9844284935195478,-0.20245035927712962,"Longley, Miss. Gretchen Fiske",male,42.84234696882565,3.1590234960596444,1.5661826368735867,349215,-7.049767450072224,B57 B59 B63 B66,S
187.53000870853413,-5.573084815339634,1.6455318646453132,"Vander Planke, Mrs. Julius (Emelia Maria Vandemoortele)",female,,21.998486109186548,-3.997009129120176,370365,71.8260136231857,D11,S
183.09691250681928,-1.1464632677615405,0.8193495411100722,"Stankovic, Mr. Ivan",male,,-1.8333939682526106,-15.71833151012372,PP 4348,16.13480911807262,,C
180.9453638458313,-7.963971298607638,-0.6719387869565052,"Silverthorne, Mr. Spencer Victor",female,16.8768832471777,-4.333789664951187,-3.219558872947329,113807,30.24911185407086,,S
189.53144355029946,-3.5643899335941365,4.425469342485563,"de Mulder, Mr. Theodore",female,0.6949132448579589,6.499998322148667,-1.3592982386070966,239854,38.8127345750835,,S
187.14378219230807,2.133930230545677,4.191941874187126,"Dean, Master. Bertram Vere",female,4.630825982154873,-3.6346247946507844,-1.0272474393598268,244358,18.429572605557688,F2,S
193.67877995997995,6.595065988706981,0.5569302737341635,"Andersson, Mr. August Edvard (""Wennerstrom"")",female,,6.496734652767701,7.597623396545922,19972,53.050652518985544,,S
187.91617218610952,15.046054306147514,0.8477083326902095,"Pengelly, Mr. Frederick William",male,,-0.41014523894972355,-3.0677127964457505,6563,15.28274682745537,,S
181.8776548413975,-1.9329254253545036,4.982720152599985,"Johnston, Mr. Andrew G",male,37.65680284842354,-3.1590784454139036,4.404617315995989,363294,27.38224421974114,C52,Q
182.15920400377166,7.176500783227199,1.8208287809290933,"Vander Planke, Mr. Leo Edmondus",male,43.16434161778644,0.1102122212715676,0.9050870015956914,347082,17.285709622144363,,S
198.25463966115626,1.2187624020082395,1.4665135608703141,"McMahon, Mr. Martin",male,32.0829947305169,3.788883804680936,-0.21152362836299368,233639,2.122871927868376,C68,S
199.6183286039165,0.24376176626812063,2.52345014944063,"Landergren, Miss. Aurora Adelia",male,47.29765614498412,-1.1371031537782823,-4.176901444240185,S.O.C. 14879,8.528584890589741,,S
191.102403933587,2.162972258630761,10.482933414854253,"Sloper, Mr. William Thompson",male,13.569632086937606,-2.4836235139685274,-0.29391325790383577,19950,1.950277701918953,,S
191.08406339432005,1.309582418399796,-3.7017810401060194,"Baclini, Mrs. Solomon (Latifa Qurban)",female,12.71308762509315,0.005841985105640934,-3.8254806344870844,PC 17318,10.677911292452034,,S
201.30722146121101,1.5519786280610925,5.8492844652767735,"Sobey, Mr. Samuel James Hayden",male,5.5506935780672055,-5.359275922504425,1.8501215712728527,11967,19.93894988126617,,S
189.46477158978257,-1.0416658141333461,-8.465855806190525,"Oreskovic, Mr. Luka",male,51.646567394836474,1.9851580114699008,-1.181248163118441,A/5 3540,28.383648549478263,,S
191.52636490522087,-5.990548298994254,2.0863657911431197,"Sutton, Mr. Frederick",female,58.322948284716105,-8.93363296922455,-4.723139665958001,8475,148.37574112469778,C91,S
200.21663397344523,-7.718126012610408,10.875414138043654,"Johnson, Mr. Malkolm Joackim",male,,-2.2206072718275767,4.959471698502976,371110,10.7617641944626,,S
196.02697438570206,3.2662244164061347,5.4433426223365355,"Weir, Col. John",female,32.78226291270645,3.7969260441537163,3.1342024001071267,347061,2.384115430819703,,S
198.97439066639964,-0.38350045042856706,3.853125392698964,"Cohen, Mr. Gurshon ""Gus""",male,,1.515241414663584,-2.240313670711241,234604,7.424191909296545,,S
199.18278550737745,-2.980444498280833,-0.8022473440153779,"Mudd, Mr. Thomas Charles",male,18.631921354312166,2.9516028649319512,0.72746523517655,347067,21.351402103938746,,S
202.68787274399466,0.042528133615767835,3.1552360024427712,"Reed, Mr. James George",male,18.524770750260593,-0.32522836359404556,-0.41911260750981827,19877,18.071573399921583,,S
209.03740930656858,3.9746612645781374,1.7396859229832184,"Ayoub, Miss. Banoura",male,,13.848730904927583,-2.337954686316369,229236,74.48661547013475,A7,Q
203.45292453450872,0.9018197151319909,-0.9298830396567768,"Olsson, Miss. Elina",male,22.78586189194783,4.62349598384896,0.3524811451058192,350046,8.183265694094198,,S
207.21969396638428,-3.280274683204837,1.5506219226256508,"Collander, Mr. Erik Gustaf",female,38.889020169562755,2.2307050212383728,-3.1050587740368725,349253,2.199468055773112,,C
194.74913949484488,7.131464778244748,3.9919058031321977,"Kink-Heilmann, Miss. Luise Gretchen",male,15.31403102993291,4.637728886567715,-4.724669178100497,19928,11.643108126955266,F4,Q
205.7564079903494,7.89592751490816,-0.8360853426532016,"Moss, Mr. Albert Johan",male,-2.1564291797553814,3.752117772017884,-7.113836651332624,231919,9.672393856265796,,S
202.78384864853564,2.4727832766142663,-1.031409103423421,"Norman, Mr. Robert Douglas",male,33.98204251103534,-1.1973175667344513,-1.7930367676931536,PC 17569,18.652641376364222,,S
201.90593469788186,5.86831755672045,-3.801217187960872,"Duran y More, Miss. Asuncion",male,27.5279009595124,-6.719494558456668,2.8348532979186167,347085,15.623282725739418,,Q
204.60923816535626,7.209799984069056,4.953625130444481,"Salonen, Mr. Johan Werner",male,20.468993729677283,2.1018106292131193,-3.4732967668942982,27849,6.885334435800356,,S
208.32938279649593,6.650496582022568,3.726616309835302,"Tornquist, Mr. William Henry",female,43.76191866356339,2.7304461541571436,12.603543460789847,STON/O 2. 3101275,31.820736800382125,E101,S
215.57951271178007,3.070495885563118,4.158302221182588,"Milling, Mr. Jacob Christian",female,29.704063946806905,5.4523599556928275,4.428428268263661,13502,8.281390457469293,,C
205.36803641130217,3.9917352353744144,6.825852463643329,"Hart, Miss. Eva Miriam",male,34.990407999954726,-4.681606375226467,6.521650663302391,S.O.C. 14879,23.46861357230124,C7,S
213.15315746297208,2.598302866732513,3.4393381854036376,"Elsbury, Mr. William James",female,23.517334504083347,-4.532155296385817,3.976215060368793,392096,4.354025077375503,,S
211.5791528333321,-5.486688372735218,3.9600546868287836,"Harris, Mr. Henry Birkhardt",male,32.55756850959595,2.2995013315388517,9.264324874692864,345765,6.283577739448987,T,S
213.3616345281902,3.5036157842979287,4.519187128187815,"Bourke, Miss. Mary",male,,0.6441650557345668,-3.9350099173627107,315098,15.873925199498974,,S
221.01378912652302,-5.77906985563277,0.5422999029089606,"Zabour, Miss. Thamine",male,29.01402845041463,-8.42880805285564,-12.803686928293107,SC/AH 3085,125.72127084511679,,Q
219.69057718501963,-2.9729972756252745,0.3458908593517638,"Andersson, Master. Sigvard Harald Elias",female,25.33778732830115,1.8755408187709537,-2.2306280417644153,250649,10.162103556011893,,S
224.68699053721372,6.517825339040437,13.070763078959555,"Bourke, Mr. John",male,37.91220800835017,-8.262114574944773,2.791092877737688,112059,20.38003952634945,,S
218.2274716037505,5.201100813470988,-1.2597548992675427,"Givard, Mr. Hans Kristensen",female,34.10808414954915,-4.726282759366881,0.7575848587398923,19928,72.42572441578562,,S
216.52028694164648,7.436991448429313,-1.3293885556021818,"Bowen, Mr. David John ""Dai""",female,29.529924129574223,6.758406864300536,1.3773630548389184,PC 17592,13.045587845254845,,S
219.8807059155975,-0.3583719184364611,5.170049117250535,"Salkjelsvik, Miss. Anna Kristine",male,12.684131246816175,9.124395089035577,6.604550013349362,113059,14.75557805840643,B96 B98,S
223.2124839563561,-5.761244206383838,3.2592720764750256,"Charters, Mr. David",female,23.688775903377035,-6.078281842359808,1.910287872312498,349206,6.935546827290719,,C
223.88286679226854,-1.202185985351714,-4.023957738051637,"Young, Miss. Marie Grice",female,44.94800636108606,-1.6469576870634715,3.9945646379551074,350417,7.428335895755494,,S
218.57805963883317,0.510156486202871,8.613391272818692,"Oreskovic, Miss. Marija",male,,0.2131126153935299,-4.697813709263794,230136,8.875460322219846,,Q
225.45244890813936,1.3949435817000484,0.5290271232458335,"Foo, Mr. Choong",male,38.39308834765894,9.90613463790784,-5.476968446080184,370372,94.32289225642937,C23 C25 C27,S
227.14114165069452,5.668402393783508,-2.5546554760786027,"Colley, Mr. Edward Pomeroy",female,17.68599990213365,-2.4643447391220077,8.070569615122437,113501,7.631994527998103,,S
239.5873701876696,-0.8063521250172276,7.94392057176937,"Johnson, Master. Harold Theodor",male,23.04273874801009,-2.3844201151663906,0.5045076757353393,2625,2.6809265433903766,,C
237.38422305640836,1.7601723590146212,6.1283778579807695,"Lovell, Mr. John Hall (""Henry"")",male,17.697755951028135,7.743627792314309,-3.1161459172306745,17421,10.355987797264511,,S
224.7337832472059,-4.94313574717303,-4.322709959739571,"Isham, Miss. Ann Elizabeth",male,10.967496864938838,-1.8739457635912902,-3.106972467735591,9234,18.62397982585619,D21,S
228.5630831922541,2.251586390219065,11.885914201288621,"Kink, Mr. Vincenz",male,,6.611008544832288,-2.245615608191288,348123,25.053742691274195,,C
223.682789990815,1.0155427509281838,4.2939868418309635,"Toufik, Mr. Nakli",female,32.31451505216943,-6.385714825562138,-3.5447951052292086,PC 17473,85.50120045653215,,S
229.04646493018257,-3.749066691422587,2.949019421874769,"Mitchell, Mr. Henry Michael",male,26.955504548956053,-0.8561637204616311,-6.415739013018299,C.A. 31026,5.402543852864647,B58 B60,S
234.5780250179517,-1.179146810874264,9.951094028108898,"Duff Gordon, Lady. (Lucille Christiana Sutherland) (""Mrs Morgan"")",female,59.20590010174589,-8.297984191632024,-7.502102011102543,2686,9.271136026370527,,S
240.02926810444117,0.0791212674238918,3.796488919148203,"Willey, Mr. Edward",male,10.712946113950574,-1.277168904778522,1.0249781117279042,347088,36.51962840273609,,C
231.35458081128195,-1.3507756466854808,1.8595846244798402,"Olsson, Mr. Nils Johan Goransson",female,24.10018645433156,4.196006775761317,-2.9646293516019973,239853,12.437479239072305,,S
232.72926779966102,8.856706211338418,-0.30150058010994485,"Gillespie, Mr. William Henry",male,,-0.24952695543356315,5.535796427216476,24160,10.001842997009412,B5,Q
226.26355485130674,-0.49223001153939816,4.909252196535393,"Allison, Miss. Helen Loraine",male,46.7193850205609,-0.5955287027648732,1.465383266334583,111361,33.51057573997306,,S
237.18667039727546,-0.2194805508866886,4.3830148366199,"Chronopoulos, Mr. Apostolos",male,5.57505137869138,-3.743748119904588,3.3265884003899155,34218,20.975788328407134,D20,S
233.6879279407022,-10.48725478805071,2.0734006994485563,"Harmer, Mr. Abraham (David Lishin)",male,28.43961985764733,-1.1032803662064137,-3.7156020377722534,250646,7.739868659202889,B77,S
237.35280286316964,-4.471036759897387,-1.949931769338015,"Frolicher, Miss. Hedwig Margaritha",female,32.99440139001055,1.5055658355034682,-0.6051420788998785,31027,13.064666744173477,,S
236.61569610916206,-1.3153671222817642,3.6496492708303694,"West, Mr. Edwy Arthur",female,,5.914581032308809,1.8050055181572016,244373,11.632633811193791,D10 D12,C
241.52868722873723,-2.429263380883214,2.6510060711893106,"Abbott, Mrs. Stanton (Rosa Hunt)",female,,-12.12573342048401,3.580978698563377,347742,19.415682676362252,,S
234.21135804321685,6.908537966888985,-4.667371593671005,"Skoog, Miss. Margit Elizabeth",female,38.72298896130114,-4.1588058713140486,-0.4694591325918276,PC 17572,9.56300389548008,,S
236.66477377304506,-0.8246888769810932,-4.359061756620928,"Duff Gordon, Sir. Cosmo Edmund (""Mr Morgan"")",male,29.879601442726948,0.7954812109450287,5.395618896621045,330919,2.162335962514052,E40,S
255.6462355601415,6.442221246591262,5.825766894048847,"Homer, Mr. Harry (""Mr E Haven"")",male,39.15477144378283,-0.4943155798114293,0.039946544539713566,113796,7.553858375938308,,C
239.56288709362985,0.3085231702518401,-12.009441575258444,"Ringhini, Mr. Sante",male,38.901199073092684,4.016881212633625,3.964235592588399,370369,90.85169385403394,,C
241.5160721077268,0.18613918210788316,4.027052634806299,"Garside, Miss. Ethel",male,29.560761979883893,1.3377014306327693,-2.4492610429457513,PC 17582,12.448410314481652,B5,S
257.1845676416066,0.5560177614374953,-0.39041528876912235,"Mellinger, Mrs. (Elizabeth Anne Maidment)",male,20.39002730131644,-1.5243393149670361,-7.062941832843208,PC 17605,16.465704515737123,,S
263.52533584620204,1.0189812581072957,7.541233034399551,"Carter, Miss. Lucile Polk",female,38.121446997084625,-1.6342659799358854,2.3417949400926132,A.5. 11206,54.85993195679918,,S
244.14216685587328,8.593975015249297,-0.46734104576937874,"de Messemaeker, Mrs. Guillaume Joseph (Emma)",male,47.63523785630134,-0.2275074486775046,3.6266203157331276,2003,27.601458420036124,,S
249.15875521605986,-11.598053633756091,6.29742107125948,"Lines, Miss. Mary Conover",male,,5.7437117491137135,2.8767366590378476,W./C. 6608,6.308887393540348,,S
253.70777775470253,-10.007728722193395,1.015430793811042,"Gustafsson, Mr. Anders Vilhelm",male,25.618766513181924,-2.660039664528572,3.1109333071872,394140,6.8814044244436765,,S
261.64348822202794,-2.715854155280569,1.5687407674307172,"Karaic, Mr. Milan",male,66.49277640071308,-0.3140336157197774,-1.7429348297749363,382649,27.994191758296882,,Q
249.0657146078588,0.07263940968784441,6.6841826546002565,"Gustafsson, Mr. Karl Gideon",female,34.00359560834828,1.916711069992105,-4.033731257227961,29106,14.434376170581798,B73,S
253.77361077028945,3.4505221238200616,0.6872214183770993,"Carr, Miss. Helen ""Ellen""",male,42.3840986466541,7.80175464937229,4.758641345218902,350026,28.661613102205074,,S
259.8866878803087,3.365435990137376,7.98277442249202,"Lefebre, Miss. Jeannie",male,22.24789290972307,-1.5015412911815662,4.132237080991375,347082,21.956711473866093,C128,S
259.1738303723331,-0.921229564402851,-3.9684893855324157,"Anderson, Mr. Harry",male,,4.794033280054805,-2.8044954542191314,349224,82.36419566175805,,S
256.1192196438495,6.095218466208812,2.4729642127918954,"Baxter, Mr. Quigg Edmond",male,26.26941758528637,6.159897016325111,5.547120945960284,2641,88.39233469646493,E31,S
258.3308851774198,6.1509770157636545,5.613198613939264,"Calic, Mr. Jovo",male,39.348378783472455,-0.31877132495324123,-4.414327572738003,A/5. 2151,511.8894047450941,A14,S
253.1255209581501,1.9202891563578275,5.300187458951674,"Meyer, Mrs. Edgar Joseph (Leila Saks)",male,55.890924264085925,-1.0535948953838126,-1.917616893955202,364499,19.694381343264325,,S
259.8091312801267,4.813287862434207,12.582224383677051,"Walker, Mr. William Anderson",female,,-1.6452683602410807,8.182126061708324,26360,6.669138883390172,,S
260.6680625499552,2.363226317160644,-0.8171965865533024,"Stephenson, Mrs. Walter Bertram (Martha Eustis)",male,-0.7760970970851027,2.720884328787088,6.342909688669564,C.A. 18723,31.894500167026283,,S
264.1608494481313,-2.807415133914418,-5.89574625674294,"Jussila, Mr. Eiriik",female,38.3023343885526,5.271199302884164,-0.7900465294551129,345783,80.79728237222332,,S
261.22336390590493,3.4890841950000233,-3.971675542475597,"Allen, Miss. Elisabeth Walton",male,31.165190509349728,1.1550498862775695,1.4369035482177526,347082,2.3476818350791304,,S
267.3576926127257,0.5530656128933885,6.302212832742185,"Persson, Mr. Ernst Ulrik",male,,1.176448545849347,0.7739612226191916,349241,12.356650989388426,,S
271.06357908909916,0.0066992337724346455,4.489614671346893,"Buss, Miss. Kate",female,33.99372530340088,-5.626117551899174,-13.728069324886892,347081,7.039229641535664,D46,S
267.77714663834234,7.364767860947872,3.5112832982370787,"Lemore, Mrs. (Amelia Milley)",female,12.246376908674439,-0.8374503868761725,-3.532369747366908,211536,36.272121963954945,F2,C
269.758782041996,-11.254360642700433,-2.61478524553565,"O'Connor, Mr. Maurice",male,33.21330146718117,11.7172341238849,-0.2542330855464076,330931,15.029283398715794,,S
269.2657767378893,-6.088420850797848,4.834336466645304,"O'Brien, Mr. Timothy",female,64.32579972744163,-0.8891286264434479,-0.783057382796531,371110,157.31740794596575,,S
270.00042196545706,-4.93535213187185,-5.123523888252702,"Leeni, Mr. Fahim (""Philip Zenni"")",male,35.12224360959893,-3.873859977891801,1.2355128241521027,2687,133.6794452893334,,S
267.39220983228574,-1.816303237844028,6.7947479118845,"Turpin, Mr. William John Robert",male,,7.155495827946487,5.647411564739599,234818,30.463944155238817,,Q
273.58247130836656,-0.27304084883015056,17.287192115699327,"Nicola-Yarred, Miss. Jamila",male,24.339493935934374,1.4090427434177606,-1.6076789232696373,113798,-0.5135697333744927,,S
272.5135670079326,-6.536628238865237,3.8322557328577522,"Lam, Mr. Len",female,42.13581399193733,2.890774584322608,-4.288273980614324,A.5. 18509,19.657870611406913,B80,S
284.46584154465296,-4.925790161554132,3.9155406782887154,"Goodwin, Master. Harold Victor",male,45.00023640659804,-0.690235376407668,2.6242582925552265,348124,32.06341546119307,,S
282.8667745123762,-3.304208392617851,0.5357011555222031,"Fischer, Mr. Eberhard Thelander",female,,-1.5933654528840209,-1.6331166678390174,PC 17474,20.424963730499158,,S
277.9292327627825,13.287120460379459,-8.051066605434082,"Samaan, Mr. Youssef",female,66.6301451651957,0.1520681375135482,-0.7803175041095133,A/4 48871,78.90708280581326,,S
273.18471395152613,9.008709738735734,-0.013596815151111663,"Stanley, Miss. Amy Zillah Elsie",male,50.84635054535086,-6.913690851493134,-1.4588685957653933,C.A. 33111,11.062990752126254,,S
272.4379426400829,-2.0587470884232464,-3.464476205493747,"Webber, Miss. Susan",female,,-0.43963704709948737,11.209189000054929,113760,-8.432383530950712,,S
284.9557147654443,-1.8179164515339945,-4.235022882075079,"Maenpaa, Mr. Matti Alexanteri",female,10.774309462370216,5.480165385213087,-10.203521304989724,250647,26.700500036105826,,S
281.3137461257357,-4.746019985941471,11.611799709978246,"Wheadon, Mr. Edward H",female,33.52715622669194,10.25231616921877,-0.9416695156632309,382651,26.394075013583027,,S
283.400717016958,-9.540652066126334,4.364312590128865,"Beavan, Mr. William Thomas",male,52.41952402113617,0.42999532502607746,-0.01844512824196026,W./C. 14263,9.76157695678308,,S
273.277070065129,-0.5844009320426201,4.898437903069919,"Goncalves, Mr. Manuel Estanslas",female,17.359152290070938,-11.670885211051525,-3.905712461413894,SOTON/O.Q. 3101312,-14.091372924324183,,S
287.6371924077909,-4.989259916220129,1.4548881740187523,"Francatelli, Miss. Laura Mabel",male,10.909411942406571,-0.46992716392310707,4.499129160641415,2631,12.870116011580983,,S
286.27210169107184,0.5757473416899511,2.135644587782818,"Abbott, Mr. Rossmore Edward",male,21.656116142962908,13.697520665541528,4.066288393598197,248731,17.640821973143844,,Q
279.44784657792763,-8.001029245217387,5.822753411196667,"Hays, Miss. Margaret Bechstein",female,,4.331831174925199,-0.23877309244270306,36947,16.020462069401034,,S
283.64237596275024,-3.809872291551289,2.838314406523923,"Keane, Miss. Nora A",female,33.92183353587832,-4.054444719042944,-1.3533687767184708,19996,16.25943837822756,,S
288.3185860217826,1.7431354765141542,5.653469690123664,"Jermyn, Miss. Annie",male,39.75471741343346,2.9555325721527836,-0.559784171158235,PC 17760,-4.359778153129641,,S
288.2623339917812,1.8310479889196871,2.0199785107749206,"Andrews, Mr. Thomas Jr",female,15.65455192570094,-3.7100671244487016,-0.5239332682390536,2651,12.585794725267068,B50,Q
287.5391440709822,3.0873597937100725,0.289235546339764,"Hickman, Mr. Lewis",male,41.86283322908138,-6.769037597734288,-0.3918651406288133,367231,12.956756869938799,,S
289.4825586596702,-5.602444920785187,-4.0345708280093096,"Troupiansky, Mr. Moses Aaron",female,23.52217761406908,-1.7418468161703609,-0.9399955075839974,113051,-3.9998560762230824,,Q
289.74011310896555,5.2734286506778085,-8.88874531183564,"Lurette, Miss. Elise",male,22.318634417308324,0.45763219619430606,1.2622465729619639,2685,81.08068913619893,,C
292.7628125605123,-3.0010584830092517,-0.3078095053320091,"Goldenberg, Mr. Samuel L",female,19.141633725414703,-8.36077751216698,3.7660603241393256,347466,96.83339874576029,C99,S
300.3574598649658,3.164289573036532,2.2824834599661634,"Goodwin, Master. Sidney Leonard",female,28.000253329578275,-5.745796452693179,-6.151300737992884,SOTON/OQ 392076,14.694435019107866,D15,Q
281.16670779534354,-0.05319338309096574,-3.4306501835439542,"Meyer, Mr. August",female,31.04953108637514,0.05167781591177363,-5.253319496165744,F.C.C. 13529,11.774138185298064,,S
293.81574867745155,-6.88193749538974,2.8276256748268356,"Lang, Mr. Fang",female,20.591927237347832,-2.0408658799447705,-8.742590147417618,1601,5.837419438304693,,S
296.8825621068622,-1.5809885229059397,1.26876281495251,"Hassab, Mr. Hammad",male,,1.9740563557304538,4.331987001787997,PC 17757,18.41385122389489,,S
298.4799699484355,1.826818710318838,-7.780040030296895,"Bazzani, Miss. Albina",male,23.337628380412724,-6.073341636542807,1.2516164659523157,315037,10.688520111685321,,S
296.14042709339355,3.064826902372995,-3.575623297397506,"Ford, Mr. William Neal",male,7.140267826995916,4.570568742766503,4.526337579663853,2662,160.29876959723148,,S
290.21639108760706,0.2950605127779069,3.0363194686773425,"del Carlo, Mr. Sebastiano",male,,-5.918795485300975,-7.147491191817342,CA 2144,36.14790427113729,,S
301.63997741857054,8.658894453005264,2.935293646978719,"Hassan, Mr. Houssein G N",female,49.84628083869735,8.21367150968815,9.924740614400692,113789,237.58142085199327,,S
309.63675107082094,6.037553854932795,-2.7683745819988026,"Hays, Mrs. Charles Melville (Clara Jennings Gregg)",male,,-8.578791421891584,-3.0442545407267882,SOTON/O.Q. 3101311,0.17552796394533132,,S
294.3306929754193,-0.2832705819987642,3.792240252498675,"Wiklund, Mr. Jakob Alfred",male,,-3.4627713519170626,0.8410290355562794,CA 2144,19.0201612910133,C82,S
307.3191400684909,3.7506090606847224,8.11203612680236,"Coxon, Mr. Daniel",male,20.589993472070237,2.086854015159146,4.271923303391859,SOTON/O.Q. 392078,-7.964877256400716,D9,S
302.35737388438554,10.668967425940934,5.885364794954491,"Bostandyeff, Mr. Guentcho",male,,8.32116625748819,-4.93489877898036,19950,12.570949597780196,,S
304.69337827085576,9.802423003915134,2.5235710649303273,"Allum, Mr. Owen George",male,,1.5752151805808536,-2.731621792563334,PC 17612,10.017079025902614,,S
300.73550744648026,-5.139999404112487,-1.3398815666214619,"Lahoud, Mr. Sarkis",female,-2.130494330285569,3.8142896009119553,2.8958588730043715,36928,144.3987335837882,,Q
305.32771913822063,-3.632665555785753,-2.1467224216725223,"Eustis, Miss. Elizabeth Mussey",male,,0.0876845083652924,14.287365377323532,220367,114.76894229637765,D36,S
314.5002229734948,8.424593933669254,3.3390989145482854,"Karun, Miss. Manca",female,16.55134615044191,-4.131992270575967,1.5056237142601214,347083,111.90551972010007,,S
311.91327620993854,-5.291405254188186,2.97551986571444,"Millet, Mr. Francis Davis",male,37.7261607584828,-1.4506917411968967,8.031805753153591,SOTON/O.Q. 3101307,21.259204375781486,,S
318.6615580270497,-5.612705666458395,4.147020030511002,"Vovk, Mr. Janko",male,29.021888345961557,-6.059548599906384,6.028365725959778,315094,56.06659007008008,,C
316.88705944488845,-1.4309706534952342,1.6593690656057598,"Moor, Master. Meier",male,25.29643820767454,-6.393549838884358,1.8400501824725937,11767,73.40929412173483,,C
314.19543339464786,3.1011335473729287,5.093819751737209,"Silvey, Mrs. William Baird (Alice Munger)",female,11.393179641773653,4.008744596598732,-2.945978858153394,SC/AH 29037,260.71368921856464,E38,S
321.71967263083894,-0.5119835330554818,2.4729626647885006,"Cherry, Miss. Gladys",female,23.764637040660677,-4.615889910439808,6.298768054091175,2648,26.036924870651628,E67,S
316.1949657936915,-3.2528181020279607,6.923443580658432,"Betros, Mr. Tannous",male,29.052673353946233,1.5977700336168068,-7.490551708240235,349910,8.739537976140948,,C
319.1399408839853,-3.371062308622545,6.354113851833194,"Elias, Mr. Dibo",female,50.93001915479933,-5.509113761105488,9.00437561838546,31418,28.14438456010087,,S
314.51714523232647,-2.5616853220635436,-1.0226331511240678,"Risien, Mr. Samuel Beard",female,27.109913888381357,1.4819151005837732,1.0000265410912765,350035,9.075408716152861,,Q
317.33272907929603,-3.3975481432947126,-7.04072023435373,"Jansson, Mr. Carl Olof",male,30.918601805964997,-1.4434128448148127,-13.25111773649088,29105,24.678281513671646,,S
314.5128808834986,11.408164386380308,9.717464280072766,"Chip, Mr. Chang",male,57.2036455510146,7.033077668253222,-1.7025304751591945,F.C.C. 13531,15.430974712771583,,S
323.94791967297425,2.4875553559277748,2.2832936535613086,"Sage, Mr. Frederick",male,39.13700669732343,1.618594477895325,5.269739104614702,2693,169.87685996655125,,S
314.10848188442566,5.433795272023692,-7.572429477480608,"Compton, Miss. Sara Rebecca",female,39.70478891347472,7.178914464970707,-0.18511936519883365,STON/O 2. 3101292,134.0225096334518,,S
324.9117517120883,-2.4453873405946185,-0.5690974860935554,"Christmann, Mr. Emil",female,33.95111355325902,-3.7782335821259627,3.5750290549678665,PC 17610,8.837974454158385,,C
321.0467447124742,-0.9297833859302442,6.8593714618491415,"Canavan, Miss. Mary",male,24.573018985429385,0.2807167012208364,-4.250120838561477,364512,6.9649446866794085,,S
328.8562354673366,-2.5677699068517748,0.601615844335535,"Silven, Miss. Lyyli Karoliina",male,26.167690829011654,-4.905435790581391,-6.529911863938037,237442,9.116205417602142,,C
327.7543449436563,-12.25854167459601,-0.5603070965956354,"Ryerson, Miss. Emily Borie",male,15.94973575155483,-1.0680262137220904,0.6427729847619731,S.O./P.P. 3,31.61439833458802,,S
334.103230788234,-6.890046384239331,10.004409301564834,"O'Brien, Mr. Thomas",male,,6.689478886276855,2.157828336449574,330958,66.77387027914897,,S
329.6538734556932,-8.053093399901973,-4.236435731919053,"Parrish, Mrs. (Lutie Davis)",male,40.09723786308949,-3.6292911034356963,-1.741921755311607,237671,137.56403450496094,,S
319.13979872173377,-11.248918889758038,-0.9907667887741693,"Wick, Miss. Mary Natalie",male,59.32939633309846,-6.077514294228475,6.136455733210963,2908,6.3787768575502275,,S
327.66523413550897,-4.9767948714905135,3.0569323752413378,"Holm, Mr. John Fredrik Alexander",male,42.24511348436747,-7.067586618263264,-4.251036875695288,PC 17603,11.480326617399284,,S
323.13996403702595,7.624778396908154,4.952274660269412,"Hippach, Miss. Jean Gertrude",female,34.43846092558891,-10.698740578536986,2.565828036661747,350048,18.884285839266695,C23 C25 C27,S
327.4086007881686,0.7778191614782279,3.4817151717036574,"Dimic, Mr. Jovan",male,25.83063735687795,-5.281732317517289,1.3398498558181262,PC 17758,55.438595037921566,,S
338.5561421663836,7.45281881160587,7.556190222844735,"Leyson, Mr. Robert William Norman",male,,5.137469483359222,-7.783579760680417,4135,15.020994139554931,,S
335.1876690544885,2.0549128845043767,1.9928931034075843,"Kirkland, Rev. Charles Leonard",female,44.173199458428726,-7.992492660066414,-6.595150918342561,347062,30.41447547580846,B28,S
329.50534785710624,3.912794128575796,3.4469196946920455,"Ali, Mr. William",female,35.68739308028587,-6.8406142312665255,1.0595550812431571,330877,154.6202341263916,,C
328.931413167798,-4.504484976522876,1.703953703424584,"Reeves, Mr. David",male,6.131586617956993,10.954492856164576,9.90599999343482,349243,22.24835126224247,,C
335.16391046438133,3.619754770963354,1.3134915161835712,"Hamalainen, Master. Viljo",male,,-2.1824802492412703,2.896349059494055,PC 17604,130.99271548846602,,S
329.91719925309434,3.6435711703717293,3.5376709002681723,"Smith, Mr. Richard William",female,,1.6052300458241788,-8.628174125723163,334912,17.372718127383337,,S
333.6442986130171,-2.8832364611684644,2.0754906790951804,"Fry, Mr. Richard",male,32.698156024932814,4.211585732502473,-15.552440325596688,13509,64.70132026075183,,S
339.5600473577562,3.7977018530808317,4.862699037913804,"Watt, Mrs. James (Elizabeth ""Bessie"" Inglis Milne)",male,52.79885967164806,3.312630648906401,3.665267965021899,349228,130.12445178902652,,S
344.77656018053347,3.8309387928741647,5.775728409724155,"Sawyer, Mr. Frederick Charles",male,43.23378154086196,-7.611571153040298,-0.4810674146409951,349237,3.0815754007866767,,Q
343.0438073611222,-2.747763105650414,1.2210850145009156,"Sjoblom, Miss. Anna Sofia",male,42.894235086714225,-1.155298399497451,5.706329847551848,19996,26.830387983851686,C49,S
329.5435524570095,-4.613842161354975,-2.0456299247051994,"Reuchlin, Jonkheer. John George",male,2.59332084861998,-7.091136347591961,-3.403589603557208,C.A. 5547,33.66313946196564,,C
343.5218336451513,-4.920641659491361,1.3383562903135477,"Van Impe, Miss. Catharina",male,28.936236764917048,15.231589294551616,3.751062489292631,113784,269.85533695384333,,S
343.3601678661629,0.4325277096073089,1.8599110755212802,"Mayne, Mlle. Berthe Antonine (""Mrs de Villiers"")",female,25.16643487344925,-7.974376320078001,4.230867315139314,PC 17761,16.003725814423788,,S
346.06945142686345,1.635049343946574,2.965907899065992,"Thayer, Mrs. John Borland (Marian Longstreth Morris)",male,21.845192014339347,-5.2392010943491005,-2.237318191032409,113781,8.519555961121101,,S
353.08104840825604,-3.9626291522895722,13.032626535702011,"Pettersson, Miss. Ellen Natalia",male,41.28594635120683,-5.203004274207523,-2.130427851155327,376566,22.0563384077956,,S
335.68380861597626,1.132926706630493,-0.6188638927061767,"Turpin, Mrs. William John Robert (Dorothy Ann Wonnacott)",male,25.893196619190178,-7.483302383614402,0.12631415549195243,1601,11.24140419239172,,Q
344.0444828740445,3.852685180692427,4.111445095626798,"Faunthorpe, Mrs. Lizzie (Elizabeth Anne Wilkinson)",male,29.776358684975897,6.762969548782727,2.7133817328016443,PC 17483,11.654870843866739,,S
350.95453161396676,4.090953573326504,8.342310336221491,"Sjostedt, Mr. Ernst Adolf",female,,13.11223950541748,-0.0716700225595547,28665,23.286295402180382,,S
341.0920280027303,8.759400600612443,3.4900095704969143,"Myhrman, Mr. Pehr Fabian Oliver Malkolm",male,10.506179319136052,-1.3787455965630868,5.8699816887974325,STON/O2. 3101279,19.194552922404363,,S
357.37974524026754,6.384904160990217,14.689225595860826,"Olsen, Mr. Henry Margido",male,44.009641415394064,-6.602115734222051,-2.3096759463351497,364851,19.668015693772965,,S
352.84178306350327,-5.00645716378272,1.1098035413426164,"Carrau, Mr. Francisco M",male,19.189020344813756,-11.184627493630106,-6.641976027315549,S.C./PARIS 2079,10.468611301595097,,S
356.232919929217,8.417931047690113,2.620446111600235,"Rice, Master. Eric",male,,-1.2205435926105075,9.8848768405659,PC 17595,33.014846002106374,,S
350.14528169239105,-2.654882522778574,-0.9940287244649095,"Christy, Miss. Julie Rachel",male,15.066183364008351,-0.5818271158072192,-2.0231686827122317,4134,4.17017558270102,,Q
358.06881844983104,5.224364062272137,1.2423763242835344,"Slayter, Miss. Hilda Mary",female,28.67866680140082,-2.2564806318007227,-2.8422104185887367,370376,8.565019114046866,,C
360.3423577799452,0.33993313025544425,4.244669551983289,"Renouf, Mrs. Peter Henry (Lillian Jefferys)",male,,1.106876269881142,-0.32901660536092175,231945,5.8320211359689775,D7,S
357.16439010068586,-2.060746892284838,7.231520311538649,"Harper, Mrs. Henry Sleeper (Myna Haxtun)",male,23.79525430664771,1.9758657140774316,0.3359055482699059,W.E.P. 5734,15.222966694136904,E25,S
358.17200446349347,-8.038484298874664,2.595474170117871,"Emir, Mr. Farred Chehab",male,23.364778774316946,1.6154162896895032,-0.9334182124414143,SC/Paris 2163,57.994170863280345,,S
359.35171619640863,-0.857822551081741,8.29557424667368,"Chapman, Mr. Charles Henry",male,37.50082709752275,-1.580624359842436,-0.0871694847450452,226875,13.10154003280203,,S
354.6832736763031,-6.796916176528045,2.525173447036641,"Laroche, Mrs. Joseph (Juliette Marie Louise Lafargue)",male,,-5.508109147871309,-0.19881115714086978,PC 17758,2.904527780918354,,S
359.26235659879825,5.836496179213862,1.3391573508049732,"Spencer, Mrs. William Augustus (Marie Eugenie)",male,,3.329165489033579,0.8740966351040348,Fa 265302,9.013565090063686,,S
360.2373873377382,7.583963285696241,16.519925536396933,"Graham, Mr. George Edward",female,41.78564338135661,1.0625687971076523,-7.787437294936581,349208,32.96406852597686,A23,S
363.91696932176745,-3.9845549464834513,3.971188247210154,"Herman, Mrs. Samuel (Jane Laver)",male,34.45791809688736,5.4417876241732515,9.404381535039247,248727,29.874396282349924,,C
367.99912123455147,1.5098537125963558,-0.5974077298927383,"Andersson, Miss. Sigrid Elisabeth",male,47.43409273574642,3.9503777473611565,0.2635584323272123,PC 17756,15.287875848166795,,C
358.70731959010794,-3.6269576100398773,-0.47131881124034436,"McGovern, Miss. Mary",male,35.69555869880796,-7.108810345235578,2.9031130972349266,SC/PARIS 2131,3.0652117335939697,,Q
364.3749548484021,-3.142423650683948,-1.7133995726567024,"Goodwin, Miss. Lillian Amy",male,,-6.171111037288016,-6.890506707670121,112050,19.835909070560064,,C
373.40727773829485,3.8724735193268565,7.682846779283939,"Farrell, Mr. James",male,25.82574423614249,-3.777703593702642,-2.355001306246251,349223,-8.409524093720904,,S
363.2820588559372,0.8073086907829374,-0.8218864644662092,"Flynn, Mr. John",female,59.640007037801055,-4.2813270414533395,-3.361579331602073,W./C. 14258,77.16422854432572,,S
363.8887499135484,9.698240209655058,3.636812378282428,"Cleaver, Miss. Alice",male,,3.7762588798805035,7.3486188225427265,28551,20.080809904722994,,S
370.01153095915595,-1.411162393514605,2.6824566278086563,"Birkeland, Mr. Hans Martin Monsen",female,,1.7565483799395887,-2.929068034179414,382652,0.20813306334076476,,S
374.2219259524266,5.9966816623724455,4.657462039704673,"Carter, Rev. Ernest Courtenay",female,19.55098005325795,5.495919968926554,3.7903999347004564,349249,68.09315272649317,,S
371.0571302778033,1.48706706478891,-3.2337204644201005,"Rogers, Mr. William John",female,22.538764556173067,2.9824340870545916,-3.252102263365976,CA. 2343,55.402145049376365,,S
378.64480295218493,3.978890048721166,-2.377861430715077,"Bidois, Miss. Rosalie",male,19.00425148637965,2.043247909366845,-2.2630946982697204,29104,4.182885929717115,,S
377.2839699128326,-2.2357882866497336,4.121486535907971,"Horgan, Mr. John",male,17.132430014095764,5.998648901720852,-1.2277508260034298,230080,13.231871212794898,,S
378.2091003344503,-0.24779418775791356,4.004796423499485,"Perkin, Mr. John Henry",male,24.426516415315703,2.3486366986752425,6.4192256341465015,343120,137.9955550717765,D36,S
377.7705825066205,-0.5774943964946737,4.662661565488204,"Maioni, Miss. Roberta",female,5.6142188037451515,3.3405048171885943,-8.449263295150592,112058,21.836501862736597,,S
387.6382655017304,-3.180285574228936,-3.0472686454866382,"Mellinger, Miss. Madeleine Violet",female,,8.402265169653427,-6.578317776372163,349244,86.1571628058464,E34,S
375.9741915556698,4.310407672908763,6.3874242104569685,"Palsson, Master. Gosta Leonard",male,29.117797361325167,0.5759044157639502,-9.736525828449084,236171,7.333753545358711,,S
367.98238853966745,3.251245027891821,-2.719304635478171,"Cavendish, Mr. Tyrell William",female,31.979293621861803,-1.5217030245896082,-3.4375105988072514,218629,227.39932244411756,,S
387.0212718075857,2.9677734745278332,0.3923067760680832,"Backstrom, Mrs. Karl Alfred (Maria Mathilda Gustafsson)",male,15.328804679260202,-4.189116293888248,-4.058000255960536,347088,4.769234668283706,E8,S
377.7115028452159,7.684828269588223,-1.7197676236100108,"Jarvis, Mr. John Denzil",male,14.482327767118639,3.5151272952270562,-8.072406270451944,345774,8.751410492448523,,S
381.5394022217152,8.246724006181518,7.505791743260154,"Ford, Miss. Robina Maggie ""Ruby""",female,41.621142617700876,6.185252709212344,-3.6707387330733448,370371,218.97265975213364,,C
388.54775342430264,-0.8747234492456768,6.167107705136746,"Simonius-Blumer, Col. Oberst Alfons",male,-1.2558767861970725,-0.25293700716715034,-8.073572404667075,312993,13.02444836348288,,S
374.9887022947054,1.8652615921708913,6.024966878394366,"Odahl, Mr. Nils Martin",male,26.308366365195287,6.539578118899193,-5.089943618838406,C.A. 33112,13.661888408999047,,S
377.7417639294693,-2.1180034462910635,7.236057105712252,"Natsch, Mr. Charles H",male,32.791541029135026,-8.85007515985788,6.0021019995510025,STON/O2. 3101290,45.322715748200636,C62 C64,S
376.9936103144057,0.11677658057277729,17.063246241193617,"White, Mr. Richard Frasar",male,,-0.277266874039574,2.0179403514055143,347078,-2.8919858715097737,,S
382.02931854987287,-2.998747245594324,-6.546130519550777,"Heininen, Miss. Wendla Maria",female,14.64076130119397,-0.20047456052218096,0.9373383608626386,244252,73.66157735593788,,S
389.198183030085,8.100351545680255,-0.6918829043855403,"Dowdell, Miss. Elizabeth",female,-0.5789474307750282,1.365028137963265,-3.0138927813955725,C.A. 37671,53.75372253737489,,S
390.62093921406387,2.818490751714814,-1.0808754208726192,"Lobb, Mrs. William Arthur (Cordelia K Stanlick)",male,41.89225425159165,11.919305189909366,-7.680424795223621,PP 9549,13.211906143480629,,C
390.38137089664275,-1.0901456405221106,-1.2540981119134642,"Connolly, Miss. Kate",male,,-0.33096316344380583,-5.6957803776714035,350029,6.048576986868282,,S
382.93617058053815,6.968092859281885,-3.387916238018563,"van Melkebeke, Mr. Philemon",male,29.359045380277347,-2.0386538580221663,-0.21604913448007493,C.A. 33112,2.7075603112951008,,S
379.4494828168368,-9.853077048977058,-0.4982653202768281,"Nicholls, Mr. Joseph Charles",male,36.85254093009824,1.1298105671675251,6.340883898633342,113783,122.26127061351097,,S
392.2717679269519,-9.070512974326448,-3.0830185764470244,"Richards, Master. William Rowe",male,19.54967113031374,-10.014068692629149,4.511837085676602,244310,11.102175544415225,,C
390.64111983180834,3.9791932760988695,4.6752118376870655,"West, Mrs. Edwy Arthur (Ada Mary Worth)",male,28.020664413274332,-1.7993396267245756,3.1530618124166647,A/5. 851,-0.9836624955055013,C124,S
396.29692885858304,1.3023422405868403,1.2584916071430732,"Mernagh, Mr. Robert",male,24.2824598922177,5.916199847227021,-3.6877843203397207,335097,118.94766224348609,,S
398.50976813110634,2.252231501303803,5.405143323818276,"Yousseff, Mr. Gerious",male,26.176269785855318,-3.1447267746638734,2.1227491620199403,349214,20.528477629460546,,S
396.6912071602934,-6.631980516592744,5.538642258191262,"Morrow, Mr. Thomas Rowan",male,32.383556629295114,-4.144375814001357,-1.6067126501862294,PC 17755,13.457379712736728,,S
400.8006654268793,-0.11616855425183101,6.015034267133382,"Rothschild, Mrs. Martin (Elizabeth L. Barrett)",male,26.773397675112157,6.5476281825720015,-1.0059488174737514,250649,10.77182545916671,,S
399.14605687057536,10.01754705200671,0.1329553158805883,"Richard, Mr. Emile",male,50.295230290888675,6.7012720047591445,10.185639484799065,2653,29.268413544056592,C104,S
401.65032352800733,4.120998098979315,12.605717013168336,"Beane, Mr. Edward",male,24.03875298807062,2.5849523608057092,-8.810001185018063,1601,13.103604493508694,,S
396.4766336856506,1.8485327257140605,3.172155582410489,"Smith, Miss. Marion Elsie",male,20.144511287146912,-2.2755866701933365,-1.1733840796113042,A/5. 13032,16.992361607505977,,S
400.1019429308427,-1.1952695505246882,-6.3124237631239755,"Hale, Mr. Reginald",male,42.853493910473816,-1.1973553255816176,6.058744535980783,110813,-1.1687888456195923,,C
402.9838804832848,-1.9728642593469692,-2.0118787288310873,"Lefebre, Master. Henry Forbes",male,32.338117804019525,-4.020749807874795,-7.3294574751676915,CA 2144,0.5447028318924279,B22,
407.1026423770871,-10.645989446000089,-5.702514945139079,"Pavlovic, Mr. Stefo",female,16.71411798111285,-3.9738655951432245,-3.218737126331252,364849,6.144960499051141,,S
402.0312941388771,1.2882021046058028,3.086673145756537,"Madigan, Miss. Margaret ""Maggie""",female,27.955330660540145,-4.222082441542161,-2.6451924878381976,STON/O2. 3101271,15.200899141637233,,Q
407.60583627866055,4.22741554240927,2.3909738797333318,"LeRoy, Miss. Bertha",female,11.373228689961483,-3.0902720339260377,-1.1164486102699225,2697,10.603184616540897,,S
404.6708060404231,-7.878096635853076,-0.34212848949728913,"Sandstrom, Mrs. Hjalmar (Agnes Charlotta Bengtsson)",male,27.705967701578317,-4.173604953423725,-7.979785798031086,248738,22.62340826614425,,S
406.41228916335933,-3.30708446153408,13.054630562002572,"de Pelsmaeker, Mr. Alfons",male,56.24014788808626,-7.818525592715745,2.976430301690197,4133,13.335529057280157,,S
412.14759521012036,-4.7873231611671105,4.744914370384555,"Sivic, Mr. Husein",female,0.6679174699628274,2.0970133487695284,4.33143641256572,17463,24.492476492901755,D50,S
399.03469814472925,-4.8267559740438175,6.630491807231673,"Sage, Miss. Dorothy Edith ""Dolly""",female,15.455985125309804,1.1729779044671853,2.5418766250897384,364511,3.413074458531036,,S
403.5176383596262,0.2674081341095011,-1.655367439710516,"Jonsson, Mr. Carl",male,,11.503963792141583,-3.3518683714554065,2672,26.659580550252358,,S
403.5890730127859,-10.422010774942372,-1.9957244566550614,"Moore, Mr. Leonard Charles",female,,-3.341691841773513,0.4325539539364756,349248,3.656642261390809,,S
400.33191940075847,3.0713521917853197,3.1840274954847736,"Thorneycroft, Mrs. Percival (Florence Kate White)",male,,1.480502948116353,-4.497201197845437,248733,5.917064808232166,,Q
409.6086777992241,4.769275349668411,1.8650356982611291,"Nicola-Yarred, Master. Elias",female,36.696630128374515,2.5635628963740085,-1.6629833038575634,2668,91.60895684524247,E121,S
417.7471694986387,-1.2555129401845624,-7.2815578355722845,"Smart, Mr. John Montgomery",female,,-1.2691878056276653,10.76733963585439,111427,-17.043560382358454,,S
413.57557966808713,-11.403542549922708,2.0984648857523296,"Cardeza, Mr. Thomas Drake Martinez",male,39.47317393659084,3.721667943748381,0.47847688798127985,113572,19.98122019819842,,S
416.9889504097093,-4.982093130011948,3.070360414367524,"Novel, Mr. Mansouer",male,,3.876145934253572,-5.937632879935867,1601,10.882043386987377,,C
422.446087483554,7.164509670513483,0.9242541711443553,"Wright, Mr. George",female,38.84704895374102,2.6370554759877,1.9016767033195694,S.C./PARIS 2079,29.52148362293297,,S
424.6384306613385,-12.889971403642862,-2.0669520617333816,"Henry, Miss. Delia",male,24.190801507449248,-1.2781985252389778,-4.758979630316548,36864,22.63684877615114,,S
418.6543103263693,-1.737617060967596,-0.6976759096057004,"O'Dwyer, Miss. Ellen ""Nellie""",female,26.674691398191886,-1.7876505427726752,-5.995051962575059,A/5. 3337,11.262844147569028,,S
426.767929447847,-5.900003892336295,2.11570403213602,"Hosono, Mr. Masabumi",male,14.686884834598239,-6.838769493985296,-3.2056156797439543,349245,24.812596929140287,,S
421.46063329217054,4.022851507924183,3.4540001180502387,"Crease, Mr. Ernest James",male,,-4.029588893088459,-2.2215472609784177,2691,5.460220948011864,,S
417.8130088808627,-3.375569760717307,6.02395791275284,"Trout, Mrs. William H (Jessie L)",male,30.131046734534,-3.1100376195084394,4.684844977946008,F.C.C. 13529,15.993259187216697,,S
420.0279982390063,2.0197701036780575,8.404281024754356,"Gustafsson, Mr. Alfred Ossian",male,23.33114487290136,-5.619858812147171,2.891990990084196,113028,7.350076468470598,,S
416.5973174371749,2.8273020958454653,1.528261382363751,"Saalfeld, Mr. Adolphe",male,34.642394053958654,3.1996198334383212,3.6149766412366415,P/PP 3381,15.147420503697546,,C
420.5593307313317,9.1811291986501,0.7192190194232109,"Osen, Mr. Olaf Elon",female,14.717569465906381,6.98313934493505,-4.494622827952712,PC 17572,26.23141076512723,,S
424.20991655962786,-1.0147097183768512,5.188278367671531,"Danoff, Mr. Yoto",male,,-4.54031216164575,-2.7065717771782434,CA. 2343,10.175697287305383,,S
431.017925096893,2.880221848113057,5.054224582054271,"Osman, Mrs. Mara",female,30.956603644262422,2.417207178723186,1.3600055344159419,C.A./SOTON 34068,25.72825967432964,,Q
436.60384915582995,-6.425277395637179,-0.17100216629442766,"Ford, Miss. Doolina Margaret ""Daisy""",male,13.91991735295889,-5.170555697648551,-3.1415999269420647,362316,31.551954861787316,D17,S
422.0890924231148,5.95206781646872,6.951967384830861,"Andersson, Miss. Erna Alexandra",male,,-1.5246108546958106,-1.391832201505492,349236,20.44241614713976,,S
431.9641373412996,-2.8025442403568235,7.897926705779866,"Sirota, Mr. Maurice",male,35.90590602611871,-3.451647895888879,2.2067934626497476,SOTON/O2 3101272,9.637052243997108,,S
425.79728030421234,-1.8037708204387277,7.458432328293365,"Balkic, Mr. Cerin",female,33.26322208807781,3.0094782430322073,-1.74386340600651,376564,27.133800439362833,F33,S
434.373485442316,0.8887610257539463,11.891604533599113,"Alexander, Mr. William",female,,-2.3939408692108914,1.1302979455101263,19988,16.95313541809541,,S
432.3445667465614,-6.814421726699248,-2.3320806932971943,"Goodwin, Mrs. Frederick (Augusta Tyler)",male,42.22329140481733,6.058302068533234,7.963642280097842,PC 17757,32.55214750415759,,S
424.84547087076237,1.14385014464469,3.069491046662556,"Jussila, Miss. Mari Aina",male,20.791765163220326,-1.2286038683109952,-0.8592939949349877,250644,4.129011324835388,D6,S
439.6414849578424,4.8373313646250535,1.0563884830933008,"Hansen, Mr. Henrik Juul",male,50.6589921350541,-2.248018547974154,5.896689048596031,347063,54.50841220144169,A19,S
432.97499643595637,2.4646691174864577,0.509632157337462,"Angle, Mrs. William A (Florence ""Mary"" Agnes Hughes)",female,7.532475703308121,-5.266526311725816,4.7968503365367905,C 4001,112.31278525436679,D,S
434.33049880813223,-7.944487820893626,-0.2463145980506809,"Elias, Mr. Tannous",male,16.935129876799095,3.266022551476749,-5.336209967433833,PC 17755,28.45566068680013,,S
432.65123794355156,0.38095352835170215,-5.427810016155357,"Bonnell, Miss. Elizabeth",male,25.175599715758324,6.476092011130901,-2.5106851463176207,370129,16.16099998651015,C68,S
435.7285836165622,3.7101445148974532,1.463397230145019,"Panula, Mr. Ernesti Arvid",female,70.07741208248846,2.366606282684371,-0.1679794153494818,237736,262.7203150296979,,S
442.1394522034746,-9.389943829829539,-1.8417782977395625,"Green, Mr. George Henry",male,39.079912120810235,11.194158332072119,-4.274174584663917,A4. 54510,19.345416628850597,,S
440.05377829531795,-4.373830069088569,2.429967403738125,"Dooley, Mr. Patrick",male,48.89764710385725,8.14893726235209,0.548551269465929,113800,28.929964024626123,,S
443.6433100114124,4.3827180204076,-0.9702177084942667,"Thomas, Master. Assad Alexander",male,21.43645380518182,-1.537638823585078,3.0732202404091113,F.C.C. 13528,4.939607449051031,,S
444.8096092696442,1.3504771709864327,-2.498291729221707,"Baxter, Mrs. James (Helene DeLaudeniere Chaput)",male,28.744069429912386,-0.5901371690353463,6.275792083523614,312991,4.135097573179424,B79,S
450.60330827764085,3.0598579106337693,3.171491801884488,"Hood, Mr. Ambrose Jr",female,24.66624574896572,2.3484835974267657,1.5408754436254113,3101277,19.87374341615327,C106,S
443.2860692456781,10.297474038116558,3.75460763403248,"Mineff, Mr. Ivan",female,,-4.190095902128426,-2.228397780266049,2665,13.745551743145963,B28,S
438.61571091577133,3.342763892531013,3.8964098566046648,"Keane, Mr. Andrew ""Andy""",male,-0.1206536066973829,5.831441532662433,-8.41120621814937,349246,81.99904955112102,,S
452.3361120828599,4.289440052165897,12.929318832088127,"Mallet, Mr. Albert",female,6.756286946461442,1.8080026092179184,1.3529478770866898,SC/PARIS 2146,17.287367672305837,,C
446.34255913951375,14.55372763609163,2.386447656054234,"Hocking, Mrs. Elizabeth (Eliza Needs)",male,35.667745058181026,1.282294554292664,0.12885096847495645,250652,32.174664178523216,,S
454.5729622228869,-0.06902279045245363,5.425408835320647,"Minahan, Dr. William Edward",male,5.927566532923718,5.434768338854082,1.9146437676947885,S.P. 3464,14.291664366376565,,S
451.91688556591237,-2.9894138180924754,-4.387806644336627,"Pears, Mr. Thomas Clinton",male,55.438262422545066,8.614149416845295,10.531201488516665,35281,32.46015199028761,,S
450.3443123489833,2.1389819912356636,-4.434537202681873,"Larsson, Mr. Bengt Edvin",male,38.730559154462235,1.8547767609375259,8.20298273096536,364848,39.11329495446665,,S
453.7438794702315,2.1949551469444746,10.914147233866668,"Lester, Mr. James",male,,0.4347981456430783,3.925304591249929,19950,20.993478411257286,,C
462.7550628006315,-2.633576959731041,-3.6173988996665187,"Ilmakangas, Miss. Pieta Sofia",male,32.783083328387775,7.543598116612892,-4.810385650357999,17464,23.87195260369198,,S
464.38490264526877,-4.161985097774238,-4.219720357343211,"Moran, Mr. James",male,48.78658451886262,5.837752079955677,-2.5649737459837176,LINE,91.1560435133577,,C
455.3469056756639,11.54922211045039,2.804505393917235,"Sedgwick, Mr. Charles Frederick Waddington",male,,-1.6048992019186115,-0.4742230346425108,PC 17608,5.699956404923263,,S
456.8009529665854,2.634217351940115,2.549037933113058,"Klaber, Mr. Herman",male,25.369277986568203,0.025932243295100427,-3.877035620051768,3101265,0.9252207812329276,C83,C
462.3812007873319,-3.6614269070103784,-3.5125325322164587,"Strandberg, Miss. Ida Sofia",male,66.84852962819565,0.9769045796939929,2.5023226249255903,223596,30.055180134360533,,S
453.77169483616325,5.5796515113979925,-0.5248660935655001,"Nysveen, Mr. Johan Hansen",male,,2.8090647230249144,1.7845442460785228,28403,57.45167200274861,,S
460.6653518630913,0.45427424219332746,8.146878588250521,"Ohman, Miss. Velin",male,46.65159285963898,-6.78299925469557,-5.4415389652734625,347742,8.945466639637136,,S
459.87068576023074,-1.2644072315891564,-1.0299680441589878,"Vestrom, Miss. Hulda Amanda Adolfina",male,,-7.712423039007801,5.984083545480622,343275,5.863821629518633,,S
462.5695410572878,3.811364359572466,-5.968362421830858,"Abbing, Mr. Anthony",male,44.8819874518532,-4.436950110012269,0.5115516690443015,2667,21.742173044390853,,S
457.83315597025296,-6.45941134115845,7.7129681044989615,"Astor, Mrs. John Jacob (Madeleine Talmadge Force)",male,31.367466517419427,-4.823692215056711,-8.645355733711256,PC 17599,7.300321997662167,,S
455.05216253345515,1.763136019585862,3.4614845596901835,"Attalah, Miss. Malake",female,41.375353224489224,-3.219120069862513,-0.2567142917248473,349212,35.688158085384046,,S
453.6350828200435,9.564774038658761,-1.1025931032433078,"Shelley, Mrs. William (Imanita Parrish Hall)",male,54.328874625832775,3.1735532104500215,1.4060322796145241,343095,7.944836566483723,C50,Q
459.41307943505194,2.3308883109865537,-4.910835080634589,"Cunningham, Mr. Alfred Fleming",male,,-0.8446457816236917,4.863961807178702,11751,17.51084415199803,F2,S
463.70662357530335,-1.8810605189173224,-0.7231167821928155,"Bissette, Miss. Amelia",female,40.68716927113668,0.9819730250509413,-1.6873820156330814,17453,9.382464083747536,,S
465.5340420667562,-2.53552640214121,1.7264778157536433,"Dakic, Mr. Branko",male,,-6.121517050211308,4.139691337236036,A/4 45380,2.8619755401467617,,S
477.6861558121476,-2.0516998667255466,6.828360449419096,"Lindell, Mr. Edvard Bengtsson",male,55.05377151715804,-2.308211014604726,0.9357099338510786,248747,30.966997844662135,,S
474.5299668495365,-1.2698133902389053,-2.182909874348285,"Goldschmidt, Mr. George B",male,,2.936288308724202,-6.575273045187897,C.A. 34651,11.580181083799026,,S
465.18954441829186,-0.8890326637913599,2.5774005924426326,"Rekic, Mr. Tido",male,-0.387647076816102,4.974762290884009,-6.075833867412569,363291,17.192750236016423,C23 C25 C27,S
472.7385422622548,4.5815572053728335,6.37572329947449,"Andrews, Miss. Kornelia Theodosia",female,,-3.6228691409395397,5.6127993507467435,C 7075,8.612763114857335,B101,Q
469.9646088182484,-8.666045516044916,-8.906336700609604,"Petroff, Mr. Pastcho (""Pentcho"")",male,36.011110430298956,0.8083119318977681,5.979920891908845,112379,7.317347578696698,,S
471.5781808097995,5.31000025206067,7.168930839694498,"Smith, Mr. Thomas",male,34.86162780030153,11.994239267411661,3.614546152023615,367229,29.9423181238833,,S
474.9266282470769,-0.8984326257128057,-3.9122528610321865,"Baclini, Miss. Marie Catherine",female,27.178074639431223,-0.08798964627819068,7.478533605900143,230434,15.500154429790822,,S
478.095855584877,1.8847389284768612,4.659977467284673,"McNamee, Mr. Neal",male,21.43041803473458,-3.4659347307122266,5.2830492452080335,PC 17609,7.9241986956789905,,S
474.3037075805799,-5.634939551004319,2.2334157480537202,"Long, Mr. Milton Clyde",male,,-0.8688119468108012,3.4181436473986055,A/5 21172,45.353506385391,D45,S
482.3192576636718,6.64315533424718,7.422931957319225,"Palsson, Mrs. Nils (Alma Cornelia Berglund)",male,35.19574642316731,1.4608855376341652,-4.55655744366836,244252,21.73118528482754,,S
472.29030886928797,6.228174800859366,5.754621904467702,"Banfield, Mr. Frederick James",male,30.352426930550997,0.24415809654725307,8.657143755161718,349240,6.024452560963505,C110,S
479.03169531181135,4.797952628750368,-8.886452458649906,"Lievens, Mr. Rene Aime",male,17.455011527431413,-0.15677350338250895,2.681507161041365,349254,-1.9310612385437915,,C
492.9883686329792,-6.573773878967697,-0.9238962357799565,"Taussig, Mrs. Emil (Tillie Mandelbaum)",male,4.092495372751922,-7.217233984684198,-0.9291938730581082,A/4. 39886,14.825808844443587,E63,S
482.11539871312635,4.1456053553302645,3.6910256467664,"Cacic, Miss. Marija",female,8.329863895953173,0.18684762457024373,-1.3413500265264902,3411,51.72671056121388,C126,C
489.16607253303084,2.0242754381785444,1.0251005694010653,"Stahelin-Maeglin, Dr. Max",female,,-0.7466761853574877,1.2839189075692845,364516,12.641782376044752,,C
483.45760089086605,-8.026356235662838,5.388053648783853,"Adahl, Mr. Mauritz Nils Martin",female,46.11762795925818,-0.8263398501121835,-8.355295424192274,113781,6.094012483396695,,S
486.903885476649,0.8785130811459225,6.946832778348527,"White, Mr. Percival Wayland",male,76.35881689878343,-2.830946374300003,3.498366376764313,345764,6.893940517254662,,C
484.71608402803656,2.8226724451663125,4.042258682148395,"Kassem, Mr. Fared",female,23.682613749104824,0.11493206961781532,-4.767854073470134,342826,85.53209484780379,,C
485.147962094179,2.780376369115754,1.928625287227674,"Sinkkonen, Miss. Anna",female,,3.305074277071027,2.8530405441214337,113043,26.509909532435035,,C
483.1025880163729,1.8863068347442786,-8.231685055602401,"Brown, Mr. Thomas William Solomon",male,31.50889270133714,5.447067282622626,-2.6081016867907976,SC 1748,91.01159090279178,,C
490.1515067947878,1.4561570842368985,-1.2774062442740863,"Cribb, Mr. John Hatfield",male,57.74216080261893,-0.4960586761302544,-1.3220935636235183,PC 17611,25.643518326066253,,S
484.7423140540712,7.368056961265478,5.081840740694776,"Stoytcheff, Mr. Ilia",female,32.73333516308242,1.9955160264912661,-3.7845493638253243,365226,7.1753505899808,,S
493.32792618156714,7.130169549553399,-2.452236262752388,"Nirva, Mr. Iisakki Antino Aijo",female,11.773982608626568,-1.7080015071696053,0.19385284409599235,693,6.006671665553217,,S
496.42643502222955,-14.335274768913717,6.156373650607882,"Richards, Mrs. Sidney (Emily Hocking)",male,,3.8604786179924098,9.44689773008677,113760,24.59858373916623,B3,S
493.83265703618616,-1.5871927741884102,7.541966486336523,"Jacobsohn, Mr. Sidney Samuel",female,17.775698466813353,1.8786514880617835,6.925298135243203,28664,3.396603701639166,,S
491.56875633222154,-0.8232551377197563,1.6343348814792127,"Cacic, Mr. Luka",male,56.702202217507725,4.329085015899097,1.7723947749772835,350034,30.326718242935105,,S
496.26982789654346,-8.760492863634855,-14.31889933156198,"Harris, Mrs. Henry Birkhardt (Irene Wallach)",male,66.6197026794471,3.5673023122224388,-0.12647132782476184,244367,42.370732893511104,E121,S
493.45663472226795,0.47091529116156083,-3.3904418135590166,"Ling, Mr. Lee",female,17.90178508492994,2.9436781144057305,4.2210059534644255,315082,5.138232002692134,,S
500.6777356273258,6.243788862052533,12.430945792780408,"Giles, Mr. Frederick Edward",male,,-0.4920870432889013,5.6498519705377825,35851,13.060344232412364,,Q
487.8429695789244,-4.432839297952952,-1.73268896514189,"Padro y Manent, Mr. Julian",female,48.05805572700865,2.2246961352223407,-4.1490919110376465,250651,78.21024576519585,,C
496.3219631594068,1.6820046934493615,-6.92071611564498,"Moraweck, Dr. Ernest",male,,5.317544642257632,-0.387194338161011,13568,17.49866257761256,,S
489.04594002438,-4.579117386482189,7.176236941551362,"Blackwell, Mr. Stephen Weart",male,28.443058504894438,-2.260372847013972,-7.109791147840401,A./5. 2152,158.74537541743112,,S
492.524695848864,-3.359560118398384,3.0667779577183643,"Eitemiller, Mr. George Floyd",female,28.88332684989065,-3.1420388934843277,5.6155105513044745,323592,11.459354713846782,,S
507.81931114906956,7.386968170850175,8.524702444788627,"Pernot, Mr. Rene",male,17.19656533012148,0.9071569897518099,10.325121288504278,345773,13.473322715731225,,S
506.4759249098584,-2.712789100559125,4.384793376096827,"Turkula, Mrs. (Hedwig)",female,24.884038494325733,2.0763984513272673,0.40041312311542754,13049,14.980520549715692,,S
499.40259883357606,2.3110624450531234,5.292795681060844,"Aks, Mrs. Sam (Leah Rosen)",male,,-4.120532496320022,-10.625050624515083,28206,10.477739407613488,G6,S
496.48748271979554,-9.356090580304935,4.815046238572583,"Torber, Mr. Ernst William",male,41.31543759022678,-0.3738128170665418,3.0444525828851554,65306,9.403964021905024,,S
490.17735581079177,10.311587806974401,4.487441559605,"Skoog, Mrs. William (Anna Bernhardina Karlsson)",male,16.88559915002515,-0.46999387114392394,-4.520445830745402,248738,91.54555953127527,,S
503.28252246033685,3.0132622315324946,12.387152242780491,"Funk, Miss. Annie Clemmer",female,21.13554800074583,-10.076400578017353,-3.3167472083222997,W./C. 6608,114.2650464298083,E24,S
519.102075061237,0.08750078674869166,6.855031679795941,"Jensen, Mr. Svend Lauritz",male,34.90011649524307,-1.0979699462937986,5.132881948955019,237668,29.242829189830175,B86,S
510.17442135731824,3.877732549999474,-6.901696589227675,"Barbara, Miss. Saiide",female,,-0.7865891642423315,1.272770627563622,363291,19.276862014819486,C123,S
506.20213856975255,-7.049097144739052,5.233307576394517,"Richards, Master. George Sibley",female,20.509801123044767,-0.8014647141150957,-2.4405438766930083,19877,18.31769923452676,,S
512.3254010475015,6.912653708763286,8.70740384051609,"Hendekovic, Mr. Ignjac",male,22.439729169085183,7.079571372886341,-3.248028163008322,35273,55.12152947984758,,C
503.1952082350278,-0.6199238774821509,9.01350403268073,"Braund, Mr. Lewis Richard",female,31.82458640636456,-6.078991492544377,0.6291802761041637,349239,11.648105103679496,,S
510.5133831865118,-1.0203475752421736,0.8669750847045021,"Keefe, Mr. Arthur",male,,-4.123112856023063,-2.0473277625618373,110465,7.943267904647202,,S
513.4973873650787,-1.458278074827422,6.824722225940638,"Slemen, Mr. Richard James",female,29.160288613090685,-13.06097899159667,-5.5461856680150365,349205,31.971843167252818,,S
513.5694967408948,-1.9032570137279237,5.638711997756026,"Sage, Mr. George John Jr",male,49.094503162658924,-1.4045833308707034,-1.6628159073918003,343276,65.9761831437214,,S
518.9540306084504,3.473353058142043,15.86258718484865,"Andersson, Miss. Ingeborg Constanzia",male,20.383821570295805,-1.9782177706300046,1.6979631162759206,31028,13.491652343386031,E58,C
517.7232261311802,1.2795342505211145,-2.7500086812425577,"Andersen-Jensen, Miss. Carla Christine Nielsine",male,45.21347469866592,-2.549885881671281,-0.8905173340981667,371362,40.04850282240143,,C
520.34163009054,4.2587407070152,-0.5370028820021262,"Barah, Mr. Hanna Assi",female,27.189745845736738,5.5383866974188,-7.067542991240926,C.A. 6212,5.315030476706409,,S
514.5581385888462,-0.04397344742785726,1.4694047577002305,"Rice, Mrs. William (Margaret Norton)",male,,4.303087611684816,4.945323106877697,345763,26.56317749727888,,S
523.4890770420527,3.5659990553859053,-0.45111075019387625,"Svensson, Mr. Johan",male,31.890823517962232,1.3892836213365207,-13.694057184716668,2699,22.962354795222918,,S
528.14468473812,-2.094243719625192,-1.450103748818015,"Williams, Mr. Leslie",male,32.43126918112503,-1.8530652676993111,-2.231825775142176,347464,-0.34953165679599163,,C
516.149252401743,12.148659207047743,-12.813377528368715,"Hedman, Mr. Oskar Arvid",male,24.097028301232548,5.130948340534319,-3.100992272769579,13213,92.06264433972082,,S
517.5615217214272,-7.839652082152493,0.8265026313843293,"Lefebre, Miss. Ida",male,21.42098245014117,-0.09878929917925815,0.7408943893570742,C.A. 24580,14.519484828136257,,C
529.6789216816012,6.304686617814922,4.846790298499522,"Cameron, Miss. Clear Annie",male,,-4.091350194592289,2.808309039013677,W/C 14208,9.528710050592316,,S
523.0432800665247,7.8395372536048535,-1.4661092275295533,"Barkworth, Mr. Algernon Henry Wilson",female,37.49110131293245,-8.581243387422758,6.633824041305177,113786,68.06824685802945,B41,Q
532.0191069603328,-4.260794029827969,12.676905917645549,"Jacobsohn, Mrs. Sidney Samuel (Amy Frances Christy)",male,,-2.2065724694784135,-3.562024366760801,347074,8.115350726340557,D47,S
523.7873214405391,11.146368052779867,3.066879063579313,"Abelson, Mr. Samuel",male,45.62378366875386,3.7732180858630433,2.932911686667409,36209,19.989013767964536,,C
534.2752278813535,5.977451414726591,8.455145275920678,"Yasbeck, Mr. Antoni",male,47.90865804818095,11.382693447715448,0.9790919394073055,350407,11.387606127585256,,S
528.6574290840273,4.855695034114557,2.307102063649842,"Johansson, Mr. Gustaf Joel",male,,0.3080517309473796,-8.557696875916116,695,221.89160148076868,,S
530.2911441166135,0.14011093512938344,7.13203654946629,"Gronnestad, Mr. Daniel Danielsen",female,44.81747907153237,-3.8267775756015214,9.502701277170548,113776,1.5280495603925184,,S
537.8235901083495,-1.0861307910933822,3.3962077696678112,"Mangan, Miss. Mary",male,21.468989605142262,-3.9248260414210696,-6.193875636200997,370129,17.05281370146384,,S
529.1911476127791,-0.047044135198040626,8.843923159517814,"Beckwith, Mr. Richard Leonard",female,7.522475126027839,3.759774481527994,3.0974863615485746,239856,23.489374355297606,A16,C
527.2943895203753,1.952652981597586,3.2796967506620036,"Ball, Mrs. (Ada E Hall)",female,,-8.823080261921342,1.9497997209887385,W./C. 6609,3.9939618029563646,,S
530.7571789598583,7.005931375169481,5.480603540443928,"Mannion, Miss. Margareth",male,15.285776735450817,3.751725507024441,2.378183911645386,C.A. 29566,13.635352818812859,E25,C
536.2616697532156,1.906571089307098,4.831664668250219,"Mionoff, Mr. Stoytcho",female,,4.0885580313145615,-0.47288441080803745,349207,28.149413343979788,,C
527.1712046390975,-4.557218115686451,1.5585727093634059,"Asplund, Master. Edvin Rojj Felix",female,31.60224756923019,2.1813972661643204,4.136263255702511,C.A. 17248,14.322756836053394,,S
539.1873545132556,5.1221353119248985,4.024911594623384,"Albimona, Mr. Nassef Cassem",female,12.10441410501237,-1.0983083596927872,-5.801837369715478,345364,24.439044329725093,B58 B60,C
534.3061434119113,4.605753731973961,12.17193123098841,"Markun, Mr. Johann",female,42.258272310674904,2.8247032677340727,-0.3291439433696146,363592,26.295120673473743,,S
543.7390633036678,4.27329764223893,-0.35198471047721,"Sivola, Mr. Antti Wilhelm",male,30.2060303339081,0.8546918556414997,-2.8193733827622927,347082,106.12572801152074,,S
527.0286984754977,3.727494532624913,5.097324464266242,"Harder, Mr. George Achilles",male,,-3.890619209302959,-3.386489710335158,13507,18.41259090336199,,S
536.0671711244792,-0.3546406507890405,7.288894754347214,"Collyer, Miss. Marjorie ""Lottie""",male,25.520740708198925,9.252061611875128,4.143738937267729,13502,57.26782334247115,,S
532.5676592438294,-3.644945835652898,6.701266404721402,"Johansson, Mr. Karl Johan",female,30.874104027779122,-1.7583968980525815,7.387392713598416,SOTON/OQ 392082,72.84073277599204,,S
537.8688526681802,-4.340967153203899,3.0585820885968262,"Roebling, Mr. Washington Augustus II",male,14.08488524118928,7.878761502249547,0.2837211908156696,370373,41.14945542678679,,S
544.2383295055447,-8.17731624228929,-8.916943514786809,"Weisz, Mrs. Leopold (Mathilde Francoise Pede)",female,13.331643860852083,-8.093071413478572,5.903405449628887,248740,35.7609720901653,,S
543.1038668727513,2.184743057729749,4.583514093242331,"Eklund, Mr. Hans Linus",male,25.41537463183527,7.382354413904645,0.2487033272229924,2666,24.82600302942791,C101,S
543.73311215526,-0.4172439161329681,-10.097371293115263,"Hagland, Mr. Konrad Mathias Reiersen",female,56.0413141274025,8.343818723272909,-4.463661046190043,29751,110.56855703064487,,S
545.2040756430997,-2.199938522648544,8.349686154706156,"Artagaveytia, Mr. Ramon",male,75.17046540398866,0.14916893563319109,-1.289760466205319,347087,34.52970139354387,D,C
548.0169412030997,-13.77809412172535,2.847369355966303,"Jonkoff, Mr. Lalio",male,24.00916984774704,3.7938551736887924,-1.4974294539580746,330935,35.99144491670667,,C
542.9573197902845,-5.236587348470844,6.998370099359945,"Uruchurtu, Don. Manuel E",male,,2.7925759080378136,-3.483299562527233,35273,19.796956722995404,,Q
552.5342482044953,5.604203257015834,-1.5105556909052558,"Harper, Rev. John",male,33.426856908012944,-2.2139178482036215,3.1424146432791686,370375,20.653372268289996,,S
553.3133298519274,-2.323130000315655,-5.762537366500272,"Watson, Mr. Ennis Hastings",male,-0.30752459869255055,3.7356115271967014,2.1732309385237962,110564,35.6665337297204,,S
552.9251896882805,2.802958388284207,2.3037719207058363,"Coelho, Mr. Domingos Fernandeo",male,7.779397744162376,-4.043152349362777,-5.95324849134709,PC 17485,113.76364751780696,,S
554.7826672137563,-6.953427149876282,1.8319828002192902,"Graham, Miss. Margaret Edith",female,28.27541021933879,-3.0437846182266304,-8.257629976196789,17474,34.36987247635523,,S
554.4820900040432,7.193527411796156,0.5422958692141715,"Goldsmith, Mr. Frank John",female,,5.634715716061494,2.123422266028772,347077,9.998045611072257,,C
564.1753665136554,0.279861699726618,3.423306403663819,"Attalah, Mr. Sleiman",male,17.427118608363244,4.873288453501013,-4.076432143972673,CA 2144,9.497659359344054,,C
554.5645291447374,2.450201982417676,16.837179460161302,"Markoff, Mr. Marin",male,21.686266580156623,-3.531877510578963,1.5102057755016198,2683,8.031989271585461,E12,S
554.4645839083271,11.628898959408424,5.172627736845288,"Woolner, Mr. Hugh",female,65.07792643930644,-3.667881717505203,3.9046578905459417,349909,24.910544686843938,,C
553.2323620982131,8.582200502947018,6.247493029316594,"Bracken, Mr. James H",female,40.73621226618926,-2.2279830122883606,-6.354764187027796,PC 17477,38.78932746678041,,S
552.8386866471108,-1.5328281064352889,5.219684457766778,"Robbins, Mr. Victor",male,,3.663197832327454,-7.057686272880925,113503,228.20212992622766,B18,S
552.7776410619946,-1.966100924351796,8.397310719260965,"Brewe, Dr. Arthur Jackson",male,46.54935341560157,-3.999923904051985,9.372158411976475,349257,88.24049998119912,,S
555.5560134338455,-0.627725057597659,2.0496416354962754,"Daly, Mr. Peter Denis ",female,30.623558098893128,2.783563195179763,1.7578539148122951,323951,16.20143110734599,,S
560.6465980917396,2.549491242382678,-7.273806538376469,"Dantcheff, Mr. Ristiu",male,,3.734234053171473,-2.0962032833663544,PC 17572,8.013060379556903,D49,S
563.6714756424885,-0.5261206712543556,2.057069334969951,"Kvillner, Mr. Johan Henrik Johannesson",male,37.57634619225503,-0.44122725146550057,-4.669702263231318,35273,3.568911697967457,C111,C
563.2557102927608,-1.9762207250173582,6.058678549982509,"Hansen, Mr. Claus Peter",male,30.728968799249763,5.050318484324638,-2.552204244536398,3101276,17.083155332365777,,S
560.1723236128514,7.335906253545211,-1.8490019755753684,"Stone, Mrs. George Nelson (Martha Evelyn)",male,,-1.5215508474489623,-5.952861680566551,315153,14.883395893591413,F G73,S
569.5009228200998,-0.5710494588891845,2.118170247553348,"Healy, Miss. Hanora ""Nora""",female,,-1.069278004969572,4.417060870452952,PC 17757,16.17248922978378,C78,S
569.6970633615048,11.497945465186596,-0.4588487150115652,"Slocovski, Mr. Selman Francis",male,28.545798011069383,-2.8862311556592823,-3.8837557680316044,113781,25.166822623478552,F E69,S
566.2017584628899,0.4537128187608651,10.510146259215652,"Boulos, Mrs. Joseph (Sultana)",male,13.24203233296022,5.085886738101026,5.467672941081335,29106,10.767571416396178,F33,S
564.7354192766765,8.926591971123637,6.747285077032819,"Vande Walle, Mr. Nestor Cyriel",female,34.568298533706496,-3.8326022348943516,1.9968554011499435,C.A. 31921,20.30724838914981,,S
571.742139604149,1.786597113553134,6.257703103219795,"Jenkin, Mr. Stephen Curnow",male,,1.7488590885752962,-5.216750918086573,350050,9.869293398472612,C86,Q
570.9398679374306,5.8148028662472395,6.108006565604857,"Svensson, Mr. Olof",female,33.29770882785769,-0.3565803356296738,-2.131507940069007,PC 17596,9.424025762496072,,C
563.7593637029248,-2.6230552575886223,1.8137537372393653,"Wiseman, Mr. Phillippe",male,63.29123093498613,-5.263915315558313,-13.120833887507084,65303,10.791321936257436,,S
571.6600987200779,-3.268796112937059,1.9877814126375175,"Hawksford, Mr. Walter James",female,55.425612794347906,-1.0455157191166036,-0.6038428833700347,2620,52.16796846138565,,S
574.3101790603719,3.2985297750749374,-4.925922902661588,"Windelov, Mr. Einar",female,37.68478338030095,6.91436119520367,-0.8505959556507929,27042,28.647111416968244,,C
569.5015260675613,5.942766212326576,-7.932209893752837,"Andreasson, Mr. Paul Edvin",female,,1.0082877131724026,4.123713732739838,PC 17590,6.279237825772179,B20,S
575.9492169641873,0.20128251000231434,3.7504056517251203,"Harknett, Miss. Alice Phoebe",female,9.250662938521419,-5.04575170683421,-9.431524639916898,C.A. 2315,6.8375160396098345,C70,S
568.725887573711,-6.431966675418486,4.619951281360722,"Lehmann, Miss. Bertha",male,23.361743399808844,1.526641436743459,5.809331804317739,17421,23.036810068357767,,S
583.6809305000609,-5.801291831446635,8.046322842126887,"Gaskell, Mr. Alfred",female,34.929172887594575,-0.7305701579727255,4.10299647498828,367228,26.552733844231916,,C
584.2397499252971,-6.135682010931205,8.856679080411837,"Dick, Mr. Albert Adrian",male,44.74688420478909,18.27023201122091,6.260217818493313,112277,49.87816525732978,,C
577.7374133284852,-8.838110564696905,10.849992424994735,"Greenberg, Mr. Samuel",male,,2.425619206711362,-0.26360688002068705,19943,8.160943978119706,,Q
581.8172716891954,1.5474267972354374,-1.9901179664693887,"Hart, Mr. Benjamin",male,24.9741781966152,-1.9031242353318225,5.069484170513777,3101295,3.139235860959251,,C
568.9503901710007,6.625219608540126,0.23867482525115347,"Cook, Mr. Jacob",male,29.830648405020533,8.100139588935521,-6.356220174534526,347060,29.483557924807226,E17,C
576.2182616986734,0.9329210653759562,3.4016714794068976,"Mack, Mrs. (Mary)",male,37.148146951694464,-8.205180836464228,4.565237826022665,SC/Paris 2123,115.36220255518629,,S
581.5311053992393,-11.302073786689261,14.659523388710888,"Patchett, Mr. George",male,55.7100172871051,0.47160078190548727,-3.8558138104997264,LINE,28.95626471024136,,S
578.6393348928657,-0.9538023016727436,8.40049601856958,"Plotcharsky, Mr. Vasil",male,32.762702857602406,9.972142473405363,-8.25700916211468,113572,40.98515568390234,,S
588.5719824131533,-0.8139949831630355,8.596985809991901,"Van der hoef, Mr. Wyckoff",female,,-0.5809964217987703,-5.620702590821804,36973,11.357177734789495,,S
595.9864826537399,11.479993751127196,-0.938939777746453,"Vander Planke, Miss. Augusta Maria",male,13.617175879084016,-8.666505223240394,2.027655693146353,111320,76.18956921685816,E36,C
581.1169264028534,-7.2856895645977815,-2.4159981557756227,"McCarthy, Mr. Timothy J",male,45.312851229469125,-1.9795898220529886,-4.121496041088017,382652,13.779386141236905,B57 B59 B63 B66,Q
583.812682979574,-0.9533880129959784,4.944539416916197,"Bryhl, Mr. Kurt Arnold Gottfrid",male,60.53724351348658,8.272590204795184,2.880367658479,33638,79.09952725812101,B82 B84,S
590.1772418415496,8.52926340272282,-2.5033063211718005,"Newell, Miss. Madeleine",female,16.53908836456521,1.8803479816038557,-9.041187775020086,11755,0.12891830564073725,,S
598.0555807424981,2.24989170673274,1.8078182450984868,"Montvila, Rev. Juozas",male,,-4.194280547562589,-10.635487718079307,STON/O 2. 3101294,2.24344897638702,,S
584.8881284373005,2.8165653675821236,2.4261102549903866,"Davison, Mrs. Thomas Henry (Mary E Finck)",male,43.05955238733745,-3.4262140358951196,6.86193717071788,36967,1.517169693611705,,Q
593.2451806115347,1.572922185119391,8.96456044561404,"Harper, Mr. Henry Sleeper",male,49.54768919653145,-1.7985013557490666,4.5190006470071715,230433,82.08724111841887,D17,S
602.1064942540655,1.649717693286323,1.2265134852016122,"Sirayanian, Mr. Orsen",male,48.97571409515863,1.8059894202699809,-5.246484179569038,349218,8.476774742862082,,S
585.7412042591037,3.8880476513926796,-9.196248192863077,"Goodwin, Mr. Charles Edward",female,,6.6909806646932655,1.9850017826473025,28213,10.805306000369715,,S
588.5946539657708,-4.0474315944638315,4.522223238312342,"Carlsson, Mr. August Sigfrid",female,36.8053539975758,6.2621150639958545,5.097535301006619,374887,16.801725050987677,,C
593.8819669676958,4.390292894540999,-0.49510926551963186,"Troutt, Miss. Edwina Celia ""Winnie""",female,34.43478857036897,3.280060910545642,3.0960030414530273,2650,16.732166569741985,C78,C
594.397057935723,-5.865015084427696,2.2131551221887342,"Crosby, Capt. Edward Gifford",female,,-6.658223800287416,0.741115480917392,2663,36.316077201282475,,C
602.0630064387682,1.6418398641576906,2.5664764957893818,"West, Miss. Constance Mirium",male,54.40725234814266,-6.639662569967206,5.475770406562985,A/5 3536,-13.893348208330254,,C
600.2082985991042,0.8937048164316358,1.6314800209111586,"McDermott, Miss. Brigdet Delia",male,,2.6662601060688167,-3.653562376006102,2671,13.348146787999022,,S
591.1251897017894,-2.0814654409605398,4.95170290892352,"Butt, Major. Archibald Willingham",female,48.112612564532064,-5.727355489664472,0.1558922433231435,250648,47.81261428238605,,Q
603.577052014504,0.8865736233717663,-5.664324391763536,"Flynn, Mr. John Irwin (""Irving"")",female,22.114035626054644,0.8721648946569787,0.9107568085380419,2668,31.216724459624892,,S
599.1123055632218,-3.1127007633277652,0.414928875228199,"Sharp, Mr. Percival James R",female,,1.520752230930885,-1.3638102383552129,371110,3.4528768762151874,,Q
609.3722360847062,-5.358506634308721,4.420189565586906,"Chambers, Mrs. Norman Campbell (Bertha Griggs)",female,,-5.687969976813444,-1.9490275571037605,S.O./P.P. 751,47.64451857585791,,S
600.8620623178155,-1.7680737080682218,-0.07042387672184125,"Douglas, Mr. Walter Donald",male,48.805467430601084,-5.1213116717943175,0.36434118914245367,17465,24.090804569582474,,S
601.8169235844888,-4.519943176858307,-7.0440335463498585,"Foreman, Mr. Benjamin Laventall",female,24.45024676560014,-0.4706053228390933,0.17203747992763768,F.C.C. 13529,15.184111849394373,,C
608.7056580540227,1.6139873204662405,6.342776716283679,"Louch, Mrs. Charles Alexander (Alice Adelaide Slow)",male,32.168423251921475,3.518251437620269,-5.242138212672629,PC 17582,19.026885739303243,E101,C
610.8146324116847,-5.750427470761817,8.615473152207695,"Brown, Mrs. Thomas William Solomon (Elizabeth Catherine Ford)",male,28.00139971855118,5.307593852068784,4.008979549502238,341826,-1.1450135679686975,,S
610.240496819681,4.559885114955257,0.7750239617849684,"Stranden, Mr. Juho",male,35.71810933645783,3.035267173852759,-4.881926038831291,349256,32.63384461108752,,S
600.572013413076,-4.907395339644101,-7.804227992347663,"Graham, Mrs. William Thompson (Edith Junkins)",male,25.843018827481846,1.3682829749609726,0.9088327772641305,349912,40.54533918224053,,Q
612.6901721996412,-1.8314745779050314,4.529848733494081,"Goldsmith, Master. Frank John William ""Frankie""",male,37.2141473647345,-3.7309737677852466,-1.4764023636002575,C 7077,154.1114116123092,B51 B53 B55,C
605.828459741628,-3.123017041075895,-5.29943940709844,"Murphy, Miss. Katherine ""Kate""",male,45.52256848557776,-4.354534979222596,6.790518063296079,4136,26.716568618358814,,S
613.1763805579413,6.625733644374194,4.543996384240828,"Murphy, Miss. Margaret Jane",male,,-2.5543854416457377,-10.595519701086664,230080,10.952705547482502,,S
605.8813278230047,2.651449728082959,-1.4373191237107985,"Baclini, Miss. Eugenie",male,,3.0496779249028356,4.454549074647291,A/5. 3336,8.258210810148096,G6,S
616.2316107377153,-1.0586690127219713,-2.7991964288348266,"Nankoff, Mr. Minko",male,,1.6831185331367142,-3.3849517380608205,14973,13.958186314493702,,C
610.9670054784632,2.4935972053486166,0.7904499146015489,"Laitinen, Miss. Kristina Sofia",male,40.36628915894579,-10.499509928625612,6.099816473885271,29108,6.003748466949087,,S
609.5868267486974,-9.53596173664844,1.0835122178637007,"Wilhelms, Mr. Charles",female,21.96933177264507,-2.9283851413375146,-0.3908246225807721,S.O./P.P. 3,57.986546612984554,C93,S
620.569100682412,-0.21566794820453722,-0.22104125193224133,"Davies, Master. John Morgan Jr",male,28.857478795293652,7.022537758030779,0.7557820713299475,347082,22.37468411670349,,C
619.2082226083837,9.987570889023814,5.943516391075754,"Parr, Mr. William Henry Marsh",female,24.91428193461843,1.3960752390206972,9.568930200342118,PC 17759,15.763286735954235,,S
615.9301159930355,1.661732532013363,-0.23034689229416871,"Sundman, Mr. Johan Julian",female,5.386720898601075,-5.08504456551493,-0.3866910439683422,250647,48.538179852210135,,S
627.2558942451053,0.3395658458466775,6.90095435835911,"Carter, Mrs. William Ernest (Lucile Polk)",male,23.52625784737144,11.779105907990758,6.194249423367294,349209,16.606780646566712,,S
618.7967378921513,2.7406418982109804,4.405865828217397,"Humblen, Mr. Adolf Mathias Nicolai Olsen",male,29.76976752997662,0.8552913384261768,0.19522542782280047,350042,10.463471476067825,,S
622.1605383698546,5.4780262165717275,-2.48778603298154,"Smiljanic, Mr. Mile",male,39.08503058167966,2.92166979656704,2.077094151467448,PC 17593,52.129250995316255,,S
624.344567238393,-8.987333464449298,-1.3296994191614298,"Herman, Miss. Alice",male,23.101861969656788,2.9976237802256724,1.3497929470568726,PC 17477,16.34688969831787,,Q
620.9016703293569,-8.411632408955134,-5.237481495237194,"Fortune, Miss. Alice Elizabeth",male,23.211110310183,-1.8379773308009304,4.239258131500621,A/4. 20589,15.485715999932196,E67,Q
627.3556814669996,1.0514564554307329,4.453665889334112,"Adams, Mr. John",female,20.695384726460325,-3.6378684091069715,-3.4276580642652563,PC 17604,18.287588566835577,,Q
623.3327382641763,-3.5743828094875485,-0.7729377362567904,"Calic, Mr. Petar",female,58.79308843817025,10.608374925329702,-4.920242615095927,13567,33.202263105482295,,S
624.941808388919,6.560126311099571,-9.860977640317572,"Zabour, Miss. Hileni",male,57.75770397882633,5.016029348088753,-3.1928809518851087,SO/C 14885,11.350602064508461,,S
634.8132131990167,-0.5758719494261195,-1.6785743638470008,"Lindqvist, Mr. Eino William",male,23.751268715168496,4.109686005543383,0.4985518816204553,S.W./PP 752,77.7055148207268,,C
623.7970697374378,-9.67265367856559,-1.50517014627476,"Yousif, Mr. Wazli",female,36.30899576365805,2.8814459585910535,-1.1040939277516473,364498,14.418760428391622,,S
617.9360983453525,-6.340069584219985,10.878387960853301,"Hewlett, Mrs. (Mary D Kingcome) ",male,,-5.0165869518084225,3.5513743823558825,312992,7.7518267539873715,,S
639.0546849750594,-12.748380098152877,-7.5138930594665485,"Moubarek, Master. Halim Gonios (""William George"")",male,84.8799497490792,6.387650958701369,6.5236584991076,2627,28.025013643509126,,S
644.746639763035,-1.1706276864145628,-4.206753998670269,"Tomlin, Mr. Ernest Portage",female,66.44256097430141,-4.215663290058746,-4.879191686175043,2649,4.231664171931565,,Q
630.9736536727534,0.058079363678083196,6.549848215528499,"Carbines, Mr. William",male,34.57979238383922,1.4164339907532286,-3.6697439580696627,244367,27.73117423081919,,S
624.3158097968991,-2.1223135489094886,7.783815787319815,"Andersson, Mr. Anders Johan",male,,-8.196949527322845,-7.18119709156427,349216,-7.010479980213825,,S
633.4475801190202,5.394395195148693,-0.7249146936282074,"Asim, Mr. Adola",male,12.520075371608272,-7.204294253237599,12.15186495379552,367232,24.148123458367603,,C
634.5688852507966,6.992599182583468,-1.1604291140445544,"Arnold-Franchi, Mr. Josef",female,22.955170112058735,1.5914560132655735,1.5233474956091342,368703,20.492101378251615,,C
636.0503807948887,-0.8519421167805561,6.081176982766564,"Peters, Miss. Katie",male,29.78049181790622,-4.045496335974541,2.3990116002578885,19950,6.892003697162517,D35,S
632.4330597903908,-10.67346833738428,-9.635498984726551,"Davies, Mr. Charles Henry",male,28.46915366653833,-8.945837856486365,-5.701041925155241,PC 17761,29.772058342780493,,S
641.8978057123824,3.0864079024612923,-6.30596842252778,"Denkoff, Mr. Mitto",male,44.23806988609781,2.7030475147353776,4.994150054965627,CA. 2343,27.29371741049583,C30,Q
642.6225368764304,2.7768011425428774,1.5963329957464407,"Kimball, Mr. Edwin Nelson Jr",male,,11.600403855253946,2.5462399220654266,7540,18.941556544829396,,S
633.5279719009035,1.546957850784725,10.74945283064563,"Chambers, Mr. Norman Campbell",male,20.691117127371513,6.947801292900309,-1.263788452672125,349201,7.047436478154431,,S
645.4959836584744,5.907398746540579,-1.1786504408336977,"Caldwell, Master. Alden Gates",female,29.437273100742324,-1.2865894263283626,5.3785281241319725,315151,66.89279988554745,,C
653.2634249097295,-5.8241404823052,3.504683958675773,"Bystrom, Mrs. (Karolina)",male,6.315753693520694,3.0442265334847285,13.559155628214148,345779,28.804799787105658,,S
644.8598016621853,11.043776930925695,8.66894636282006,"Hocking, Mr. Richard George",male,,4.438531283919566,-4.735314135469759,220845,54.016673730939864,,S
643.3133741896575,-3.79713876570934,13.534423666390731,"Smith, Mr. James Clinch",male,-2.5999754843911123,7.610640099174534,-4.110436229883484,347082,8.638925400558218,C103,S
645.2899839279623,4.746114636004273,-1.8842423657415628,"Vander Cruyssen, Mr. Victor",female,53.676373658265945,-0.7176785941284936,-4.388780327642883,2651,81.3404397058597,,C
650.0762838348428,-8.436738472066757,2.9158163813328697,"Barton, Mr. David John",male,22.86945590454933,0.17088857862287146,8.030995800082453,7552,9.110887806740966,,S
639.3466419724639,-3.6513234363502542,10.110276106714213,"Hickman, Mr. Stanley George",male,47.96871590852309,1.5030740338226822,5.211776585148423,PC 17476,33.930287726260744,,S
649.8219535148866,7.581843233626681,-4.610996375957142,"Flynn, Mr. James",female,,2.769381601394159,-0.6776390889682424,29011,2.719073139637813,,S
648.047680252686,-0.30449911500424953,8.13790535276911,"Lahtinen, Mrs. William (Anna Sylfven)",female,23.82757731008381,-0.6653822100563346,0.18279832200437138,345780,0.20071241946432483,E101,S
660.2391250647802,4.199613025663989,-2.0915776618062916,"Vanden Steen, Mr. Leo Peter",female,,-0.6004262253437214,-4.082718130983607,347064,9.015263535340289,,S
651.1291363309753,2.1847769435962308,2.5123618355157835,"McCoy, Miss. Agnes",female,22.550507474698854,6.8991616487719405,5.4501357887159205,SOTON/O.Q. 392087,31.067204801126795,A26,C
661.3394380555976,-0.5247907800008634,1.7869047629986288,"Hansen, Mr. Henry Damsgaard",male,22.419530005877366,6.047603512214431,-1.8995091205427685,C.A. 33595,9.44913238370519,,S
648.4812965110899,7.8192516246634485,-1.7900580035061466,"Rommetvedt, Mr. Knud Paust",male,,2.3870528671804414,-1.3003826972749966,36928,0.9153919695358699,,C
657.936295834014,-1.1832941232595016,-1.9155096382913754,"Jussila, Miss. Katriina",male,18.32068401189077,8.595545350114643,3.043948857646284,230136,7.8755836351920125,C87,S
657.5970013189561,-8.903690537817353,3.3820718212687724,"Fahlstrom, Mr. Arne Jonas",female,20.630741559097196,0.06777118886791489,-0.9399746904161059,2926,73.23328518876636,F G73,C
652.6547637606761,-4.016200459758526,7.97769664081341,"Maisner, Mr. Simon",female,,8.114867243146902,-1.174829967489232,237736,12.216018130371152,,S
658.8869805731847,2.755958643508471,2.351318984057484,"Lam, Mr. Ali",female,32.09495593320054,3.7125772176777523,1.0528760276453755,WE/P 5735,18.533665887058632,,S
665.062594184158,1.9775455318125408,2.3505657936660818,"Palsson, Miss. Stina Viola",male,22.82660374990705,16.355130611072948,3.976777068965383,28228,-1.9291126705496175,,S
658.381041478567,-7.835291251177191,3.855870331455236,"Leinonen, Mr. Antti Gustaf",male,48.572135477782645,-5.962409633912388,10.232465377419166,347068,116.00121102214229,,S
652.5401867541511,-2.621712597041005,-3.8580938650647996,"Berriman, Mr. William John",female,48.01258332535284,-1.4467262610867078,2.92743116123041,W./C. 6607,128.6326029524796,,S
661.9121858676127,-2.908606746011233,6.698462542064615,"Bishop, Mrs. Dickinson H (Helen Walton)",female,40.28102826544576,2.0939891410027385,4.016571118121335,239855,0.11635629275650494,,S
658.4878845260374,-1.827347970571125,5.096715485298735,"Moubarek, Master. Gerios",male,45.59315004047149,1.9861702648949595,-0.999270310505622,228414,24.64513294813218,,S
662.2882953066805,-6.879567943007757,16.01813149375205,"Johnston, Miss. Catherine Helen ""Carrie""",male,34.76588102244207,9.750694920875093,-3.538989315843585,113505,9.550655545150057,,S
664.5920611515744,-2.141855540597393,1.1194790472020886,"Ryan, Mr. Patrick",female,22.439956854022938,-2.3418734164976693,3.2699311611755757,364846,-0.27867305143412135,,C
657.4717389199224,-3.643052426297637,-0.2904090083406379,"Augustsson, Mr. Albert",male,26.60521406475683,6.524592593469421,0.8562041230028568,STON/O 2. 3101288,77.02288208528776,,S
658.9217083033966,3.8576662988095967,5.844829357868727,"Lemberopolous, Mr. Peter L",male,16.859788930243944,5.812315023409979,-7.1131432437487465,349219,16.816694237657998,,S
670.4103341776276,4.045606554951219,7.095520844560692,"Honkanen, Miss. Eliina",male,,3.5232391611032376,-1.6403481171279901,110413,8.009880981497489,E44,S
666.3864065191516,-0.7290522904440799,0.32456423311644,"Petroff, Mr. Nedelio",female,46.820572027508945,-4.8049817096216,-0.41448511740776794,236852,3.711881848864758,,Q
657.1762782908971,-0.9601989793536576,-1.0158133846502442,"Youseff, Mr. Gerious",male,,8.03879402627099,-2.552289335142394,13214,47.10310997905354,,S
674.9242201830407,1.6996215601955669,4.705654191090202,"Dean, Mr. Bertram Frank",male,43.9106411954737,7.146624656577069,8.408677972710636,392096,44.12966065790114,,C
673.3618487763712,-4.082875537277875,-3.137921203673307,"Bjornstrom-Steffansson, Mr. Mauritz Hakan",female,23.658681200655764,3.997922598951887,2.3991951845110835,335677,44.44388656752048,,S
669.4306258798176,-5.734160410837204,-0.05266994007507453,"Thorneycroft, Mr. Percival",male,68.83816380311615,1.0217384360447705,6.865874589443239,11753,15.822352304095892,,Q
667.4158489447088,-3.7011060446285846,2.447963836842173,"Dorking, Mr. Edward Arthur",male,32.28317190540765,1.1305400502218563,1.3171263082607978,349242,12.174004204347817,,S
679.1790394815716,-3.1740658198572835,6.97969342411129,"Ponesell, Mr. Martin",female,,-0.3936789611968886,0.4069391821253886,113787,-0.4791724982142856,,Q
677.7467531128021,-5.8173689989613555,-0.022993080897704132,"Navratil, Master. Edmond Roger",male,20.69652276471437,3.2039256712632094,-4.6829890880512455,3101278,-0.7654385270666246,,S
688.9130114134203,0.8102977953143737,-6.21192231015336,"Naidenoff, Mr. Penko",male,19.914755267696197,0.15567426472488777,0.0596476659828336,113514,7.316416849357068,,S
680.1009429936247,4.6485783689185425,-6.582987337591055,"Edvardsson, Mr. Gustaf Hjalmar",female,18.324715437753714,-4.242624876763206,0.06526962837720097,231919,12.90962758005688,B35,S
680.9385157063101,-7.935491503991209,-3.297065333530667,"Rosblom, Mr. Viktor Richard",female,45.10161414888064,-4.24295822413796,-0.8355694201711659,CA. 2343,40.217949560740095,,Q
679.1653603494572,1.1256435560801668,-5.565838590999686,"Leitch, Miss. Jessie Wills",male,40.1283547665183,-3.7601812682614604,-1.6976373488519743,110413,514.8223793362592,B96 B98,Q
685.083879336004,-1.0996789763316779,2.226946206900455,"Rugg, Miss. Emily",male,,1.1106612127472588,-1.6164129925818118,113050,8.582561268395112,,S
685.1254260062408,2.7075434276840147,-4.944400767988025,"Alhomaki, Mr. Ilmari Rudolf",male,25.27421566378551,-0.1347791821760366,2.067397720278607,STON/O 2. 3101285,73.51042193083848,,S
689.258625042826,-0.0646938405179403,-0.5137747991060202,"Hoyt, Mr. William Fisher",male,6.480911599633298,1.0767189664437462,2.3067505599285307,364516,13.498365432456522,,S
681.3933854068135,-7.267996399658154,-0.8704294249102489,"Pasic, Mr. Jakob",female,10.89269016211113,7.504065667730555,-0.9065924098260245,349210,35.88871615510722,,S
682.8229626352802,-6.311946494285827,-0.20253930423996724,"Cairns, Mr. Alexander",male,57.37792553514478,-2.1366046295843946,3.3443480127094243,11771,40.73340374371855,,S
683.6044841454401,0.1471178779248636,8.612521657615613,"Strom, Miss. Telma Matilda",male,19.902077459162783,8.32830084172674,1.089605353257415,113056,49.676375790366464,,C
690.954008605895,5.143904598727547,6.309737947152583,"Navratil, Mr. Michel (""Louis M Hoffman"")",female,14.828060751163259,2.6614458647626282,-13.348100124274783,S.C./A.4. 23567,46.88721569550331,,C
695.4918722014837,-11.070936855215015,3.0806470763800196,"Daly, Mr. Eugene Patrick",female,18.72027283977366,-2.167134923907545,-2.423510159757712,113776,12.119833602692612,,S
686.7057975342535,1.7286328990078998,0.6948685970958093,"Collyer, Mrs. Harvey (Charlotte Annie Tate)",female,6.703930612111943,2.411931186662262,5.394943200711893,345770,6.28739611934577,B96 B98,S
687.8761313610346,6.948110026438216,-1.166163283115106,"Clifford, Mr. George Quincy",female,16.07753984650878,-9.182551011875365,-7.409028783138398,W./C. 6608,208.15848721726186,,S
692.570386119349,0.23487061896893446,2.6387323497597475,"Bengtsson, Mr. John Viktor",male,26.358379346054864,-2.9526722486145967,0.5634560020777011,7545,55.48537103047179,,S
690.7711924999355,3.751012480132204,5.920845366761451,"Larsson, Mr. August Viktor",female,6.428444795952576,4.905363993459165,8.926306070926437,2695,16.13573623958953,,S
697.7602682656994,-2.515345404489011,-1.5380875305030024,"Baumann, Mr. John D",female,,-8.687109645310553,-3.8030647650524037,244361,52.45958097270292,,S
682.7411135469048,-0.5968309963843841,3.1824037780711576,"Sutehall, Mr. Henry Jr",male,25.1500326926547,5.587870984665779,0.010745402138429304,7267,11.012119090251904,A5,C
690.8664747654155,-8.104567591540757,-9.158097843315135,"Asplund, Mrs. Carl Oscar (Selma Augusta Emilia Johansson)",male,58.58418335556747,7.555682831795673,-6.5200812861396065,347054,37.21580259001662,,S
692.0879183301928,-11.72171654209437,3.058568920852985,"Futrelle, Mrs. Jacques Heath (Lily May Peel)",female,53.51550942475165,-1.8472766891187418,8.13615570831786,PC 17482,13.190583824363024,,S
685.3982199380692,4.713829006126376,6.810746209793431,"Harris, Mr. Walter",male,44.62348638825674,1.4590638371315503,-0.4166631349830714,A/5 3902,1.3280259835834745,,S
693.181807778156,-3.924974638622209,1.599656865595623,"Dahl, Mr. Karl Edwart",male,,5.5954354242551325,0.23313421397009076,2647,1.009576268417936,,C
694.4242194207703,-2.2776392250171527,10.082634980700528,"Widener, Mr. Harry Elkins",female,41.31863842977877,-1.3339459402175984,7.771502327528111,WE/P 5735,114.76612775855789,B71,S
698.9944767274059,-6.932211266350966,-1.4061922371802522,"Glynn, Miss. Mary Agatha",male,34.61396018269484,4.338877602630907,3.3073919732274053,330980,7.351269105197782,,Q
706.5648294583013,-6.049848515419379,2.0872020765163066,"Drew, Mrs. James Vivian (Lulu Thorne Christian)",female,15.080565304538904,-2.355743975653358,-4.378143662483699,STON/O 2. 3101273,231.90915448032027,,S
700.7746967440465,0.13081149952691828,0.8208762666702226,"Johnson, Miss. Eleanor Ileen",male,34.95860058035206,-2.3880114666658967,-3.2363896204365794,349231,23.619328754203252,,S
697.8459313986442,-3.6478859706782325,2.4985116627829584,"Connors, Mr. Patrick",male,14.958760264004415,-3.996682321624869,3.474656522616493,3101281,18.60731773769916,,S
703.7152272939323,1.8898549899734922,2.4283891599762617,"Klasen, Mr. Klas Albin",female,28.12605965289733,1.713235995974017,-3.1206052753147002,347069,6.950204132751373,,C
710.2458681072068,2.2626920948979596,3.5355251500473583,"Stead, Mr. William Thomas",male,24.603895403941582,6.789845262827748,-10.586216560602635,347077,4.191679723380254,D26,S
701.1202059194255,1.6042482316230358,6.239793717318499,"Johnson, Mr. Alfred",male,34.17493637610245,-0.9205646605858214,-0.26620399319538895,243847,23.99500760598808,,C
702.4471255803927,2.1930039546422186,8.888681181373721,"Dennis, Mr. Samuel",male,43.60951853506045,-6.356245799562016,-7.401063305624048,368323,7.514728222883818,,Q
710.7927447963712,8.888841024659431,0.9887487774792131,"Kelly, Miss. Mary",female,43.12929918158276,-5.413534111434078,8.08140876781863,2689,36.23429779290806,,S
707.892319421346,-4.33796884522443,5.076580360858165,"Taussig, Mr. Emil",male,23.624423594122923,1.972997106852702,0.8839381888157636,110465,151.06809093220758,,S
713.2374234535474,0.7253256689854113,-0.5088347313339123,"Serepeca, Miss. Augusta",male,,10.220582066971346,-3.525875283717877,CA. 2343,18.46837044341098,,Q
710.9317660410235,6.663449102597944,4.829777263631165,"Carter, Master. William Thornton II",female,20.655453299982902,1.9686249965719878,-3.4931620733122686,367655,46.819854335646,,S
715.5083182404478,6.3226990466901825,-2.8099576191349516,"Mallet, Master. Andre",female,,-1.9344827532562634,-9.446987939369603,348121,21.290360890100885,,S
707.8246094297969,-6.108818246722865,6.453299680440661,"Gilinski, Mr. Eliezer",male,50.13061973409713,4.830919834251421,-5.497309433902519,PC 17475,50.830597445410326,,S
713.9395767460587,-1.5617772082793495,14.053204386966197,"Carter, Mr. William Ernest",male,28.882885203995922,-1.197493177933732,5.0816160127034955,233866,14.989262666895993,,S
713.9465499281843,6.790605479336302,1.389580560143041,"Laleff, Mr. Kristo",male,49.49690927005673,-1.891426086821032,11.158930727461957,28134,10.396341043008583,,S
709.9205453794793,2.5403955259953266,-7.962717454037044,"Andersson, Miss. Ellis Anna Maria",female,11.253714118278783,-4.792295528476318,3.631982565994792,243847,3.297340136352924,C22 C26,Q
709.1826102606566,1.9763151573988638,-1.740364666224115,"Sandstrom, Miss. Marguerite Rut",male,35.445827204734925,7.04224422123178,-0.46021269310514584,54636,228.30232122184572,,C
721.4287451763734,-0.08842346717328375,8.159375671446517,"Tobin, Mr. Roger",male,21.631487936410995,-12.696039587478317,-2.1597968782695833,PC 17558,12.99511300358872,E44,C
717.2452380889101,-1.9190046285387272,5.765383935126224,"Haas, Miss. Aloisia",male,,3.9892960013963465,-4.782479067881812,C.A. 31921,23.714240844265916,,C
714.8885985917633,1.441095315451621,4.2445679933751475,"Kelly, Mrs. Florence ""Fannie""",female,29.02160579164707,-2.3187246889876842,10.298829496698703,SOTON/O.Q. 3101310,9.543752391862474,,Q
720.5191053153833,-0.26187062492241675,7.043341779774195,"Sheerlinck, Mr. Jan Baptist",male,0.7645413961677274,-2.0517036572580634,0.05625649067812555,28425,36.219963392656176,,S
727.6400942867465,-0.2128931052222209,5.42226719624211,"Thayer, Mr. John Borland",male,19.91893272646474,9.461575780589062,10.578149150312521,230080,10.650576184601608,A31,S
711.5963107731404,0.3929935305751869,8.088625937255681,"Palsson, Miss. Torborg Danira",male,37.005459187071466,-3.5706554610002565,6.967597548050305,315096,7.234923090336848,,S
716.5168065504834,-3.390357642467496,6.597118383234927,"Barbara, Mrs. (Catherine David)",male,45.48060355209562,-3.4003457701420507,-8.703982156731367,113803,8.183339647652279,,S
720.3855677905236,3.6606468694071914,8.608502263684795,"Rothes, the Countess. of (Lucy Noel Martha Dyer-Edwards)",female,25.698856847184395,0.34802880540234815,-3.329761978796459,A./5. 3235,47.68051855197175,,C
733.3058943336016,14.571223242077098,4.793980419531271,"Bing, Mr. Lee",male,10.708786689437323,2.069236929061191,-3.345225620869112,345777,2.0017712215417713,B37,S
728.4129349145965,-7.884933196630376,6.526297007469774,"Ross, Mr. John Hugo",male,27.52830024908653,0.790721088535653,-0.3992318205286973,SC/Paris 2123,24.977299374352018,,S
731.8365862023061,2.6200626209498994,1.464364634571073,"Taylor, Mr. Elmer Zebley",male,,-7.869294652679427,-0.3015712655687674,SOTON/O.Q. 3101306,9.187750458318776,,S
723.2991954043689,-3.800950443094528,-1.0073040577950296,"Saad, Mr. Khalil",male,29.124689448070512,-3.3284909044088273,14.981195476990713,349217,26.397480315457248,,Q
724.4023206236474,2.8870128875962497,11.533838202094866,"Van Impe, Mr. Jean Baptiste",female,21.43476459154343,7.406669282322596,-5.386139372373794,A/5 2466,-5.038582577011344,E33,S
733.2390685836135,1.2327873666393045,2.08102338161344,"Peter, Miss. Anna",male,34.2592743026376,0.37388394567755723,1.14484967832195,C.A. 2673,221.6148842930931,,C
732.2913716546773,3.8092738702123174,7.024402829311895,"Skoog, Master. Harald",female,3.4215403924326413,2.2554364185191105,3.0825387123390158,C.A. 34651,14.316139979232222,,S
735.7436940943206,5.877532882543898,2.618700072056951,"Romaine, Mr. Charles Hallace (""Mr C Rolmane"")",female,,-1.3071060358651878,-0.007860022345980914,A/5. 10482,10.259063779694788,C92,S
733.0616450453577,0.9621055888409067,-0.9325782545998216,"Campbell, Mr. William",male,26.548309328189383,-3.297488480866348,0.5509028889067901,SC/PARIS 2133,5.75379259674342,,C
736.3907186322731,5.66026144207089,2.0549144629120066,"Murdlin, Mr. Joseph",male,31.355606142816235,8.387847249377055,-5.224044471532936,349203,8.937994207217315,D37,C
736.7905954245256,-11.721489468943387,10.179970088838571,"Leonard, Mr. Lionel",male,30.967159940918478,-0.9409592852554033,0.5324309730134089,358585,5.085753087451852,,S
740.8888369454246,7.952261489580116,5.77620037139712,"Pain, Dr. Alfred",female,47.798288067329935,-1.2168493976356345,5.55699498087186,2908,36.18562487971349,,C
742.0350414097223,2.8753107594617004,-7.557365798652295,"Emanuel, Miss. Virginia Ethel",male,24.024081267388958,5.480711831776698,1.638002921355643,347088,506.8229158959439,,C
730.9006400280412,5.38921677872591,1.9237777171192265,"Jerwan, Mrs. Amin S (Marie Marthe Thuillard)",male,,-3.6118017943369263,2.8510045195604574,347073,2.5307992295082293,,S
728.7636572232957,-6.099378724207608,11.91146896352356,"Coutts, Master. Eden Leslie ""Neville""",male,,-2.9736367188699835,7.06303950318116,11813,1.0332289141280135,B22,S
746.0087269882575,-3.1538494080266783,-0.06898430924978038,"Lennon, Mr. Denis",male,,0.051233420084490014,4.684832709571708,330932,33.88677531368931,,S
747.9386254663096,0.7296914707238706,-8.002393458670904,"Byles, Rev. Thomas Roussel Davids",female,30.47082408923941,1.0013505204408986,0.35647306748718477,113055,82.40731825783773,,S
737.8968849024333,0.9148105533126849,10.465244427112719,"Ford, Mrs. Edward (Margaret Ann Watson)",male,21.327662904150255,3.298056739516072,-3.8587917594163894,2678,271.4351694553939,,S
734.7008229672718,1.415342940049948,6.411962549063963,"Olsvigen, Mr. Thor Anderson",male,24.575656837539047,11.45834544697744,-3.000026373555597,4133,12.671466894635135,,S
745.495174105036,6.4225758046498305,2.649935705935998,"Rintamaki, Mr. Matti",female,35.72207934270136,1.6812412317618521,-1.0981557595870766,112053,9.019096855234002,,C
750.6541911317527,-8.826101576514246,-0.8570886804103433,"Beane, Mrs. Edward (Ethel Clarke)",male,70.6830114150635,-10.890269813754003,2.2617291567072364,364849,64.55332401299025,,S
755.9879726121716,4.869095358586545,8.411759648958677,"Hart, Mrs. Benjamin (Esther Ada Bloomfield)",male,22.141971841671925,2.6314947171578043,-1.3916638074969754,349251,18.57480488632341,,S
750.5814878605073,1.0414095497896352,-0.7099170011309628,"Harrington, Mr. Charles H",male,30.039970147744068,0.18939997244799414,-4.678665995921758,345781,10.405773433594112,,S
747.1414165170715,-1.0189093056227387,6.741282122579942,"Lesurer, Mr. Gustave J",female,18.42332502596332,1.2172501217572882,-5.940993445601686,STON/O 2. 3101289,55.42224978747711,B38,S
745.5343468920756,-7.355576171924452,5.71097642862128,"Mockler, Miss. Helen Mary ""Ellie""",male,36.32156093123591,1.2297365469808534,-8.255888795277656,2669,12.835109032090955,,S
751.0572564583533,3.515243341884325,3.22340962743675,"Coleridge, Mr. Reginald Charles",female,-0.8922044002071727,0.8566085616260031,-0.1747535188728444,250655,27.9553334541575,,C
750.5036764805737,-11.070539255155186,3.727574026677977,"Connaghton, Mr. Michael",male,20.07223726633081,-0.26306046527694504,-6.348327210351525,330923,8.260938638911945,,S
747.9246604713559,3.2419700561935634,2.1251598164291092,"Meo, Mr. Alfonzo",female,34.87628739083368,3.0652210488539304,-5.0026284207869605,382652,14.492339523114998,,C
764.2437782543165,-7.460529177364959,8.228200601046328,"Robert, Mrs. Edward Scott (Elisabeth Walton McMillan)",male,24.904146264188366,-2.710403985972505,-1.9695093642215125,367226,7.675374314461015,,C
763.9258420103606,1.2672895630873702,-2.3267141605091712,"McKane, Mr. Peter David",female,50.625479869862986,-3.7384316781958784,-4.679586546957169,4133,63.377015520514924,,S
761.6802434177771,0.40415581336039785,-6.109625634151046,"Renouf, Mr. Peter Henry",male,10.055682376658211,16.118907263111957,2.898760942493485,220845,10.957442565905408,D20,S
752.3957480109543,5.847690736469419,6.072200614462373,"Toomey, Miss. Ellen",female,31.962537058363033,-3.579287218906167,3.701115318028436,W./C. 6607,4.99612102819224,,S
762.2750966214863,-0.8932758450694509,5.156191640335739,"Fox, Mr. Stanley Hubert",male,9.974720104980381,0.5007145623003824,-2.747135098876993,PC 17608,20.211569230981166,,S
762.1981320474895,-3.470692805728328,5.401205762558833,"Caram, Mrs. Joseph (Maria Elias)",female,41.01735192383752,-7.478301254376837,-2.185136538050009,349204,9.587053832470119,,S
762.2127281210203,-1.5330134798560149,3.038641848090194,"Williams, Mr. Howard Hugh ""Harry""",male,31.295517102774912,0.5823420752571096,2.687148850695387,11765,87.37305923750603,,C
767.2483263352188,6.364413843773318,1.3972981083122609,"Duane, Mr. Frank",male,,-4.666127753446675,-3.569975486173395,7553,13.188765707315266,,S
765.1768557143064,2.6814848459044685,6.937413521927626,"Devaney, Miss. Margaret Delia",female,34.60373013912367,-2.2123647142500547,-3.9136695579864753,24160,19.354893057190143,,S
766.7000711815217,-0.9281499076158064,2.7722093662272957,"Navratil, Master. Michel M",female,22.63101009061948,5.225323328855619,5.982492390931452,113792,13.754252444232122,,C
767.1845314168611,-0.18223209982256705,-1.4355678040758906,"Ryerson, Miss. Susan Parker ""Suzette""",female,32.74312854966224,3.3600478418903688,6.420938693563936,2700,116.39468942600604,,C
766.7039570400106,-7.835885452927235,1.4405434387230005,"McCoy, Mr. Bernard",male,16.500848189967368,2.8420476228740954,3.0077500117195974,2665,6.406924726476879,,C
757.0819443514291,2.942371004257705,11.103198493879159,"Chibnall, Mrs. (Edith Martha Bowerman)",male,49.57950497319609,-7.856024191959314,4.628223106970465,113510,76.88707728314544,A6,C
767.4181053870528,-8.799078538477328,-7.674880410227164,"Porter, Mr. Walter Chamberlain",female,,9.184475849145064,-9.886393626836815,382652,40.329359891413,,S
765.2190402057544,3.7589823291772806,5.498940521478994,"Kantor, Mrs. Sinai (Miriam Sternin)",female,40.411301500727944,-5.959406554709376,6.769177733965536,2699,4.243870036842823,A24,C
762.6007952117999,0.6431079624563292,-5.395552138118585,"Kraeff, Mr. Theodor",female,,8.642804071469325,1.9603105829187109,364500,26.344082616808482,E77,S
778.4090830965041,11.934758997869611,2.4588333083851337,"Widegren, Mr. Carl/Charles Peter",male,32.319888556844276,5.107719329907431,5.053906920028675,C.A. 34260,15.622940660196573,,S
779.6449767044285,-5.500677768621529,0.8318625742290617,"Cumings, Mrs. John Bradley (Florence Briggs Thayer)",male,22.132785168252425,2.8866637089234004,1.9358088955818131,345572,2.9318594549791834,,S
778.7961030014781,-0.5133104552031647,-7.42514148339939,"Wells, Miss. Joan",male,53.53003145751393,-4.274923904541907,0.24462412340078096,330979,2.213466314539665,,S
774.2760670842794,8.991438504615314,3.945187952168815,"Shutes, Miss. Elizabeth W",male,55.35540064833312,0.7579492240976147,-1.376546061810273,17421,8.084207223513465,,S
780.7531256047632,5.956948201457072,1.0998096890390205,"Nilsson, Miss. Helmina Josefina",female,,-2.3546070532242993,1.8357218844310272,2223,5.041022199460851,B35,S
775.0602659030092,-2.4810602578994985,-8.49603171280622,"Doharr, Mr. Tannous",male,58.89296431832482,1.1451978575264592,1.4412604554772395,C 17369,32.99232937372965,B49,S
777.0139863844889,1.1198371418672388,7.197840453871261,"Hagland, Mr. Ingvald Olai Olsen",male,15.308504523416753,-1.2493612954277995,4.339380500325562,315088,12.758546100074193,,S
771.5326431476901,0.009996782075436165,10.175030889944676,"Lundahl, Mr. Johan Svensson",female,,-10.19305253286204,-7.932283222761002,230433,12.47161176059132,E50,S
779.9849565224941,2.409779336970786,10.45062171148286,"Lewy, Mr. Ervin G",female,-2.9065539075549642,5.6089207549229405,-2.7078793089713886,349252,11.153171532432998,,S
779.3019296421221,-3.493402179924149,4.7947822032573555,"Najib, Miss. Adele Kiamie ""Jane""",male,,-0.40553578274680585,10.224116242383232,250643,6.30593296606593,,S
773.4867394158276,0.5533979864963274,1.2302906928855775,"Phillips, Miss. Kate Florence (""Mrs Kate Louise Phillips Marshall"")",female,52.704334695909345,-2.4240019975111853,-2.130402317861962,234686,204.078972931173,,S
780.744014440917,-6.990261876383569,9.640783104478984,"Hogeboom, Mrs. John C (Anna Andrews)",male,16.60612686399896,-2.8016361641488388,-1.19341861531739,248727,11.137901140239086,,S
781.6013521807159,1.6756172593404104,9.411917926700491,"Frauenthal, Mrs. Henry William (Clara Heinsheimer)",male,24.308995837736525,2.792297881833841,-4.412904666750381,C.A. 37671,59.455273024043926,,S
791.9878058332232,2.25010336710916,6.6678435143781245,"van Billiard, Mr. Austin Blyler",female,24.769489319113347,-4.468781691472361,1.6792283644291195,A/4. 34244,36.42998682339142,E10,S
788.471066642567,-1.13709706321942,-1.7076880111490054,"Frolicher-Stehli, Mr. Maxmillian",female,,-10.275877792370217,-1.6813244507109744,16966,22.395851433219164,,S
785.0572271954574,-8.07525445292394,4.00672426607461,"Skoog, Mr. Wilhelm",female,20.284200378153052,2.0356490160413805,-0.9280546740352504,11767,6.3411042689980155,E46,S
787.2439365490054,4.9426593142573125,5.197580721457143,"Van Impe, Mrs. Jean Baptiste (Rosalie Paula Govaert)",female,23.861172272093285,2.5955149897841086,4.2443326801753525,349227,8.100227642803178,,S
787.221061890521,2.822625189964011,-6.048084844586146,"Gustafsson, Mr. Johan Birger",female,21.861057386762525,-0.9981591233881646,-3.493817094074079,11769,11.955287877535477,,S
786.9854300760222,-3.6300754885048843,5.34680329810387,"Gheorgheff, Mr. Stanio",male,8.509103065516493,-1.7395143759500442,4.943055596326104,A/4 48871,21.773921889512607,,S
783.5878640130586,-0.4030022341903199,14.364959129896945,"Davies, Mr. Alfred J",female,-6.0632051130061075,1.4446777044464267,6.111146577801782,113806,24.255280668691874,B20,C
789.2447406119653,-7.503347013909194,4.199680829003957,"Penasco y Castellana, Mrs. Victor de Satode (Maria Josefa Perez de Soto y Vallejo)",female,39.42485447231123,-7.322661841567943,5.2747804735964685,PC 17760,79.09752218913584,,S
787.2695087167374,-5.127050638889522,10.36706540720878,"Williams-Lambert, Mr. Fletcher Fellows",male,,-5.136152983438297,0.7027049745902014,2666,2.456813660231518,,S
785.7484223053842,-2.6890567317856973,2.9145736506435256,"Williams, Mr. Charles Duane",male,18.457262949697952,-3.7534896825208057,16.20629538488393,11967,15.576971236729667,,S
795.5561090727376,6.142104061400756,2.6339083800808925,"Mellors, Mr. William John",male,,12.21969535445778,7.27266848271041,SOTON/OQ 392089,68.86763144060824,,S
795.9563232996662,-3.1975169544373783,2.906356950404877,"Parkes, Mr. Francis ""Frank""",female,,-1.8130547521845854,1.6243881220341327,SC/Paris 2123,37.93436491637035,,S
786.0664624431596,3.2010682966437938,-1.0791332399221627,"Knight, Mr. Robert J",male,15.520074004269679,-2.2393320588823027,-4.379622070408676,384461,16.269223333706975,,S
795.3865768125244,-2.691581014307899,-2.818875936171943,"Gavey, Mr. Lawrence",male,46.10537969034892,9.77346257705623,-0.4852956293707049,S.O.C. 14879,14.776881053350483,,S
801.9785069294996,2.2397378042593745,7.331522785846828,"Abelson, Mrs. Samuel (Hannah Wizosky)",female,53.682002085073236,1.7623124859435695,7.13163488450017,240929,35.739228319211236,,S
803.2961186944816,0.2930224892809892,9.861711714332591,"Jardin, Mr. Jose Neto",male,23.273500272356213,1.6949725523741301,8.547673078131343,324669,8.468594585216275,,Q
804.1291842144262,4.365283000463717,-1.9555315779367524,"Goldenberg, Mrs. Samuel L (Edwiga Grabowska)",female,28.48399191644751,-1.8485037260438744,7.391645502201146,347470,11.995717758213905,C83,S
800.1945660345073,-2.6740566910927894,7.839994022769322,"Frost, Mr. Anthony Wood ""Archie""",male,35.47761205747905,-1.9818583381838888,4.925961533648098,248706,21.893845555467863,,C
796.7747733601542,-7.862641250012205,1.5652001219698954,"Bradley, Mr. George (""George Arthur Brayton"")",male,36.752167554673925,-10.932032200085754,-6.278301031477859,29103,10.427005803579256,,S
796.5815058632097,-5.909745156818163,3.6990428724521527,"Strom, Mrs. Wilhelm (Elna Matilda Persson)",female,24.454524738060073,5.843702659617791,3.4358090891283504,347088,22.86245441559682,,S
804.7230245237517,-1.6593874697137871,3.3010931971753172,"Hippach, Mrs. Louis Albert (Ida Sophia Fischer)",male,14.053710778980971,3.2415485287818955,-4.2070118902649885,STON/O 2. 3101280,109.69735526437844,,S
805.8964001718258,-5.2452998533902635,7.971752340621592,"Mitkoff, Mr. Mito",male,-10.26750298040294,-0.8958299660670667,-6.437355966903793,A/5 21171,14.95216129973456,,S
811.4366555580253,3.0510600783977564,3.4135910093159443,"Morley, Mr. William",female,25.885889121213943,-0.6861335091812787,1.1957934228861928,2680,3.7668378043099184,,Q
811.4998982517104,-2.3288408242903893,10.05080997650968,"Petterson, Mr. Johan Emil",male,36.68978384700024,3.6807213113052755,2.6159972363487523,250655,3.7678061012240187,F38,S
806.3388567173441,11.873032750132158,2.5470641987996236,"Jensen, Mr. Hans Peder",male,39.0919710778566,-7.773550365399266,4.516885492404024,A/5 3594,-5.899858408063378,,Q
801.7789706056957,-8.68857297568566,6.120921362347663,"Cann, Mr. Ernest Charles",female,15.50531225019027,-2.9494066577690274,2.4856812019304697,2623,6.753202817318585,,S
807.4044670149456,1.018165893549006,-2.166312957686232,"Peuchen, Major. Arthur Godfrey",male,43.44673126886175,-5.681514314462652,2.6579299287137417,3101267,21.81746155279871,,S
811.0861559740526,-4.639765117528345,11.79329505352417,"Chaffee, Mr. Herbert Fuller",male,37.87375907543291,9.85754641243373,-4.9232629249618824,350025,63.56889425411359,,C
809.989583773053,-2.4670067019133928,5.349124616024832,"Radeff, Mr. Alexander",male,32.55019846433475,4.378277659266503,-0.5248834234233318,26360,-0.41683437901041653,,C
809.1105294596117,0.7070973667027208,6.564987126725496,"Daniel, Mr. Robert Williams",male,43.371712142231935,-11.013463205676821,-7.535583928172439,7546,22.377760020118586,,C
814.2644240748494,-11.626856874371434,-6.040929056057708,"Dahlberg, Miss. Gerda Ulrika",male,40.40687396968573,-7.568808133199878,-10.016845647000977,C 7076,5.328211149531507,,C
811.4802112929469,1.1841305839401375,-1.1135101153955054,"Boulos, Mr. Hanna",female,9.664542787187672,3.3382716332125684,5.703213549215371,CA 2144,36.216688706057596,C22 C26,C
811.8596695813732,9.51453731137084,9.189418439593652,"Slabenoff, Mr. Petco",male,31.827643245582358,-2.3622010603621235,-3.7656219689547936,2627,9.482967736469634,,C
817.5572641715172,-2.267191491842964,2.4344555914630237,"Aubart, Mme. Leontine Pauline",female,,-6.6219110403844414,4.362492510715267,11752,-3.182846636899175,,S
814.990037099354,1.2990392840275475,-6.568898674144631,"Lefebre, Miss. Mathilde",male,21.81370140451299,9.723811188252448,5.541737889400194,371060,8.287865402955095,,S
819.2205219448917,5.124608465626997,7.1914496449190946,"Ilett, Miss. Bertha",male,24.938158534701373,2.562699569912896,-2.0965866231159884,392091,34.61710689296145,,S
820.3660201142607,-0.8197675001349827,0.28108597823638304,"Brocklebank, Mr. William Alfred",female,38.22344245590096,2.3740816143154575,2.951555472776495,372622,14.521230471874482,C85,S
814.3028549945421,-2.904800942657416,10.056584929383561,"Touma, Mrs. Darwis (Hanne Youssef Razi)",male,8.589927590323951,-0.46007474616106947,-1.305783643068208,31027,30.634797575080192,,Q
818.593794380673,-10.37868201860876,0.5608216069815017,"Hanna, Mr. Mansour",male,53.20726079801214,4.611370735890012,-8.22939437313412,315089,96.84911710458219,,Q
829.1888846995823,4.204953596974867,4.02353343010265,"Mullens, Miss. Katherine ""Katie""",male,34.20406299002131,-1.9021638049100589,0.616547022212292,111240,-4.672087390164487,,S
817.1896024363285,-0.5658420486444862,6.894772892958242,"Penasco y Castellana, Mr. Victor de Satode",male,37.791013860622435,-1.416715868537497,-2.3543693985788035,350036,-0.33394339414405416,,C
813.4167277551473,-4.063419256940809,-1.4874648542733118,"Baclini, Miss. Helene Barbara",male,32.01738145438832,3.0550097991262994,-1.2004450529356587,2674,22.89105479529517,,C
815.6907742337875,0.6329835513884678,-1.964234039169698,"O'Leary, Miss. Hanora ""Norah""",female,7.396578282160603,-4.144987825301499,10.876715589227627,226593,46.31814535018342,,S
826.1455497328833,-2.9184017840309067,2.0175078980094634,"Stewart, Mr. Albert A",male,,7.985139299254913,-7.6292849136633585,STON/O 2. 3101274,-2.285447929601516,,C
827.1545863901634,-2.642130655577628,7.13586399810611,"O'Brien, Mrs. Thomas (Johanna ""Hannah"" Godfrey)",female,,0.911946073619379,1.9143556768573553,236853,54.92867083658203,,S
827.4119457228744,4.031455780543541,-4.654386263067453,"Sage, Miss. Stella Anna",female,-0.21764020862430744,6.404721043902121,-2.974036185723757,PC 17600,30.99660267040639,,S
835.0709491446426,-5.6919120566192225,-5.340172999445484,"Pekoniemi, Mr. Edvard",male,,-5.377098783094092,4.541307046336621,11751,16.30550780181435,C123,S
816.6358278344853,6.2365764303687925,5.118604635218961,"Beckwith, Mrs. Richard Leonard (Sallie Monypeny)",male,65.17921669132966,-4.615825620140965,1.492156180875329,2694,81.22139141137954,,S
832.9796693721541,-5.988430815592018,-0.01489156283501858,"Panula, Master. Eino Viljami",male,9.047581226558224,-4.809501107999061,1.896721745903068,14312,10.61522220134282,C2,S
839.8071910090179,-2.313507041776319,0.03886993539858463,"Braund, Mr. Owen Harris",female,1.6376232607692336,2.2514883633241944,-3.7244480880112993,2624,18.920789717703943,,S
827.3610961755414,9.614730970332886,-6.2840520097008294,"Thayer, Mr. John Borland Jr",male,,0.3299165095912304,-3.827939566441617,347088,-5.8076276453424205,,S
832.1009674410506,5.636773808212111,-0.39489657175991066,"Doling, Miss. Elsie",male,22.093844827266494,-2.3220590961559027,4.6362525367294305,349225,2.429393482717116,,C
831.2355404138569,0.4880199624772009,2.962163516844247,"Rouse, Mr. Richard Henry",male,20.23857515047534,-5.070345964426397,8.853988608637813,C.A. 24579,8.482218629131548,,C
831.5282697696124,-3.702651077506083,5.651889288114461,"Hoyt, Mr. Frederick Maxfield",male,41.72939418869573,-5.3329813486542115,3.401539086120936,SC/PARIS 2167,87.38667684226661,,Q
835.3686899748848,-2.646361533499466,-0.8561508311731938,"Peter, Mrs. Catherine (Catherine Rizk)",female,15.816885504176998,-0.24241950235327991,-4.487103603857164,345764,-1.0440706029867037,,S
845.1374264184225,0.366376572928482,11.286880601162483,"Thorne, Mrs. Gertrude Maybelle",male,,-2.3279338979430007,1.6946926123103412,376564,6.144223461487854,,S
848.1869333774376,1.1876161616979921,-0.4227801208990032,"Behr, Mr. Karl Howell",female,25.03082423982687,-3.4280349617913113,12.137360221688047,21440,61.54422869259411,G6,S
838.3203038747993,0.5456453518701857,-2.4154590079258735,"Rush, Mr. Alfred George John",female,,7.735447430658048,0.5121140535945585,113806,22.44273337813364,,S
850.5253010703224,-0.15416257042092166,10.686787759489011,"Levy, Mr. Rene Jacques",male,25.37861483747096,-0.41162839096366954,7.309204296967997,349221,9.070914173920865,,C
842.1778823849231,-1.0718755485255704,3.0573007618195858,"Hart, Mr. Henry",male,17.783781451541792,6.350214669634626,-3.7016468291935603,2677,10.829872515530017,,C
851.7684551335054,-6.209893678200064,-1.7601236450578832,"Sagesser, Mlle. Emma",male,28.477610961267366,-2.666260913413483,-0.21043025818193392,347742,39.57190160178301,,Q
843.5335067517325,-2.582553710804164,2.224334344097033,"Becker, Miss. Marion Louise",female,36.73230510622594,1.2238814189932843,3.097826030627713,113760,5.286819034441812,,S
845.6552891302307,4.573120269934233,9.765367887710296,"Hunt, Mr. George Henry",female,16.699538761224343,-0.27738008128167446,1.9866415413143204,110152,7.804497008124648,B19,C
847.8273723632142,-6.841671487755587,10.33101409812841,"Meek, Mrs. Thomas (Annie Louise Rowley)",male,42.062892511759166,-8.488111547590613,-3.831943400555804,28403,11.824798765823441,,S
862.8942683968377,-0.9477775576963926,-1.0839658963512795,"Heikkinen, Miss. Laina",male,,15.141691531319564,-2.047587285652998,17474,62.918256659753276,,C
852.256427874224,-4.09876964385422,2.787830949604459,"Dick, Mrs. Albert Adrian (Vera Gillespie)",female,31.36316129670434,-0.6757680351620794,4.941422015513293,234360,6.791383967245707,,S
845.4636773502427,0.5567521469905566,2.4507841383378652,"Lulic, Mr. Nikola",male,28.201682027773455,3.7320910981648026,6.957754063250725,SW/PP 751,30.721374945797447,G6,C
854.8449893513792,-0.9431659053340908,-3.931200552582988,"Ward, Miss. Anna",female,,-2.7601436123077967,7.5607177906096,36865,88.4096409364745,B39,S
849.1908373145783,7.3869683248733455,2.7215747367500285,"Hampe, Mr. Leon",male,-3.928016873001278,3.1757780921011767,11.01965241626434,A/5 21173,35.51703224481419,B96 B98,S
849.551249085494,2.532915770951269,3.0266143022585026,"Kantor, Mr. Sinai",male,69.3977212187535,-4.334261799616773,0.6730971816129823,345778,10.545807425410866,,S
857.5430067994605,-6.559015828886057,8.701047394683679,"Somerton, Mr. Francis William",female,16.84103223531916,7.179992413816967,-0.555996221157967,S.O.C. 14879,11.502388457356618,,S
854.1554279388557,4.356140058068493,7.037125141556005,"Barber, Miss. Ellen ""Nellie""",male,17.92361657292617,1.5570467372533785,7.754954693892344,2659,40.08349601663606,,S
856.3928795725591,-3.873259281310315,0.3539530082049598,"Bowerman, Miss. Elsie Edith",male,37.38205849299305,2.835267633404441,3.5653464092579332,2629,33.45220807050262,,S
856.0699261093265,-1.8849818568876677,1.9302342806959416,"Kenyon, Mrs. Frederick R (Marion)",female,10.298228120757948,6.790920735524894,-3.912276293337957,237798,5.193171506013473,,S
858.6829156330272,2.569095100535609,4.321461510278178,"Calderhead, Mr. Edward Pennington",male,44.43918049944708,6.781706484495115,-4.168178327594557,16988,165.59253390198506,,S
860.1248294871807,-1.4587370986506736,-1.9259422446350576,"Nasser, Mrs. Nicholas (Adele Achem)",male,58.80593266588241,3.8267126806814264,2.4596510067815456,349234,25.58419661530686,,S
849.3151653364729,5.464279081614777,5.943200758687014,"Pickard, Mr. Berk (Berk Trembisky)",male,23.066209325978235,-7.108636735187313,2.113626692580002,364850,18.943274920816112,,C
863.3328633430476,-3.872550307566977,2.560467563153926,"Theobald, Mr. Thomas Leonard",male,,-3.478395597583418,-0.1321497737034877,350047,-0.9240881112470047,,S
856.0899029008485,-3.094732762956816,-1.8469928886931033,"Drazenoic, Mr. Jozef",male,42.75965385409329,-3.019440680056764,5.362666823550973,350052,21.162114271561023,,S
854.7885043222029,-3.281854467740544,-2.7841835643982327,"Fortune, Mr. Charles Alexander",female,23.356252289229467,4.637668468128997,3.7951857249251786,345769,7.6282404955590835,C124,S
862.7079437807066,-1.8281937417751948,8.23529348015551,"Meyer, Mr. Edgar Joseph",female,41.321397453477154,0.853259708750257,6.649366242092158,239853,31.059559850767666,E33,C
864.4199050165722,5.495957777739065,2.2178926042835068,"Zimmerman, Mr. Leo",male,,1.0474378318470263,-7.657680531866832,250644,66.44311695976243,,S
861.5324691771386,3.1439814680515155,10.201770469491555,"Peduzzi, Mr. Joseph",male,22.325339813631963,-0.9437210650561377,1.266989586106004,113505,9.872476740521199,,S
870.1551592883399,9.549719770060356,-0.5681813035745504,"Sage, Master. Thomas Henry",male,46.31546226805454,-7.470561678593892,3.4734426119860338,3474,19.065616252327334,,S
860.2891241681455,12.338221019496274,3.456026005657467,"Meanwell, Miss. (Marion Ogden)",male,22.929150090069434,0.7342175596512006,-7.63292928343842,PC 17593,18.827723017389623,,S
865.9652812561372,-5.153585159661699,12.963383615091207,"Panula, Mrs. Juha (Maria Emilia Ojala)",female,31.88524673754956,-8.276862519935923,-3.2744782065498605,111426,51.53912949481992,D33,S
866.075629325335,0.35209563663644444,-2.2869337233163964,"Moran, Mr. Daniel J",male,,2.6441374669230644,-4.202425811644595,244270,13.3057527490316,,S
869.7670636483033,-4.881001583217165,-6.489072499498883,"Lindahl, Miss. Agda Thorilda Viktoria",female,3.2298334171206675,2.889813130170368,1.108490855299581,248727,9.690536098718,,S
872.3943214232362,-3.8880296387413353,9.432950656436166,"Frauenthal, Dr. Henry William",female,28.022725965430784,9.539742466734408,8.13926984347032,CA. 2343,7.85396186140555,,S
866.9605352518822,-2.150412551278347,-3.1340455269653678,"Robins, Mrs. Alexander A (Grace Charity Laury)",male,45.668014624037454,5.239366447486712,11.112947023324503,248698,49.2460780376809,E68,C
876.6214133872811,-5.285774370691372,0.8964681794688312,"Marvin, Mr. Daniel Warner",male,29.754701234793604,-2.1145712791125137,-4.0714377653664116,113781,9.520324746501299,,S
874.3150118416735,-5.2594363644920685,0.07040894774207551,"Olsen, Mr. Karl Siegwart Andreas",female,55.02741691396982,4.0903504663724295,2.632786252467871,12749,5.532933344163238,,S
865.5402687334405,0.2785781073987257,3.3408139047765806,"Brown, Miss. Amelia ""Mildred""",male,33.24476433180721,-5.9883194047258925,2.7939892607115757,315086,31.425781724689266,,S
866.2070427980149,-5.083592091932035,-1.7526810359287106,"Kallio, Mr. Nikolai Erland",female,11.195676274759116,-4.812363018405427,1.9381288575737388,3101298,5.645829158400877,,C
876.9384035353535,4.210634795688164,2.1002995605834696,"Turja, Miss. Anna Sofia",male,22.842221527973066,1.66571266037555,1.9948981736961702,SOTON/OQ 392086,9.948342820081672,,S
876.8951634110682,-4.588767687087571,5.249076632782671,"Nicholson, Mr. Arthur Ernest",male,15.286605726494235,-10.791248313739636,1.5187125122566403,A/5 2817,11.689440103271671,,S
878.4828994321268,14.047844850481962,-2.0415444313713103,"Kelly, Mr. James",male,,-0.18580392466941517,8.437850604032098,365222,8.01512210594791,,S
879.860087717349,-1.2569222548219758,-2.5004201482294444,"Berglund, Mr. Karl Ivar Sven",female,61.16904720699488,-5.101316460592104,6.512332571840288,113509,81.66875842857344,,S
882.1277991975509,1.360088209585261,0.26308583200734104,"Blank, Mr. Henry",male,16.47950187176297,0.5065352757663177,-4.300769487991336,CA. 2343,25.84988276095764,C65,S
886.7382480492415,-6.476705922330176,-4.144077171131391,"Andrew, Mr. Edgardo Samuel",male,37.63427956788271,-5.388681790236317,3.9786054044027463,1601,12.36489176778792,D26,Q
877.4444754954122,8.530458790638196,0.8871950860062681,"Bishop, Mr. Dickinson H",female,20.736388437134707,2.121240687275944,4.461866872557261,237565,7.202438889316473,,C
878.1401420354961,5.5975034040145815,2.593982699514509,"Futrelle, Mr. Jacques Heath",male,26.942266984597357,0.0966371183369481,1.5748364357589444,PC 17585,9.868814963633676,,S
879.533380710563,1.4845793536805627,1.0022552920578578,"Sdycoff, Mr. Todor",male,27.04875609811645,7.001829584406653,5.657121852513647,349909,7.101433636687377,,S
887.4445833358435,-6.734012743897829,1.6431175353413772,"Webber, Mr. James",female,41.90599405997126,0.033672670508110604,5.940370171495186,C.A. 29395,33.447925977638285,,C
893.2247368932323,1.0533343886231015,1.9004916454670733,"Olsen, Mr. Ole Martin",male,22.86828411585546,-3.8432140248073314,1.0023386053812537,367230,12.500773130642818,,S
885.8433028088025,-4.607155230086275,-2.27871731216157,"Clarke, Mrs. Charles V (Ada Maria Winfield)",female,22.58862804375032,-1.2344292791364144,0.6062027233852165,374910,39.04149547246861,,S
876.4915007792017,7.311776317366804,6.455312829334386,"Jalsevac, Mr. Ivan",male,,-5.721181985083657,-8.091220428998344,113804,22.667307111424524,,C
881.4800356869481,5.045973659265863,8.179890624008879,"Guggenheim, Mr. Benjamin",female,19.71972603565981,2.0306862735271998,-0.40199196952937,363291,28.8115818079736,,S
886.83481638602,0.4771951924386806,0.6780980390227578,"O'Sullivan, Miss. Bridget Mary",male,31.150627582101304,2.9492512315763615,-3.3412528722728534,CA 2144,6.894839391911342,,S
